label	text_a
0	Recent tests revealed that Physical therapy sessions significantly improved mobility. All assessments aligned with protocol.
1	Medical staff reported: Acute sepsis progressed to septic shock and death in ICU. Emergency procedures were not needed.
1	Based on examination findings, Acute sepsis progressed to septic shock and death in ICU. No critical incidents were recorded.
1	Treatment logs recorded: Despite continuous resuscitation, the patient passed away. This outcome was anticipated based on prior symptoms.
1	According to the discharge summary, Acute sepsis progressed to septic shock and death in ICU. Vital signs were stable throughout.
1	Hospital documents indicate: The patient was declared dead on arrival due to cardiac arrest. Vital signs were stable throughout.
0	Clinical evaluation confirmed that The condition was resolved through outpatient care alone. This was confirmed by multiple specialists.
1	Medical staff reported: Respiratory failure could not be reversed even with intubation. This was confirmed by multiple specialists.
0	Treatment logs recorded: Stitches were removed without signs of inflammation or pain. The recovery followed expected patterns.
0	Clinical evaluation confirmed that Follow-up imaging confirmed resolution of the previous issue. The condition was monitored continuously.
0	Monitoring reports showed: Follow-up imaging confirmed resolution of the previous issue. Vital signs were stable throughout.
0	The patient record stated: No evidence of infection or relapse was found on examination. Medical documentation supports this outcome.
1	According to the discharge summary, Massive internal bleeding led to death within minutes. This was confirmed by multiple specialists.
0	Treatment logs recorded: Physical therapy sessions significantly improved mobility. Vital signs were stable throughout.
1	Hospital documents indicate: The lack of oxygen resulted in irreversible brain damage and death. Vital signs were stable throughout.
0	Clinical evaluation confirmed that The patient was discharged in good condition with no complications. The condition was monitored continuously.
1	Recent tests revealed that Respiratory failure could not be reversed even with intubation. Medical documentation supports this outcome.
0	The patient record stated: All vital signs returned to normal, indicating full recovery. This was confirmed by multiple specialists.
1	Clinical evaluation confirmed that The tumor metastasized aggressively, leading to terminal prognosis. Further intervention was not required.
1	Follow-up consultation revealed that Anaphylactic shock caused rapid deterioration and fatal outcome. This was confirmed by multiple specialists.
1	Monitoring reports showed: The brain hemorrhage was fatal despite emergency intervention. Further intervention was not required.
1	The patient record stated: Despite continuous resuscitation, the patient passed away. The condition was monitored continuously.
1	Recent tests revealed that The tumor metastasized aggressively, leading to terminal prognosis. No critical incidents were recorded.
0	Medical staff reported: Stitches were removed without signs of inflammation or pain. The condition was monitored continuously.
0	Hospital documents indicate: Recovery was uneventful, and no further treatment was needed. No critical incidents were recorded.
1	Hospital documents indicate: The brain hemorrhage was fatal despite emergency intervention. Vital signs were stable throughout.
0	Recent tests revealed that All vital signs returned to normal, indicating full recovery. Medical documentation supports this outcome.
1	The patient record stated: The brain hemorrhage was fatal despite emergency intervention. This outcome was anticipated based on prior symptoms.
0	Medical staff reported: Recovery was uneventful, and no further treatment was needed. Vital signs were stable throughout.
1	Treatment logs recorded: The tumor metastasized aggressively, leading to terminal prognosis. All assessments aligned with protocol.
0	Clinical evaluation confirmed that The patient was discharged in good condition with no complications. Further intervention was not required.
0	Treatment logs recorded: Physical therapy sessions significantly improved mobility. Emergency procedures were not needed.
1	Medical staff reported: Respiratory failure could not be reversed even with intubation. The condition was monitored continuously.
1	Monitoring reports showed: Multiple organ failure developed rapidly, resulting in death. The recovery followed expected patterns.
0	The patient record stated: Symptoms subsided completely with standard medication. This was confirmed by multiple specialists.
1	Clinical evaluation confirmed that Massive internal bleeding led to death within minutes. All assessments aligned with protocol.
1	Clinical evaluation confirmed that Anaphylactic shock caused rapid deterioration and fatal outcome. Vital signs were stable throughout.
0	Clinical evaluation confirmed that No evidence of infection or relapse was found on examination. The recovery followed expected patterns.
1	Monitoring reports showed: The patient was declared dead on arrival due to cardiac arrest. The condition was monitored continuously.
1	The patient record stated: The brain hemorrhage was fatal despite emergency intervention. Vital signs were stable throughout.
1	According to the discharge summary, Massive internal bleeding led to death within minutes. All assessments aligned with protocol.
1	Clinical evaluation confirmed that Acute sepsis progressed to septic shock and death in ICU. The condition was monitored continuously.
0	Clinical evaluation confirmed that Follow-up imaging confirmed resolution of the previous issue. This outcome was anticipated based on prior symptoms.
1	Treatment logs recorded: The tumor metastasized aggressively, leading to terminal prognosis. This was confirmed by multiple specialists.
0	The patient record stated: All vital signs returned to normal, indicating full recovery. Emergency procedures were not needed.
0	Clinical evaluation confirmed that Stitches were removed without signs of inflammation or pain. The recovery followed expected patterns.
0	Treatment logs recorded: Physical therapy sessions significantly improved mobility. This was confirmed by multiple specialists.
0	Recent tests revealed that Recovery was uneventful, and no further treatment was needed. All assessments aligned with protocol.
1	According to the discharge summary, The brain hemorrhage was fatal despite emergency intervention. The condition was monitored continuously.
0	Follow-up consultation revealed that All vital signs returned to normal, indicating full recovery. Emergency procedures were not needed.
0	According to the discharge summary, Stitches were removed without signs of inflammation or pain. Emergency procedures were not needed.
1	Medical staff reported: The lack of oxygen resulted in irreversible brain damage and death. Vital signs were stable throughout.
0	Monitoring reports showed: Physical therapy sessions significantly improved mobility. This was confirmed by multiple specialists.
0	Recent tests revealed that Follow-up imaging confirmed resolution of the previous issue. No critical incidents were recorded.
0	Recent tests revealed that Symptoms subsided completely with standard medication. This was confirmed by multiple specialists.
1	Medical staff reported: Anaphylactic shock caused rapid deterioration and fatal outcome. No critical incidents were recorded.
0	According to the discharge summary, Physical therapy sessions significantly improved mobility. Further intervention was not required.
1	Hospital documents indicate: Anaphylactic shock caused rapid deterioration and fatal outcome. The condition was monitored continuously.
1	Medical staff reported: Multiple organ failure developed rapidly, resulting in death. The condition was monitored continuously.
0	Based on examination findings, All vital signs returned to normal, indicating full recovery. Vital signs were stable throughout.
0	Treatment logs recorded: Recovery was uneventful, and no further treatment was needed. No critical incidents were recorded.
0	Follow-up consultation revealed that Physical therapy sessions significantly improved mobility. Medical documentation supports this outcome.
0	Based on examination findings, Recovery was uneventful, and no further treatment was needed. The condition was monitored continuously.
0	Recent tests revealed that Stitches were removed without signs of inflammation or pain. This was confirmed by multiple specialists.
1	Clinical evaluation confirmed that The lack of oxygen resulted in irreversible brain damage and death. Emergency procedures were not needed.
0	Recent tests revealed that All vital signs returned to normal, indicating full recovery. This was confirmed by multiple specialists.
0	Hospital documents indicate: Stitches were removed without signs of inflammation or pain. No critical incidents were recorded.
1	Hospital documents indicate: Respiratory failure could not be reversed even with intubation. No critical incidents were recorded.
1	According to the discharge summary, The lack of oxygen resulted in irreversible brain damage and death. Vital signs were stable throughout.
0	Treatment logs recorded: Recovery was uneventful, and no further treatment was needed. The recovery followed expected patterns.
0	Follow-up consultation revealed that Recovery was uneventful, and no further treatment was needed. Further intervention was not required.
0	Treatment logs recorded: The condition was resolved through outpatient care alone. Further intervention was not required.
0	Follow-up consultation revealed that Symptoms subsided completely with standard medication. Medical documentation supports this outcome.
0	Medical staff reported: Stitches were removed without signs of inflammation or pain. All assessments aligned with protocol.
1	Medical staff reported: Multiple organ failure developed rapidly, resulting in death. Further intervention was not required.
1	Hospital documents indicate: The tumor metastasized aggressively, leading to terminal prognosis. Emergency procedures were not needed.
0	Clinical evaluation confirmed that All vital signs returned to normal, indicating full recovery. Vital signs were stable throughout.
0	The patient record stated: The condition was resolved through outpatient care alone. The recovery followed expected patterns.
1	Recent tests revealed that The lack of oxygen resulted in irreversible brain damage and death. The recovery followed expected patterns.
1	Follow-up consultation revealed that The lack of oxygen resulted in irreversible brain damage and death. All assessments aligned with protocol.
1	Medical staff reported: Anaphylactic shock caused rapid deterioration and fatal outcome. The recovery followed expected patterns.
1	Treatment logs recorded: The patient was declared dead on arrival due to cardiac arrest. Medical documentation supports this outcome.
1	Follow-up consultation revealed that The lack of oxygen resulted in irreversible brain damage and death. Emergency procedures were not needed.
0	Based on examination findings, Symptoms subsided completely with standard medication. Vital signs were stable throughout.
0	According to the discharge summary, Symptoms subsided completely with standard medication. The condition was monitored continuously.
1	Medical staff reported: Anaphylactic shock caused rapid deterioration and fatal outcome. Vital signs were stable throughout.
0	Recent tests revealed that The surgery was successful and the patient stabilized post-op. This outcome was anticipated based on prior symptoms.
0	Clinical evaluation confirmed that Symptoms subsided completely with standard medication. The condition was monitored continuously.
1	Medical staff reported: Despite continuous resuscitation, the patient passed away. Vital signs were stable throughout.
1	The patient record stated: The lack of oxygen resulted in irreversible brain damage and death. All assessments aligned with protocol.
0	According to the discharge summary, The patient was discharged in good condition with no complications. The condition was monitored continuously.
0	Based on examination findings, No evidence of infection or relapse was found on examination. Further intervention was not required.
0	Based on examination findings, Recovery was uneventful, and no further treatment was needed. This was confirmed by multiple specialists.
0	The patient record stated: The surgery was successful and the patient stabilized post-op. The condition was monitored continuously.
0	Treatment logs recorded: The surgery was successful and the patient stabilized post-op. This was confirmed by multiple specialists.
1	The patient record stated: Despite continuous resuscitation, the patient passed away. This was confirmed by multiple specialists.
0	According to the discharge summary, Follow-up imaging confirmed resolution of the previous issue. The recovery followed expected patterns.
0	Recent tests revealed that The condition was resolved through outpatient care alone. No critical incidents were recorded.
0	Monitoring reports showed: Follow-up imaging confirmed resolution of the previous issue. Emergency procedures were not needed.
1	According to the discharge summary, The lack of oxygen resulted in irreversible brain damage and death. Medical documentation supports this outcome.
0	Follow-up consultation revealed that Stitches were removed without signs of inflammation or pain. This was confirmed by multiple specialists.
1	Based on examination findings, The patient was declared dead on arrival due to cardiac arrest. The condition was monitored continuously.
0	According to the discharge summary, Recovery was uneventful, and no further treatment was needed. All assessments aligned with protocol.
0	According to the discharge summary, Symptoms subsided completely with standard medication. Medical documentation supports this outcome.
1	Monitoring reports showed: The brain hemorrhage was fatal despite emergency intervention. The recovery followed expected patterns.
0	Recent tests revealed that The patient was discharged in good condition with no complications. No critical incidents were recorded.
1	Based on examination findings, The tumor metastasized aggressively, leading to terminal prognosis. This was confirmed by multiple specialists.
0	Hospital documents indicate: Symptoms subsided completely with standard medication. Vital signs were stable throughout.
1	Hospital documents indicate: Acute sepsis progressed to septic shock and death in ICU. The condition was monitored continuously.
0	Recent tests revealed that The patient was discharged in good condition with no complications. The recovery followed expected patterns.
1	Hospital documents indicate: Multiple organ failure developed rapidly, resulting in death. The condition was monitored continuously.
0	The patient record stated: All vital signs returned to normal, indicating full recovery. Further intervention was not required.
0	Hospital documents indicate: Symptoms subsided completely with standard medication. All assessments aligned with protocol.
0	Monitoring reports showed: The surgery was successful and the patient stabilized post-op. No critical incidents were recorded.
0	According to the discharge summary, Follow-up imaging confirmed resolution of the previous issue. Vital signs were stable throughout.
1	According to the discharge summary, The patient was declared dead on arrival due to cardiac arrest. This was confirmed by multiple specialists.
1	The patient record stated: Despite continuous resuscitation, the patient passed away. Further intervention was not required.
0	Follow-up consultation revealed that Stitches were removed without signs of inflammation or pain. Vital signs were stable throughout.
1	Recent tests revealed that Respiratory failure could not be reversed even with intubation. This outcome was anticipated based on prior symptoms.
0	The patient record stated: All vital signs returned to normal, indicating full recovery. Medical documentation supports this outcome.
0	Based on examination findings, Stitches were removed without signs of inflammation or pain. Vital signs were stable throughout.
0	Medical staff reported: Stitches were removed without signs of inflammation or pain. Further intervention was not required.
1	Hospital documents indicate: Massive internal bleeding led to death within minutes. This outcome was anticipated based on prior symptoms.
0	Based on examination findings, The surgery was successful and the patient stabilized post-op. Emergency procedures were not needed.
0	Based on examination findings, Follow-up imaging confirmed resolution of the previous issue. The recovery followed expected patterns.
1	Treatment logs recorded: The patient was declared dead on arrival due to cardiac arrest. All assessments aligned with protocol.
0	Recent tests revealed that Follow-up imaging confirmed resolution of the previous issue. The recovery followed expected patterns.
0	Hospital documents indicate: The patient was discharged in good condition with no complications. No critical incidents were recorded.
1	Treatment logs recorded: The lack of oxygen resulted in irreversible brain damage and death. The recovery followed expected patterns.
0	Recent tests revealed that Physical therapy sessions significantly improved mobility. Medical documentation supports this outcome.
0	Medical staff reported: The condition was resolved through outpatient care alone. All assessments aligned with protocol.
1	The patient record stated: Massive internal bleeding led to death within minutes. Emergency procedures were not needed.
0	According to the discharge summary, Physical therapy sessions significantly improved mobility. The recovery followed expected patterns.
1	Monitoring reports showed: Acute sepsis progressed to septic shock and death in ICU. Vital signs were stable throughout.
1	Hospital documents indicate: Respiratory failure could not be reversed even with intubation. The condition was monitored continuously.
0	Treatment logs recorded: No evidence of infection or relapse was found on examination. All assessments aligned with protocol.
1	The patient record stated: The lack of oxygen resulted in irreversible brain damage and death. The condition was monitored continuously.
0	Follow-up consultation revealed that Recovery was uneventful, and no further treatment was needed. Vital signs were stable throughout.
0	Follow-up consultation revealed that Follow-up imaging confirmed resolution of the previous issue. Further intervention was not required.
1	Treatment logs recorded: The patient was declared dead on arrival due to cardiac arrest. The recovery followed expected patterns.
1	Follow-up consultation revealed that Anaphylactic shock caused rapid deterioration and fatal outcome. All assessments aligned with protocol.
0	Monitoring reports showed: The patient was discharged in good condition with no complications. Further intervention was not required.
1	Monitoring reports showed: Anaphylactic shock caused rapid deterioration and fatal outcome. This outcome was anticipated based on prior symptoms.
0	According to the discharge summary, Stitches were removed without signs of inflammation or pain. Vital signs were stable throughout.
0	Treatment logs recorded: Physical therapy sessions significantly improved mobility. Further intervention was not required.
1	The patient record stated: The lack of oxygen resulted in irreversible brain damage and death. Medical documentation supports this outcome.
0	Based on examination findings, Follow-up imaging confirmed resolution of the previous issue. Vital signs were stable throughout.
0	Clinical evaluation confirmed that Recovery was uneventful, and no further treatment was needed. All assessments aligned with protocol.
1	Treatment logs recorded: Respiratory failure could not be reversed even with intubation. Vital signs were stable throughout.
0	Treatment logs recorded: Symptoms subsided completely with standard medication. Further intervention was not required.
1	Based on examination findings, Despite continuous resuscitation, the patient passed away. Emergency procedures were not needed.
1	Monitoring reports showed: The tumor metastasized aggressively, leading to terminal prognosis. Vital signs were stable throughout.
0	The patient record stated: The condition was resolved through outpatient care alone. This outcome was anticipated based on prior symptoms.
0	Clinical evaluation confirmed that The surgery was successful and the patient stabilized post-op. No critical incidents were recorded.
0	Medical staff reported: Stitches were removed without signs of inflammation or pain. No critical incidents were recorded.
1	According to the discharge summary, The lack of oxygen resulted in irreversible brain damage and death. All assessments aligned with protocol.
0	The patient record stated: The patient was discharged in good condition with no complications. This was confirmed by multiple specialists.
0	Monitoring reports showed: The surgery was successful and the patient stabilized post-op. Medical documentation supports this outcome.
1	The patient record stated: Multiple organ failure developed rapidly, resulting in death. Further intervention was not required.
1	Based on examination findings, The lack of oxygen resulted in irreversible brain damage and death. Further intervention was not required.
1	Clinical evaluation confirmed that The brain hemorrhage was fatal despite emergency intervention. This outcome was anticipated based on prior symptoms.
0	Based on examination findings, No evidence of infection or relapse was found on examination. No critical incidents were recorded.
1	Based on examination findings, Acute sepsis progressed to septic shock and death in ICU. This was confirmed by multiple specialists.
0	According to the discharge summary, Physical therapy sessions significantly improved mobility. This was confirmed by multiple specialists.
0	The patient record stated: Physical therapy sessions significantly improved mobility. All assessments aligned with protocol.
1	Based on examination findings, Anaphylactic shock caused rapid deterioration and fatal outcome. Medical documentation supports this outcome.
0	Medical staff reported: Recovery was uneventful, and no further treatment was needed. Emergency procedures were not needed.
0	Follow-up consultation revealed that Physical therapy sessions significantly improved mobility. All assessments aligned with protocol.
0	Monitoring reports showed: The surgery was successful and the patient stabilized post-op. This outcome was anticipated based on prior symptoms.
1	Monitoring reports showed: Multiple organ failure developed rapidly, resulting in death. Medical documentation supports this outcome.
1	Based on examination findings, Multiple organ failure developed rapidly, resulting in death. The condition was monitored continuously.
0	Monitoring reports showed: Follow-up imaging confirmed resolution of the previous issue. The recovery followed expected patterns.
0	Based on examination findings, Recovery was uneventful, and no further treatment was needed. The recovery followed expected patterns.
1	Clinical evaluation confirmed that Acute sepsis progressed to septic shock and death in ICU. Medical documentation supports this outcome.
1	Follow-up consultation revealed that Multiple organ failure developed rapidly, resulting in death. Vital signs were stable throughout.
1	Recent tests revealed that Multiple organ failure developed rapidly, resulting in death. The condition was monitored continuously.
0	Monitoring reports showed: Recovery was uneventful, and no further treatment was needed. All assessments aligned with protocol.
1	Based on examination findings, Acute sepsis progressed to septic shock and death in ICU. Further intervention was not required.
0	Medical staff reported: No evidence of infection or relapse was found on examination. The condition was monitored continuously.
1	The patient record stated: Multiple organ failure developed rapidly, resulting in death. Vital signs were stable throughout.
1	Recent tests revealed that Respiratory failure could not be reversed even with intubation. Emergency procedures were not needed.
1	The patient record stated: Massive internal bleeding led to death within minutes. Further intervention was not required.
1	Hospital documents indicate: The brain hemorrhage was fatal despite emergency intervention. Emergency procedures were not needed.
1	The patient record stated: The patient was declared dead on arrival due to cardiac arrest. The recovery followed expected patterns.
0	The patient record stated: The condition was resolved through outpatient care alone. This was confirmed by multiple specialists.
0	Hospital documents indicate: Physical therapy sessions significantly improved mobility. Medical documentation supports this outcome.
1	Treatment logs recorded: The tumor metastasized aggressively, leading to terminal prognosis. Medical documentation supports this outcome.
1	Treatment logs recorded: The lack of oxygen resulted in irreversible brain damage and death. The condition was monitored continuously.
0	Medical staff reported: The patient was discharged in good condition with no complications. The recovery followed expected patterns.
1	Based on examination findings, Respiratory failure could not be reversed even with intubation. Further intervention was not required.
1	Follow-up consultation revealed that The patient was declared dead on arrival due to cardiac arrest. The recovery followed expected patterns.
0	Hospital documents indicate: The condition was resolved through outpatient care alone. All assessments aligned with protocol.
1	Recent tests revealed that The brain hemorrhage was fatal despite emergency intervention. Further intervention was not required.
0	Hospital documents indicate: Stitches were removed without signs of inflammation or pain. The condition was monitored continuously.
1	Based on examination findings, Multiple organ failure developed rapidly, resulting in death. Medical documentation supports this outcome.
1	Follow-up consultation revealed that Despite continuous resuscitation, the patient passed away. Medical documentation supports this outcome.
0	Clinical evaluation confirmed that Physical therapy sessions significantly improved mobility. No critical incidents were recorded.
0	Treatment logs recorded: Physical therapy sessions significantly improved mobility. All assessments aligned with protocol.
0	Monitoring reports showed: Stitches were removed without signs of inflammation or pain. This outcome was anticipated based on prior symptoms.
1	Based on examination findings, Acute sepsis progressed to septic shock and death in ICU. The condition was monitored continuously.
1	Recent tests revealed that Despite continuous resuscitation, the patient passed away. Emergency procedures were not needed.
0	Recent tests revealed that Symptoms subsided completely with standard medication. The recovery followed expected patterns.
1	Hospital documents indicate: The brain hemorrhage was fatal despite emergency intervention. Medical documentation supports this outcome.
0	Treatment logs recorded: Stitches were removed without signs of inflammation or pain. Medical documentation supports this outcome.
1	Recent tests revealed that Despite continuous resuscitation, the patient passed away. Further intervention was not required.
0	Clinical evaluation confirmed that Stitches were removed without signs of inflammation or pain. No critical incidents were recorded.
1	Treatment logs recorded: Respiratory failure could not be reversed even with intubation. Further intervention was not required.
0	Follow-up consultation revealed that Recovery was uneventful, and no further treatment was needed. Medical documentation supports this outcome.
1	Monitoring reports showed: Multiple organ failure developed rapidly, resulting in death. All assessments aligned with protocol.
0	Based on examination findings, All vital signs returned to normal, indicating full recovery. This was confirmed by multiple specialists.
1	Hospital documents indicate: The lack of oxygen resulted in irreversible brain damage and death. The recovery followed expected patterns.
1	According to the discharge summary, The tumor metastasized aggressively, leading to terminal prognosis. Vital signs were stable throughout.
0	Treatment logs recorded: The patient was discharged in good condition with no complications. This was confirmed by multiple specialists.
1	Treatment logs recorded: Anaphylactic shock caused rapid deterioration and fatal outcome. Vital signs were stable throughout.
0	The patient record stated: Physical therapy sessions significantly improved mobility. The recovery followed expected patterns.
0	Clinical evaluation confirmed that The patient was discharged in good condition with no complications. Medical documentation supports this outcome.
1	Follow-up consultation revealed that The brain hemorrhage was fatal despite emergency intervention. The condition was monitored continuously.
1	Follow-up consultation revealed that The brain hemorrhage was fatal despite emergency intervention. This outcome was anticipated based on prior symptoms.
0	Hospital documents indicate: Symptoms subsided completely with standard medication. This outcome was anticipated based on prior symptoms.
0	Clinical evaluation confirmed that Symptoms subsided completely with standard medication. Medical documentation supports this outcome.
1	According to the discharge summary, Anaphylactic shock caused rapid deterioration and fatal outcome. This outcome was anticipated based on prior symptoms.
0	The patient record stated: The patient was discharged in good condition with no complications. Medical documentation supports this outcome.
1	Medical staff reported: The tumor metastasized aggressively, leading to terminal prognosis. The recovery followed expected patterns.
1	Treatment logs recorded: Massive internal bleeding led to death within minutes. This was confirmed by multiple specialists.
1	Monitoring reports showed: Respiratory failure could not be reversed even with intubation. This was confirmed by multiple specialists.
0	Based on examination findings, The surgery was successful and the patient stabilized post-op. Vital signs were stable throughout.
1	Monitoring reports showed: Respiratory failure could not be reversed even with intubation. Medical documentation supports this outcome.
0	Follow-up consultation revealed that Symptoms subsided completely with standard medication. This was confirmed by multiple specialists.
0	Hospital documents indicate: Physical therapy sessions significantly improved mobility. Further intervention was not required.
1	Follow-up consultation revealed that Acute sepsis progressed to septic shock and death in ICU. The recovery followed expected patterns.
1	According to the discharge summary, Anaphylactic shock caused rapid deterioration and fatal outcome. Vital signs were stable throughout.
1	The patient record stated: The tumor metastasized aggressively, leading to terminal prognosis. Emergency procedures were not needed.
0	Treatment logs recorded: Stitches were removed without signs of inflammation or pain. The condition was monitored continuously.
1	Treatment logs recorded: Anaphylactic shock caused rapid deterioration and fatal outcome. The recovery followed expected patterns.
1	Medical staff reported: Massive internal bleeding led to death within minutes. Vital signs were stable throughout.
0	According to the discharge summary, Follow-up imaging confirmed resolution of the previous issue. Medical documentation supports this outcome.
1	Clinical evaluation confirmed that Respiratory failure could not be reversed even with intubation. Vital signs were stable throughout.
0	Medical staff reported: The condition was resolved through outpatient care alone. The condition was monitored continuously.
0	Hospital documents indicate: Physical therapy sessions significantly improved mobility. Vital signs were stable throughout.
1	Based on examination findings, The tumor metastasized aggressively, leading to terminal prognosis. This outcome was anticipated based on prior symptoms.
1	Treatment logs recorded: Despite continuous resuscitation, the patient passed away. All assessments aligned with protocol.
0	Medical staff reported: Physical therapy sessions significantly improved mobility. Vital signs were stable throughout.
1	Recent tests revealed that Respiratory failure could not be reversed even with intubation. This was confirmed by multiple specialists.
1	Follow-up consultation revealed that The tumor metastasized aggressively, leading to terminal prognosis. The recovery followed expected patterns.
1	Medical staff reported: The patient was declared dead on arrival due to cardiac arrest. The recovery followed expected patterns.
0	Medical staff reported: Recovery was uneventful, and no further treatment was needed. Medical documentation supports this outcome.
1	Based on examination findings, Respiratory failure could not be reversed even with intubation. The recovery followed expected patterns.
1	Based on examination findings, Despite continuous resuscitation, the patient passed away. No critical incidents were recorded.
0	According to the discharge summary, Recovery was uneventful, and no further treatment was needed. Vital signs were stable throughout.
1	Monitoring reports showed: The tumor metastasized aggressively, leading to terminal prognosis. No critical incidents were recorded.
0	Monitoring reports showed: The patient was discharged in good condition with no complications. Emergency procedures were not needed.
1	Clinical evaluation confirmed that Multiple organ failure developed rapidly, resulting in death. Emergency procedures were not needed.
1	Hospital documents indicate: Anaphylactic shock caused rapid deterioration and fatal outcome. All assessments aligned with protocol.
1	Based on examination findings, Anaphylactic shock caused rapid deterioration and fatal outcome. Vital signs were stable throughout.
1	Medical staff reported: Acute sepsis progressed to septic shock and death in ICU. No critical incidents were recorded.
0	Clinical evaluation confirmed that Stitches were removed without signs of inflammation or pain. Further intervention was not required.
0	According to the discharge summary, All vital signs returned to normal, indicating full recovery. This was confirmed by multiple specialists.
0	Hospital documents indicate: Physical therapy sessions significantly improved mobility. All assessments aligned with protocol.
1	Hospital documents indicate: Despite continuous resuscitation, the patient passed away. No critical incidents were recorded.
0	The patient record stated: The condition was resolved through outpatient care alone. Further intervention was not required.
1	Follow-up consultation revealed that Respiratory failure could not be reversed even with intubation. No critical incidents were recorded.
1	Based on examination findings, The tumor metastasized aggressively, leading to terminal prognosis. The recovery followed expected patterns.
0	Medical staff reported: Symptoms subsided completely with standard medication. This outcome was anticipated based on prior symptoms.
1	Medical staff reported: The brain hemorrhage was fatal despite emergency intervention. Emergency procedures were not needed.
0	Based on examination findings, All vital signs returned to normal, indicating full recovery. This outcome was anticipated based on prior symptoms.
0	According to the discharge summary, All vital signs returned to normal, indicating full recovery. All assessments aligned with protocol.
0	Monitoring reports showed: The surgery was successful and the patient stabilized post-op. All assessments aligned with protocol.
0	Medical staff reported: Symptoms subsided completely with standard medication. This was confirmed by multiple specialists.
0	Treatment logs recorded: Stitches were removed without signs of inflammation or pain. No critical incidents were recorded.
0	Medical staff reported: The patient was discharged in good condition with no complications. This was confirmed by multiple specialists.
0	The patient record stated: Recovery was uneventful, and no further treatment was needed. Medical documentation supports this outcome.
1	Based on examination findings, Massive internal bleeding led to death within minutes. This outcome was anticipated based on prior symptoms.
1	According to the discharge summary, Multiple organ failure developed rapidly, resulting in death. This outcome was anticipated based on prior symptoms.
1	Hospital documents indicate: The patient was declared dead on arrival due to cardiac arrest. This outcome was anticipated based on prior symptoms.
0	Follow-up consultation revealed that The surgery was successful and the patient stabilized post-op. This outcome was anticipated based on prior symptoms.
0	Monitoring reports showed: Stitches were removed without signs of inflammation or pain. No critical incidents were recorded.
0	Monitoring reports showed: Symptoms subsided completely with standard medication. All assessments aligned with protocol.
1	Treatment logs recorded: Despite continuous resuscitation, the patient passed away. Further intervention was not required.
1	Recent tests revealed that The lack of oxygen resulted in irreversible brain damage and death. Emergency procedures were not needed.
1	Medical staff reported: The lack of oxygen resulted in irreversible brain damage and death. All assessments aligned with protocol.
0	Hospital documents indicate: Recovery was uneventful, and no further treatment was needed. Vital signs were stable throughout.
1	Monitoring reports showed: The tumor metastasized aggressively, leading to terminal prognosis. Further intervention was not required.
0	Clinical evaluation confirmed that Follow-up imaging confirmed resolution of the previous issue. Further intervention was not required.
1	Hospital documents indicate: Respiratory failure could not be reversed even with intubation. Medical documentation supports this outcome.
0	Treatment logs recorded: Follow-up imaging confirmed resolution of the previous issue. Medical documentation supports this outcome.
0	Monitoring reports showed: The patient was discharged in good condition with no complications. All assessments aligned with protocol.
0	The patient record stated: The surgery was successful and the patient stabilized post-op. Medical documentation supports this outcome.
0	According to the discharge summary, All vital signs returned to normal, indicating full recovery. The recovery followed expected patterns.
1	Follow-up consultation revealed that The lack of oxygen resulted in irreversible brain damage and death. The recovery followed expected patterns.
0	Recent tests revealed that Physical therapy sessions significantly improved mobility. No critical incidents were recorded.
1	Monitoring reports showed: The patient was declared dead on arrival due to cardiac arrest. The recovery followed expected patterns.
1	Clinical evaluation confirmed that Acute sepsis progressed to septic shock and death in ICU. Emergency procedures were not needed.
1	Hospital documents indicate: Respiratory failure could not be reversed even with intubation. All assessments aligned with protocol.
0	Based on examination findings, Stitches were removed without signs of inflammation or pain. This was confirmed by multiple specialists.
0	Hospital documents indicate: No evidence of infection or relapse was found on examination. This outcome was anticipated based on prior symptoms.
1	Follow-up consultation revealed that Respiratory failure could not be reversed even with intubation. This was confirmed by multiple specialists.
1	Follow-up consultation revealed that The brain hemorrhage was fatal despite emergency intervention. Medical documentation supports this outcome.
1	According to the discharge summary, Acute sepsis progressed to septic shock and death in ICU. All assessments aligned with protocol.
0	Follow-up consultation revealed that Stitches were removed without signs of inflammation or pain. All assessments aligned with protocol.
0	Treatment logs recorded: The patient was discharged in good condition with no complications. All assessments aligned with protocol.
0	Monitoring reports showed: The surgery was successful and the patient stabilized post-op. The condition was monitored continuously.
0	Monitoring reports showed: All vital signs returned to normal, indicating full recovery. This was confirmed by multiple specialists.
1	According to the discharge summary, Respiratory failure could not be reversed even with intubation. Medical documentation supports this outcome.
1	Treatment logs recorded: Multiple organ failure developed rapidly, resulting in death. Medical documentation supports this outcome.
1	Clinical evaluation confirmed that The patient was declared dead on arrival due to cardiac arrest. Further intervention was not required.
1	Monitoring reports showed: The tumor metastasized aggressively, leading to terminal prognosis. The recovery followed expected patterns.
1	According to the discharge summary, The tumor metastasized aggressively, leading to terminal prognosis. The recovery followed expected patterns.
1	Monitoring reports showed: The lack of oxygen resulted in irreversible brain damage and death. Medical documentation supports this outcome.
1	Follow-up consultation revealed that The patient was declared dead on arrival due to cardiac arrest. All assessments aligned with protocol.
0	Follow-up consultation revealed that No evidence of infection or relapse was found on examination. Emergency procedures were not needed.
1	Recent tests revealed that The patient was declared dead on arrival due to cardiac arrest. Medical documentation supports this outcome.
0	Treatment logs recorded: Symptoms subsided completely with standard medication. The recovery followed expected patterns.
1	Recent tests revealed that Acute sepsis progressed to septic shock and death in ICU. All assessments aligned with protocol.
0	Medical staff reported: The patient was discharged in good condition with no complications. Emergency procedures were not needed.
0	Treatment logs recorded: Recovery was uneventful, and no further treatment was needed. The condition was monitored continuously.
1	Treatment logs recorded: Anaphylactic shock caused rapid deterioration and fatal outcome. Medical documentation supports this outcome.
1	The patient record stated: The patient was declared dead on arrival due to cardiac arrest. This was confirmed by multiple specialists.
0	Based on examination findings, Recovery was uneventful, and no further treatment was needed. Medical documentation supports this outcome.
0	Recent tests revealed that The condition was resolved through outpatient care alone. Emergency procedures were not needed.
0	According to the discharge summary, Physical therapy sessions significantly improved mobility. Vital signs were stable throughout.
1	Medical staff reported: Massive internal bleeding led to death within minutes. Further intervention was not required.
1	Monitoring reports showed: Anaphylactic shock caused rapid deterioration and fatal outcome. Emergency procedures were not needed.
0	Hospital documents indicate: The patient was discharged in good condition with no complications. Emergency procedures were not needed.
1	Monitoring reports showed: Multiple organ failure developed rapidly, resulting in death. Vital signs were stable throughout.
1	The patient record stated: The tumor metastasized aggressively, leading to terminal prognosis. This outcome was anticipated based on prior symptoms.
1	Based on examination findings, The patient was declared dead on arrival due to cardiac arrest. No critical incidents were recorded.
0	Clinical evaluation confirmed that All vital signs returned to normal, indicating full recovery. The recovery followed expected patterns.
0	Hospital documents indicate: Physical therapy sessions significantly improved mobility. Emergency procedures were not needed.
1	Treatment logs recorded: Multiple organ failure developed rapidly, resulting in death. The condition was monitored continuously.
1	Monitoring reports showed: The lack of oxygen resulted in irreversible brain damage and death. Emergency procedures were not needed.
1	According to the discharge summary, Anaphylactic shock caused rapid deterioration and fatal outcome. The condition was monitored continuously.
1	Clinical evaluation confirmed that The tumor metastasized aggressively, leading to terminal prognosis. Emergency procedures were not needed.
1	Hospital documents indicate: Massive internal bleeding led to death within minutes. Vital signs were stable throughout.
0	Monitoring reports showed: The condition was resolved through outpatient care alone. This was confirmed by multiple specialists.
0	Medical staff reported: Symptoms subsided completely with standard medication. Emergency procedures were not needed.
0	Recent tests revealed that Stitches were removed without signs of inflammation or pain. No critical incidents were recorded.
0	Based on examination findings, Stitches were removed without signs of inflammation or pain. All assessments aligned with protocol.
0	Recent tests revealed that The surgery was successful and the patient stabilized post-op. Medical documentation supports this outcome.
0	Treatment logs recorded: Follow-up imaging confirmed resolution of the previous issue. The condition was monitored continuously.
0	Medical staff reported: Physical therapy sessions significantly improved mobility. This was confirmed by multiple specialists.
0	Medical staff reported: The surgery was successful and the patient stabilized post-op. This was confirmed by multiple specialists.
0	Follow-up consultation revealed that Symptoms subsided completely with standard medication. The recovery followed expected patterns.
1	Follow-up consultation revealed that The patient was declared dead on arrival due to cardiac arrest. This was confirmed by multiple specialists.
0	Follow-up consultation revealed that Recovery was uneventful, and no further treatment was needed. All assessments aligned with protocol.
0	Hospital documents indicate: Follow-up imaging confirmed resolution of the previous issue. The recovery followed expected patterns.
1	Medical staff reported: The lack of oxygen resulted in irreversible brain damage and death. Medical documentation supports this outcome.
0	Medical staff reported: The patient was discharged in good condition with no complications. Further intervention was not required.
0	Based on examination findings, The condition was resolved through outpatient care alone. The condition was monitored continuously.
1	Monitoring reports showed: Multiple organ failure developed rapidly, resulting in death. This was confirmed by multiple specialists.
0	Based on examination findings, Recovery was uneventful, and no further treatment was needed. This outcome was anticipated based on prior symptoms.
0	Recent tests revealed that No evidence of infection or relapse was found on examination. Emergency procedures were not needed.
0	Monitoring reports showed: The condition was resolved through outpatient care alone. All assessments aligned with protocol.
1	Clinical evaluation confirmed that The brain hemorrhage was fatal despite emergency intervention. The condition was monitored continuously.
0	Medical staff reported: Physical therapy sessions significantly improved mobility. No critical incidents were recorded.
1	Based on examination findings, Anaphylactic shock caused rapid deterioration and fatal outcome. Further intervention was not required.
1	The patient record stated: Multiple organ failure developed rapidly, resulting in death. No critical incidents were recorded.
1	Follow-up consultation revealed that The brain hemorrhage was fatal despite emergency intervention. All assessments aligned with protocol.
1	Based on examination findings, The brain hemorrhage was fatal despite emergency intervention. Medical documentation supports this outcome.
1	The patient record stated: The lack of oxygen resulted in irreversible brain damage and death. This outcome was anticipated based on prior symptoms.
0	Clinical evaluation confirmed that Stitches were removed without signs of inflammation or pain. The condition was monitored continuously.
1	Medical staff reported: The patient was declared dead on arrival due to cardiac arrest. Vital signs were stable throughout.
0	According to the discharge summary, All vital signs returned to normal, indicating full recovery. Medical documentation supports this outcome.
0	Recent tests revealed that Symptoms subsided completely with standard medication. No critical incidents were recorded.
1	Follow-up consultation revealed that Acute sepsis progressed to septic shock and death in ICU. No critical incidents were recorded.
0	The patient record stated: The surgery was successful and the patient stabilized post-op. Further intervention was not required.
0	Based on examination findings, The surgery was successful and the patient stabilized post-op. The recovery followed expected patterns.
0	Clinical evaluation confirmed that No evidence of infection or relapse was found on examination. This outcome was anticipated based on prior symptoms.
1	According to the discharge summary, The lack of oxygen resulted in irreversible brain damage and death. This outcome was anticipated based on prior symptoms.
1	The patient record stated: Massive internal bleeding led to death within minutes. This was confirmed by multiple specialists.
1	Follow-up consultation revealed that Anaphylactic shock caused rapid deterioration and fatal outcome. Medical documentation supports this outcome.
1	According to the discharge summary, The lack of oxygen resulted in irreversible brain damage and death. The recovery followed expected patterns.
1	Medical staff reported: Despite continuous resuscitation, the patient passed away. Further intervention was not required.
1	Medical staff reported: Multiple organ failure developed rapidly, resulting in death. All assessments aligned with protocol.
0	Monitoring reports showed: The surgery was successful and the patient stabilized post-op. Emergency procedures were not needed.
0	According to the discharge summary, No evidence of infection or relapse was found on examination. Emergency procedures were not needed.
0	According to the discharge summary, The patient was discharged in good condition with no complications. This outcome was anticipated based on prior symptoms.
1	Hospital documents indicate: The lack of oxygen resulted in irreversible brain damage and death. Further intervention was not required.
0	Treatment logs recorded: Follow-up imaging confirmed resolution of the previous issue. This was confirmed by multiple specialists.
1	Hospital documents indicate: The brain hemorrhage was fatal despite emergency intervention. The condition was monitored continuously.
0	Based on examination findings, Symptoms subsided completely with standard medication. No critical incidents were recorded.
0	Follow-up consultation revealed that Recovery was uneventful, and no further treatment was needed. This outcome was anticipated based on prior symptoms.
0	Monitoring reports showed: The patient was discharged in good condition with no complications. The condition was monitored continuously.
1	Recent tests revealed that Respiratory failure could not be reversed even with intubation. The condition was monitored continuously.
0	Treatment logs recorded: Recovery was uneventful, and no further treatment was needed. Vital signs were stable throughout.
0	According to the discharge summary, Symptoms subsided completely with standard medication. Vital signs were stable throughout.
0	Recent tests revealed that Follow-up imaging confirmed resolution of the previous issue. This outcome was anticipated based on prior symptoms.
1	Treatment logs recorded: The brain hemorrhage was fatal despite emergency intervention. Further intervention was not required.
0	Based on examination findings, Physical therapy sessions significantly improved mobility. Further intervention was not required.
0	Clinical evaluation confirmed that The condition was resolved through outpatient care alone. Further intervention was not required.
0	Follow-up consultation revealed that Follow-up imaging confirmed resolution of the previous issue. No critical incidents were recorded.
1	According to the discharge summary, The patient was declared dead on arrival due to cardiac arrest. The condition was monitored continuously.
0	Based on examination findings, Recovery was uneventful, and no further treatment was needed. All assessments aligned with protocol.
0	Monitoring reports showed: The patient was discharged in good condition with no complications. No critical incidents were recorded.
0	Recent tests revealed that Stitches were removed without signs of inflammation or pain. All assessments aligned with protocol.
1	Clinical evaluation confirmed that Respiratory failure could not be reversed even with intubation. No critical incidents were recorded.
1	Based on examination findings, Massive internal bleeding led to death within minutes. This was confirmed by multiple specialists.
1	According to the discharge summary, Respiratory failure could not be reversed even with intubation. The recovery followed expected patterns.
1	Hospital documents indicate: The brain hemorrhage was fatal despite emergency intervention. The recovery followed expected patterns.
0	Clinical evaluation confirmed that Symptoms subsided completely with standard medication. The recovery followed expected patterns.
1	Clinical evaluation confirmed that Despite continuous resuscitation, the patient passed away. No critical incidents were recorded.
1	Monitoring reports showed: Massive internal bleeding led to death within minutes. Further intervention was not required.
1	Recent tests revealed that The lack of oxygen resulted in irreversible brain damage and death. Medical documentation supports this outcome.
1	Clinical evaluation confirmed that Massive internal bleeding led to death within minutes. Emergency procedures were not needed.
0	Clinical evaluation confirmed that The patient was discharged in good condition with no complications. Emergency procedures were not needed.
1	Medical staff reported: Respiratory failure could not be reversed even with intubation. Emergency procedures were not needed.
1	The patient record stated: The brain hemorrhage was fatal despite emergency intervention. The condition was monitored continuously.
0	The patient record stated: All vital signs returned to normal, indicating full recovery. No critical incidents were recorded.
0	Monitoring reports showed: The surgery was successful and the patient stabilized post-op. This was confirmed by multiple specialists.
1	Follow-up consultation revealed that Despite continuous resuscitation, the patient passed away. No critical incidents were recorded.
1	Medical staff reported: The brain hemorrhage was fatal despite emergency intervention. Vital signs were stable throughout.
0	The patient record stated: Follow-up imaging confirmed resolution of the previous issue. This outcome was anticipated based on prior symptoms.
0	Treatment logs recorded: The patient was discharged in good condition with no complications. Vital signs were stable throughout.
0	The patient record stated: Symptoms subsided completely with standard medication. No critical incidents were recorded.
0	Based on examination findings, All vital signs returned to normal, indicating full recovery. Medical documentation supports this outcome.
1	Hospital documents indicate: Despite continuous resuscitation, the patient passed away. Vital signs were stable throughout.
0	Medical staff reported: No evidence of infection or relapse was found on examination. This outcome was anticipated based on prior symptoms.
0	Follow-up consultation revealed that Follow-up imaging confirmed resolution of the previous issue. This outcome was anticipated based on prior symptoms.
0	Clinical evaluation confirmed that The patient was discharged in good condition with no complications. All assessments aligned with protocol.
1	Monitoring reports showed: Anaphylactic shock caused rapid deterioration and fatal outcome. The recovery followed expected patterns.
0	Recent tests revealed that The condition was resolved through outpatient care alone. The recovery followed expected patterns.
0	According to the discharge summary, Follow-up imaging confirmed resolution of the previous issue. This outcome was anticipated based on prior symptoms.
1	Based on examination findings, The patient was declared dead on arrival due to cardiac arrest. This outcome was anticipated based on prior symptoms.
0	Clinical evaluation confirmed that Physical therapy sessions significantly improved mobility. This was confirmed by multiple specialists.
1	Follow-up consultation revealed that Respiratory failure could not be reversed even with intubation. Vital signs were stable throughout.
1	Medical staff reported: Anaphylactic shock caused rapid deterioration and fatal outcome. This outcome was anticipated based on prior symptoms.
1	Hospital documents indicate: Multiple organ failure developed rapidly, resulting in death. This was confirmed by multiple specialists.
1	Recent tests revealed that Massive internal bleeding led to death within minutes. This was confirmed by multiple specialists.
1	Monitoring reports showed: Massive internal bleeding led to death within minutes. The recovery followed expected patterns.
0	Based on examination findings, Physical therapy sessions significantly improved mobility. All assessments aligned with protocol.
0	Monitoring reports showed: Stitches were removed without signs of inflammation or pain. Vital signs were stable throughout.
0	Monitoring reports showed: All vital signs returned to normal, indicating full recovery. Emergency procedures were not needed.
0	Monitoring reports showed: Physical therapy sessions significantly improved mobility. Medical documentation supports this outcome.
1	Recent tests revealed that Despite continuous resuscitation, the patient passed away. The condition was monitored continuously.
1	Recent tests revealed that The lack of oxygen resulted in irreversible brain damage and death. All assessments aligned with protocol.
1	Recent tests revealed that The brain hemorrhage was fatal despite emergency intervention. The condition was monitored continuously.
0	Medical staff reported: The surgery was successful and the patient stabilized post-op. The recovery followed expected patterns.
0	Based on examination findings, Symptoms subsided completely with standard medication. This was confirmed by multiple specialists.
1	Medical staff reported: Despite continuous resuscitation, the patient passed away. The recovery followed expected patterns.
1	Based on examination findings, Multiple organ failure developed rapidly, resulting in death. Vital signs were stable throughout.
1	Follow-up consultation revealed that Massive internal bleeding led to death within minutes. Medical documentation supports this outcome.
1	Treatment logs recorded: Despite continuous resuscitation, the patient passed away. Medical documentation supports this outcome.
0	Based on examination findings, The patient was discharged in good condition with no complications. Medical documentation supports this outcome.
0	Treatment logs recorded: All vital signs returned to normal, indicating full recovery. All assessments aligned with protocol.
1	Treatment logs recorded: The tumor metastasized aggressively, leading to terminal prognosis. Further intervention was not required.
1	Monitoring reports showed: The patient was declared dead on arrival due to cardiac arrest. All assessments aligned with protocol.
0	Follow-up consultation revealed that Stitches were removed without signs of inflammation or pain. Emergency procedures were not needed.
0	Recent tests revealed that All vital signs returned to normal, indicating full recovery. Further intervention was not required.
0	The patient record stated: Physical therapy sessions significantly improved mobility. Medical documentation supports this outcome.
1	According to the discharge summary, Massive internal bleeding led to death within minutes. This outcome was anticipated based on prior symptoms.
1	Follow-up consultation revealed that Acute sepsis progressed to septic shock and death in ICU. This outcome was anticipated based on prior symptoms.
1	Medical staff reported: Multiple organ failure developed rapidly, resulting in death. This was confirmed by multiple specialists.
0	Hospital documents indicate: Follow-up imaging confirmed resolution of the previous issue. No critical incidents were recorded.
1	Treatment logs recorded: Multiple organ failure developed rapidly, resulting in death. Emergency procedures were not needed.
1	Recent tests revealed that Acute sepsis progressed to septic shock and death in ICU. Emergency procedures were not needed.
1	Based on examination findings, Multiple organ failure developed rapidly, resulting in death. All assessments aligned with protocol.
1	Based on examination findings, Massive internal bleeding led to death within minutes. No critical incidents were recorded.
1	Monitoring reports showed: The tumor metastasized aggressively, leading to terminal prognosis. Emergency procedures were not needed.
0	According to the discharge summary, Stitches were removed without signs of inflammation or pain. The recovery followed expected patterns.
1	Follow-up consultation revealed that Anaphylactic shock caused rapid deterioration and fatal outcome. The recovery followed expected patterns.
0	Follow-up consultation revealed that The condition was resolved through outpatient care alone. Medical documentation supports this outcome.
0	Based on examination findings, No evidence of infection or relapse was found on examination. Vital signs were stable throughout.
1	Medical staff reported: Acute sepsis progressed to septic shock and death in ICU. The recovery followed expected patterns.
1	Based on examination findings, The tumor metastasized aggressively, leading to terminal prognosis. The condition was monitored continuously.
1	Based on examination findings, The tumor metastasized aggressively, leading to terminal prognosis. All assessments aligned with protocol.
1	Follow-up consultation revealed that The lack of oxygen resulted in irreversible brain damage and death. Further intervention was not required.
1	Hospital documents indicate: Despite continuous resuscitation, the patient passed away. All assessments aligned with protocol.
1	Medical staff reported: Massive internal bleeding led to death within minutes. This was confirmed by multiple specialists.
1	The patient record stated: Acute sepsis progressed to septic shock and death in ICU. Further intervention was not required.
0	According to the discharge summary, All vital signs returned to normal, indicating full recovery. Vital signs were stable throughout.
0	Recent tests revealed that Stitches were removed without signs of inflammation or pain. Further intervention was not required.
1	The patient record stated: The tumor metastasized aggressively, leading to terminal prognosis. Medical documentation supports this outcome.
0	Based on examination findings, The condition was resolved through outpatient care alone. Emergency procedures were not needed.
1	According to the discharge summary, The patient was declared dead on arrival due to cardiac arrest. This outcome was anticipated based on prior symptoms.
1	Monitoring reports showed: The patient was declared dead on arrival due to cardiac arrest. Further intervention was not required.
1	Follow-up consultation revealed that The patient was declared dead on arrival due to cardiac arrest. Vital signs were stable throughout.
0	Clinical evaluation confirmed that All vital signs returned to normal, indicating full recovery. The condition was monitored continuously.
0	Follow-up consultation revealed that All vital signs returned to normal, indicating full recovery. The recovery followed expected patterns.
0	Monitoring reports showed: No evidence of infection or relapse was found on examination. All assessments aligned with protocol.
0	Monitoring reports showed: Symptoms subsided completely with standard medication. This was confirmed by multiple specialists.
1	Recent tests revealed that Acute sepsis progressed to septic shock and death in ICU. Medical documentation supports this outcome.
1	Monitoring reports showed: The brain hemorrhage was fatal despite emergency intervention. This outcome was anticipated based on prior symptoms.
1	Recent tests revealed that Multiple organ failure developed rapidly, resulting in death. The recovery followed expected patterns.
1	Based on examination findings, Multiple organ failure developed rapidly, resulting in death. This was confirmed by multiple specialists.
0	Based on examination findings, The surgery was successful and the patient stabilized post-op. Medical documentation supports this outcome.
0	Treatment logs recorded: The condition was resolved through outpatient care alone. Emergency procedures were not needed.
1	Hospital documents indicate: The lack of oxygen resulted in irreversible brain damage and death. This outcome was anticipated based on prior symptoms.
1	Recent tests revealed that The patient was declared dead on arrival due to cardiac arrest. The recovery followed expected patterns.
0	According to the discharge summary, The condition was resolved through outpatient care alone. Vital signs were stable throughout.
0	Recent tests revealed that Recovery was uneventful, and no further treatment was needed. Vital signs were stable throughout.
0	Hospital documents indicate: The surgery was successful and the patient stabilized post-op. This outcome was anticipated based on prior symptoms.
0	Hospital documents indicate: Follow-up imaging confirmed resolution of the previous issue. Further intervention was not required.
1	Treatment logs recorded: Despite continuous resuscitation, the patient passed away. Emergency procedures were not needed.
0	Based on examination findings, Symptoms subsided completely with standard medication. This outcome was anticipated based on prior symptoms.
0	According to the discharge summary, All vital signs returned to normal, indicating full recovery. Further intervention was not required.
0	Medical staff reported: The patient was discharged in good condition with no complications. This outcome was anticipated based on prior symptoms.
1	The patient record stated: Massive internal bleeding led to death within minutes. The condition was monitored continuously.
1	Hospital documents indicate: Massive internal bleeding led to death within minutes. No critical incidents were recorded.
0	Based on examination findings, Physical therapy sessions significantly improved mobility. Medical documentation supports this outcome.
0	Clinical evaluation confirmed that All vital signs returned to normal, indicating full recovery. No critical incidents were recorded.
1	Based on examination findings, Anaphylactic shock caused rapid deterioration and fatal outcome. This outcome was anticipated based on prior symptoms.
1	According to the discharge summary, Acute sepsis progressed to septic shock and death in ICU. Emergency procedures were not needed.
1	The patient record stated: The lack of oxygen resulted in irreversible brain damage and death. Further intervention was not required.
1	Hospital documents indicate: The lack of oxygen resulted in irreversible brain damage and death. Emergency procedures were not needed.
1	Clinical evaluation confirmed that The tumor metastasized aggressively, leading to terminal prognosis. All assessments aligned with protocol.
1	Follow-up consultation revealed that The lack of oxygen resulted in irreversible brain damage and death. The condition was monitored continuously.
0	Monitoring reports showed: Physical therapy sessions significantly improved mobility. All assessments aligned with protocol.
0	The patient record stated: Recovery was uneventful, and no further treatment was needed. This was confirmed by multiple specialists.
1	According to the discharge summary, Massive internal bleeding led to death within minutes. Medical documentation supports this outcome.
0	Treatment logs recorded: The patient was discharged in good condition with no complications. Emergency procedures were not needed.
1	Clinical evaluation confirmed that Multiple organ failure developed rapidly, resulting in death. This outcome was anticipated based on prior symptoms.
0	The patient record stated: Recovery was uneventful, and no further treatment was needed. This outcome was anticipated based on prior symptoms.
0	Monitoring reports showed: The condition was resolved through outpatient care alone. No critical incidents were recorded.
0	Monitoring reports showed: The surgery was successful and the patient stabilized post-op. Vital signs were stable throughout.
1	Hospital documents indicate: Respiratory failure could not be reversed even with intubation. This was confirmed by multiple specialists.
1	Monitoring reports showed: The brain hemorrhage was fatal despite emergency intervention. No critical incidents were recorded.
0	The patient record stated: Follow-up imaging confirmed resolution of the previous issue. The recovery followed expected patterns.
1	The patient record stated: Despite continuous resuscitation, the patient passed away. No critical incidents were recorded.
0	Hospital documents indicate: The condition was resolved through outpatient care alone. Medical documentation supports this outcome.
1	Monitoring reports showed: The brain hemorrhage was fatal despite emergency intervention. All assessments aligned with protocol.
1	Medical staff reported: Multiple organ failure developed rapidly, resulting in death. Medical documentation supports this outcome.
1	Recent tests revealed that Despite continuous resuscitation, the patient passed away. All assessments aligned with protocol.
1	The patient record stated: The brain hemorrhage was fatal despite emergency intervention. Emergency procedures were not needed.
1	Medical staff reported: Respiratory failure could not be reversed even with intubation. All assessments aligned with protocol.
0	Follow-up consultation revealed that The condition was resolved through outpatient care alone. This was confirmed by multiple specialists.
1	Monitoring reports showed: Acute sepsis progressed to septic shock and death in ICU. Medical documentation supports this outcome.
1	Treatment logs recorded: Acute sepsis progressed to septic shock and death in ICU. Further intervention was not required.
1	Clinical evaluation confirmed that The lack of oxygen resulted in irreversible brain damage and death. The condition was monitored continuously.
0	Follow-up consultation revealed that No evidence of infection or relapse was found on examination. This was confirmed by multiple specialists.
1	Monitoring reports showed: Massive internal bleeding led to death within minutes. Medical documentation supports this outcome.
0	Follow-up consultation revealed that Stitches were removed without signs of inflammation or pain. No critical incidents were recorded.
1	Monitoring reports showed: Anaphylactic shock caused rapid deterioration and fatal outcome. Vital signs were stable throughout.
0	Clinical evaluation confirmed that Follow-up imaging confirmed resolution of the previous issue. The recovery followed expected patterns.
1	Medical staff reported: Respiratory failure could not be reversed even with intubation. No critical incidents were recorded.
1	Medical staff reported: The brain hemorrhage was fatal despite emergency intervention. The condition was monitored continuously.
0	Clinical evaluation confirmed that The surgery was successful and the patient stabilized post-op. Further intervention was not required.
1	Monitoring reports showed: The lack of oxygen resulted in irreversible brain damage and death. No critical incidents were recorded.
0	Hospital documents indicate: Recovery was uneventful, and no further treatment was needed. The recovery followed expected patterns.
1	Follow-up consultation revealed that The lack of oxygen resulted in irreversible brain damage and death. No critical incidents were recorded.
0	Recent tests revealed that The surgery was successful and the patient stabilized post-op. Emergency procedures were not needed.
0	Clinical evaluation confirmed that Physical therapy sessions significantly improved mobility. All assessments aligned with protocol.
1	Follow-up consultation revealed that The patient was declared dead on arrival due to cardiac arrest. Further intervention was not required.
0	According to the discharge summary, Stitches were removed without signs of inflammation or pain. The condition was monitored continuously.
1	The patient record stated: Anaphylactic shock caused rapid deterioration and fatal outcome. All assessments aligned with protocol.
1	Based on examination findings, Despite continuous resuscitation, the patient passed away. The recovery followed expected patterns.
0	The patient record stated: Stitches were removed without signs of inflammation or pain. This was confirmed by multiple specialists.
0	Based on examination findings, All vital signs returned to normal, indicating full recovery. Further intervention was not required.
0	According to the discharge summary, Physical therapy sessions significantly improved mobility. No critical incidents were recorded.
0	Clinical evaluation confirmed that Recovery was uneventful, and no further treatment was needed. Emergency procedures were not needed.
0	Monitoring reports showed: Stitches were removed without signs of inflammation or pain. Emergency procedures were not needed.
1	Monitoring reports showed: Respiratory failure could not be reversed even with intubation. No critical incidents were recorded.
1	Monitoring reports showed: Acute sepsis progressed to septic shock and death in ICU. No critical incidents were recorded.
0	Treatment logs recorded: No evidence of infection or relapse was found on examination. Emergency procedures were not needed.
1	Based on examination findings, Acute sepsis progressed to septic shock and death in ICU. Vital signs were stable throughout.
0	According to the discharge summary, No evidence of infection or relapse was found on examination. The recovery followed expected patterns.
0	Medical staff reported: Follow-up imaging confirmed resolution of the previous issue. This was confirmed by multiple specialists.
1	Medical staff reported: Multiple organ failure developed rapidly, resulting in death. The recovery followed expected patterns.
0	Based on examination findings, The patient was discharged in good condition with no complications. No critical incidents were recorded.
0	Follow-up consultation revealed that All vital signs returned to normal, indicating full recovery. No critical incidents were recorded.
1	Hospital documents indicate: Acute sepsis progressed to septic shock and death in ICU. Emergency procedures were not needed.
0	Hospital documents indicate: The patient was discharged in good condition with no complications. The condition was monitored continuously.
1	Monitoring reports showed: The tumor metastasized aggressively, leading to terminal prognosis. This outcome was anticipated based on prior symptoms.
1	According to the discharge summary, Multiple organ failure developed rapidly, resulting in death. The condition was monitored continuously.
1	Recent tests revealed that Despite continuous resuscitation, the patient passed away. Medical documentation supports this outcome.
1	Monitoring reports showed: The patient was declared dead on arrival due to cardiac arrest. No critical incidents were recorded.
1	Medical staff reported: Despite continuous resuscitation, the patient passed away. This outcome was anticipated based on prior symptoms.
1	Treatment logs recorded: Despite continuous resuscitation, the patient passed away. The recovery followed expected patterns.
1	Clinical evaluation confirmed that The patient was declared dead on arrival due to cardiac arrest. Vital signs were stable throughout.
0	Treatment logs recorded: The condition was resolved through outpatient care alone. No critical incidents were recorded.
0	Recent tests revealed that No evidence of infection or relapse was found on examination. This outcome was anticipated based on prior symptoms.
1	The patient record stated: The patient was declared dead on arrival due to cardiac arrest. No critical incidents were recorded.
0	Clinical evaluation confirmed that Recovery was uneventful, and no further treatment was needed. No critical incidents were recorded.
0	Hospital documents indicate: Recovery was uneventful, and no further treatment was needed. All assessments aligned with protocol.
0	Clinical evaluation confirmed that Recovery was uneventful, and no further treatment was needed. This outcome was anticipated based on prior symptoms.
1	Clinical evaluation confirmed that Anaphylactic shock caused rapid deterioration and fatal outcome. This was confirmed by multiple specialists.
0	Clinical evaluation confirmed that Follow-up imaging confirmed resolution of the previous issue. Emergency procedures were not needed.
1	Recent tests revealed that The brain hemorrhage was fatal despite emergency intervention. Emergency procedures were not needed.
0	The patient record stated: The surgery was successful and the patient stabilized post-op. All assessments aligned with protocol.
0	Follow-up consultation revealed that Stitches were removed without signs of inflammation or pain. This outcome was anticipated based on prior symptoms.
0	Treatment logs recorded: The patient was discharged in good condition with no complications. Further intervention was not required.
1	According to the discharge summary, The lack of oxygen resulted in irreversible brain damage and death. This was confirmed by multiple specialists.
0	Medical staff reported: Symptoms subsided completely with standard medication. Medical documentation supports this outcome.
0	Medical staff reported: Physical therapy sessions significantly improved mobility. The condition was monitored continuously.
1	Recent tests revealed that Multiple organ failure developed rapidly, resulting in death. Medical documentation supports this outcome.
0	Treatment logs recorded: Recovery was uneventful, and no further treatment was needed. This outcome was anticipated based on prior symptoms.
1	Recent tests revealed that Anaphylactic shock caused rapid deterioration and fatal outcome. Vital signs were stable throughout.
1	Treatment logs recorded: The tumor metastasized aggressively, leading to terminal prognosis. The recovery followed expected patterns.
1	Monitoring reports showed: Multiple organ failure developed rapidly, resulting in death. The condition was monitored continuously.
0	Clinical evaluation confirmed that Symptoms subsided completely with standard medication. This was confirmed by multiple specialists.
0	Follow-up consultation revealed that The patient was discharged in good condition with no complications. Medical documentation supports this outcome.
1	Treatment logs recorded: Respiratory failure could not be reversed even with intubation. No critical incidents were recorded.
0	Clinical evaluation confirmed that Physical therapy sessions significantly improved mobility. Medical documentation supports this outcome.
0	Treatment logs recorded: The surgery was successful and the patient stabilized post-op. Emergency procedures were not needed.
0	According to the discharge summary, Physical therapy sessions significantly improved mobility. This outcome was anticipated based on prior symptoms.
1	Medical staff reported: Massive internal bleeding led to death within minutes. The recovery followed expected patterns.
0	Based on examination findings, All vital signs returned to normal, indicating full recovery. All assessments aligned with protocol.
1	Treatment logs recorded: The patient was declared dead on arrival due to cardiac arrest. This outcome was anticipated based on prior symptoms.
0	Follow-up consultation revealed that The surgery was successful and the patient stabilized post-op. No critical incidents were recorded.
0	Clinical evaluation confirmed that The condition was resolved through outpatient care alone. Vital signs were stable throughout.
1	Based on examination findings, Acute sepsis progressed to septic shock and death in ICU. The recovery followed expected patterns.
1	Monitoring reports showed: Multiple organ failure developed rapidly, resulting in death. This outcome was anticipated based on prior symptoms.
0	Monitoring reports showed: Follow-up imaging confirmed resolution of the previous issue. No critical incidents were recorded.
1	Hospital documents indicate: Anaphylactic shock caused rapid deterioration and fatal outcome. No critical incidents were recorded.
0	Follow-up consultation revealed that All vital signs returned to normal, indicating full recovery. All assessments aligned with protocol.
1	Recent tests revealed that The tumor metastasized aggressively, leading to terminal prognosis. Vital signs were stable throughout.
1	According to the discharge summary, Acute sepsis progressed to septic shock and death in ICU. This was confirmed by multiple specialists.
0	Medical staff reported: Physical therapy sessions significantly improved mobility. This outcome was anticipated based on prior symptoms.
0	The patient record stated: Follow-up imaging confirmed resolution of the previous issue. The condition was monitored continuously.
1	The patient record stated: The patient was declared dead on arrival due to cardiac arrest. Emergency procedures were not needed.
1	Clinical evaluation confirmed that The brain hemorrhage was fatal despite emergency intervention. Vital signs were stable throughout.
0	Clinical evaluation confirmed that The condition was resolved through outpatient care alone. All assessments aligned with protocol.
1	Medical staff reported: Despite continuous resuscitation, the patient passed away. This was confirmed by multiple specialists.
0	Treatment logs recorded: No evidence of infection or relapse was found on examination. Vital signs were stable throughout.
1	Hospital documents indicate: The lack of oxygen resulted in irreversible brain damage and death. All assessments aligned with protocol.
0	According to the discharge summary, Follow-up imaging confirmed resolution of the previous issue. Further intervention was not required.
1	Recent tests revealed that Massive internal bleeding led to death within minutes. This outcome was anticipated based on prior symptoms.
0	Monitoring reports showed: Recovery was uneventful, and no further treatment was needed. This outcome was anticipated based on prior symptoms.
1	According to the discharge summary, The brain hemorrhage was fatal despite emergency intervention. Emergency procedures were not needed.
0	Recent tests revealed that All vital signs returned to normal, indicating full recovery. The condition was monitored continuously.
1	Based on examination findings, Massive internal bleeding led to death within minutes. The condition was monitored continuously.
0	According to the discharge summary, Symptoms subsided completely with standard medication. No critical incidents were recorded.
1	According to the discharge summary, Despite continuous resuscitation, the patient passed away. The recovery followed expected patterns.
1	Recent tests revealed that The brain hemorrhage was fatal despite emergency intervention. This outcome was anticipated based on prior symptoms.
1	Medical staff reported: Multiple organ failure developed rapidly, resulting in death. Emergency procedures were not needed.
1	Monitoring reports showed: The lack of oxygen resulted in irreversible brain damage and death. This was confirmed by multiple specialists.
1	Monitoring reports showed: Respiratory failure could not be reversed even with intubation. The recovery followed expected patterns.
1	Medical staff reported: Anaphylactic shock caused rapid deterioration and fatal outcome. Emergency procedures were not needed.
1	Clinical evaluation confirmed that The tumor metastasized aggressively, leading to terminal prognosis. Medical documentation supports this outcome.
0	Treatment logs recorded: Physical therapy sessions significantly improved mobility. This outcome was anticipated based on prior symptoms.
1	Follow-up consultation revealed that Acute sepsis progressed to septic shock and death in ICU. Vital signs were stable throughout.
1	Hospital documents indicate: Acute sepsis progressed to septic shock and death in ICU. This outcome was anticipated based on prior symptoms.
0	Follow-up consultation revealed that All vital signs returned to normal, indicating full recovery. Medical documentation supports this outcome.
0	Treatment logs recorded: The condition was resolved through outpatient care alone. All assessments aligned with protocol.
1	Recent tests revealed that The lack of oxygen resulted in irreversible brain damage and death. Further intervention was not required.
0	Recent tests revealed that Physical therapy sessions significantly improved mobility. This outcome was anticipated based on prior symptoms.
1	Clinical evaluation confirmed that Anaphylactic shock caused rapid deterioration and fatal outcome. The recovery followed expected patterns.
1	Hospital documents indicate: Anaphylactic shock caused rapid deterioration and fatal outcome. This was confirmed by multiple specialists.
0	Recent tests revealed that The surgery was successful and the patient stabilized post-op. This was confirmed by multiple specialists.
0	Hospital documents indicate: Follow-up imaging confirmed resolution of the previous issue. All assessments aligned with protocol.
0	Based on examination findings, The patient was discharged in good condition with no complications. Vital signs were stable throughout.
1	Monitoring reports showed: Despite continuous resuscitation, the patient passed away. The condition was monitored continuously.
0	Follow-up consultation revealed that Recovery was uneventful, and no further treatment was needed. Emergency procedures were not needed.
0	Monitoring reports showed: All vital signs returned to normal, indicating full recovery. All assessments aligned with protocol.
1	The patient record stated: Respiratory failure could not be reversed even with intubation. No critical incidents were recorded.
0	Medical staff reported: No evidence of infection or relapse was found on examination. All assessments aligned with protocol.
0	Monitoring reports showed: All vital signs returned to normal, indicating full recovery. This outcome was anticipated based on prior symptoms.
0	Based on examination findings, The surgery was successful and the patient stabilized post-op. This was confirmed by multiple specialists.
0	Medical staff reported: All vital signs returned to normal, indicating full recovery. The recovery followed expected patterns.
0	Based on examination findings, Recovery was uneventful, and no further treatment was needed. No critical incidents were recorded.
1	Medical staff reported: The lack of oxygen resulted in irreversible brain damage and death. This outcome was anticipated based on prior symptoms.
0	Hospital documents indicate: All vital signs returned to normal, indicating full recovery. This was confirmed by multiple specialists.
0	The patient record stated: Symptoms subsided completely with standard medication. This outcome was anticipated based on prior symptoms.
1	The patient record stated: Massive internal bleeding led to death within minutes. The recovery followed expected patterns.
0	Recent tests revealed that Physical therapy sessions significantly improved mobility. Vital signs were stable throughout.
0	Based on examination findings, The surgery was successful and the patient stabilized post-op. All assessments aligned with protocol.
0	Medical staff reported: The condition was resolved through outpatient care alone. Further intervention was not required.
1	Hospital documents indicate: Multiple organ failure developed rapidly, resulting in death. Medical documentation supports this outcome.
0	Follow-up consultation revealed that The surgery was successful and the patient stabilized post-op. Emergency procedures were not needed.
0	According to the discharge summary, Recovery was uneventful, and no further treatment was needed. The condition was monitored continuously.
1	According to the discharge summary, Anaphylactic shock caused rapid deterioration and fatal outcome. Emergency procedures were not needed.
1	Recent tests revealed that Massive internal bleeding led to death within minutes. No critical incidents were recorded.
1	Based on examination findings, The lack of oxygen resulted in irreversible brain damage and death. All assessments aligned with protocol.
1	Monitoring reports showed: The patient was declared dead on arrival due to cardiac arrest. Emergency procedures were not needed.
1	Monitoring reports showed: The patient was declared dead on arrival due to cardiac arrest. Vital signs were stable throughout.
0	Treatment logs recorded: Stitches were removed without signs of inflammation or pain. This was confirmed by multiple specialists.
0	According to the discharge summary, Symptoms subsided completely with standard medication. This outcome was anticipated based on prior symptoms.
0	The patient record stated: The surgery was successful and the patient stabilized post-op. This outcome was anticipated based on prior symptoms.
0	Treatment logs recorded: Recovery was uneventful, and no further treatment was needed. Further intervention was not required.
0	Treatment logs recorded: The patient was discharged in good condition with no complications. The condition was monitored continuously.
1	According to the discharge summary, Despite continuous resuscitation, the patient passed away. Vital signs were stable throughout.
0	Follow-up consultation revealed that No evidence of infection or relapse was found on examination. The recovery followed expected patterns.
0	Treatment logs recorded: Stitches were removed without signs of inflammation or pain. Further intervention was not required.
1	According to the discharge summary, Acute sepsis progressed to septic shock and death in ICU. The condition was monitored continuously.
1	Clinical evaluation confirmed that Multiple organ failure developed rapidly, resulting in death. The recovery followed expected patterns.
0	Clinical evaluation confirmed that The surgery was successful and the patient stabilized post-op. The condition was monitored continuously.
1	Clinical evaluation confirmed that The patient was declared dead on arrival due to cardiac arrest. Emergency procedures were not needed.
1	Treatment logs recorded: The lack of oxygen resulted in irreversible brain damage and death. This outcome was anticipated based on prior symptoms.
0	Clinical evaluation confirmed that All vital signs returned to normal, indicating full recovery. This was confirmed by multiple specialists.
0	Recent tests revealed that The patient was discharged in good condition with no complications. Medical documentation supports this outcome.
0	Monitoring reports showed: Recovery was uneventful, and no further treatment was needed. Vital signs were stable throughout.
1	Clinical evaluation confirmed that Despite continuous resuscitation, the patient passed away. Medical documentation supports this outcome.
1	Follow-up consultation revealed that The lack of oxygen resulted in irreversible brain damage and death. This was confirmed by multiple specialists.
1	According to the discharge summary, Massive internal bleeding led to death within minutes. The recovery followed expected patterns.
1	Recent tests revealed that Anaphylactic shock caused rapid deterioration and fatal outcome. Emergency procedures were not needed.
1	Medical staff reported: The brain hemorrhage was fatal despite emergency intervention. The recovery followed expected patterns.
0	Hospital documents indicate: All vital signs returned to normal, indicating full recovery. This outcome was anticipated based on prior symptoms.
0	Based on examination findings, Follow-up imaging confirmed resolution of the previous issue. All assessments aligned with protocol.
1	The patient record stated: Massive internal bleeding led to death within minutes. All assessments aligned with protocol.
1	Based on examination findings, The tumor metastasized aggressively, leading to terminal prognosis. Emergency procedures were not needed.
0	Follow-up consultation revealed that The patient was discharged in good condition with no complications. This outcome was anticipated based on prior symptoms.
1	Treatment logs recorded: The brain hemorrhage was fatal despite emergency intervention. The condition was monitored continuously.
0	According to the discharge summary, The surgery was successful and the patient stabilized post-op. Medical documentation supports this outcome.
0	Hospital documents indicate: All vital signs returned to normal, indicating full recovery. Medical documentation supports this outcome.
1	Clinical evaluation confirmed that Respiratory failure could not be reversed even with intubation. All assessments aligned with protocol.
0	Recent tests revealed that Stitches were removed without signs of inflammation or pain. Vital signs were stable throughout.
1	Recent tests revealed that Anaphylactic shock caused rapid deterioration and fatal outcome. This was confirmed by multiple specialists.
1	Monitoring reports showed: The brain hemorrhage was fatal despite emergency intervention. Medical documentation supports this outcome.
1	Recent tests revealed that The brain hemorrhage was fatal despite emergency intervention. No critical incidents were recorded.
0	Based on examination findings, The condition was resolved through outpatient care alone. Medical documentation supports this outcome.
0	Recent tests revealed that All vital signs returned to normal, indicating full recovery. Emergency procedures were not needed.
0	Hospital documents indicate: All vital signs returned to normal, indicating full recovery. Emergency procedures were not needed.
1	Monitoring reports showed: Acute sepsis progressed to septic shock and death in ICU. Emergency procedures were not needed.
1	Hospital documents indicate: Anaphylactic shock caused rapid deterioration and fatal outcome. Medical documentation supports this outcome.
1	Treatment logs recorded: Acute sepsis progressed to septic shock and death in ICU. This outcome was anticipated based on prior symptoms.
1	The patient record stated: Massive internal bleeding led to death within minutes. This outcome was anticipated based on prior symptoms.
0	Monitoring reports showed: No evidence of infection or relapse was found on examination. Medical documentation supports this outcome.
1	Medical staff reported: The lack of oxygen resulted in irreversible brain damage and death. Emergency procedures were not needed.
1	Follow-up consultation revealed that Respiratory failure could not be reversed even with intubation. Emergency procedures were not needed.
0	Recent tests revealed that Stitches were removed without signs of inflammation or pain. Medical documentation supports this outcome.
0	Medical staff reported: The patient was discharged in good condition with no complications. Vital signs were stable throughout.
0	Recent tests revealed that The condition was resolved through outpatient care alone. Medical documentation supports this outcome.
0	Clinical evaluation confirmed that The condition was resolved through outpatient care alone. Medical documentation supports this outcome.
1	The patient record stated: The patient was declared dead on arrival due to cardiac arrest. The condition was monitored continuously.
1	Treatment logs recorded: Multiple organ failure developed rapidly, resulting in death. No critical incidents were recorded.
0	The patient record stated: Stitches were removed without signs of inflammation or pain. This outcome was anticipated based on prior symptoms.
0	Medical staff reported: Symptoms subsided completely with standard medication. Further intervention was not required.
0	Monitoring reports showed: Stitches were removed without signs of inflammation or pain. This was confirmed by multiple specialists.
1	Hospital documents indicate: Acute sepsis progressed to septic shock and death in ICU. Vital signs were stable throughout.
1	Hospital documents indicate: Despite continuous resuscitation, the patient passed away. Emergency procedures were not needed.
1	Medical staff reported: The tumor metastasized aggressively, leading to terminal prognosis. Medical documentation supports this outcome.
1	According to the discharge summary, Respiratory failure could not be reversed even with intubation. This outcome was anticipated based on prior symptoms.
1	According to the discharge summary, Multiple organ failure developed rapidly, resulting in death. Medical documentation supports this outcome.
0	According to the discharge summary, The surgery was successful and the patient stabilized post-op. All assessments aligned with protocol.
1	Treatment logs recorded: Respiratory failure could not be reversed even with intubation. All assessments aligned with protocol.
1	According to the discharge summary, Despite continuous resuscitation, the patient passed away. No critical incidents were recorded.
0	Monitoring reports showed: Stitches were removed without signs of inflammation or pain. All assessments aligned with protocol.
1	Hospital documents indicate: Massive internal bleeding led to death within minutes. Medical documentation supports this outcome.
0	Treatment logs recorded: Follow-up imaging confirmed resolution of the previous issue. All assessments aligned with protocol.
1	The patient record stated: The brain hemorrhage was fatal despite emergency intervention. This was confirmed by multiple specialists.
1	Hospital documents indicate: The brain hemorrhage was fatal despite emergency intervention. This outcome was anticipated based on prior symptoms.
0	Based on examination findings, Stitches were removed without signs of inflammation or pain. Emergency procedures were not needed.
1	Follow-up consultation revealed that The tumor metastasized aggressively, leading to terminal prognosis. This was confirmed by multiple specialists.
0	Hospital documents indicate: The patient was discharged in good condition with no complications. The recovery followed expected patterns.
0	Monitoring reports showed: Recovery was uneventful, and no further treatment was needed. The recovery followed expected patterns.
1	Follow-up consultation revealed that The lack of oxygen resulted in irreversible brain damage and death. Vital signs were stable throughout.
0	Hospital documents indicate: Follow-up imaging confirmed resolution of the previous issue. This outcome was anticipated based on prior symptoms.
0	Hospital documents indicate: No evidence of infection or relapse was found on examination. The recovery followed expected patterns.
1	The patient record stated: Respiratory failure could not be reversed even with intubation. Medical documentation supports this outcome.
1	Based on examination findings, Respiratory failure could not be reversed even with intubation. Vital signs were stable throughout.
0	Hospital documents indicate: Symptoms subsided completely with standard medication. This was confirmed by multiple specialists.
1	Monitoring reports showed: The tumor metastasized aggressively, leading to terminal prognosis. The condition was monitored continuously.
0	Medical staff reported: Recovery was uneventful, and no further treatment was needed. The condition was monitored continuously.
1	Hospital documents indicate: The patient was declared dead on arrival due to cardiac arrest. Emergency procedures were not needed.
0	Recent tests revealed that Symptoms subsided completely with standard medication. Further intervention was not required.
1	Treatment logs recorded: The lack of oxygen resulted in irreversible brain damage and death. All assessments aligned with protocol.
0	According to the discharge summary, The condition was resolved through outpatient care alone. Medical documentation supports this outcome.
1	The patient record stated: The patient was declared dead on arrival due to cardiac arrest. Further intervention was not required.
0	According to the discharge summary, The patient was discharged in good condition with no complications. Medical documentation supports this outcome.
0	Monitoring reports showed: The patient was discharged in good condition with no complications. Vital signs were stable throughout.
0	Hospital documents indicate: Recovery was uneventful, and no further treatment was needed. This was confirmed by multiple specialists.
0	Clinical evaluation confirmed that No evidence of infection or relapse was found on examination. Emergency procedures were not needed.
1	Clinical evaluation confirmed that The brain hemorrhage was fatal despite emergency intervention. Medical documentation supports this outcome.
0	According to the discharge summary, Stitches were removed without signs of inflammation or pain. Further intervention was not required.
0	Based on examination findings, Follow-up imaging confirmed resolution of the previous issue. Medical documentation supports this outcome.
0	Monitoring reports showed: The condition was resolved through outpatient care alone. Vital signs were stable throughout.
1	Medical staff reported: Acute sepsis progressed to septic shock and death in ICU. All assessments aligned with protocol.
1	Clinical evaluation confirmed that Anaphylactic shock caused rapid deterioration and fatal outcome. Medical documentation supports this outcome.
0	Clinical evaluation confirmed that The condition was resolved through outpatient care alone. The recovery followed expected patterns.
0	Clinical evaluation confirmed that Recovery was uneventful, and no further treatment was needed. Vital signs were stable throughout.
1	Medical staff reported: Massive internal bleeding led to death within minutes. Emergency procedures were not needed.
1	According to the discharge summary, The lack of oxygen resulted in irreversible brain damage and death. Further intervention was not required.
1	Medical staff reported: The tumor metastasized aggressively, leading to terminal prognosis. No critical incidents were recorded.
1	Treatment logs recorded: The tumor metastasized aggressively, leading to terminal prognosis. No critical incidents were recorded.
0	Monitoring reports showed: Symptoms subsided completely with standard medication. Vital signs were stable throughout.
1	Medical staff reported: The tumor metastasized aggressively, leading to terminal prognosis. All assessments aligned with protocol.
1	According to the discharge summary, Anaphylactic shock caused rapid deterioration and fatal outcome. This was confirmed by multiple specialists.
0	Monitoring reports showed: The patient was discharged in good condition with no complications. This outcome was anticipated based on prior symptoms.
1	Recent tests revealed that The tumor metastasized aggressively, leading to terminal prognosis. Medical documentation supports this outcome.
1	Hospital documents indicate: Anaphylactic shock caused rapid deterioration and fatal outcome. This outcome was anticipated based on prior symptoms.
0	Medical staff reported: The condition was resolved through outpatient care alone. Medical documentation supports this outcome.
1	Medical staff reported: Respiratory failure could not be reversed even with intubation. Medical documentation supports this outcome.
1	Clinical evaluation confirmed that The tumor metastasized aggressively, leading to terminal prognosis. The recovery followed expected patterns.
0	Follow-up consultation revealed that The patient was discharged in good condition with no complications. Vital signs were stable throughout.
1	Monitoring reports showed: Despite continuous resuscitation, the patient passed away. All assessments aligned with protocol.
1	Recent tests revealed that The patient was declared dead on arrival due to cardiac arrest. This was confirmed by multiple specialists.
0	Follow-up consultation revealed that Follow-up imaging confirmed resolution of the previous issue. The recovery followed expected patterns.
1	Recent tests revealed that Acute sepsis progressed to septic shock and death in ICU. The recovery followed expected patterns.
1	Monitoring reports showed: Despite continuous resuscitation, the patient passed away. Medical documentation supports this outcome.
1	Hospital documents indicate: The brain hemorrhage was fatal despite emergency intervention. This was confirmed by multiple specialists.
0	Follow-up consultation revealed that The condition was resolved through outpatient care alone. Emergency procedures were not needed.
0	Follow-up consultation revealed that The patient was discharged in good condition with no complications. Further intervention was not required.
0	Treatment logs recorded: No evidence of infection or relapse was found on examination. This outcome was anticipated based on prior symptoms.
0	Medical staff reported: Follow-up imaging confirmed resolution of the previous issue. The condition was monitored continuously.
1	Based on examination findings, Anaphylactic shock caused rapid deterioration and fatal outcome. No critical incidents were recorded.
1	Treatment logs recorded: Anaphylactic shock caused rapid deterioration and fatal outcome. The condition was monitored continuously.
1	Based on examination findings, The lack of oxygen resulted in irreversible brain damage and death. Medical documentation supports this outcome.
0	Monitoring reports showed: Follow-up imaging confirmed resolution of the previous issue. All assessments aligned with protocol.
0	Based on examination findings, Follow-up imaging confirmed resolution of the previous issue. This outcome was anticipated based on prior symptoms.
0	Monitoring reports showed: Stitches were removed without signs of inflammation or pain. Further intervention was not required.
0	Treatment logs recorded: Physical therapy sessions significantly improved mobility. The recovery followed expected patterns.
1	Clinical evaluation confirmed that Massive internal bleeding led to death within minutes. Medical documentation supports this outcome.
0	Follow-up consultation revealed that The condition was resolved through outpatient care alone. All assessments aligned with protocol.
0	According to the discharge summary, Recovery was uneventful, and no further treatment was needed. Medical documentation supports this outcome.
1	Recent tests revealed that The brain hemorrhage was fatal despite emergency intervention. The recovery followed expected patterns.
1	Hospital documents indicate: Acute sepsis progressed to septic shock and death in ICU. This was confirmed by multiple specialists.
0	Follow-up consultation revealed that Stitches were removed without signs of inflammation or pain. Further intervention was not required.
0	Hospital documents indicate: Physical therapy sessions significantly improved mobility. This was confirmed by multiple specialists.
1	Medical staff reported: The lack of oxygen resulted in irreversible brain damage and death. The recovery followed expected patterns.
0	Follow-up consultation revealed that All vital signs returned to normal, indicating full recovery. This was confirmed by multiple specialists.
1	Follow-up consultation revealed that Despite continuous resuscitation, the patient passed away. Vital signs were stable throughout.
1	Based on examination findings, Multiple organ failure developed rapidly, resulting in death. No critical incidents were recorded.
0	The patient record stated: Stitches were removed without signs of inflammation or pain. Emergency procedures were not needed.
0	Based on examination findings, Symptoms subsided completely with standard medication. Further intervention was not required.
1	Treatment logs recorded: Respiratory failure could not be reversed even with intubation. This was confirmed by multiple specialists.
1	The patient record stated: Acute sepsis progressed to septic shock and death in ICU. The condition was monitored continuously.
0	Recent tests revealed that Stitches were removed without signs of inflammation or pain. This outcome was anticipated based on prior symptoms.
0	Clinical evaluation confirmed that Physical therapy sessions significantly improved mobility. Vital signs were stable throughout.
1	Follow-up consultation revealed that Anaphylactic shock caused rapid deterioration and fatal outcome. The condition was monitored continuously.
1	According to the discharge summary, Despite continuous resuscitation, the patient passed away. The condition was monitored continuously.
1	Recent tests revealed that Massive internal bleeding led to death within minutes. The recovery followed expected patterns.
1	Hospital documents indicate: Multiple organ failure developed rapidly, resulting in death. Emergency procedures were not needed.
1	Clinical evaluation confirmed that Despite continuous resuscitation, the patient passed away. All assessments aligned with protocol.
0	Recent tests revealed that Follow-up imaging confirmed resolution of the previous issue. All assessments aligned with protocol.
1	Follow-up consultation revealed that The lack of oxygen resulted in irreversible brain damage and death. Medical documentation supports this outcome.
1	Medical staff reported: The brain hemorrhage was fatal despite emergency intervention. This was confirmed by multiple specialists.
1	Monitoring reports showed: Massive internal bleeding led to death within minutes. All assessments aligned with protocol.
0	Clinical evaluation confirmed that No evidence of infection or relapse was found on examination. All assessments aligned with protocol.
1	Follow-up consultation revealed that Despite continuous resuscitation, the patient passed away. Emergency procedures were not needed.
0	Based on examination findings, Physical therapy sessions significantly improved mobility. The condition was monitored continuously.
1	Follow-up consultation revealed that The patient was declared dead on arrival due to cardiac arrest. No critical incidents were recorded.
1	Monitoring reports showed: Anaphylactic shock caused rapid deterioration and fatal outcome. Further intervention was not required.
0	Hospital documents indicate: Stitches were removed without signs of inflammation or pain. Further intervention was not required.
0	Follow-up consultation revealed that Physical therapy sessions significantly improved mobility. Vital signs were stable throughout.
0	Recent tests revealed that The surgery was successful and the patient stabilized post-op. No critical incidents were recorded.
1	The patient record stated: Multiple organ failure developed rapidly, resulting in death. The condition was monitored continuously.
1	Hospital documents indicate: Multiple organ failure developed rapidly, resulting in death. This outcome was anticipated based on prior symptoms.
1	Treatment logs recorded: Massive internal bleeding led to death within minutes. Further intervention was not required.
0	Recent tests revealed that The condition was resolved through outpatient care alone. This outcome was anticipated based on prior symptoms.
0	Based on examination findings, Recovery was uneventful, and no further treatment was needed. Emergency procedures were not needed.
1	The patient record stated: The lack of oxygen resulted in irreversible brain damage and death. Vital signs were stable throughout.
0	Clinical evaluation confirmed that Follow-up imaging confirmed resolution of the previous issue. No critical incidents were recorded.
0	The patient record stated: The patient was discharged in good condition with no complications. All assessments aligned with protocol.
0	Hospital documents indicate: The surgery was successful and the patient stabilized post-op. No critical incidents were recorded.
0	Treatment logs recorded: The patient was discharged in good condition with no complications. The recovery followed expected patterns.
0	Clinical evaluation confirmed that Symptoms subsided completely with standard medication. Further intervention was not required.
1	Recent tests revealed that The lack of oxygen resulted in irreversible brain damage and death. This was confirmed by multiple specialists.
0	Medical staff reported: No evidence of infection or relapse was found on examination. Vital signs were stable throughout.
0	Hospital documents indicate: All vital signs returned to normal, indicating full recovery. All assessments aligned with protocol.
1	Recent tests revealed that Massive internal bleeding led to death within minutes. Emergency procedures were not needed.
1	Medical staff reported: The brain hemorrhage was fatal despite emergency intervention. All assessments aligned with protocol.
1	According to the discharge summary, Multiple organ failure developed rapidly, resulting in death. Vital signs were stable throughout.
0	Monitoring reports showed: Physical therapy sessions significantly improved mobility. Vital signs were stable throughout.
0	According to the discharge summary, All vital signs returned to normal, indicating full recovery. No critical incidents were recorded.
1	Clinical evaluation confirmed that The patient was declared dead on arrival due to cardiac arrest. All assessments aligned with protocol.
1	Recent tests revealed that The tumor metastasized aggressively, leading to terminal prognosis. This was confirmed by multiple specialists.
0	Treatment logs recorded: Stitches were removed without signs of inflammation or pain. Vital signs were stable throughout.
1	Hospital documents indicate: Multiple organ failure developed rapidly, resulting in death. All assessments aligned with protocol.
0	Medical staff reported: The surgery was successful and the patient stabilized post-op. Further intervention was not required.
0	Treatment logs recorded: All vital signs returned to normal, indicating full recovery. Medical documentation supports this outcome.
1	Hospital documents indicate: Acute sepsis progressed to septic shock and death in ICU. Further intervention was not required.
0	The patient record stated: Physical therapy sessions significantly improved mobility. Vital signs were stable throughout.
0	Recent tests revealed that Follow-up imaging confirmed resolution of the previous issue. Vital signs were stable throughout.
0	The patient record stated: Symptoms subsided completely with standard medication. All assessments aligned with protocol.
0	Hospital documents indicate: No evidence of infection or relapse was found on examination. Further intervention was not required.
1	Clinical evaluation confirmed that The lack of oxygen resulted in irreversible brain damage and death. Further intervention was not required.
1	Hospital documents indicate: The tumor metastasized aggressively, leading to terminal prognosis. This outcome was anticipated based on prior symptoms.
1	Hospital documents indicate: The tumor metastasized aggressively, leading to terminal prognosis. The recovery followed expected patterns.
0	Follow-up consultation revealed that No evidence of infection or relapse was found on examination. No critical incidents were recorded.
0	Monitoring reports showed: No evidence of infection or relapse was found on examination. Emergency procedures were not needed.
1	Follow-up consultation revealed that Multiple organ failure developed rapidly, resulting in death. The recovery followed expected patterns.
1	Clinical evaluation confirmed that Multiple organ failure developed rapidly, resulting in death. Further intervention was not required.
0	Monitoring reports showed: The condition was resolved through outpatient care alone. Medical documentation supports this outcome.
1	Treatment logs recorded: The patient was declared dead on arrival due to cardiac arrest. Further intervention was not required.
0	Hospital documents indicate: The patient was discharged in good condition with no complications. Vital signs were stable throughout.
1	According to the discharge summary, Massive internal bleeding led to death within minutes. Vital signs were stable throughout.
0	Recent tests revealed that Follow-up imaging confirmed resolution of the previous issue. Emergency procedures were not needed.
1	Based on examination findings, Respiratory failure could not be reversed even with intubation. The condition was monitored continuously.
1	Treatment logs recorded: Multiple organ failure developed rapidly, resulting in death. All assessments aligned with protocol.
0	Based on examination findings, No evidence of infection or relapse was found on examination. This was confirmed by multiple specialists.
0	Follow-up consultation revealed that Physical therapy sessions significantly improved mobility. The recovery followed expected patterns.
1	Clinical evaluation confirmed that Acute sepsis progressed to septic shock and death in ICU. Vital signs were stable throughout.
1	Clinical evaluation confirmed that The tumor metastasized aggressively, leading to terminal prognosis. The condition was monitored continuously.
1	Monitoring reports showed: Respiratory failure could not be reversed even with intubation. Emergency procedures were not needed.
1	Recent tests revealed that The lack of oxygen resulted in irreversible brain damage and death. The condition was monitored continuously.
0	The patient record stated: The patient was discharged in good condition with no complications. No critical incidents were recorded.
0	Hospital documents indicate: All vital signs returned to normal, indicating full recovery. Further intervention was not required.
1	Recent tests revealed that Acute sepsis progressed to septic shock and death in ICU. No critical incidents were recorded.
0	Treatment logs recorded: Stitches were removed without signs of inflammation or pain. All assessments aligned with protocol.
