label	text_a
0	Under specific circumstances, Follow-up imaging showed no recurrence of the previous lesion. Preventative measures could significantly improve outcomes.
0	Under specific circumstances, The patient's condition improved progressively with supportive measures. Mismanagement can result in avoidable complications.
1	In some high-risk populations, The surgical team expressed serious concern about intraoperative complications. Patient education plays a key role in improving prognoses.
1	In some high-risk populations, Symptoms suggest acute decompensation with potential fatal outcome. Nonetheless, adherence to prescribed therapy is crucial.
0	Experts suggest that Physical therapy was resumed after stabilization of lower limb mobility. Monitoring and follow-up are essential components of care.
0	According to recent medical studies, No signs of hemodynamic instability were observed during the night shift. When overlooked, consequences can escalate quickly.
0	In some high-risk populations, Follow-up imaging showed no recurrence of the previous lesion. Treatment protocols vary but outcomes are often favorable when addressed early.
0	It has been observed in clinical practice that Mild tachycardia was considered secondary to dehydration. Nonetheless, adherence to prescribed therapy is crucial.
0	In some high-risk populations, Physical therapy was resumed after stabilization of lower limb mobility. Patient education plays a key role in improving prognoses.
1	Medical literature indicates that Ongoing cerebral edema raised concerns among the critical care team. Nonetheless, public awareness campaigns remain limited.
1	The healthcare community recognizes that Progressive organ failure was noted despite therapeutic efforts. When overlooked, consequences can escalate quickly.
1	It has been observed in clinical practice that Following complications, the prognosis was considered poor and closely monitored. Treatment protocols vary but outcomes are often favorable when addressed early.
1	Based on longitudinal patient data, The surgical team expressed serious concern about intraoperative complications. Nonetheless, adherence to prescribed therapy is crucial.
1	According to recent medical studies, Progressive organ failure was noted despite therapeutic efforts. Monitoring and follow-up are essential components of care.
0	Under specific circumstances, Electrolyte balance was restored within 24 hours post-intervention. This underscores the importance of timely diagnosis.
1	Based on longitudinal patient data, Symptoms suggest acute decompensation with potential fatal outcome. Nonetheless, public awareness campaigns remain limited.
1	Medical literature indicates that Blood pressure could not be maintained without pharmacologic support. Patient education plays a key role in improving prognoses.
1	Peer-reviewed research confirms that Blood pressure could not be maintained without pharmacologic support. Nonetheless, adherence to prescribed therapy is crucial.
0	Under specific circumstances, Slight fever persisted, but no signs of systemic infection were found. This underscores the importance of timely diagnosis.
1	In some high-risk populations, Escalation to mechanical ventilation was required due to deteriorating respiration. Nonetheless, adherence to prescribed therapy is crucial.
1	In some high-risk populations, Escalation to mechanical ventilation was required due to deteriorating respiration. Early intervention remains the best course of action.
0	Experts suggest that No signs of hemodynamic instability were observed during the night shift. Early intervention remains the best course of action.
1	The healthcare community recognizes that Ongoing cerebral edema raised concerns among the critical care team. Nonetheless, public awareness campaigns remain limited.
0	According to recent medical studies, Patient discharged with outpatient monitoring and lifestyle recommendations. Treatment protocols vary but outcomes are often favorable when addressed early.
1	Evidence increasingly supports that Progressive organ failure was noted despite therapeutic efforts. Preventative measures could significantly improve outcomes.
1	Medical literature indicates that The surgical team expressed serious concern about intraoperative complications. Preventative measures could significantly improve outcomes.
0	Peer-reviewed research confirms that Follow-up imaging showed no recurrence of the previous lesion. Early intervention remains the best course of action.
0	It has been observed in clinical practice that Electrolyte balance was restored within 24 hours post-intervention. When overlooked, consequences can escalate quickly.
1	According to recent medical studies, Escalation to mechanical ventilation was required due to deteriorating respiration. Nonetheless, adherence to prescribed therapy is crucial.
0	Based on longitudinal patient data, Mild tachycardia was considered secondary to dehydration. Nonetheless, adherence to prescribed therapy is crucial.
0	Under specific circumstances, Neurologic examination returned to baseline after medication adjustment. Nonetheless, adherence to prescribed therapy is crucial.
0	Based on longitudinal patient data, Patient discharged with outpatient monitoring and lifestyle recommendations. Patient education plays a key role in improving prognoses.
1	The healthcare community recognizes that Progressive organ failure was noted despite therapeutic efforts. Nonetheless, adherence to prescribed therapy is crucial.
1	The healthcare community recognizes that Blood pressure could not be maintained without pharmacologic support. When overlooked, consequences can escalate quickly.
1	Under specific circumstances, Ongoing cerebral edema raised concerns among the critical care team. Early intervention remains the best course of action.
0	The healthcare community recognizes that Mild tachycardia was considered secondary to dehydration. When overlooked, consequences can escalate quickly.
1	In some high-risk populations, Blood pressure could not be maintained without pharmacologic support. This underscores the importance of timely diagnosis.
1	In some high-risk populations, Progressive organ failure was noted despite therapeutic efforts. Monitoring and follow-up are essential components of care.
1	Based on longitudinal patient data, Following complications, the prognosis was considered poor and closely monitored. Nonetheless, public awareness campaigns remain limited.
0	Under specific circumstances, Physical therapy was resumed after stabilization of lower limb mobility. Monitoring and follow-up are essential components of care.
0	In some high-risk populations, Mild tachycardia was considered secondary to dehydration. Early intervention remains the best course of action.
1	Based on longitudinal patient data, Progressive organ failure was noted despite therapeutic efforts. Patient education plays a key role in improving prognoses.
0	Based on longitudinal patient data, The patient's condition improved progressively with supportive measures. This underscores the importance of timely diagnosis.
1	According to recent medical studies, Despite aggressive intervention, the patient's vital signs remained unstable. This underscores the importance of timely diagnosis.
1	Medical literature indicates that Despite aggressive intervention, the patient's vital signs remained unstable. Treatment protocols vary but outcomes are often favorable when addressed early.
1	Peer-reviewed research confirms that Following complications, the prognosis was considered poor and closely monitored. Patient education plays a key role in improving prognoses.
0	Medical literature indicates that Electrolyte balance was restored within 24 hours post-intervention. Patient education plays a key role in improving prognoses.
1	Under specific circumstances, Repeated cardiac arrhythmias have put the patient under intensive observation. Mismanagement can result in avoidable complications.
1	The healthcare community recognizes that Following complications, the prognosis was considered poor and closely monitored. Preventative measures could significantly improve outcomes.
1	Medical literature indicates that Despite aggressive intervention, the patient's vital signs remained unstable. This underscores the importance of timely diagnosis.
1	Based on longitudinal patient data, Escalation to mechanical ventilation was required due to deteriorating respiration. Patient education plays a key role in improving prognoses.
0	Peer-reviewed research confirms that Mild tachycardia was considered secondary to dehydration. Nonetheless, public awareness campaigns remain limited.
0	Experts suggest that Slight fever persisted, but no signs of systemic infection were found. When overlooked, consequences can escalate quickly.
0	Under specific circumstances, Neurologic examination returned to baseline after medication adjustment. When overlooked, consequences can escalate quickly.
0	Based on longitudinal patient data, The patient's condition improved progressively with supportive measures. Nonetheless, public awareness campaigns remain limited.
1	It has been observed in clinical practice that Blood pressure could not be maintained without pharmacologic support. Monitoring and follow-up are essential components of care.
0	Medical literature indicates that The wound healed properly without signs of necrosis or discharge. Treatment protocols vary but outcomes are often favorable when addressed early.
1	Based on longitudinal patient data, Symptoms suggest acute decompensation with potential fatal outcome. Mismanagement can result in avoidable complications.
1	In some high-risk populations, Blood pressure could not be maintained without pharmacologic support. When overlooked, consequences can escalate quickly.
1	Peer-reviewed research confirms that Ongoing cerebral edema raised concerns among the critical care team. Preventative measures could significantly improve outcomes.
1	In some high-risk populations, Symptoms suggest acute decompensation with potential fatal outcome. Monitoring and follow-up are essential components of care.
1	Medical literature indicates that Following complications, the prognosis was considered poor and closely monitored. When overlooked, consequences can escalate quickly.
0	Evidence increasingly supports that Neurologic examination returned to baseline after medication adjustment. When overlooked, consequences can escalate quickly.
1	In some high-risk populations, Following complications, the prognosis was considered poor and closely monitored. Preventative measures could significantly improve outcomes.
0	Experts suggest that The wound healed properly without signs of necrosis or discharge. Treatment protocols vary but outcomes are often favorable when addressed early.
1	Peer-reviewed research confirms that Blood pressure could not be maintained without pharmacologic support. Mismanagement can result in avoidable complications.
1	Evidence increasingly supports that Progressive organ failure was noted despite therapeutic efforts. Treatment protocols vary but outcomes are often favorable when addressed early.
0	Medical literature indicates that The patient's condition improved progressively with supportive measures. Preventative measures could significantly improve outcomes.
1	Experts suggest that The surgical team expressed serious concern about intraoperative complications. Patient education plays a key role in improving prognoses.
0	In some high-risk populations, Electrolyte balance was restored within 24 hours post-intervention. Nonetheless, adherence to prescribed therapy is crucial.
1	It has been observed in clinical practice that Blood pressure could not be maintained without pharmacologic support. Treatment protocols vary but outcomes are often favorable when addressed early.
1	Medical literature indicates that Repeated cardiac arrhythmias have put the patient under intensive observation. Preventative measures could significantly improve outcomes.
1	Experts suggest that Repeated cardiac arrhythmias have put the patient under intensive observation. Nonetheless, public awareness campaigns remain limited.
1	In some high-risk populations, Progressive organ failure was noted despite therapeutic efforts. Preventative measures could significantly improve outcomes.
0	It has been observed in clinical practice that No signs of hemodynamic instability were observed during the night shift. When overlooked, consequences can escalate quickly.
0	Based on longitudinal patient data, Follow-up imaging showed no recurrence of the previous lesion. Patient education plays a key role in improving prognoses.
0	Based on longitudinal patient data, The wound healed properly without signs of necrosis or discharge. This underscores the importance of timely diagnosis.
1	Experts suggest that Though stabilized, the oxygen saturation continued dropping below safe thresholds. Mismanagement can result in avoidable complications.
0	The healthcare community recognizes that The wound healed properly without signs of necrosis or discharge. Nonetheless, public awareness campaigns remain limited.
0	Under specific circumstances, The patient's condition improved progressively with supportive measures. This underscores the importance of timely diagnosis.
0	Experts suggest that Follow-up imaging showed no recurrence of the previous lesion. Monitoring and follow-up are essential components of care.
0	Peer-reviewed research confirms that The wound healed properly without signs of necrosis or discharge. Nonetheless, public awareness campaigns remain limited.
0	In some high-risk populations, Patient discharged with outpatient monitoring and lifestyle recommendations. Mismanagement can result in avoidable complications.
0	It has been observed in clinical practice that Neurologic examination returned to baseline after medication adjustment. Treatment protocols vary but outcomes are often favorable when addressed early.
1	Under specific circumstances, Despite aggressive intervention, the patient's vital signs remained unstable. Early intervention remains the best course of action.
0	Based on longitudinal patient data, Slight fever persisted, but no signs of systemic infection were found. Early intervention remains the best course of action.
1	The healthcare community recognizes that The surgical team expressed serious concern about intraoperative complications. Monitoring and follow-up are essential components of care.
1	The healthcare community recognizes that Symptoms suggest acute decompensation with potential fatal outcome. Preventative measures could significantly improve outcomes.
0	According to recent medical studies, The wound healed properly without signs of necrosis or discharge. Monitoring and follow-up are essential components of care.
1	Medical literature indicates that Repeated cardiac arrhythmias have put the patient under intensive observation. Treatment protocols vary but outcomes are often favorable when addressed early.
0	In some high-risk populations, The wound healed properly without signs of necrosis or discharge. Mismanagement can result in avoidable complications.
0	Medical literature indicates that Mild tachycardia was considered secondary to dehydration. Preventative measures could significantly improve outcomes.
0	Based on longitudinal patient data, The patient's condition improved progressively with supportive measures. Mismanagement can result in avoidable complications.
0	In some high-risk populations, Neurologic examination returned to baseline after medication adjustment. Mismanagement can result in avoidable complications.
0	Experts suggest that Neurologic examination returned to baseline after medication adjustment. When overlooked, consequences can escalate quickly.
1	According to recent medical studies, Following complications, the prognosis was considered poor and closely monitored. Preventative measures could significantly improve outcomes.
0	According to recent medical studies, Patient discharged with outpatient monitoring and lifestyle recommendations. When overlooked, consequences can escalate quickly.
1	According to recent medical studies, Despite aggressive intervention, the patient's vital signs remained unstable. Nonetheless, adherence to prescribed therapy is crucial.
0	According to recent medical studies, Physical therapy was resumed after stabilization of lower limb mobility. This underscores the importance of timely diagnosis.
0	The healthcare community recognizes that The wound healed properly without signs of necrosis or discharge. Treatment protocols vary but outcomes are often favorable when addressed early.
0	Based on longitudinal patient data, The wound healed properly without signs of necrosis or discharge. Nonetheless, public awareness campaigns remain limited.
1	Experts suggest that Escalation to mechanical ventilation was required due to deteriorating respiration. Nonetheless, public awareness campaigns remain limited.
1	In some high-risk populations, Escalation to mechanical ventilation was required due to deteriorating respiration. When overlooked, consequences can escalate quickly.
1	According to recent medical studies, Blood pressure could not be maintained without pharmacologic support. When overlooked, consequences can escalate quickly.
1	The healthcare community recognizes that Following complications, the prognosis was considered poor and closely monitored. Early intervention remains the best course of action.
0	Experts suggest that Neurologic examination returned to baseline after medication adjustment. Mismanagement can result in avoidable complications.
0	According to recent medical studies, Mild tachycardia was considered secondary to dehydration. Treatment protocols vary but outcomes are often favorable when addressed early.
1	According to recent medical studies, Blood pressure could not be maintained without pharmacologic support. Early intervention remains the best course of action.
1	Under specific circumstances, Despite aggressive intervention, the patient's vital signs remained unstable. When overlooked, consequences can escalate quickly.
0	Evidence increasingly supports that Follow-up imaging showed no recurrence of the previous lesion. Nonetheless, adherence to prescribed therapy is crucial.
0	It has been observed in clinical practice that The wound healed properly without signs of necrosis or discharge. Treatment protocols vary but outcomes are often favorable when addressed early.
0	Peer-reviewed research confirms that The wound healed properly without signs of necrosis or discharge. Early intervention remains the best course of action.
0	Medical literature indicates that Mild tachycardia was considered secondary to dehydration. When overlooked, consequences can escalate quickly.
1	According to recent medical studies, Escalation to mechanical ventilation was required due to deteriorating respiration. Early intervention remains the best course of action.
0	Medical literature indicates that Electrolyte balance was restored within 24 hours post-intervention. Nonetheless, adherence to prescribed therapy is crucial.
0	It has been observed in clinical practice that The patient's condition improved progressively with supportive measures. Early intervention remains the best course of action.
0	In some high-risk populations, Patient discharged with outpatient monitoring and lifestyle recommendations. Patient education plays a key role in improving prognoses.
1	Under specific circumstances, Following complications, the prognosis was considered poor and closely monitored. Nonetheless, public awareness campaigns remain limited.
1	Based on longitudinal patient data, Despite aggressive intervention, the patient's vital signs remained unstable. Treatment protocols vary but outcomes are often favorable when addressed early.
0	Based on longitudinal patient data, No signs of hemodynamic instability were observed during the night shift. Mismanagement can result in avoidable complications.
1	Based on longitudinal patient data, Following complications, the prognosis was considered poor and closely monitored. Mismanagement can result in avoidable complications.
1	According to recent medical studies, Symptoms suggest acute decompensation with potential fatal outcome. Monitoring and follow-up are essential components of care.
1	Evidence increasingly supports that Repeated cardiac arrhythmias have put the patient under intensive observation. Patient education plays a key role in improving prognoses.
0	Based on longitudinal patient data, The wound healed properly without signs of necrosis or discharge. Monitoring and follow-up are essential components of care.
1	Medical literature indicates that The surgical team expressed serious concern about intraoperative complications. Mismanagement can result in avoidable complications.
1	Evidence increasingly supports that Repeated cardiac arrhythmias have put the patient under intensive observation. Treatment protocols vary but outcomes are often favorable when addressed early.
0	According to recent medical studies, No signs of hemodynamic instability were observed during the night shift. Monitoring and follow-up are essential components of care.
0	Evidence increasingly supports that No signs of hemodynamic instability were observed during the night shift. This underscores the importance of timely diagnosis.
0	Evidence increasingly supports that The patient's condition improved progressively with supportive measures. Mismanagement can result in avoidable complications.
0	Based on longitudinal patient data, Physical therapy was resumed after stabilization of lower limb mobility. Nonetheless, public awareness campaigns remain limited.
0	Medical literature indicates that Follow-up imaging showed no recurrence of the previous lesion. This underscores the importance of timely diagnosis.
0	Medical literature indicates that Slight fever persisted, but no signs of systemic infection were found. Mismanagement can result in avoidable complications.
1	Peer-reviewed research confirms that Following complications, the prognosis was considered poor and closely monitored. Treatment protocols vary but outcomes are often favorable when addressed early.
0	Under specific circumstances, Patient discharged with outpatient monitoring and lifestyle recommendations. Mismanagement can result in avoidable complications.
0	Under specific circumstances, Patient discharged with outpatient monitoring and lifestyle recommendations. Patient education plays a key role in improving prognoses.
0	In some high-risk populations, The wound healed properly without signs of necrosis or discharge. Nonetheless, adherence to prescribed therapy is crucial.
1	It has been observed in clinical practice that Blood pressure could not be maintained without pharmacologic support. Nonetheless, adherence to prescribed therapy is crucial.
1	Experts suggest that Ongoing cerebral edema raised concerns among the critical care team. When overlooked, consequences can escalate quickly.
1	The healthcare community recognizes that Progressive organ failure was noted despite therapeutic efforts. Mismanagement can result in avoidable complications.
1	Evidence increasingly supports that Progressive organ failure was noted despite therapeutic efforts. Nonetheless, public awareness campaigns remain limited.
1	The healthcare community recognizes that Symptoms suggest acute decompensation with potential fatal outcome. This underscores the importance of timely diagnosis.
0	Peer-reviewed research confirms that Mild tachycardia was considered secondary to dehydration. Treatment protocols vary but outcomes are often favorable when addressed early.
1	Based on longitudinal patient data, Blood pressure could not be maintained without pharmacologic support. This underscores the importance of timely diagnosis.
1	Medical literature indicates that Symptoms suggest acute decompensation with potential fatal outcome. Early intervention remains the best course of action.
1	Under specific circumstances, Though stabilized, the oxygen saturation continued dropping below safe thresholds. Monitoring and follow-up are essential components of care.
1	The healthcare community recognizes that Ongoing cerebral edema raised concerns among the critical care team. When overlooked, consequences can escalate quickly.
0	Evidence increasingly supports that Follow-up imaging showed no recurrence of the previous lesion. When overlooked, consequences can escalate quickly.
0	Experts suggest that No signs of hemodynamic instability were observed during the night shift. Nonetheless, public awareness campaigns remain limited.
0	According to recent medical studies, The patient's condition improved progressively with supportive measures. Nonetheless, adherence to prescribed therapy is crucial.
1	Medical literature indicates that Progressive organ failure was noted despite therapeutic efforts. Mismanagement can result in avoidable complications.
1	Under specific circumstances, Blood pressure could not be maintained without pharmacologic support. Nonetheless, public awareness campaigns remain limited.
1	In some high-risk populations, Escalation to mechanical ventilation was required due to deteriorating respiration. Nonetheless, public awareness campaigns remain limited.
0	According to recent medical studies, Electrolyte balance was restored within 24 hours post-intervention. Nonetheless, adherence to prescribed therapy is crucial.
0	In some high-risk populations, Patient discharged with outpatient monitoring and lifestyle recommendations. Monitoring and follow-up are essential components of care.
0	Medical literature indicates that Follow-up imaging showed no recurrence of the previous lesion. Mismanagement can result in avoidable complications.
1	According to recent medical studies, Escalation to mechanical ventilation was required due to deteriorating respiration. Patient education plays a key role in improving prognoses.
0	According to recent medical studies, Slight fever persisted, but no signs of systemic infection were found. When overlooked, consequences can escalate quickly.
0	In some high-risk populations, Physical therapy was resumed after stabilization of lower limb mobility. Mismanagement can result in avoidable complications.
1	Evidence increasingly supports that Following complications, the prognosis was considered poor and closely monitored. Early intervention remains the best course of action.
1	Evidence increasingly supports that Ongoing cerebral edema raised concerns among the critical care team. Nonetheless, adherence to prescribed therapy is crucial.
0	Peer-reviewed research confirms that Patient discharged with outpatient monitoring and lifestyle recommendations. Mismanagement can result in avoidable complications.
0	Evidence increasingly supports that The patient's condition improved progressively with supportive measures. Nonetheless, public awareness campaigns remain limited.
1	Evidence increasingly supports that Blood pressure could not be maintained without pharmacologic support. Early intervention remains the best course of action.
0	Evidence increasingly supports that The wound healed properly without signs of necrosis or discharge. Monitoring and follow-up are essential components of care.
1	The healthcare community recognizes that Ongoing cerebral edema raised concerns among the critical care team. Early intervention remains the best course of action.
1	Evidence increasingly supports that The surgical team expressed serious concern about intraoperative complications. Patient education plays a key role in improving prognoses.
0	Medical literature indicates that No signs of hemodynamic instability were observed during the night shift. Mismanagement can result in avoidable complications.
1	Based on longitudinal patient data, The surgical team expressed serious concern about intraoperative complications. This underscores the importance of timely diagnosis.
1	According to recent medical studies, Symptoms suggest acute decompensation with potential fatal outcome. Mismanagement can result in avoidable complications.
0	Peer-reviewed research confirms that The wound healed properly without signs of necrosis or discharge. Nonetheless, adherence to prescribed therapy is crucial.
0	Based on longitudinal patient data, No signs of hemodynamic instability were observed during the night shift. When overlooked, consequences can escalate quickly.
0	The healthcare community recognizes that Patient discharged with outpatient monitoring and lifestyle recommendations. Patient education plays a key role in improving prognoses.
0	Evidence increasingly supports that Neurologic examination returned to baseline after medication adjustment. Treatment protocols vary but outcomes are often favorable when addressed early.
1	Experts suggest that Despite aggressive intervention, the patient's vital signs remained unstable. Preventative measures could significantly improve outcomes.
1	Under specific circumstances, Repeated cardiac arrhythmias have put the patient under intensive observation. Monitoring and follow-up are essential components of care.
1	It has been observed in clinical practice that The surgical team expressed serious concern about intraoperative complications. This underscores the importance of timely diagnosis.
1	Under specific circumstances, Though stabilized, the oxygen saturation continued dropping below safe thresholds. Patient education plays a key role in improving prognoses.
1	Medical literature indicates that Symptoms suggest acute decompensation with potential fatal outcome. Nonetheless, adherence to prescribed therapy is crucial.
0	Experts suggest that Patient discharged with outpatient monitoring and lifestyle recommendations. Nonetheless, adherence to prescribed therapy is crucial.
0	Under specific circumstances, Follow-up imaging showed no recurrence of the previous lesion. Monitoring and follow-up are essential components of care.
1	Peer-reviewed research confirms that Despite aggressive intervention, the patient's vital signs remained unstable. Monitoring and follow-up are essential components of care.
1	According to recent medical studies, Following complications, the prognosis was considered poor and closely monitored. Treatment protocols vary but outcomes are often favorable when addressed early.
0	Under specific circumstances, Electrolyte balance was restored within 24 hours post-intervention. Mismanagement can result in avoidable complications.
0	Medical literature indicates that Follow-up imaging showed no recurrence of the previous lesion. Nonetheless, adherence to prescribed therapy is crucial.
1	In some high-risk populations, Ongoing cerebral edema raised concerns among the critical care team. Nonetheless, public awareness campaigns remain limited.
1	The healthcare community recognizes that Following complications, the prognosis was considered poor and closely monitored. Monitoring and follow-up are essential components of care.
0	According to recent medical studies, Patient discharged with outpatient monitoring and lifestyle recommendations. Early intervention remains the best course of action.
1	According to recent medical studies, Ongoing cerebral edema raised concerns among the critical care team. This underscores the importance of timely diagnosis.
0	Medical literature indicates that Slight fever persisted, but no signs of systemic infection were found. Monitoring and follow-up are essential components of care.
1	Evidence increasingly supports that Repeated cardiac arrhythmias have put the patient under intensive observation. Preventative measures could significantly improve outcomes.
1	It has been observed in clinical practice that Escalation to mechanical ventilation was required due to deteriorating respiration. Patient education plays a key role in improving prognoses.
1	It has been observed in clinical practice that Blood pressure could not be maintained without pharmacologic support. Early intervention remains the best course of action.
1	Evidence increasingly supports that Escalation to mechanical ventilation was required due to deteriorating respiration. Early intervention remains the best course of action.
1	According to recent medical studies, The surgical team expressed serious concern about intraoperative complications. Nonetheless, public awareness campaigns remain limited.
1	Evidence increasingly supports that Though stabilized, the oxygen saturation continued dropping below safe thresholds. Preventative measures could significantly improve outcomes.
1	Based on longitudinal patient data, Ongoing cerebral edema raised concerns among the critical care team. Treatment protocols vary but outcomes are often favorable when addressed early.
1	Peer-reviewed research confirms that Escalation to mechanical ventilation was required due to deteriorating respiration. Early intervention remains the best course of action.
0	According to recent medical studies, The wound healed properly without signs of necrosis or discharge. When overlooked, consequences can escalate quickly.
0	Experts suggest that No signs of hemodynamic instability were observed during the night shift. Mismanagement can result in avoidable complications.
0	Based on longitudinal patient data, Physical therapy was resumed after stabilization of lower limb mobility. Nonetheless, adherence to prescribed therapy is crucial.
1	The healthcare community recognizes that Blood pressure could not be maintained without pharmacologic support. This underscores the importance of timely diagnosis.
1	Medical literature indicates that Though stabilized, the oxygen saturation continued dropping below safe thresholds. Treatment protocols vary but outcomes are often favorable when addressed early.
0	Under specific circumstances, Patient discharged with outpatient monitoring and lifestyle recommendations. Early intervention remains the best course of action.
1	According to recent medical studies, Repeated cardiac arrhythmias have put the patient under intensive observation. Treatment protocols vary but outcomes are often favorable when addressed early.
1	Medical literature indicates that Symptoms suggest acute decompensation with potential fatal outcome. Patient education plays a key role in improving prognoses.
1	Experts suggest that Blood pressure could not be maintained without pharmacologic support. Patient education plays a key role in improving prognoses.
1	Based on longitudinal patient data, Repeated cardiac arrhythmias have put the patient under intensive observation. This underscores the importance of timely diagnosis.
0	It has been observed in clinical practice that Electrolyte balance was restored within 24 hours post-intervention. Monitoring and follow-up are essential components of care.
1	Medical literature indicates that Ongoing cerebral edema raised concerns among the critical care team. Preventative measures could significantly improve outcomes.
1	Under specific circumstances, Though stabilized, the oxygen saturation continued dropping below safe thresholds. Early intervention remains the best course of action.
1	Medical literature indicates that The surgical team expressed serious concern about intraoperative complications. Nonetheless, public awareness campaigns remain limited.
1	According to recent medical studies, Repeated cardiac arrhythmias have put the patient under intensive observation. Monitoring and follow-up are essential components of care.
1	In some high-risk populations, The surgical team expressed serious concern about intraoperative complications. Treatment protocols vary but outcomes are often favorable when addressed early.
0	Experts suggest that Mild tachycardia was considered secondary to dehydration. Nonetheless, public awareness campaigns remain limited.
1	Under specific circumstances, Following complications, the prognosis was considered poor and closely monitored. Patient education plays a key role in improving prognoses.
1	Experts suggest that Repeated cardiac arrhythmias have put the patient under intensive observation. Patient education plays a key role in improving prognoses.
0	According to recent medical studies, No signs of hemodynamic instability were observed during the night shift. Mismanagement can result in avoidable complications.
0	Medical literature indicates that Slight fever persisted, but no signs of systemic infection were found. Nonetheless, public awareness campaigns remain limited.
0	The healthcare community recognizes that No signs of hemodynamic instability were observed during the night shift. Nonetheless, adherence to prescribed therapy is crucial.
1	Under specific circumstances, Repeated cardiac arrhythmias have put the patient under intensive observation. Treatment protocols vary but outcomes are often favorable when addressed early.
1	Based on longitudinal patient data, Progressive organ failure was noted despite therapeutic efforts. Nonetheless, public awareness campaigns remain limited.
0	Medical literature indicates that Electrolyte balance was restored within 24 hours post-intervention. Mismanagement can result in avoidable complications.
0	It has been observed in clinical practice that Mild tachycardia was considered secondary to dehydration. Nonetheless, public awareness campaigns remain limited.
1	It has been observed in clinical practice that Though stabilized, the oxygen saturation continued dropping below safe thresholds. Preventative measures could significantly improve outcomes.
1	According to recent medical studies, Following complications, the prognosis was considered poor and closely monitored. Early intervention remains the best course of action.
0	Under specific circumstances, The patient's condition improved progressively with supportive measures. Monitoring and follow-up are essential components of care.
1	Medical literature indicates that Blood pressure could not be maintained without pharmacologic support. Mismanagement can result in avoidable complications.
1	According to recent medical studies, Escalation to mechanical ventilation was required due to deteriorating respiration. Preventative measures could significantly improve outcomes.
0	In some high-risk populations, Mild tachycardia was considered secondary to dehydration. Mismanagement can result in avoidable complications.
0	It has been observed in clinical practice that The wound healed properly without signs of necrosis or discharge. Nonetheless, public awareness campaigns remain limited.
0	Experts suggest that Follow-up imaging showed no recurrence of the previous lesion. When overlooked, consequences can escalate quickly.
0	According to recent medical studies, No signs of hemodynamic instability were observed during the night shift. Nonetheless, public awareness campaigns remain limited.
1	Based on longitudinal patient data, Though stabilized, the oxygen saturation continued dropping below safe thresholds. When overlooked, consequences can escalate quickly.
1	The healthcare community recognizes that Symptoms suggest acute decompensation with potential fatal outcome. Mismanagement can result in avoidable complications.
0	The healthcare community recognizes that Electrolyte balance was restored within 24 hours post-intervention. Nonetheless, adherence to prescribed therapy is crucial.
1	Experts suggest that Progressive organ failure was noted despite therapeutic efforts. Patient education plays a key role in improving prognoses.
1	Experts suggest that Though stabilized, the oxygen saturation continued dropping below safe thresholds. Monitoring and follow-up are essential components of care.
1	Evidence increasingly supports that Following complications, the prognosis was considered poor and closely monitored. Nonetheless, public awareness campaigns remain limited.
1	Evidence increasingly supports that Escalation to mechanical ventilation was required due to deteriorating respiration. Nonetheless, adherence to prescribed therapy is crucial.
1	Under specific circumstances, Though stabilized, the oxygen saturation continued dropping below safe thresholds. Nonetheless, adherence to prescribed therapy is crucial.
0	It has been observed in clinical practice that The patient's condition improved progressively with supportive measures. This underscores the importance of timely diagnosis.
1	It has been observed in clinical practice that Repeated cardiac arrhythmias have put the patient under intensive observation. This underscores the importance of timely diagnosis.
0	Peer-reviewed research confirms that Patient discharged with outpatient monitoring and lifestyle recommendations. When overlooked, consequences can escalate quickly.
0	It has been observed in clinical practice that The patient's condition improved progressively with supportive measures. Treatment protocols vary but outcomes are often favorable when addressed early.
1	The healthcare community recognizes that Symptoms suggest acute decompensation with potential fatal outcome. Monitoring and follow-up are essential components of care.
1	According to recent medical studies, Escalation to mechanical ventilation was required due to deteriorating respiration. When overlooked, consequences can escalate quickly.
0	Evidence increasingly supports that No signs of hemodynamic instability were observed during the night shift. Nonetheless, public awareness campaigns remain limited.
1	Under specific circumstances, Progressive organ failure was noted despite therapeutic efforts. Mismanagement can result in avoidable complications.
1	Medical literature indicates that Symptoms suggest acute decompensation with potential fatal outcome. Mismanagement can result in avoidable complications.
0	According to recent medical studies, Patient discharged with outpatient monitoring and lifestyle recommendations. Mismanagement can result in avoidable complications.
0	According to recent medical studies, Mild tachycardia was considered secondary to dehydration. Monitoring and follow-up are essential components of care.
1	The healthcare community recognizes that Blood pressure could not be maintained without pharmacologic support. Treatment protocols vary but outcomes are often favorable when addressed early.
0	In some high-risk populations, No signs of hemodynamic instability were observed during the night shift. Early intervention remains the best course of action.
1	Peer-reviewed research confirms that The surgical team expressed serious concern about intraoperative complications. Patient education plays a key role in improving prognoses.
0	Under specific circumstances, Neurologic examination returned to baseline after medication adjustment. Treatment protocols vary but outcomes are often favorable when addressed early.
0	Peer-reviewed research confirms that The patient's condition improved progressively with supportive measures. Monitoring and follow-up are essential components of care.
0	Experts suggest that The wound healed properly without signs of necrosis or discharge. When overlooked, consequences can escalate quickly.
1	Evidence increasingly supports that Blood pressure could not be maintained without pharmacologic support. Nonetheless, public awareness campaigns remain limited.
0	Evidence increasingly supports that Neurologic examination returned to baseline after medication adjustment. Early intervention remains the best course of action.
1	Peer-reviewed research confirms that Symptoms suggest acute decompensation with potential fatal outcome. Treatment protocols vary but outcomes are often favorable when addressed early.
1	The healthcare community recognizes that Symptoms suggest acute decompensation with potential fatal outcome. Nonetheless, adherence to prescribed therapy is crucial.
1	According to recent medical studies, Blood pressure could not be maintained without pharmacologic support. Preventative measures could significantly improve outcomes.
0	Under specific circumstances, Electrolyte balance was restored within 24 hours post-intervention. Early intervention remains the best course of action.
1	Based on longitudinal patient data, Repeated cardiac arrhythmias have put the patient under intensive observation. Early intervention remains the best course of action.
0	According to recent medical studies, The patient's condition improved progressively with supportive measures. Early intervention remains the best course of action.
1	Experts suggest that Repeated cardiac arrhythmias have put the patient under intensive observation. Mismanagement can result in avoidable complications.
0	Based on longitudinal patient data, Neurologic examination returned to baseline after medication adjustment. When overlooked, consequences can escalate quickly.
1	Experts suggest that Despite aggressive intervention, the patient's vital signs remained unstable. This underscores the importance of timely diagnosis.
1	According to recent medical studies, Despite aggressive intervention, the patient's vital signs remained unstable. Early intervention remains the best course of action.
0	Experts suggest that Mild tachycardia was considered secondary to dehydration. When overlooked, consequences can escalate quickly.
0	Peer-reviewed research confirms that The patient's condition improved progressively with supportive measures. When overlooked, consequences can escalate quickly.
1	According to recent medical studies, Despite aggressive intervention, the patient's vital signs remained unstable. Treatment protocols vary but outcomes are often favorable when addressed early.
1	Experts suggest that Progressive organ failure was noted despite therapeutic efforts. This underscores the importance of timely diagnosis.
0	Medical literature indicates that The patient's condition improved progressively with supportive measures. Treatment protocols vary but outcomes are often favorable when addressed early.
1	Medical literature indicates that Progressive organ failure was noted despite therapeutic efforts. When overlooked, consequences can escalate quickly.
0	Evidence increasingly supports that No signs of hemodynamic instability were observed during the night shift. Patient education plays a key role in improving prognoses.
0	Experts suggest that No signs of hemodynamic instability were observed during the night shift. Monitoring and follow-up are essential components of care.
0	In some high-risk populations, Physical therapy was resumed after stabilization of lower limb mobility. This underscores the importance of timely diagnosis.
1	The healthcare community recognizes that Following complications, the prognosis was considered poor and closely monitored. Treatment protocols vary but outcomes are often favorable when addressed early.
0	Peer-reviewed research confirms that Slight fever persisted, but no signs of systemic infection were found. Mismanagement can result in avoidable complications.
0	It has been observed in clinical practice that Mild tachycardia was considered secondary to dehydration. When overlooked, consequences can escalate quickly.
0	Experts suggest that Mild tachycardia was considered secondary to dehydration. Nonetheless, adherence to prescribed therapy is crucial.
0	Under specific circumstances, Mild tachycardia was considered secondary to dehydration. Treatment protocols vary but outcomes are often favorable when addressed early.
0	According to recent medical studies, Physical therapy was resumed after stabilization of lower limb mobility. When overlooked, consequences can escalate quickly.
1	It has been observed in clinical practice that Despite aggressive intervention, the patient's vital signs remained unstable. Nonetheless, public awareness campaigns remain limited.
1	Experts suggest that The surgical team expressed serious concern about intraoperative complications. Mismanagement can result in avoidable complications.
1	Experts suggest that Escalation to mechanical ventilation was required due to deteriorating respiration. This underscores the importance of timely diagnosis.
0	Experts suggest that Electrolyte balance was restored within 24 hours post-intervention. Patient education plays a key role in improving prognoses.
1	Evidence increasingly supports that Ongoing cerebral edema raised concerns among the critical care team. This underscores the importance of timely diagnosis.
0	Medical literature indicates that No signs of hemodynamic instability were observed during the night shift. Treatment protocols vary but outcomes are often favorable when addressed early.
1	The healthcare community recognizes that Following complications, the prognosis was considered poor and closely monitored. Patient education plays a key role in improving prognoses.
0	Based on longitudinal patient data, Slight fever persisted, but no signs of systemic infection were found. Patient education plays a key role in improving prognoses.
0	Based on longitudinal patient data, No signs of hemodynamic instability were observed during the night shift. Treatment protocols vary but outcomes are often favorable when addressed early.
0	It has been observed in clinical practice that The patient's condition improved progressively with supportive measures. Nonetheless, public awareness campaigns remain limited.
0	In some high-risk populations, Slight fever persisted, but no signs of systemic infection were found. Early intervention remains the best course of action.
0	In some high-risk populations, Electrolyte balance was restored within 24 hours post-intervention. Nonetheless, public awareness campaigns remain limited.
0	In some high-risk populations, The patient's condition improved progressively with supportive measures. Treatment protocols vary but outcomes are often favorable when addressed early.
0	Experts suggest that Patient discharged with outpatient monitoring and lifestyle recommendations. Patient education plays a key role in improving prognoses.
1	It has been observed in clinical practice that Despite aggressive intervention, the patient's vital signs remained unstable. This underscores the importance of timely diagnosis.
0	In some high-risk populations, No signs of hemodynamic instability were observed during the night shift. Monitoring and follow-up are essential components of care.
0	According to recent medical studies, Slight fever persisted, but no signs of systemic infection were found. Treatment protocols vary but outcomes are often favorable when addressed early.
1	Under specific circumstances, The surgical team expressed serious concern about intraoperative complications. Nonetheless, adherence to prescribed therapy is crucial.
0	According to recent medical studies, The wound healed properly without signs of necrosis or discharge. Preventative measures could significantly improve outcomes.
1	Medical literature indicates that Ongoing cerebral edema raised concerns among the critical care team. Nonetheless, adherence to prescribed therapy is crucial.
0	Based on longitudinal patient data, Slight fever persisted, but no signs of systemic infection were found. Nonetheless, adherence to prescribed therapy is crucial.
1	According to recent medical studies, Repeated cardiac arrhythmias have put the patient under intensive observation. When overlooked, consequences can escalate quickly.
0	Peer-reviewed research confirms that Physical therapy was resumed after stabilization of lower limb mobility. When overlooked, consequences can escalate quickly.
1	Peer-reviewed research confirms that Progressive organ failure was noted despite therapeutic efforts. Patient education plays a key role in improving prognoses.
1	Evidence increasingly supports that Following complications, the prognosis was considered poor and closely monitored. Patient education plays a key role in improving prognoses.
1	It has been observed in clinical practice that Blood pressure could not be maintained without pharmacologic support. Nonetheless, public awareness campaigns remain limited.
0	According to recent medical studies, Physical therapy was resumed after stabilization of lower limb mobility. Nonetheless, public awareness campaigns remain limited.
0	Medical literature indicates that Physical therapy was resumed after stabilization of lower limb mobility. Mismanagement can result in avoidable complications.
0	Peer-reviewed research confirms that Patient discharged with outpatient monitoring and lifestyle recommendations. Patient education plays a key role in improving prognoses.
1	Experts suggest that Symptoms suggest acute decompensation with potential fatal outcome. Mismanagement can result in avoidable complications.
1	Medical literature indicates that Though stabilized, the oxygen saturation continued dropping below safe thresholds. Nonetheless, public awareness campaigns remain limited.
0	Peer-reviewed research confirms that Neurologic examination returned to baseline after medication adjustment. Mismanagement can result in avoidable complications.
0	The healthcare community recognizes that The patient's condition improved progressively with supportive measures. Patient education plays a key role in improving prognoses.
0	Under specific circumstances, The wound healed properly without signs of necrosis or discharge. Treatment protocols vary but outcomes are often favorable when addressed early.
0	Evidence increasingly supports that The wound healed properly without signs of necrosis or discharge. Preventative measures could significantly improve outcomes.
1	Experts suggest that Repeated cardiac arrhythmias have put the patient under intensive observation. Early intervention remains the best course of action.
0	According to recent medical studies, Follow-up imaging showed no recurrence of the previous lesion. Early intervention remains the best course of action.
1	Peer-reviewed research confirms that Repeated cardiac arrhythmias have put the patient under intensive observation. This underscores the importance of timely diagnosis.
0	Experts suggest that The wound healed properly without signs of necrosis or discharge. This underscores the importance of timely diagnosis.
1	Evidence increasingly supports that Though stabilized, the oxygen saturation continued dropping below safe thresholds. Monitoring and follow-up are essential components of care.
1	Based on longitudinal patient data, Blood pressure could not be maintained without pharmacologic support. Treatment protocols vary but outcomes are often favorable when addressed early.
1	According to recent medical studies, Ongoing cerebral edema raised concerns among the critical care team. When overlooked, consequences can escalate quickly.
1	In some high-risk populations, Ongoing cerebral edema raised concerns among the critical care team. Monitoring and follow-up are essential components of care.
0	Evidence increasingly supports that No signs of hemodynamic instability were observed during the night shift. Preventative measures could significantly improve outcomes.
1	It has been observed in clinical practice that Blood pressure could not be maintained without pharmacologic support. Preventative measures could significantly improve outcomes.
1	Under specific circumstances, Progressive organ failure was noted despite therapeutic efforts. Nonetheless, public awareness campaigns remain limited.
0	Based on longitudinal patient data, Physical therapy was resumed after stabilization of lower limb mobility. Treatment protocols vary but outcomes are often favorable when addressed early.
0	According to recent medical studies, No signs of hemodynamic instability were observed during the night shift. Treatment protocols vary but outcomes are often favorable when addressed early.
0	According to recent medical studies, Neurologic examination returned to baseline after medication adjustment. Patient education plays a key role in improving prognoses.
0	The healthcare community recognizes that No signs of hemodynamic instability were observed during the night shift. Nonetheless, public awareness campaigns remain limited.
0	It has been observed in clinical practice that Neurologic examination returned to baseline after medication adjustment. Nonetheless, adherence to prescribed therapy is crucial.
0	The healthcare community recognizes that Neurologic examination returned to baseline after medication adjustment. Nonetheless, public awareness campaigns remain limited.
1	It has been observed in clinical practice that Escalation to mechanical ventilation was required due to deteriorating respiration. When overlooked, consequences can escalate quickly.
0	The healthcare community recognizes that Slight fever persisted, but no signs of systemic infection were found. Mismanagement can result in avoidable complications.
0	Under specific circumstances, Patient discharged with outpatient monitoring and lifestyle recommendations. Monitoring and follow-up are essential components of care.
0	Under specific circumstances, Physical therapy was resumed after stabilization of lower limb mobility. This underscores the importance of timely diagnosis.
0	In some high-risk populations, Follow-up imaging showed no recurrence of the previous lesion. Monitoring and follow-up are essential components of care.
0	Based on longitudinal patient data, Physical therapy was resumed after stabilization of lower limb mobility. Early intervention remains the best course of action.
1	According to recent medical studies, Despite aggressive intervention, the patient's vital signs remained unstable. Mismanagement can result in avoidable complications.
1	Evidence increasingly supports that Symptoms suggest acute decompensation with potential fatal outcome. Preventative measures could significantly improve outcomes.
1	It has been observed in clinical practice that Following complications, the prognosis was considered poor and closely monitored. This underscores the importance of timely diagnosis.
1	Based on longitudinal patient data, Despite aggressive intervention, the patient's vital signs remained unstable. Nonetheless, adherence to prescribed therapy is crucial.
1	Medical literature indicates that Ongoing cerebral edema raised concerns among the critical care team. Treatment protocols vary but outcomes are often favorable when addressed early.
0	According to recent medical studies, Slight fever persisted, but no signs of systemic infection were found. This underscores the importance of timely diagnosis.
1	Experts suggest that Despite aggressive intervention, the patient's vital signs remained unstable. Monitoring and follow-up are essential components of care.
1	Experts suggest that Despite aggressive intervention, the patient's vital signs remained unstable. Nonetheless, public awareness campaigns remain limited.
0	The healthcare community recognizes that Patient discharged with outpatient monitoring and lifestyle recommendations. Monitoring and follow-up are essential components of care.
0	Based on longitudinal patient data, Slight fever persisted, but no signs of systemic infection were found. Mismanagement can result in avoidable complications.
0	The healthcare community recognizes that Electrolyte balance was restored within 24 hours post-intervention. When overlooked, consequences can escalate quickly.
1	Peer-reviewed research confirms that Repeated cardiac arrhythmias have put the patient under intensive observation. Nonetheless, public awareness campaigns remain limited.
1	Evidence increasingly supports that Progressive organ failure was noted despite therapeutic efforts. Monitoring and follow-up are essential components of care.
1	According to recent medical studies, Symptoms suggest acute decompensation with potential fatal outcome. Treatment protocols vary but outcomes are often favorable when addressed early.
1	Peer-reviewed research confirms that Following complications, the prognosis was considered poor and closely monitored. Early intervention remains the best course of action.
0	The healthcare community recognizes that Neurologic examination returned to baseline after medication adjustment. When overlooked, consequences can escalate quickly.
0	Based on longitudinal patient data, Neurologic examination returned to baseline after medication adjustment. Monitoring and follow-up are essential components of care.
1	In some high-risk populations, Though stabilized, the oxygen saturation continued dropping below safe thresholds. Early intervention remains the best course of action.
1	Medical literature indicates that Following complications, the prognosis was considered poor and closely monitored. Mismanagement can result in avoidable complications.
0	Evidence increasingly supports that No signs of hemodynamic instability were observed during the night shift. Nonetheless, adherence to prescribed therapy is crucial.
0	Based on longitudinal patient data, Follow-up imaging showed no recurrence of the previous lesion. Early intervention remains the best course of action.
1	According to recent medical studies, The surgical team expressed serious concern about intraoperative complications. Early intervention remains the best course of action.
0	In some high-risk populations, Follow-up imaging showed no recurrence of the previous lesion. Preventative measures could significantly improve outcomes.
0	It has been observed in clinical practice that Patient discharged with outpatient monitoring and lifestyle recommendations. Treatment protocols vary but outcomes are often favorable when addressed early.
0	Peer-reviewed research confirms that Electrolyte balance was restored within 24 hours post-intervention. Preventative measures could significantly improve outcomes.
0	It has been observed in clinical practice that The patient's condition improved progressively with supportive measures. Monitoring and follow-up are essential components of care.
0	In some high-risk populations, Patient discharged with outpatient monitoring and lifestyle recommendations. When overlooked, consequences can escalate quickly.
0	Based on longitudinal patient data, Mild tachycardia was considered secondary to dehydration. Mismanagement can result in avoidable complications.
1	Based on longitudinal patient data, The surgical team expressed serious concern about intraoperative complications. Early intervention remains the best course of action.
1	Based on longitudinal patient data, Despite aggressive intervention, the patient's vital signs remained unstable. Monitoring and follow-up are essential components of care.
1	According to recent medical studies, Blood pressure could not be maintained without pharmacologic support. Nonetheless, public awareness campaigns remain limited.
1	Peer-reviewed research confirms that The surgical team expressed serious concern about intraoperative complications. Mismanagement can result in avoidable complications.
0	Experts suggest that Electrolyte balance was restored within 24 hours post-intervention. Treatment protocols vary but outcomes are often favorable when addressed early.
0	In some high-risk populations, Neurologic examination returned to baseline after medication adjustment. Monitoring and follow-up are essential components of care.
1	Under specific circumstances, Blood pressure could not be maintained without pharmacologic support. Patient education plays a key role in improving prognoses.
0	Experts suggest that No signs of hemodynamic instability were observed during the night shift. Nonetheless, adherence to prescribed therapy is crucial.
0	The healthcare community recognizes that Mild tachycardia was considered secondary to dehydration. This underscores the importance of timely diagnosis.
1	Peer-reviewed research confirms that The surgical team expressed serious concern about intraoperative complications. Nonetheless, adherence to prescribed therapy is crucial.
1	In some high-risk populations, Symptoms suggest acute decompensation with potential fatal outcome. Preventative measures could significantly improve outcomes.
0	The healthcare community recognizes that Follow-up imaging showed no recurrence of the previous lesion. Early intervention remains the best course of action.
0	Under specific circumstances, Physical therapy was resumed after stabilization of lower limb mobility. Mismanagement can result in avoidable complications.
0	The healthcare community recognizes that Physical therapy was resumed after stabilization of lower limb mobility. Monitoring and follow-up are essential components of care.
1	Peer-reviewed research confirms that Symptoms suggest acute decompensation with potential fatal outcome. Preventative measures could significantly improve outcomes.
0	Evidence increasingly supports that Mild tachycardia was considered secondary to dehydration. When overlooked, consequences can escalate quickly.
0	According to recent medical studies, Slight fever persisted, but no signs of systemic infection were found. Nonetheless, public awareness campaigns remain limited.
0	According to recent medical studies, No signs of hemodynamic instability were observed during the night shift. Patient education plays a key role in improving prognoses.
0	The healthcare community recognizes that Neurologic examination returned to baseline after medication adjustment. Monitoring and follow-up are essential components of care.
0	In some high-risk populations, Patient discharged with outpatient monitoring and lifestyle recommendations. Nonetheless, adherence to prescribed therapy is crucial.
1	The healthcare community recognizes that Ongoing cerebral edema raised concerns among the critical care team. Nonetheless, adherence to prescribed therapy is crucial.
1	In some high-risk populations, Symptoms suggest acute decompensation with potential fatal outcome. When overlooked, consequences can escalate quickly.
1	Evidence increasingly supports that Blood pressure could not be maintained without pharmacologic support. Patient education plays a key role in improving prognoses.
0	Based on longitudinal patient data, Physical therapy was resumed after stabilization of lower limb mobility. Preventative measures could significantly improve outcomes.
0	Under specific circumstances, Patient discharged with outpatient monitoring and lifestyle recommendations. When overlooked, consequences can escalate quickly.
1	Medical literature indicates that Despite aggressive intervention, the patient's vital signs remained unstable. Nonetheless, adherence to prescribed therapy is crucial.
1	Based on longitudinal patient data, The surgical team expressed serious concern about intraoperative complications. Preventative measures could significantly improve outcomes.
1	According to recent medical studies, Though stabilized, the oxygen saturation continued dropping below safe thresholds. This underscores the importance of timely diagnosis.
1	Medical literature indicates that Escalation to mechanical ventilation was required due to deteriorating respiration. Early intervention remains the best course of action.
1	In some high-risk populations, Ongoing cerebral edema raised concerns among the critical care team. Mismanagement can result in avoidable complications.
0	Peer-reviewed research confirms that The patient's condition improved progressively with supportive measures. Nonetheless, public awareness campaigns remain limited.
0	In some high-risk populations, Neurologic examination returned to baseline after medication adjustment. Treatment protocols vary but outcomes are often favorable when addressed early.
0	Medical literature indicates that Physical therapy was resumed after stabilization of lower limb mobility. Patient education plays a key role in improving prognoses.
1	It has been observed in clinical practice that Progressive organ failure was noted despite therapeutic efforts. This underscores the importance of timely diagnosis.
0	The healthcare community recognizes that No signs of hemodynamic instability were observed during the night shift. Patient education plays a key role in improving prognoses.
0	Under specific circumstances, The wound healed properly without signs of necrosis or discharge. When overlooked, consequences can escalate quickly.
1	Evidence increasingly supports that Though stabilized, the oxygen saturation continued dropping below safe thresholds. This underscores the importance of timely diagnosis.
1	Evidence increasingly supports that Symptoms suggest acute decompensation with potential fatal outcome. Treatment protocols vary but outcomes are often favorable when addressed early.
0	According to recent medical studies, Mild tachycardia was considered secondary to dehydration. Nonetheless, adherence to prescribed therapy is crucial.
1	Peer-reviewed research confirms that Ongoing cerebral edema raised concerns among the critical care team. Early intervention remains the best course of action.
0	Peer-reviewed research confirms that Physical therapy was resumed after stabilization of lower limb mobility. Patient education plays a key role in improving prognoses.
0	Peer-reviewed research confirms that Slight fever persisted, but no signs of systemic infection were found. Nonetheless, adherence to prescribed therapy is crucial.
0	Medical literature indicates that Slight fever persisted, but no signs of systemic infection were found. When overlooked, consequences can escalate quickly.
0	The healthcare community recognizes that Slight fever persisted, but no signs of systemic infection were found. Nonetheless, adherence to prescribed therapy is crucial.
0	Medical literature indicates that No signs of hemodynamic instability were observed during the night shift. Preventative measures could significantly improve outcomes.
0	In some high-risk populations, Mild tachycardia was considered secondary to dehydration. When overlooked, consequences can escalate quickly.
1	It has been observed in clinical practice that Though stabilized, the oxygen saturation continued dropping below safe thresholds. When overlooked, consequences can escalate quickly.
1	Based on longitudinal patient data, Blood pressure could not be maintained without pharmacologic support. Early intervention remains the best course of action.
1	In some high-risk populations, Progressive organ failure was noted despite therapeutic efforts. Mismanagement can result in avoidable complications.
0	Evidence increasingly supports that Patient discharged with outpatient monitoring and lifestyle recommendations. Treatment protocols vary but outcomes are often favorable when addressed early.
0	According to recent medical studies, The patient's condition improved progressively with supportive measures. Mismanagement can result in avoidable complications.
0	Medical literature indicates that Neurologic examination returned to baseline after medication adjustment. This underscores the importance of timely diagnosis.
1	Evidence increasingly supports that The surgical team expressed serious concern about intraoperative complications. Preventative measures could significantly improve outcomes.
1	Based on longitudinal patient data, Blood pressure could not be maintained without pharmacologic support. When overlooked, consequences can escalate quickly.
0	Evidence increasingly supports that The wound healed properly without signs of necrosis or discharge. When overlooked, consequences can escalate quickly.
0	According to recent medical studies, Patient discharged with outpatient monitoring and lifestyle recommendations. Monitoring and follow-up are essential components of care.
0	In some high-risk populations, Slight fever persisted, but no signs of systemic infection were found. Nonetheless, public awareness campaigns remain limited.
1	Based on longitudinal patient data, Repeated cardiac arrhythmias have put the patient under intensive observation. Preventative measures could significantly improve outcomes.
0	It has been observed in clinical practice that Follow-up imaging showed no recurrence of the previous lesion. Nonetheless, adherence to prescribed therapy is crucial.
1	Experts suggest that Blood pressure could not be maintained without pharmacologic support. Early intervention remains the best course of action.
1	Medical literature indicates that Progressive organ failure was noted despite therapeutic efforts. Nonetheless, adherence to prescribed therapy is crucial.
1	The healthcare community recognizes that Symptoms suggest acute decompensation with potential fatal outcome. Nonetheless, public awareness campaigns remain limited.
1	In some high-risk populations, Blood pressure could not be maintained without pharmacologic support. Preventative measures could significantly improve outcomes.
1	It has been observed in clinical practice that Progressive organ failure was noted despite therapeutic efforts. Patient education plays a key role in improving prognoses.
1	In some high-risk populations, Escalation to mechanical ventilation was required due to deteriorating respiration. Mismanagement can result in avoidable complications.
1	Based on longitudinal patient data, Following complications, the prognosis was considered poor and closely monitored. Nonetheless, adherence to prescribed therapy is crucial.
0	The healthcare community recognizes that Neurologic examination returned to baseline after medication adjustment. Early intervention remains the best course of action.
0	Evidence increasingly supports that Patient discharged with outpatient monitoring and lifestyle recommendations. Nonetheless, public awareness campaigns remain limited.
0	Peer-reviewed research confirms that Mild tachycardia was considered secondary to dehydration. Early intervention remains the best course of action.
0	Based on longitudinal patient data, Physical therapy was resumed after stabilization of lower limb mobility. Monitoring and follow-up are essential components of care.
0	According to recent medical studies, The wound healed properly without signs of necrosis or discharge. Mismanagement can result in avoidable complications.
1	Medical literature indicates that Escalation to mechanical ventilation was required due to deteriorating respiration. Nonetheless, public awareness campaigns remain limited.
1	Peer-reviewed research confirms that Escalation to mechanical ventilation was required due to deteriorating respiration. Nonetheless, adherence to prescribed therapy is crucial.
1	Based on longitudinal patient data, Following complications, the prognosis was considered poor and closely monitored. Treatment protocols vary but outcomes are often favorable when addressed early.
0	According to recent medical studies, The wound healed properly without signs of necrosis or discharge. This underscores the importance of timely diagnosis.
1	The healthcare community recognizes that Symptoms suggest acute decompensation with potential fatal outcome. When overlooked, consequences can escalate quickly.
0	Peer-reviewed research confirms that Follow-up imaging showed no recurrence of the previous lesion. Patient education plays a key role in improving prognoses.
0	According to recent medical studies, Electrolyte balance was restored within 24 hours post-intervention. Nonetheless, public awareness campaigns remain limited.
1	It has been observed in clinical practice that Progressive organ failure was noted despite therapeutic efforts. Monitoring and follow-up are essential components of care.
0	Experts suggest that Physical therapy was resumed after stabilization of lower limb mobility. Mismanagement can result in avoidable complications.
1	According to recent medical studies, Blood pressure could not be maintained without pharmacologic support. Mismanagement can result in avoidable complications.
0	Based on longitudinal patient data, Electrolyte balance was restored within 24 hours post-intervention. Mismanagement can result in avoidable complications.
1	The healthcare community recognizes that Blood pressure could not be maintained without pharmacologic support. Early intervention remains the best course of action.
0	Evidence increasingly supports that The wound healed properly without signs of necrosis or discharge. Treatment protocols vary but outcomes are often favorable when addressed early.
1	Under specific circumstances, Repeated cardiac arrhythmias have put the patient under intensive observation. Nonetheless, adherence to prescribed therapy is crucial.
0	The healthcare community recognizes that The patient's condition improved progressively with supportive measures. Early intervention remains the best course of action.
0	Medical literature indicates that Mild tachycardia was considered secondary to dehydration. This underscores the importance of timely diagnosis.
0	In some high-risk populations, No signs of hemodynamic instability were observed during the night shift. This underscores the importance of timely diagnosis.
1	It has been observed in clinical practice that Symptoms suggest acute decompensation with potential fatal outcome. Preventative measures could significantly improve outcomes.
1	It has been observed in clinical practice that Ongoing cerebral edema raised concerns among the critical care team. Treatment protocols vary but outcomes are often favorable when addressed early.
0	The healthcare community recognizes that Patient discharged with outpatient monitoring and lifestyle recommendations. Early intervention remains the best course of action.
1	According to recent medical studies, Progressive organ failure was noted despite therapeutic efforts. Nonetheless, public awareness campaigns remain limited.
1	Peer-reviewed research confirms that Blood pressure could not be maintained without pharmacologic support. This underscores the importance of timely diagnosis.
0	Experts suggest that Physical therapy was resumed after stabilization of lower limb mobility. Patient education plays a key role in improving prognoses.
0	The healthcare community recognizes that No signs of hemodynamic instability were observed during the night shift. Monitoring and follow-up are essential components of care.
0	According to recent medical studies, The wound healed properly without signs of necrosis or discharge. Patient education plays a key role in improving prognoses.
1	Based on longitudinal patient data, Ongoing cerebral edema raised concerns among the critical care team. Patient education plays a key role in improving prognoses.
1	According to recent medical studies, Though stabilized, the oxygen saturation continued dropping below safe thresholds. Patient education plays a key role in improving prognoses.
0	It has been observed in clinical practice that Patient discharged with outpatient monitoring and lifestyle recommendations. This underscores the importance of timely diagnosis.
0	Under specific circumstances, Electrolyte balance was restored within 24 hours post-intervention. Preventative measures could significantly improve outcomes.
1	According to recent medical studies, Repeated cardiac arrhythmias have put the patient under intensive observation. Preventative measures could significantly improve outcomes.
0	It has been observed in clinical practice that Physical therapy was resumed after stabilization of lower limb mobility. Mismanagement can result in avoidable complications.
0	Under specific circumstances, The wound healed properly without signs of necrosis or discharge. Early intervention remains the best course of action.
1	Evidence increasingly supports that Blood pressure could not be maintained without pharmacologic support. Mismanagement can result in avoidable complications.
1	Evidence increasingly supports that Though stabilized, the oxygen saturation continued dropping below safe thresholds. Early intervention remains the best course of action.
1	It has been observed in clinical practice that Blood pressure could not be maintained without pharmacologic support. This underscores the importance of timely diagnosis.
1	Medical literature indicates that Symptoms suggest acute decompensation with potential fatal outcome. Treatment protocols vary but outcomes are often favorable when addressed early.
1	In some high-risk populations, The surgical team expressed serious concern about intraoperative complications. Early intervention remains the best course of action.
0	It has been observed in clinical practice that Neurologic examination returned to baseline after medication adjustment. Early intervention remains the best course of action.
0	According to recent medical studies, The patient's condition improved progressively with supportive measures. This underscores the importance of timely diagnosis.
0	Medical literature indicates that The wound healed properly without signs of necrosis or discharge. Nonetheless, public awareness campaigns remain limited.
0	Medical literature indicates that Follow-up imaging showed no recurrence of the previous lesion. Early intervention remains the best course of action.
0	Experts suggest that Mild tachycardia was considered secondary to dehydration. Treatment protocols vary but outcomes are often favorable when addressed early.
0	In some high-risk populations, Neurologic examination returned to baseline after medication adjustment. Early intervention remains the best course of action.
0	Based on longitudinal patient data, Neurologic examination returned to baseline after medication adjustment. Treatment protocols vary but outcomes are often favorable when addressed early.
0	The healthcare community recognizes that Follow-up imaging showed no recurrence of the previous lesion. This underscores the importance of timely diagnosis.
1	According to recent medical studies, Symptoms suggest acute decompensation with potential fatal outcome. Patient education plays a key role in improving prognoses.
0	Peer-reviewed research confirms that Mild tachycardia was considered secondary to dehydration. Mismanagement can result in avoidable complications.
0	Peer-reviewed research confirms that Electrolyte balance was restored within 24 hours post-intervention. Nonetheless, adherence to prescribed therapy is crucial.
0	Medical literature indicates that Mild tachycardia was considered secondary to dehydration. Patient education plays a key role in improving prognoses.
1	In some high-risk populations, Though stabilized, the oxygen saturation continued dropping below safe thresholds. Patient education plays a key role in improving prognoses.
0	Medical literature indicates that The wound healed properly without signs of necrosis or discharge. Monitoring and follow-up are essential components of care.
0	The healthcare community recognizes that The patient's condition improved progressively with supportive measures. Monitoring and follow-up are essential components of care.
0	Experts suggest that Neurologic examination returned to baseline after medication adjustment. Treatment protocols vary but outcomes are often favorable when addressed early.
1	Based on longitudinal patient data, Repeated cardiac arrhythmias have put the patient under intensive observation. Nonetheless, adherence to prescribed therapy is crucial.
0	Peer-reviewed research confirms that Neurologic examination returned to baseline after medication adjustment. Early intervention remains the best course of action.
1	It has been observed in clinical practice that Repeated cardiac arrhythmias have put the patient under intensive observation. When overlooked, consequences can escalate quickly.
1	In some high-risk populations, Following complications, the prognosis was considered poor and closely monitored. Patient education plays a key role in improving prognoses.
0	Under specific circumstances, Mild tachycardia was considered secondary to dehydration. Mismanagement can result in avoidable complications.
0	The healthcare community recognizes that Mild tachycardia was considered secondary to dehydration. Nonetheless, adherence to prescribed therapy is crucial.
0	The healthcare community recognizes that Physical therapy was resumed after stabilization of lower limb mobility. Mismanagement can result in avoidable complications.
1	Under specific circumstances, Blood pressure could not be maintained without pharmacologic support. Preventative measures could significantly improve outcomes.
1	According to recent medical studies, Ongoing cerebral edema raised concerns among the critical care team. Patient education plays a key role in improving prognoses.
1	Based on longitudinal patient data, Ongoing cerebral edema raised concerns among the critical care team. Early intervention remains the best course of action.
0	Evidence increasingly supports that Follow-up imaging showed no recurrence of the previous lesion. Mismanagement can result in avoidable complications.
0	The healthcare community recognizes that Mild tachycardia was considered secondary to dehydration. Mismanagement can result in avoidable complications.
0	Under specific circumstances, Neurologic examination returned to baseline after medication adjustment. Early intervention remains the best course of action.
0	In some high-risk populations, Physical therapy was resumed after stabilization of lower limb mobility. Monitoring and follow-up are essential components of care.
1	Based on longitudinal patient data, Despite aggressive intervention, the patient's vital signs remained unstable. Patient education plays a key role in improving prognoses.
0	Based on longitudinal patient data, Electrolyte balance was restored within 24 hours post-intervention. Early intervention remains the best course of action.
1	Under specific circumstances, Progressive organ failure was noted despite therapeutic efforts. Patient education plays a key role in improving prognoses.
1	In some high-risk populations, Repeated cardiac arrhythmias have put the patient under intensive observation. Mismanagement can result in avoidable complications.
1	Based on longitudinal patient data, Repeated cardiac arrhythmias have put the patient under intensive observation. Patient education plays a key role in improving prognoses.
1	Experts suggest that Following complications, the prognosis was considered poor and closely monitored. Nonetheless, public awareness campaigns remain limited.
0	It has been observed in clinical practice that Patient discharged with outpatient monitoring and lifestyle recommendations. Mismanagement can result in avoidable complications.
0	Medical literature indicates that Electrolyte balance was restored within 24 hours post-intervention. Preventative measures could significantly improve outcomes.
1	According to recent medical studies, Blood pressure could not be maintained without pharmacologic support. Treatment protocols vary but outcomes are often favorable when addressed early.
1	Under specific circumstances, Despite aggressive intervention, the patient's vital signs remained unstable. Mismanagement can result in avoidable complications.
1	Medical literature indicates that Following complications, the prognosis was considered poor and closely monitored. Nonetheless, adherence to prescribed therapy is crucial.
1	Based on longitudinal patient data, Repeated cardiac arrhythmias have put the patient under intensive observation. When overlooked, consequences can escalate quickly.
1	In some high-risk populations, Escalation to mechanical ventilation was required due to deteriorating respiration. This underscores the importance of timely diagnosis.
1	It has been observed in clinical practice that Repeated cardiac arrhythmias have put the patient under intensive observation. Nonetheless, adherence to prescribed therapy is crucial.
1	Peer-reviewed research confirms that Blood pressure could not be maintained without pharmacologic support. Monitoring and follow-up are essential components of care.
0	It has been observed in clinical practice that Physical therapy was resumed after stabilization of lower limb mobility. Preventative measures could significantly improve outcomes.
0	In some high-risk populations, No signs of hemodynamic instability were observed during the night shift. Nonetheless, public awareness campaigns remain limited.
1	Experts suggest that Ongoing cerebral edema raised concerns among the critical care team. Treatment protocols vary but outcomes are often favorable when addressed early.
0	According to recent medical studies, Follow-up imaging showed no recurrence of the previous lesion. Nonetheless, adherence to prescribed therapy is crucial.
0	Under specific circumstances, Neurologic examination returned to baseline after medication adjustment. Patient education plays a key role in improving prognoses.
1	Medical literature indicates that Despite aggressive intervention, the patient's vital signs remained unstable. Nonetheless, public awareness campaigns remain limited.
1	Medical literature indicates that The surgical team expressed serious concern about intraoperative complications. Patient education plays a key role in improving prognoses.
0	Based on longitudinal patient data, No signs of hemodynamic instability were observed during the night shift. Early intervention remains the best course of action.
0	Under specific circumstances, Follow-up imaging showed no recurrence of the previous lesion. Patient education plays a key role in improving prognoses.
0	Peer-reviewed research confirms that The wound healed properly without signs of necrosis or discharge. Preventative measures could significantly improve outcomes.
0	The healthcare community recognizes that The patient's condition improved progressively with supportive measures. Preventative measures could significantly improve outcomes.
0	Under specific circumstances, Physical therapy was resumed after stabilization of lower limb mobility. Preventative measures could significantly improve outcomes.
0	Medical literature indicates that Neurologic examination returned to baseline after medication adjustment. Patient education plays a key role in improving prognoses.
1	The healthcare community recognizes that Though stabilized, the oxygen saturation continued dropping below safe thresholds. Patient education plays a key role in improving prognoses.
0	Peer-reviewed research confirms that Mild tachycardia was considered secondary to dehydration. Preventative measures could significantly improve outcomes.
0	According to recent medical studies, Slight fever persisted, but no signs of systemic infection were found. Patient education plays a key role in improving prognoses.
0	Medical literature indicates that Physical therapy was resumed after stabilization of lower limb mobility. Nonetheless, public awareness campaigns remain limited.
1	Based on longitudinal patient data, Progressive organ failure was noted despite therapeutic efforts. Nonetheless, adherence to prescribed therapy is crucial.
0	Medical literature indicates that Follow-up imaging showed no recurrence of the previous lesion. Treatment protocols vary but outcomes are often favorable when addressed early.
1	Experts suggest that The surgical team expressed serious concern about intraoperative complications. Nonetheless, adherence to prescribed therapy is crucial.
0	Medical literature indicates that Neurologic examination returned to baseline after medication adjustment. Treatment protocols vary but outcomes are often favorable when addressed early.
0	Peer-reviewed research confirms that The patient's condition improved progressively with supportive measures. Patient education plays a key role in improving prognoses.
0	Medical literature indicates that Follow-up imaging showed no recurrence of the previous lesion. Patient education plays a key role in improving prognoses.
0	Under specific circumstances, Physical therapy was resumed after stabilization of lower limb mobility. Nonetheless, public awareness campaigns remain limited.
1	According to recent medical studies, Symptoms suggest acute decompensation with potential fatal outcome. Nonetheless, adherence to prescribed therapy is crucial.
0	Medical literature indicates that The wound healed properly without signs of necrosis or discharge. Preventative measures could significantly improve outcomes.
0	Under specific circumstances, Electrolyte balance was restored within 24 hours post-intervention. Nonetheless, adherence to prescribed therapy is crucial.
1	Based on longitudinal patient data, Symptoms suggest acute decompensation with potential fatal outcome. Nonetheless, adherence to prescribed therapy is crucial.
1	Peer-reviewed research confirms that Ongoing cerebral edema raised concerns among the critical care team. Monitoring and follow-up are essential components of care.
0	Experts suggest that No signs of hemodynamic instability were observed during the night shift. Patient education plays a key role in improving prognoses.
1	It has been observed in clinical practice that Symptoms suggest acute decompensation with potential fatal outcome. Treatment protocols vary but outcomes are often favorable when addressed early.
1	It has been observed in clinical practice that The surgical team expressed serious concern about intraoperative complications. When overlooked, consequences can escalate quickly.
1	Experts suggest that Symptoms suggest acute decompensation with potential fatal outcome. Monitoring and follow-up are essential components of care.
1	Peer-reviewed research confirms that Though stabilized, the oxygen saturation continued dropping below safe thresholds. This underscores the importance of timely diagnosis.
0	Under specific circumstances, Slight fever persisted, but no signs of systemic infection were found. Nonetheless, public awareness campaigns remain limited.
1	Based on longitudinal patient data, Progressive organ failure was noted despite therapeutic efforts. Early intervention remains the best course of action.
0	Evidence increasingly supports that Physical therapy was resumed after stabilization of lower limb mobility. Patient education plays a key role in improving prognoses.
0	It has been observed in clinical practice that The patient's condition improved progressively with supportive measures. Preventative measures could significantly improve outcomes.
1	According to recent medical studies, Escalation to mechanical ventilation was required due to deteriorating respiration. Mismanagement can result in avoidable complications.
1	Based on longitudinal patient data, Escalation to mechanical ventilation was required due to deteriorating respiration. This underscores the importance of timely diagnosis.
0	Evidence increasingly supports that Follow-up imaging showed no recurrence of the previous lesion. Patient education plays a key role in improving prognoses.
0	Under specific circumstances, Physical therapy was resumed after stabilization of lower limb mobility. Treatment protocols vary but outcomes are often favorable when addressed early.
0	Medical literature indicates that Patient discharged with outpatient monitoring and lifestyle recommendations. This underscores the importance of timely diagnosis.
0	Peer-reviewed research confirms that Mild tachycardia was considered secondary to dehydration. When overlooked, consequences can escalate quickly.
0	Under specific circumstances, Patient discharged with outpatient monitoring and lifestyle recommendations. Nonetheless, public awareness campaigns remain limited.
1	Under specific circumstances, The surgical team expressed serious concern about intraoperative complications. Treatment protocols vary but outcomes are often favorable when addressed early.
0	Medical literature indicates that Follow-up imaging showed no recurrence of the previous lesion. Preventative measures could significantly improve outcomes.
1	Medical literature indicates that Symptoms suggest acute decompensation with potential fatal outcome. Preventative measures could significantly improve outcomes.
1	Experts suggest that Blood pressure could not be maintained without pharmacologic support. Nonetheless, adherence to prescribed therapy is crucial.
0	It has been observed in clinical practice that Mild tachycardia was considered secondary to dehydration. Patient education plays a key role in improving prognoses.
1	Under specific circumstances, Symptoms suggest acute decompensation with potential fatal outcome. Patient education plays a key role in improving prognoses.
1	According to recent medical studies, Repeated cardiac arrhythmias have put the patient under intensive observation. Mismanagement can result in avoidable complications.
1	In some high-risk populations, The surgical team expressed serious concern about intraoperative complications. Monitoring and follow-up are essential components of care.
0	Evidence increasingly supports that The patient's condition improved progressively with supportive measures. Preventative measures could significantly improve outcomes.
0	Experts suggest that Mild tachycardia was considered secondary to dehydration. Early intervention remains the best course of action.
0	The healthcare community recognizes that No signs of hemodynamic instability were observed during the night shift. Mismanagement can result in avoidable complications.
1	Medical literature indicates that Despite aggressive intervention, the patient's vital signs remained unstable. Mismanagement can result in avoidable complications.
0	In some high-risk populations, Mild tachycardia was considered secondary to dehydration. Monitoring and follow-up are essential components of care.
1	Experts suggest that Escalation to mechanical ventilation was required due to deteriorating respiration. Monitoring and follow-up are essential components of care.
1	Experts suggest that Progressive organ failure was noted despite therapeutic efforts. Treatment protocols vary but outcomes are often favorable when addressed early.
1	Under specific circumstances, Blood pressure could not be maintained without pharmacologic support. Mismanagement can result in avoidable complications.
1	Medical literature indicates that Blood pressure could not be maintained without pharmacologic support. Monitoring and follow-up are essential components of care.
1	In some high-risk populations, Repeated cardiac arrhythmias have put the patient under intensive observation. Early intervention remains the best course of action.
0	Evidence increasingly supports that Slight fever persisted, but no signs of systemic infection were found. When overlooked, consequences can escalate quickly.
1	According to recent medical studies, Repeated cardiac arrhythmias have put the patient under intensive observation. This underscores the importance of timely diagnosis.
1	Experts suggest that Ongoing cerebral edema raised concerns among the critical care team. Monitoring and follow-up are essential components of care.
1	Under specific circumstances, Ongoing cerebral edema raised concerns among the critical care team. Patient education plays a key role in improving prognoses.
1	Based on longitudinal patient data, Escalation to mechanical ventilation was required due to deteriorating respiration. Preventative measures could significantly improve outcomes.
1	According to recent medical studies, Ongoing cerebral edema raised concerns among the critical care team. Nonetheless, adherence to prescribed therapy is crucial.
0	Experts suggest that No signs of hemodynamic instability were observed during the night shift. Treatment protocols vary but outcomes are often favorable when addressed early.
1	Based on longitudinal patient data, Symptoms suggest acute decompensation with potential fatal outcome. Monitoring and follow-up are essential components of care.
0	Peer-reviewed research confirms that Electrolyte balance was restored within 24 hours post-intervention. Nonetheless, public awareness campaigns remain limited.
0	According to recent medical studies, Neurologic examination returned to baseline after medication adjustment. Early intervention remains the best course of action.
1	Based on longitudinal patient data, The surgical team expressed serious concern about intraoperative complications. Monitoring and follow-up are essential components of care.
0	Evidence increasingly supports that Electrolyte balance was restored within 24 hours post-intervention. Nonetheless, public awareness campaigns remain limited.
0	In some high-risk populations, Follow-up imaging showed no recurrence of the previous lesion. Nonetheless, public awareness campaigns remain limited.
0	Based on longitudinal patient data, Neurologic examination returned to baseline after medication adjustment. Mismanagement can result in avoidable complications.
1	In some high-risk populations, Escalation to mechanical ventilation was required due to deteriorating respiration. Treatment protocols vary but outcomes are often favorable when addressed early.
1	It has been observed in clinical practice that Despite aggressive intervention, the patient's vital signs remained unstable. Early intervention remains the best course of action.
0	Peer-reviewed research confirms that Electrolyte balance was restored within 24 hours post-intervention. This underscores the importance of timely diagnosis.
1	Evidence increasingly supports that Though stabilized, the oxygen saturation continued dropping below safe thresholds. Mismanagement can result in avoidable complications.
1	Under specific circumstances, Following complications, the prognosis was considered poor and closely monitored. Treatment protocols vary but outcomes are often favorable when addressed early.
1	In some high-risk populations, Though stabilized, the oxygen saturation continued dropping below safe thresholds. Nonetheless, adherence to prescribed therapy is crucial.
0	Based on longitudinal patient data, Slight fever persisted, but no signs of systemic infection were found. When overlooked, consequences can escalate quickly.
0	The healthcare community recognizes that The wound healed properly without signs of necrosis or discharge. Preventative measures could significantly improve outcomes.
0	Peer-reviewed research confirms that Electrolyte balance was restored within 24 hours post-intervention. Treatment protocols vary but outcomes are often favorable when addressed early.
0	The healthcare community recognizes that Neurologic examination returned to baseline after medication adjustment. Mismanagement can result in avoidable complications.
0	According to recent medical studies, Physical therapy was resumed after stabilization of lower limb mobility. Patient education plays a key role in improving prognoses.
1	It has been observed in clinical practice that Escalation to mechanical ventilation was required due to deteriorating respiration. Early intervention remains the best course of action.
1	According to recent medical studies, Though stabilized, the oxygen saturation continued dropping below safe thresholds. When overlooked, consequences can escalate quickly.
1	Evidence increasingly supports that The surgical team expressed serious concern about intraoperative complications. Mismanagement can result in avoidable complications.
1	It has been observed in clinical practice that The surgical team expressed serious concern about intraoperative complications. Early intervention remains the best course of action.
0	According to recent medical studies, The wound healed properly without signs of necrosis or discharge. Nonetheless, adherence to prescribed therapy is crucial.
0	Based on longitudinal patient data, Electrolyte balance was restored within 24 hours post-intervention. Monitoring and follow-up are essential components of care.
1	Medical literature indicates that Symptoms suggest acute decompensation with potential fatal outcome. Monitoring and follow-up are essential components of care.
0	The healthcare community recognizes that Slight fever persisted, but no signs of systemic infection were found. Treatment protocols vary but outcomes are often favorable when addressed early.
0	In some high-risk populations, The wound healed properly without signs of necrosis or discharge. Monitoring and follow-up are essential components of care.
0	In some high-risk populations, Physical therapy was resumed after stabilization of lower limb mobility. Nonetheless, adherence to prescribed therapy is crucial.
0	Medical literature indicates that Slight fever persisted, but no signs of systemic infection were found. Patient education plays a key role in improving prognoses.
1	In some high-risk populations, Despite aggressive intervention, the patient's vital signs remained unstable. Nonetheless, public awareness campaigns remain limited.
0	The healthcare community recognizes that Electrolyte balance was restored within 24 hours post-intervention. Early intervention remains the best course of action.
1	In some high-risk populations, The surgical team expressed serious concern about intraoperative complications. Nonetheless, adherence to prescribed therapy is crucial.
0	Under specific circumstances, Physical therapy was resumed after stabilization of lower limb mobility. When overlooked, consequences can escalate quickly.
1	According to recent medical studies, Symptoms suggest acute decompensation with potential fatal outcome. Early intervention remains the best course of action.
1	According to recent medical studies, Symptoms suggest acute decompensation with potential fatal outcome. Preventative measures could significantly improve outcomes.
0	In some high-risk populations, The wound healed properly without signs of necrosis or discharge. Treatment protocols vary but outcomes are often favorable when addressed early.
0	It has been observed in clinical practice that Follow-up imaging showed no recurrence of the previous lesion. Preventative measures could significantly improve outcomes.
1	Medical literature indicates that The surgical team expressed serious concern about intraoperative complications. Treatment protocols vary but outcomes are often favorable when addressed early.
1	Based on longitudinal patient data, Following complications, the prognosis was considered poor and closely monitored. Patient education plays a key role in improving prognoses.
0	Based on longitudinal patient data, Electrolyte balance was restored within 24 hours post-intervention. Preventative measures could significantly improve outcomes.
0	The healthcare community recognizes that The wound healed properly without signs of necrosis or discharge. When overlooked, consequences can escalate quickly.
1	Experts suggest that Repeated cardiac arrhythmias have put the patient under intensive observation. Nonetheless, adherence to prescribed therapy is crucial.
1	It has been observed in clinical practice that Escalation to mechanical ventilation was required due to deteriorating respiration. Preventative measures could significantly improve outcomes.
1	It has been observed in clinical practice that Following complications, the prognosis was considered poor and closely monitored. Mismanagement can result in avoidable complications.
0	The healthcare community recognizes that Mild tachycardia was considered secondary to dehydration. Preventative measures could significantly improve outcomes.
1	The healthcare community recognizes that Repeated cardiac arrhythmias have put the patient under intensive observation. Treatment protocols vary but outcomes are often favorable when addressed early.
0	It has been observed in clinical practice that Mild tachycardia was considered secondary to dehydration. Monitoring and follow-up are essential components of care.
1	Under specific circumstances, Repeated cardiac arrhythmias have put the patient under intensive observation. Preventative measures could significantly improve outcomes.
1	It has been observed in clinical practice that Repeated cardiac arrhythmias have put the patient under intensive observation. Treatment protocols vary but outcomes are often favorable when addressed early.
0	It has been observed in clinical practice that Slight fever persisted, but no signs of systemic infection were found. Early intervention remains the best course of action.
0	It has been observed in clinical practice that No signs of hemodynamic instability were observed during the night shift. Mismanagement can result in avoidable complications.
0	It has been observed in clinical practice that Electrolyte balance was restored within 24 hours post-intervention. Patient education plays a key role in improving prognoses.
1	It has been observed in clinical practice that Progressive organ failure was noted despite therapeutic efforts. Early intervention remains the best course of action.
1	Peer-reviewed research confirms that Symptoms suggest acute decompensation with potential fatal outcome. Early intervention remains the best course of action.
0	Experts suggest that The wound healed properly without signs of necrosis or discharge. Monitoring and follow-up are essential components of care.
1	Under specific circumstances, Repeated cardiac arrhythmias have put the patient under intensive observation. Nonetheless, public awareness campaigns remain limited.
1	Under specific circumstances, Symptoms suggest acute decompensation with potential fatal outcome. When overlooked, consequences can escalate quickly.
1	Based on longitudinal patient data, Despite aggressive intervention, the patient's vital signs remained unstable. Mismanagement can result in avoidable complications.
0	It has been observed in clinical practice that No signs of hemodynamic instability were observed during the night shift. Early intervention remains the best course of action.
0	The healthcare community recognizes that Patient discharged with outpatient monitoring and lifestyle recommendations. This underscores the importance of timely diagnosis.
1	Peer-reviewed research confirms that Though stabilized, the oxygen saturation continued dropping below safe thresholds. Preventative measures could significantly improve outcomes.
1	According to recent medical studies, Escalation to mechanical ventilation was required due to deteriorating respiration. This underscores the importance of timely diagnosis.
1	Experts suggest that Progressive organ failure was noted despite therapeutic efforts. When overlooked, consequences can escalate quickly.
0	Based on longitudinal patient data, The patient's condition improved progressively with supportive measures. Early intervention remains the best course of action.
1	The healthcare community recognizes that The surgical team expressed serious concern about intraoperative complications. This underscores the importance of timely diagnosis.
1	Medical literature indicates that Though stabilized, the oxygen saturation continued dropping below safe thresholds. Monitoring and follow-up are essential components of care.
1	Based on longitudinal patient data, The surgical team expressed serious concern about intraoperative complications. Treatment protocols vary but outcomes are often favorable when addressed early.
0	Based on longitudinal patient data, No signs of hemodynamic instability were observed during the night shift. Monitoring and follow-up are essential components of care.
1	It has been observed in clinical practice that Progressive organ failure was noted despite therapeutic efforts. Mismanagement can result in avoidable complications.
1	Based on longitudinal patient data, Escalation to mechanical ventilation was required due to deteriorating respiration. Nonetheless, public awareness campaigns remain limited.
0	Evidence increasingly supports that Slight fever persisted, but no signs of systemic infection were found. Nonetheless, adherence to prescribed therapy is crucial.
0	It has been observed in clinical practice that Follow-up imaging showed no recurrence of the previous lesion. When overlooked, consequences can escalate quickly.
0	According to recent medical studies, Neurologic examination returned to baseline after medication adjustment. When overlooked, consequences can escalate quickly.
1	It has been observed in clinical practice that Following complications, the prognosis was considered poor and closely monitored. Monitoring and follow-up are essential components of care.
1	Medical literature indicates that Following complications, the prognosis was considered poor and closely monitored. Treatment protocols vary but outcomes are often favorable when addressed early.
1	It has been observed in clinical practice that Despite aggressive intervention, the patient's vital signs remained unstable. Mismanagement can result in avoidable complications.
1	Under specific circumstances, Repeated cardiac arrhythmias have put the patient under intensive observation. Early intervention remains the best course of action.
0	Based on longitudinal patient data, The wound healed properly without signs of necrosis or discharge. Early intervention remains the best course of action.
1	In some high-risk populations, Following complications, the prognosis was considered poor and closely monitored. Nonetheless, adherence to prescribed therapy is crucial.
1	In some high-risk populations, Repeated cardiac arrhythmias have put the patient under intensive observation. This underscores the importance of timely diagnosis.
1	Based on longitudinal patient data, Symptoms suggest acute decompensation with potential fatal outcome. This underscores the importance of timely diagnosis.
0	Evidence increasingly supports that Neurologic examination returned to baseline after medication adjustment. Nonetheless, public awareness campaigns remain limited.
1	Based on longitudinal patient data, Despite aggressive intervention, the patient's vital signs remained unstable. Early intervention remains the best course of action.
0	Based on longitudinal patient data, Patient discharged with outpatient monitoring and lifestyle recommendations. Early intervention remains the best course of action.
1	Under specific circumstances, Progressive organ failure was noted despite therapeutic efforts. Nonetheless, adherence to prescribed therapy is crucial.
1	Evidence increasingly supports that Symptoms suggest acute decompensation with potential fatal outcome. This underscores the importance of timely diagnosis.
0	In some high-risk populations, Patient discharged with outpatient monitoring and lifestyle recommendations. Treatment protocols vary but outcomes are often favorable when addressed early.
1	It has been observed in clinical practice that Though stabilized, the oxygen saturation continued dropping below safe thresholds. Early intervention remains the best course of action.
0	Experts suggest that The patient's condition improved progressively with supportive measures. Mismanagement can result in avoidable complications.
0	Peer-reviewed research confirms that Electrolyte balance was restored within 24 hours post-intervention. Patient education plays a key role in improving prognoses.
0	Medical literature indicates that Physical therapy was resumed after stabilization of lower limb mobility. Treatment protocols vary but outcomes are often favorable when addressed early.
1	Under specific circumstances, Repeated cardiac arrhythmias have put the patient under intensive observation. Patient education plays a key role in improving prognoses.
1	Experts suggest that The surgical team expressed serious concern about intraoperative complications. Treatment protocols vary but outcomes are often favorable when addressed early.
0	Based on longitudinal patient data, Follow-up imaging showed no recurrence of the previous lesion. Preventative measures could significantly improve outcomes.
0	Based on longitudinal patient data, Neurologic examination returned to baseline after medication adjustment. Nonetheless, public awareness campaigns remain limited.
1	Under specific circumstances, Ongoing cerebral edema raised concerns among the critical care team. Mismanagement can result in avoidable complications.
1	Under specific circumstances, The surgical team expressed serious concern about intraoperative complications. Early intervention remains the best course of action.
0	In some high-risk populations, Electrolyte balance was restored within 24 hours post-intervention. Monitoring and follow-up are essential components of care.
0	Evidence increasingly supports that Electrolyte balance was restored within 24 hours post-intervention. Monitoring and follow-up are essential components of care.
0	Based on longitudinal patient data, Slight fever persisted, but no signs of systemic infection were found. Monitoring and follow-up are essential components of care.
1	It has been observed in clinical practice that Following complications, the prognosis was considered poor and closely monitored. Nonetheless, adherence to prescribed therapy is crucial.
0	Medical literature indicates that No signs of hemodynamic instability were observed during the night shift. Nonetheless, adherence to prescribed therapy is crucial.
0	The healthcare community recognizes that Patient discharged with outpatient monitoring and lifestyle recommendations. Treatment protocols vary but outcomes are often favorable when addressed early.
1	In some high-risk populations, Symptoms suggest acute decompensation with potential fatal outcome. Treatment protocols vary but outcomes are often favorable when addressed early.
0	The healthcare community recognizes that Follow-up imaging showed no recurrence of the previous lesion. Monitoring and follow-up are essential components of care.
0	Based on longitudinal patient data, Follow-up imaging showed no recurrence of the previous lesion. Monitoring and follow-up are essential components of care.
0	Under specific circumstances, No signs of hemodynamic instability were observed during the night shift. Treatment protocols vary but outcomes are often favorable when addressed early.
1	In some high-risk populations, Repeated cardiac arrhythmias have put the patient under intensive observation. Monitoring and follow-up are essential components of care.
0	Medical literature indicates that Neurologic examination returned to baseline after medication adjustment. Mismanagement can result in avoidable complications.
0	It has been observed in clinical practice that Electrolyte balance was restored within 24 hours post-intervention. Mismanagement can result in avoidable complications.
1	Under specific circumstances, Ongoing cerebral edema raised concerns among the critical care team. Treatment protocols vary but outcomes are often favorable when addressed early.
0	In some high-risk populations, Mild tachycardia was considered secondary to dehydration. Treatment protocols vary but outcomes are often favorable when addressed early.
1	In some high-risk populations, Progressive organ failure was noted despite therapeutic efforts. Patient education plays a key role in improving prognoses.
1	It has been observed in clinical practice that Symptoms suggest acute decompensation with potential fatal outcome. This underscores the importance of timely diagnosis.
0	Medical literature indicates that The patient's condition improved progressively with supportive measures. Patient education plays a key role in improving prognoses.
1	Experts suggest that Escalation to mechanical ventilation was required due to deteriorating respiration. Early intervention remains the best course of action.
0	Based on longitudinal patient data, Mild tachycardia was considered secondary to dehydration. Nonetheless, public awareness campaigns remain limited.
0	Evidence increasingly supports that No signs of hemodynamic instability were observed during the night shift. Mismanagement can result in avoidable complications.
1	It has been observed in clinical practice that Though stabilized, the oxygen saturation continued dropping below safe thresholds. Mismanagement can result in avoidable complications.
0	Peer-reviewed research confirms that Electrolyte balance was restored within 24 hours post-intervention. Early intervention remains the best course of action.
1	Experts suggest that Progressive organ failure was noted despite therapeutic efforts. Nonetheless, public awareness campaigns remain limited.
1	Peer-reviewed research confirms that Progressive organ failure was noted despite therapeutic efforts. Nonetheless, adherence to prescribed therapy is crucial.
1	Evidence increasingly supports that Despite aggressive intervention, the patient's vital signs remained unstable. Preventative measures could significantly improve outcomes.
0	Medical literature indicates that Electrolyte balance was restored within 24 hours post-intervention. Treatment protocols vary but outcomes are often favorable when addressed early.
1	It has been observed in clinical practice that Escalation to mechanical ventilation was required due to deteriorating respiration. Monitoring and follow-up are essential components of care.
1	In some high-risk populations, Progressive organ failure was noted despite therapeutic efforts. Treatment protocols vary but outcomes are often favorable when addressed early.
1	Medical literature indicates that Repeated cardiac arrhythmias have put the patient under intensive observation. Mismanagement can result in avoidable complications.
0	It has been observed in clinical practice that Neurologic examination returned to baseline after medication adjustment. Patient education plays a key role in improving prognoses.
1	The healthcare community recognizes that Repeated cardiac arrhythmias have put the patient under intensive observation. Mismanagement can result in avoidable complications.
0	The healthcare community recognizes that The patient's condition improved progressively with supportive measures. Mismanagement can result in avoidable complications.
0	Based on longitudinal patient data, The patient's condition improved progressively with supportive measures. Patient education plays a key role in improving prognoses.
1	Experts suggest that The surgical team expressed serious concern about intraoperative complications. When overlooked, consequences can escalate quickly.
0	Peer-reviewed research confirms that No signs of hemodynamic instability were observed during the night shift. Early intervention remains the best course of action.
0	Medical literature indicates that Physical therapy was resumed after stabilization of lower limb mobility. Nonetheless, adherence to prescribed therapy is crucial.
0	According to recent medical studies, Patient discharged with outpatient monitoring and lifestyle recommendations. Nonetheless, adherence to prescribed therapy is crucial.
0	According to recent medical studies, Follow-up imaging showed no recurrence of the previous lesion. Patient education plays a key role in improving prognoses.
1	Experts suggest that Escalation to mechanical ventilation was required due to deteriorating respiration. Treatment protocols vary but outcomes are often favorable when addressed early.
0	It has been observed in clinical practice that Slight fever persisted, but no signs of systemic infection were found. Patient education plays a key role in improving prognoses.
1	Under specific circumstances, Blood pressure could not be maintained without pharmacologic support. This underscores the importance of timely diagnosis.
1	In some high-risk populations, Following complications, the prognosis was considered poor and closely monitored. Mismanagement can result in avoidable complications.
1	According to recent medical studies, The surgical team expressed serious concern about intraoperative complications. Nonetheless, adherence to prescribed therapy is crucial.
1	According to recent medical studies, Following complications, the prognosis was considered poor and closely monitored. This underscores the importance of timely diagnosis.
1	Medical literature indicates that Progressive organ failure was noted despite therapeutic efforts. Monitoring and follow-up are essential components of care.
0	The healthcare community recognizes that Slight fever persisted, but no signs of systemic infection were found. Monitoring and follow-up are essential components of care.
0	Medical literature indicates that No signs of hemodynamic instability were observed during the night shift. This underscores the importance of timely diagnosis.
1	According to recent medical studies, The surgical team expressed serious concern about intraoperative complications. This underscores the importance of timely diagnosis.
1	Peer-reviewed research confirms that Escalation to mechanical ventilation was required due to deteriorating respiration. Monitoring and follow-up are essential components of care.
0	It has been observed in clinical practice that No signs of hemodynamic instability were observed during the night shift. Nonetheless, public awareness campaigns remain limited.
1	Peer-reviewed research confirms that Though stabilized, the oxygen saturation continued dropping below safe thresholds. Mismanagement can result in avoidable complications.
0	Under specific circumstances, Physical therapy was resumed after stabilization of lower limb mobility. Nonetheless, adherence to prescribed therapy is crucial.
0	In some high-risk populations, Slight fever persisted, but no signs of systemic infection were found. This underscores the importance of timely diagnosis.
1	In some high-risk populations, Following complications, the prognosis was considered poor and closely monitored. When overlooked, consequences can escalate quickly.
0	Experts suggest that Physical therapy was resumed after stabilization of lower limb mobility. Nonetheless, adherence to prescribed therapy is crucial.
0	Under specific circumstances, Slight fever persisted, but no signs of systemic infection were found. Treatment protocols vary but outcomes are often favorable when addressed early.
0	The healthcare community recognizes that Slight fever persisted, but no signs of systemic infection were found. Preventative measures could significantly improve outcomes.
1	Medical literature indicates that Following complications, the prognosis was considered poor and closely monitored. Monitoring and follow-up are essential components of care.
0	Evidence increasingly supports that Mild tachycardia was considered secondary to dehydration. Early intervention remains the best course of action.
0	Based on longitudinal patient data, No signs of hemodynamic instability were observed during the night shift. Nonetheless, adherence to prescribed therapy is crucial.
1	The healthcare community recognizes that The surgical team expressed serious concern about intraoperative complications. Nonetheless, public awareness campaigns remain limited.
0	In some high-risk populations, No signs of hemodynamic instability were observed during the night shift. When overlooked, consequences can escalate quickly.
0	Peer-reviewed research confirms that The patient's condition improved progressively with supportive measures. Early intervention remains the best course of action.
0	Based on longitudinal patient data, The patient's condition improved progressively with supportive measures. Preventative measures could significantly improve outcomes.
0	Based on longitudinal patient data, Slight fever persisted, but no signs of systemic infection were found. This underscores the importance of timely diagnosis.
1	The healthcare community recognizes that Repeated cardiac arrhythmias have put the patient under intensive observation. Nonetheless, public awareness campaigns remain limited.
1	In some high-risk populations, Despite aggressive intervention, the patient's vital signs remained unstable. When overlooked, consequences can escalate quickly.
0	Peer-reviewed research confirms that Physical therapy was resumed after stabilization of lower limb mobility. Early intervention remains the best course of action.
1	Medical literature indicates that Blood pressure could not be maintained without pharmacologic support. Nonetheless, adherence to prescribed therapy is crucial.
1	Medical literature indicates that Ongoing cerebral edema raised concerns among the critical care team. Early intervention remains the best course of action.
0	Peer-reviewed research confirms that Patient discharged with outpatient monitoring and lifestyle recommendations. Monitoring and follow-up are essential components of care.
1	Medical literature indicates that Following complications, the prognosis was considered poor and closely monitored. This underscores the importance of timely diagnosis.
0	According to recent medical studies, The patient's condition improved progressively with supportive measures. Patient education plays a key role in improving prognoses.
1	It has been observed in clinical practice that Repeated cardiac arrhythmias have put the patient under intensive observation. Mismanagement can result in avoidable complications.
1	According to recent medical studies, Though stabilized, the oxygen saturation continued dropping below safe thresholds. Mismanagement can result in avoidable complications.
1	Peer-reviewed research confirms that Progressive organ failure was noted despite therapeutic efforts. This underscores the importance of timely diagnosis.
1	It has been observed in clinical practice that Progressive organ failure was noted despite therapeutic efforts. Preventative measures could significantly improve outcomes.
0	Evidence increasingly supports that The wound healed properly without signs of necrosis or discharge. Mismanagement can result in avoidable complications.
0	It has been observed in clinical practice that Neurologic examination returned to baseline after medication adjustment. When overlooked, consequences can escalate quickly.
0	The healthcare community recognizes that Mild tachycardia was considered secondary to dehydration. Monitoring and follow-up are essential components of care.
0	Experts suggest that The patient's condition improved progressively with supportive measures. Monitoring and follow-up are essential components of care.
0	Experts suggest that Mild tachycardia was considered secondary to dehydration. Monitoring and follow-up are essential components of care.
0	Under specific circumstances, The wound healed properly without signs of necrosis or discharge. Nonetheless, adherence to prescribed therapy is crucial.
0	Based on longitudinal patient data, Neurologic examination returned to baseline after medication adjustment. Early intervention remains the best course of action.
0	It has been observed in clinical practice that Physical therapy was resumed after stabilization of lower limb mobility. Early intervention remains the best course of action.
1	In some high-risk populations, Progressive organ failure was noted despite therapeutic efforts. Early intervention remains the best course of action.
0	The healthcare community recognizes that Neurologic examination returned to baseline after medication adjustment. This underscores the importance of timely diagnosis.
1	Experts suggest that Though stabilized, the oxygen saturation continued dropping below safe thresholds. Nonetheless, public awareness campaigns remain limited.
0	In some high-risk populations, Electrolyte balance was restored within 24 hours post-intervention. When overlooked, consequences can escalate quickly.
0	The healthcare community recognizes that Mild tachycardia was considered secondary to dehydration. Treatment protocols vary but outcomes are often favorable when addressed early.
1	According to recent medical studies, Progressive organ failure was noted despite therapeutic efforts. Early intervention remains the best course of action.
1	In some high-risk populations, Progressive organ failure was noted despite therapeutic efforts. Nonetheless, public awareness campaigns remain limited.
1	Evidence increasingly supports that Symptoms suggest acute decompensation with potential fatal outcome. When overlooked, consequences can escalate quickly.
0	The healthcare community recognizes that The wound healed properly without signs of necrosis or discharge. Patient education plays a key role in improving prognoses.
1	Experts suggest that Ongoing cerebral edema raised concerns among the critical care team. Patient education plays a key role in improving prognoses.
1	Experts suggest that Escalation to mechanical ventilation was required due to deteriorating respiration. When overlooked, consequences can escalate quickly.
0	It has been observed in clinical practice that No signs of hemodynamic instability were observed during the night shift. This underscores the importance of timely diagnosis.
0	Peer-reviewed research confirms that Follow-up imaging showed no recurrence of the previous lesion. Nonetheless, adherence to prescribed therapy is crucial.
1	Based on longitudinal patient data, Blood pressure could not be maintained without pharmacologic support. Preventative measures could significantly improve outcomes.
0	The healthcare community recognizes that Follow-up imaging showed no recurrence of the previous lesion. Nonetheless, adherence to prescribed therapy is crucial.
0	It has been observed in clinical practice that Electrolyte balance was restored within 24 hours post-intervention. Nonetheless, public awareness campaigns remain limited.
0	Under specific circumstances, No signs of hemodynamic instability were observed during the night shift. Nonetheless, adherence to prescribed therapy is crucial.
1	In some high-risk populations, Blood pressure could not be maintained without pharmacologic support. Nonetheless, public awareness campaigns remain limited.
0	Under specific circumstances, The wound healed properly without signs of necrosis or discharge. This underscores the importance of timely diagnosis.
1	Experts suggest that Symptoms suggest acute decompensation with potential fatal outcome. Nonetheless, public awareness campaigns remain limited.
0	Experts suggest that Slight fever persisted, but no signs of systemic infection were found. Patient education plays a key role in improving prognoses.
1	Under specific circumstances, Ongoing cerebral edema raised concerns among the critical care team. Preventative measures could significantly improve outcomes.
1	Medical literature indicates that Blood pressure could not be maintained without pharmacologic support. When overlooked, consequences can escalate quickly.
1	Based on longitudinal patient data, The surgical team expressed serious concern about intraoperative complications. When overlooked, consequences can escalate quickly.
1	Under specific circumstances, Symptoms suggest acute decompensation with potential fatal outcome. Monitoring and follow-up are essential components of care.
0	It has been observed in clinical practice that Electrolyte balance was restored within 24 hours post-intervention. Nonetheless, adherence to prescribed therapy is crucial.
0	Experts suggest that Mild tachycardia was considered secondary to dehydration. This underscores the importance of timely diagnosis.
0	In some high-risk populations, Follow-up imaging showed no recurrence of the previous lesion. Mismanagement can result in avoidable complications.
1	Peer-reviewed research confirms that Repeated cardiac arrhythmias have put the patient under intensive observation. Preventative measures could significantly improve outcomes.
0	Evidence increasingly supports that Physical therapy was resumed after stabilization of lower limb mobility. Treatment protocols vary but outcomes are often favorable when addressed early.
1	Medical literature indicates that Progressive organ failure was noted despite therapeutic efforts. Early intervention remains the best course of action.
0	Experts suggest that Slight fever persisted, but no signs of systemic infection were found. Treatment protocols vary but outcomes are often favorable when addressed early.
0	Based on longitudinal patient data, No signs of hemodynamic instability were observed during the night shift. Preventative measures could significantly improve outcomes.
0	Under specific circumstances, Mild tachycardia was considered secondary to dehydration. When overlooked, consequences can escalate quickly.
1	Peer-reviewed research confirms that Repeated cardiac arrhythmias have put the patient under intensive observation. Patient education plays a key role in improving prognoses.
1	Experts suggest that Blood pressure could not be maintained without pharmacologic support. Treatment protocols vary but outcomes are often favorable when addressed early.
1	According to recent medical studies, The surgical team expressed serious concern about intraoperative complications. Preventative measures could significantly improve outcomes.
0	Peer-reviewed research confirms that The patient's condition improved progressively with supportive measures. Treatment protocols vary but outcomes are often favorable when addressed early.
1	The healthcare community recognizes that Escalation to mechanical ventilation was required due to deteriorating respiration. Treatment protocols vary but outcomes are often favorable when addressed early.
1	Under specific circumstances, Blood pressure could not be maintained without pharmacologic support. Early intervention remains the best course of action.
1	According to recent medical studies, Following complications, the prognosis was considered poor and closely monitored. Mismanagement can result in avoidable complications.
0	Evidence increasingly supports that Slight fever persisted, but no signs of systemic infection were found. Treatment protocols vary but outcomes are often favorable when addressed early.
1	The healthcare community recognizes that Escalation to mechanical ventilation was required due to deteriorating respiration. Mismanagement can result in avoidable complications.
0	Evidence increasingly supports that The patient's condition improved progressively with supportive measures. Patient education plays a key role in improving prognoses.
0	It has been observed in clinical practice that Slight fever persisted, but no signs of systemic infection were found. When overlooked, consequences can escalate quickly.
1	Based on longitudinal patient data, Ongoing cerebral edema raised concerns among the critical care team. Nonetheless, adherence to prescribed therapy is crucial.
1	Evidence increasingly supports that Escalation to mechanical ventilation was required due to deteriorating respiration. When overlooked, consequences can escalate quickly.
1	Based on longitudinal patient data, The surgical team expressed serious concern about intraoperative complications. Patient education plays a key role in improving prognoses.
1	Medical literature indicates that Escalation to mechanical ventilation was required due to deteriorating respiration. Monitoring and follow-up are essential components of care.
0	Peer-reviewed research confirms that Physical therapy was resumed after stabilization of lower limb mobility. Monitoring and follow-up are essential components of care.
0	It has been observed in clinical practice that The wound healed properly without signs of necrosis or discharge. Patient education plays a key role in improving prognoses.
0	In some high-risk populations, The patient's condition improved progressively with supportive measures. This underscores the importance of timely diagnosis.
0	According to recent medical studies, Electrolyte balance was restored within 24 hours post-intervention. This underscores the importance of timely diagnosis.
1	Based on longitudinal patient data, Blood pressure could not be maintained without pharmacologic support. Nonetheless, public awareness campaigns remain limited.
1	Peer-reviewed research confirms that Blood pressure could not be maintained without pharmacologic support. When overlooked, consequences can escalate quickly.
1	Experts suggest that The surgical team expressed serious concern about intraoperative complications. Monitoring and follow-up are essential components of care.
0	Experts suggest that Physical therapy was resumed after stabilization of lower limb mobility. When overlooked, consequences can escalate quickly.
0	In some high-risk populations, Follow-up imaging showed no recurrence of the previous lesion. When overlooked, consequences can escalate quickly.
0	Evidence increasingly supports that Physical therapy was resumed after stabilization of lower limb mobility. Preventative measures could significantly improve outcomes.
1	Medical literature indicates that Progressive organ failure was noted despite therapeutic efforts. This underscores the importance of timely diagnosis.
1	Experts suggest that Repeated cardiac arrhythmias have put the patient under intensive observation. Treatment protocols vary but outcomes are often favorable when addressed early.
0	According to recent medical studies, Slight fever persisted, but no signs of systemic infection were found. Mismanagement can result in avoidable complications.
0	Based on longitudinal patient data, Mild tachycardia was considered secondary to dehydration. This underscores the importance of timely diagnosis.
0	Under specific circumstances, The patient's condition improved progressively with supportive measures. Nonetheless, public awareness campaigns remain limited.
0	According to recent medical studies, Mild tachycardia was considered secondary to dehydration. Preventative measures could significantly improve outcomes.
0	Medical literature indicates that Neurologic examination returned to baseline after medication adjustment. When overlooked, consequences can escalate quickly.
0	It has been observed in clinical practice that Patient discharged with outpatient monitoring and lifestyle recommendations. When overlooked, consequences can escalate quickly.
1	Medical literature indicates that Progressive organ failure was noted despite therapeutic efforts. Patient education plays a key role in improving prognoses.
1	Based on longitudinal patient data, Blood pressure could not be maintained without pharmacologic support. Patient education plays a key role in improving prognoses.
1	Evidence increasingly supports that Symptoms suggest acute decompensation with potential fatal outcome. Monitoring and follow-up are essential components of care.
0	Experts suggest that Physical therapy was resumed after stabilization of lower limb mobility. Early intervention remains the best course of action.
0	Medical literature indicates that The wound healed properly without signs of necrosis or discharge. Mismanagement can result in avoidable complications.
0	Under specific circumstances, Neurologic examination returned to baseline after medication adjustment. Monitoring and follow-up are essential components of care.
0	Under specific circumstances, Patient discharged with outpatient monitoring and lifestyle recommendations. Nonetheless, adherence to prescribed therapy is crucial.
1	It has been observed in clinical practice that Despite aggressive intervention, the patient's vital signs remained unstable. Monitoring and follow-up are essential components of care.
1	Under specific circumstances, Following complications, the prognosis was considered poor and closely monitored. Early intervention remains the best course of action.
1	Evidence increasingly supports that Progressive organ failure was noted despite therapeutic efforts. When overlooked, consequences can escalate quickly.
1	The healthcare community recognizes that Though stabilized, the oxygen saturation continued dropping below safe thresholds. Preventative measures could significantly improve outcomes.
0	Peer-reviewed research confirms that No signs of hemodynamic instability were observed during the night shift. This underscores the importance of timely diagnosis.
0	Medical literature indicates that The patient's condition improved progressively with supportive measures. When overlooked, consequences can escalate quickly.
1	Under specific circumstances, Escalation to mechanical ventilation was required due to deteriorating respiration. Mismanagement can result in avoidable complications.
1	Evidence increasingly supports that Escalation to mechanical ventilation was required due to deteriorating respiration. This underscores the importance of timely diagnosis.
1	Experts suggest that Despite aggressive intervention, the patient's vital signs remained unstable. Mismanagement can result in avoidable complications.
1	Peer-reviewed research confirms that Despite aggressive intervention, the patient's vital signs remained unstable. Treatment protocols vary but outcomes are often favorable when addressed early.
1	According to recent medical studies, Following complications, the prognosis was considered poor and closely monitored. Nonetheless, public awareness campaigns remain limited.
1	Based on longitudinal patient data, Though stabilized, the oxygen saturation continued dropping below safe thresholds. Monitoring and follow-up are essential components of care.
1	Based on longitudinal patient data, Symptoms suggest acute decompensation with potential fatal outcome. When overlooked, consequences can escalate quickly.
1	Evidence increasingly supports that Despite aggressive intervention, the patient's vital signs remained unstable. Nonetheless, adherence to prescribed therapy is crucial.
0	It has been observed in clinical practice that Neurologic examination returned to baseline after medication adjustment. Mismanagement can result in avoidable complications.
1	In some high-risk populations, Symptoms suggest acute decompensation with potential fatal outcome. Mismanagement can result in avoidable complications.
0	The healthcare community recognizes that No signs of hemodynamic instability were observed during the night shift. Treatment protocols vary but outcomes are often favorable when addressed early.
1	In some high-risk populations, Though stabilized, the oxygen saturation continued dropping below safe thresholds. Mismanagement can result in avoidable complications.
0	Experts suggest that Patient discharged with outpatient monitoring and lifestyle recommendations. This underscores the importance of timely diagnosis.
1	According to recent medical studies, Escalation to mechanical ventilation was required due to deteriorating respiration. Treatment protocols vary but outcomes are often favorable when addressed early.
0	Medical literature indicates that Slight fever persisted, but no signs of systemic infection were found. This underscores the importance of timely diagnosis.
0	Peer-reviewed research confirms that No signs of hemodynamic instability were observed during the night shift. Mismanagement can result in avoidable complications.
0	The healthcare community recognizes that Electrolyte balance was restored within 24 hours post-intervention. This underscores the importance of timely diagnosis.
1	Based on longitudinal patient data, Though stabilized, the oxygen saturation continued dropping below safe thresholds. Mismanagement can result in avoidable complications.
1	Medical literature indicates that Though stabilized, the oxygen saturation continued dropping below safe thresholds. Early intervention remains the best course of action.
1	Medical literature indicates that Following complications, the prognosis was considered poor and closely monitored. Nonetheless, public awareness campaigns remain limited.
0	According to recent medical studies, Physical therapy was resumed after stabilization of lower limb mobility. Early intervention remains the best course of action.
0	Experts suggest that Neurologic examination returned to baseline after medication adjustment. This underscores the importance of timely diagnosis.
0	The healthcare community recognizes that The patient's condition improved progressively with supportive measures. When overlooked, consequences can escalate quickly.
1	The healthcare community recognizes that Blood pressure could not be maintained without pharmacologic support. Monitoring and follow-up are essential components of care.
0	According to recent medical studies, Neurologic examination returned to baseline after medication adjustment. Mismanagement can result in avoidable complications.
0	It has been observed in clinical practice that The wound healed properly without signs of necrosis or discharge. Early intervention remains the best course of action.
1	Peer-reviewed research confirms that Escalation to mechanical ventilation was required due to deteriorating respiration. When overlooked, consequences can escalate quickly.
1	Experts suggest that Escalation to mechanical ventilation was required due to deteriorating respiration. Patient education plays a key role in improving prognoses.
1	The healthcare community recognizes that Blood pressure could not be maintained without pharmacologic support. Mismanagement can result in avoidable complications.
0	In some high-risk populations, No signs of hemodynamic instability were observed during the night shift. Nonetheless, adherence to prescribed therapy is crucial.
0	It has been observed in clinical practice that Electrolyte balance was restored within 24 hours post-intervention. Preventative measures could significantly improve outcomes.
0	Experts suggest that Electrolyte balance was restored within 24 hours post-intervention. When overlooked, consequences can escalate quickly.
0	Under specific circumstances, The wound healed properly without signs of necrosis or discharge. Mismanagement can result in avoidable complications.
1	Experts suggest that Symptoms suggest acute decompensation with potential fatal outcome. Preventative measures could significantly improve outcomes.
1	The healthcare community recognizes that Escalation to mechanical ventilation was required due to deteriorating respiration. This underscores the importance of timely diagnosis.
0	Experts suggest that Electrolyte balance was restored within 24 hours post-intervention. This underscores the importance of timely diagnosis.
1	Experts suggest that Though stabilized, the oxygen saturation continued dropping below safe thresholds. This underscores the importance of timely diagnosis.
1	Evidence increasingly supports that The surgical team expressed serious concern about intraoperative complications. Treatment protocols vary but outcomes are often favorable when addressed early.
1	Based on longitudinal patient data, The surgical team expressed serious concern about intraoperative complications. Nonetheless, public awareness campaigns remain limited.
0	The healthcare community recognizes that Follow-up imaging showed no recurrence of the previous lesion. Nonetheless, public awareness campaigns remain limited.
1	Based on longitudinal patient data, Progressive organ failure was noted despite therapeutic efforts. Preventative measures could significantly improve outcomes.
0	In some high-risk populations, The patient's condition improved progressively with supportive measures. Early intervention remains the best course of action.
1	It has been observed in clinical practice that Though stabilized, the oxygen saturation continued dropping below safe thresholds. Patient education plays a key role in improving prognoses.
0	In some high-risk populations, Patient discharged with outpatient monitoring and lifestyle recommendations. This underscores the importance of timely diagnosis.
0	In some high-risk populations, Neurologic examination returned to baseline after medication adjustment. When overlooked, consequences can escalate quickly.
0	Experts suggest that Follow-up imaging showed no recurrence of the previous lesion. Nonetheless, public awareness campaigns remain limited.
0	It has been observed in clinical practice that Patient discharged with outpatient monitoring and lifestyle recommendations. Patient education plays a key role in improving prognoses.
1	Experts suggest that Though stabilized, the oxygen saturation continued dropping below safe thresholds. When overlooked, consequences can escalate quickly.
0	Peer-reviewed research confirms that No signs of hemodynamic instability were observed during the night shift. Monitoring and follow-up are essential components of care.
1	Evidence increasingly supports that Escalation to mechanical ventilation was required due to deteriorating respiration. Patient education plays a key role in improving prognoses.
1	According to recent medical studies, Escalation to mechanical ventilation was required due to deteriorating respiration. Nonetheless, public awareness campaigns remain limited.
0	It has been observed in clinical practice that The wound healed properly without signs of necrosis or discharge. Monitoring and follow-up are essential components of care.
1	In some high-risk populations, Ongoing cerebral edema raised concerns among the critical care team. Preventative measures could significantly improve outcomes.
0	The healthcare community recognizes that Electrolyte balance was restored within 24 hours post-intervention. Mismanagement can result in avoidable complications.
0	The healthcare community recognizes that The wound healed properly without signs of necrosis or discharge. Early intervention remains the best course of action.
1	In some high-risk populations, Repeated cardiac arrhythmias have put the patient under intensive observation. Treatment protocols vary but outcomes are often favorable when addressed early.
0	Under specific circumstances, Slight fever persisted, but no signs of systemic infection were found. Mismanagement can result in avoidable complications.
0	Experts suggest that Slight fever persisted, but no signs of systemic infection were found. Mismanagement can result in avoidable complications.
0	It has been observed in clinical practice that Physical therapy was resumed after stabilization of lower limb mobility. Monitoring and follow-up are essential components of care.
1	Experts suggest that Repeated cardiac arrhythmias have put the patient under intensive observation. Monitoring and follow-up are essential components of care.
0	According to recent medical studies, Follow-up imaging showed no recurrence of the previous lesion. Monitoring and follow-up are essential components of care.
1	In some high-risk populations, Ongoing cerebral edema raised concerns among the critical care team. Patient education plays a key role in improving prognoses.
1	Based on longitudinal patient data, Progressive organ failure was noted despite therapeutic efforts. This underscores the importance of timely diagnosis.
0	Medical literature indicates that Physical therapy was resumed after stabilization of lower limb mobility. Preventative measures could significantly improve outcomes.
0	Under specific circumstances, The patient's condition improved progressively with supportive measures. Nonetheless, adherence to prescribed therapy is crucial.
1	Under specific circumstances, Escalation to mechanical ventilation was required due to deteriorating respiration. Nonetheless, public awareness campaigns remain limited.
1	According to recent medical studies, Following complications, the prognosis was considered poor and closely monitored. When overlooked, consequences can escalate quickly.
0	It has been observed in clinical practice that Neurologic examination returned to baseline after medication adjustment. Monitoring and follow-up are essential components of care.
1	According to recent medical studies, Though stabilized, the oxygen saturation continued dropping below safe thresholds. Preventative measures could significantly improve outcomes.
1	Under specific circumstances, Blood pressure could not be maintained without pharmacologic support. Treatment protocols vary but outcomes are often favorable when addressed early.
1	It has been observed in clinical practice that Ongoing cerebral edema raised concerns among the critical care team. Preventative measures could significantly improve outcomes.
1	In some high-risk populations, Despite aggressive intervention, the patient's vital signs remained unstable. This underscores the importance of timely diagnosis.
0	In some high-risk populations, The patient's condition improved progressively with supportive measures. Nonetheless, adherence to prescribed therapy is crucial.
0	Based on longitudinal patient data, The patient's condition improved progressively with supportive measures. Monitoring and follow-up are essential components of care.
1	The healthcare community recognizes that Ongoing cerebral edema raised concerns among the critical care team. Patient education plays a key role in improving prognoses.
0	Under specific circumstances, Patient discharged with outpatient monitoring and lifestyle recommendations. This underscores the importance of timely diagnosis.
1	Medical literature indicates that Repeated cardiac arrhythmias have put the patient under intensive observation. Nonetheless, adherence to prescribed therapy is crucial.
1	It has been observed in clinical practice that Escalation to mechanical ventilation was required due to deteriorating respiration. This underscores the importance of timely diagnosis.
1	Evidence increasingly supports that Despite aggressive intervention, the patient's vital signs remained unstable. Treatment protocols vary but outcomes are often favorable when addressed early.
1	Medical literature indicates that The surgical team expressed serious concern about intraoperative complications. Early intervention remains the best course of action.
0	Under specific circumstances, Follow-up imaging showed no recurrence of the previous lesion. Mismanagement can result in avoidable complications.
0	According to recent medical studies, Follow-up imaging showed no recurrence of the previous lesion. Nonetheless, public awareness campaigns remain limited.
0	Medical literature indicates that The wound healed properly without signs of necrosis or discharge. Patient education plays a key role in improving prognoses.
1	Based on longitudinal patient data, Symptoms suggest acute decompensation with potential fatal outcome. Preventative measures could significantly improve outcomes.
0	It has been observed in clinical practice that Physical therapy was resumed after stabilization of lower limb mobility. When overlooked, consequences can escalate quickly.
1	The healthcare community recognizes that The surgical team expressed serious concern about intraoperative complications. Mismanagement can result in avoidable complications.
0	It has been observed in clinical practice that The patient's condition improved progressively with supportive measures. Patient education plays a key role in improving prognoses.
1	Under specific circumstances, Following complications, the prognosis was considered poor and closely monitored. Preventative measures could significantly improve outcomes.
1	In some high-risk populations, Following complications, the prognosis was considered poor and closely monitored. Nonetheless, public awareness campaigns remain limited.
1	The healthcare community recognizes that Progressive organ failure was noted despite therapeutic efforts. Nonetheless, public awareness campaigns remain limited.
0	Medical literature indicates that Mild tachycardia was considered secondary to dehydration. Monitoring and follow-up are essential components of care.
0	Peer-reviewed research confirms that No signs of hemodynamic instability were observed during the night shift. Nonetheless, public awareness campaigns remain limited.
1	Experts suggest that Following complications, the prognosis was considered poor and closely monitored. This underscores the importance of timely diagnosis.
0	It has been observed in clinical practice that Patient discharged with outpatient monitoring and lifestyle recommendations. Preventative measures could significantly improve outcomes.
1	Peer-reviewed research confirms that The surgical team expressed serious concern about intraoperative complications. Nonetheless, public awareness campaigns remain limited.
0	Under specific circumstances, Electrolyte balance was restored within 24 hours post-intervention. Nonetheless, public awareness campaigns remain limited.
0	It has been observed in clinical practice that No signs of hemodynamic instability were observed during the night shift. Nonetheless, adherence to prescribed therapy is crucial.
0	Medical literature indicates that Physical therapy was resumed after stabilization of lower limb mobility. When overlooked, consequences can escalate quickly.
1	The healthcare community recognizes that Despite aggressive intervention, the patient's vital signs remained unstable. When overlooked, consequences can escalate quickly.
1	It has been observed in clinical practice that Repeated cardiac arrhythmias have put the patient under intensive observation. Patient education plays a key role in improving prognoses.
0	In some high-risk populations, Mild tachycardia was considered secondary to dehydration. This underscores the importance of timely diagnosis.
0	It has been observed in clinical practice that No signs of hemodynamic instability were observed during the night shift. Preventative measures could significantly improve outcomes.
0	Evidence increasingly supports that Slight fever persisted, but no signs of systemic infection were found. Nonetheless, public awareness campaigns remain limited.
0	It has been observed in clinical practice that Patient discharged with outpatient monitoring and lifestyle recommendations. Monitoring and follow-up are essential components of care.
1	The healthcare community recognizes that Despite aggressive intervention, the patient's vital signs remained unstable. Treatment protocols vary but outcomes are often favorable when addressed early.
0	Peer-reviewed research confirms that Patient discharged with outpatient monitoring and lifestyle recommendations. Treatment protocols vary but outcomes are often favorable when addressed early.
0	The healthcare community recognizes that Follow-up imaging showed no recurrence of the previous lesion. Preventative measures could significantly improve outcomes.
0	It has been observed in clinical practice that The patient's condition improved progressively with supportive measures. Mismanagement can result in avoidable complications.
0	According to recent medical studies, Electrolyte balance was restored within 24 hours post-intervention. Preventative measures could significantly improve outcomes.
0	It has been observed in clinical practice that The wound healed properly without signs of necrosis or discharge. This underscores the importance of timely diagnosis.
1	Experts suggest that Symptoms suggest acute decompensation with potential fatal outcome. This underscores the importance of timely diagnosis.
0	In some high-risk populations, No signs of hemodynamic instability were observed during the night shift. Patient education plays a key role in improving prognoses.
1	According to recent medical studies, Ongoing cerebral edema raised concerns among the critical care team. Monitoring and follow-up are essential components of care.
1	It has been observed in clinical practice that Following complications, the prognosis was considered poor and closely monitored. Preventative measures could significantly improve outcomes.
0	Under specific circumstances, Mild tachycardia was considered secondary to dehydration. This underscores the importance of timely diagnosis.
0	The healthcare community recognizes that The wound healed properly without signs of necrosis or discharge. Mismanagement can result in avoidable complications.
1	Peer-reviewed research confirms that Progressive organ failure was noted despite therapeutic efforts. When overlooked, consequences can escalate quickly.
0	Experts suggest that The wound healed properly without signs of necrosis or discharge. Preventative measures could significantly improve outcomes.
0	Evidence increasingly supports that Patient discharged with outpatient monitoring and lifestyle recommendations. When overlooked, consequences can escalate quickly.
0	Based on longitudinal patient data, Electrolyte balance was restored within 24 hours post-intervention. Nonetheless, adherence to prescribed therapy is crucial.
0	Medical literature indicates that Follow-up imaging showed no recurrence of the previous lesion. When overlooked, consequences can escalate quickly.
1	Peer-reviewed research confirms that Escalation to mechanical ventilation was required due to deteriorating respiration. Mismanagement can result in avoidable complications.
1	Based on longitudinal patient data, Following complications, the prognosis was considered poor and closely monitored. Monitoring and follow-up are essential components of care.
1	In some high-risk populations, Ongoing cerebral edema raised concerns among the critical care team. Treatment protocols vary but outcomes are often favorable when addressed early.
1	Peer-reviewed research confirms that Despite aggressive intervention, the patient's vital signs remained unstable. Early intervention remains the best course of action.
1	According to recent medical studies, The surgical team expressed serious concern about intraoperative complications. Treatment protocols vary but outcomes are often favorable when addressed early.
0	Peer-reviewed research confirms that The wound healed properly without signs of necrosis or discharge. Monitoring and follow-up are essential components of care.
1	Medical literature indicates that Symptoms suggest acute decompensation with potential fatal outcome. This underscores the importance of timely diagnosis.
1	According to recent medical studies, Symptoms suggest acute decompensation with potential fatal outcome. Nonetheless, public awareness campaigns remain limited.
0	Experts suggest that Electrolyte balance was restored within 24 hours post-intervention. Nonetheless, public awareness campaigns remain limited.
1	Peer-reviewed research confirms that Progressive organ failure was noted despite therapeutic efforts. Early intervention remains the best course of action.
0	Evidence increasingly supports that No signs of hemodynamic instability were observed during the night shift. Treatment protocols vary but outcomes are often favorable when addressed early.
0	Based on longitudinal patient data, Patient discharged with outpatient monitoring and lifestyle recommendations. Monitoring and follow-up are essential components of care.
0	Experts suggest that Physical therapy was resumed after stabilization of lower limb mobility. Treatment protocols vary but outcomes are often favorable when addressed early.
1	Medical literature indicates that The surgical team expressed serious concern about intraoperative complications. Nonetheless, adherence to prescribed therapy is crucial.
0	Under specific circumstances, Neurologic examination returned to baseline after medication adjustment. Mismanagement can result in avoidable complications.
0	Based on longitudinal patient data, Neurologic examination returned to baseline after medication adjustment. This underscores the importance of timely diagnosis.
1	According to recent medical studies, Progressive organ failure was noted despite therapeutic efforts. Treatment protocols vary but outcomes are often favorable when addressed early.
1	Evidence increasingly supports that Though stabilized, the oxygen saturation continued dropping below safe thresholds. Patient education plays a key role in improving prognoses.
1	Evidence increasingly supports that Blood pressure could not be maintained without pharmacologic support. Treatment protocols vary but outcomes are often favorable when addressed early.
0	Under specific circumstances, The patient's condition improved progressively with supportive measures. Patient education plays a key role in improving prognoses.
1	Experts suggest that Escalation to mechanical ventilation was required due to deteriorating respiration. Nonetheless, adherence to prescribed therapy is crucial.
0	It has been observed in clinical practice that Mild tachycardia was considered secondary to dehydration. Mismanagement can result in avoidable complications.
1	It has been observed in clinical practice that Ongoing cerebral edema raised concerns among the critical care team. Patient education plays a key role in improving prognoses.
1	Medical literature indicates that Repeated cardiac arrhythmias have put the patient under intensive observation. This underscores the importance of timely diagnosis.
1	In some high-risk populations, Though stabilized, the oxygen saturation continued dropping below safe thresholds. Monitoring and follow-up are essential components of care.
0	Peer-reviewed research confirms that Slight fever persisted, but no signs of systemic infection were found. Nonetheless, public awareness campaigns remain limited.
0	Evidence increasingly supports that Patient discharged with outpatient monitoring and lifestyle recommendations. Preventative measures could significantly improve outcomes.
0	Experts suggest that The patient's condition improved progressively with supportive measures. Early intervention remains the best course of action.
1	The healthcare community recognizes that Despite aggressive intervention, the patient's vital signs remained unstable. Mismanagement can result in avoidable complications.
1	It has been observed in clinical practice that Progressive organ failure was noted despite therapeutic efforts. Treatment protocols vary but outcomes are often favorable when addressed early.
0	It has been observed in clinical practice that The wound healed properly without signs of necrosis or discharge. Preventative measures could significantly improve outcomes.
1	Experts suggest that The surgical team expressed serious concern about intraoperative complications. Early intervention remains the best course of action.
0	Experts suggest that No signs of hemodynamic instability were observed during the night shift. This underscores the importance of timely diagnosis.
0	Based on longitudinal patient data, Patient discharged with outpatient monitoring and lifestyle recommendations. Nonetheless, adherence to prescribed therapy is crucial.
1	It has been observed in clinical practice that Despite aggressive intervention, the patient's vital signs remained unstable. When overlooked, consequences can escalate quickly.
1	The healthcare community recognizes that Following complications, the prognosis was considered poor and closely monitored. This underscores the importance of timely diagnosis.
1	Medical literature indicates that Though stabilized, the oxygen saturation continued dropping below safe thresholds. Patient education plays a key role in improving prognoses.
0	Peer-reviewed research confirms that The patient's condition improved progressively with supportive measures. This underscores the importance of timely diagnosis.
0	Experts suggest that The wound healed properly without signs of necrosis or discharge. Patient education plays a key role in improving prognoses.
1	Experts suggest that Following complications, the prognosis was considered poor and closely monitored. Patient education plays a key role in improving prognoses.
0	Peer-reviewed research confirms that Electrolyte balance was restored within 24 hours post-intervention. When overlooked, consequences can escalate quickly.
0	Peer-reviewed research confirms that Physical therapy was resumed after stabilization of lower limb mobility. Nonetheless, adherence to prescribed therapy is crucial.
0	Medical literature indicates that Electrolyte balance was restored within 24 hours post-intervention. This underscores the importance of timely diagnosis.
0	In some high-risk populations, No signs of hemodynamic instability were observed during the night shift. Preventative measures could significantly improve outcomes.
1	Experts suggest that Symptoms suggest acute decompensation with potential fatal outcome. Nonetheless, adherence to prescribed therapy is crucial.
1	Peer-reviewed research confirms that The surgical team expressed serious concern about intraoperative complications. Preventative measures could significantly improve outcomes.
1	It has been observed in clinical practice that The surgical team expressed serious concern about intraoperative complications. Preventative measures could significantly improve outcomes.
1	Under specific circumstances, Ongoing cerebral edema raised concerns among the critical care team. Nonetheless, adherence to prescribed therapy is crucial.
1	The healthcare community recognizes that Progressive organ failure was noted despite therapeutic efforts. Patient education plays a key role in improving prognoses.
1	It has been observed in clinical practice that Ongoing cerebral edema raised concerns among the critical care team. This underscores the importance of timely diagnosis.
1	It has been observed in clinical practice that The surgical team expressed serious concern about intraoperative complications. Nonetheless, public awareness campaigns remain limited.
0	Under specific circumstances, No signs of hemodynamic instability were observed during the night shift. Early intervention remains the best course of action.
1	According to recent medical studies, Ongoing cerebral edema raised concerns among the critical care team. Nonetheless, public awareness campaigns remain limited.
0	Evidence increasingly supports that The wound healed properly without signs of necrosis or discharge. This underscores the importance of timely diagnosis.
0	According to recent medical studies, Neurologic examination returned to baseline after medication adjustment. Treatment protocols vary but outcomes are often favorable when addressed early.
1	In some high-risk populations, Following complications, the prognosis was considered poor and closely monitored. Treatment protocols vary but outcomes are often favorable when addressed early.
1	In some high-risk populations, Progressive organ failure was noted despite therapeutic efforts. When overlooked, consequences can escalate quickly.
1	Peer-reviewed research confirms that Repeated cardiac arrhythmias have put the patient under intensive observation. Monitoring and follow-up are essential components of care.
1	Medical literature indicates that Ongoing cerebral edema raised concerns among the critical care team. Patient education plays a key role in improving prognoses.
1	Evidence increasingly supports that Repeated cardiac arrhythmias have put the patient under intensive observation. Nonetheless, adherence to prescribed therapy is crucial.
0	Experts suggest that Neurologic examination returned to baseline after medication adjustment. Patient education plays a key role in improving prognoses.
1	In some high-risk populations, Blood pressure could not be maintained without pharmacologic support. Monitoring and follow-up are essential components of care.
1	Peer-reviewed research confirms that Despite aggressive intervention, the patient's vital signs remained unstable. When overlooked, consequences can escalate quickly.
0	Peer-reviewed research confirms that No signs of hemodynamic instability were observed during the night shift. Patient education plays a key role in improving prognoses.
0	Evidence increasingly supports that Physical therapy was resumed after stabilization of lower limb mobility. Nonetheless, public awareness campaigns remain limited.
0	Medical literature indicates that Mild tachycardia was considered secondary to dehydration. Mismanagement can result in avoidable complications.
1	Medical literature indicates that The surgical team expressed serious concern about intraoperative complications. This underscores the importance of timely diagnosis.
1	Experts suggest that Progressive organ failure was noted despite therapeutic efforts. Preventative measures could significantly improve outcomes.
0	Medical literature indicates that No signs of hemodynamic instability were observed during the night shift. Nonetheless, public awareness campaigns remain limited.
1	Based on longitudinal patient data, Though stabilized, the oxygen saturation continued dropping below safe thresholds. This underscores the importance of timely diagnosis.
0	According to recent medical studies, Neurologic examination returned to baseline after medication adjustment. Monitoring and follow-up are essential components of care.
1	It has been observed in clinical practice that Symptoms suggest acute decompensation with potential fatal outcome. Early intervention remains the best course of action.
1	It has been observed in clinical practice that Despite aggressive intervention, the patient's vital signs remained unstable. Patient education plays a key role in improving prognoses.
0	Based on longitudinal patient data, Patient discharged with outpatient monitoring and lifestyle recommendations. Mismanagement can result in avoidable complications.
1	It has been observed in clinical practice that Repeated cardiac arrhythmias have put the patient under intensive observation. Early intervention remains the best course of action.
0	According to recent medical studies, Follow-up imaging showed no recurrence of the previous lesion. When overlooked, consequences can escalate quickly.
0	In some high-risk populations, The patient's condition improved progressively with supportive measures. Preventative measures could significantly improve outcomes.
1	Peer-reviewed research confirms that Ongoing cerebral edema raised concerns among the critical care team. This underscores the importance of timely diagnosis.
1	Peer-reviewed research confirms that Though stabilized, the oxygen saturation continued dropping below safe thresholds. Nonetheless, adherence to prescribed therapy is crucial.
1	Under specific circumstances, Despite aggressive intervention, the patient's vital signs remained unstable. Preventative measures could significantly improve outcomes.
0	Medical literature indicates that Neurologic examination returned to baseline after medication adjustment. Nonetheless, public awareness campaigns remain limited.
1	Under specific circumstances, Symptoms suggest acute decompensation with potential fatal outcome. Nonetheless, adherence to prescribed therapy is crucial.
1	Experts suggest that Despite aggressive intervention, the patient's vital signs remained unstable. Treatment protocols vary but outcomes are often favorable when addressed early.
0	Medical literature indicates that The patient's condition improved progressively with supportive measures. Nonetheless, adherence to prescribed therapy is crucial.
0	In some high-risk populations, Slight fever persisted, but no signs of systemic infection were found. Patient education plays a key role in improving prognoses.
0	Evidence increasingly supports that Neurologic examination returned to baseline after medication adjustment. Nonetheless, adherence to prescribed therapy is crucial.
0	Medical literature indicates that No signs of hemodynamic instability were observed during the night shift. Monitoring and follow-up are essential components of care.
1	Experts suggest that Blood pressure could not be maintained without pharmacologic support. This underscores the importance of timely diagnosis.
1	Based on longitudinal patient data, Following complications, the prognosis was considered poor and closely monitored. When overlooked, consequences can escalate quickly.
0	It has been observed in clinical practice that Follow-up imaging showed no recurrence of the previous lesion. This underscores the importance of timely diagnosis.
1	Under specific circumstances, Blood pressure could not be maintained without pharmacologic support. Monitoring and follow-up are essential components of care.
0	Experts suggest that Slight fever persisted, but no signs of systemic infection were found. Preventative measures could significantly improve outcomes.
1	Peer-reviewed research confirms that Escalation to mechanical ventilation was required due to deteriorating respiration. Patient education plays a key role in improving prognoses.
0	The healthcare community recognizes that The patient's condition improved progressively with supportive measures. This underscores the importance of timely diagnosis.
1	Medical literature indicates that Blood pressure could not be maintained without pharmacologic support. Nonetheless, public awareness campaigns remain limited.
0	Experts suggest that The patient's condition improved progressively with supportive measures. Nonetheless, public awareness campaigns remain limited.
1	Experts suggest that Ongoing cerebral edema raised concerns among the critical care team. This underscores the importance of timely diagnosis.
0	Experts suggest that Follow-up imaging showed no recurrence of the previous lesion. Patient education plays a key role in improving prognoses.
1	Under specific circumstances, Though stabilized, the oxygen saturation continued dropping below safe thresholds. This underscores the importance of timely diagnosis.
0	Peer-reviewed research confirms that Electrolyte balance was restored within 24 hours post-intervention. Mismanagement can result in avoidable complications.
0	Under specific circumstances, The patient's condition improved progressively with supportive measures. When overlooked, consequences can escalate quickly.
1	The healthcare community recognizes that Escalation to mechanical ventilation was required due to deteriorating respiration. Monitoring and follow-up are essential components of care.
1	The healthcare community recognizes that Progressive organ failure was noted despite therapeutic efforts. Monitoring and follow-up are essential components of care.
1	According to recent medical studies, Following complications, the prognosis was considered poor and closely monitored. Monitoring and follow-up are essential components of care.
0	The healthcare community recognizes that Electrolyte balance was restored within 24 hours post-intervention. Patient education plays a key role in improving prognoses.
0	Peer-reviewed research confirms that Physical therapy was resumed after stabilization of lower limb mobility. Treatment protocols vary but outcomes are often favorable when addressed early.
1	Based on longitudinal patient data, The surgical team expressed serious concern about intraoperative complications. Mismanagement can result in avoidable complications.
1	Experts suggest that Though stabilized, the oxygen saturation continued dropping below safe thresholds. Patient education plays a key role in improving prognoses.
0	Based on longitudinal patient data, No signs of hemodynamic instability were observed during the night shift. Nonetheless, public awareness campaigns remain limited.
1	The healthcare community recognizes that Escalation to mechanical ventilation was required due to deteriorating respiration. Early intervention remains the best course of action.
0	Under specific circumstances, The wound healed properly without signs of necrosis or discharge. Nonetheless, public awareness campaigns remain limited.
1	In some high-risk populations, Following complications, the prognosis was considered poor and closely monitored. Monitoring and follow-up are essential components of care.
1	Based on longitudinal patient data, Following complications, the prognosis was considered poor and closely monitored. This underscores the importance of timely diagnosis.
0	Under specific circumstances, Follow-up imaging showed no recurrence of the previous lesion. Nonetheless, public awareness campaigns remain limited.
0	Based on longitudinal patient data, Physical therapy was resumed after stabilization of lower limb mobility. This underscores the importance of timely diagnosis.
1	The healthcare community recognizes that Though stabilized, the oxygen saturation continued dropping below safe thresholds. This underscores the importance of timely diagnosis.
0	Evidence increasingly supports that Mild tachycardia was considered secondary to dehydration. Preventative measures could significantly improve outcomes.
1	Peer-reviewed research confirms that Escalation to mechanical ventilation was required due to deteriorating respiration. Nonetheless, public awareness campaigns remain limited.
0	Under specific circumstances, No signs of hemodynamic instability were observed during the night shift. This underscores the importance of timely diagnosis.
0	In some high-risk populations, Physical therapy was resumed after stabilization of lower limb mobility. Treatment protocols vary but outcomes are often favorable when addressed early.
