label	text_a
1	account activation hello thanks for creating an account to begin tracking your favorite sites with you need to your email address simply click on this link or copy the link and paste it into the address line in your web browser here s some useful information to keep on file your answers to frequently asked questions http www com help welcome the team
1	hello looking for a hacker to help me hack into china gambling mobile application whole database and get their customer user contacts phone number all of them and one more thing i only will pay the money once i verify the number if can please pm me thanks
1	ɪ
0	storage book s storage model please plan to attend a meeting on thursday april 27 from 3 00 5 00 p m to discuss s storage model and more importantly where we want to go with a storage book this meeting will be in 30 cl any questions contact mark 3 or irvine 3
1	booking booking sedan car required to time 700 am any cab interested so call me mo
1	it will be bad to keep this alone to myself i came across the best binary expect ever mr who really help me to invest he is very honest and in he work all i did was invest 500 and within 24 hours he made me profit contact him
1	2021 hindi + english watch online or download just install app from fastest speed no & us
1	localized software all languages available hello we would like to offer localized software versions french spanish uk and many others all software is for immediate download no need to wait 2 3 week for cd just few norton security pro 2005 29 95 windows xp professional with sp 2 version 59 95 draw graphics suite 12 49 95 mx 2004 5 5 including 39 95 studio mx 2004 119 95 just our site and find any software you need in your native best
0	2000 conference vince and alex and i attended the international chinese petroleum and technology conference in houston we presented two talks 1 risk management in petroleum industry and 2 real option valuation of oil field the section chairman said our talks were the high moments in the business session there were several interesting talks in the business section i am going to get a copy of the presentation on internet opportunity in energy trading where the author did a study about all energy trading sites including a talk from a gentleman working for used to be pal of song on real assets management is also very a talk about using real option theory for it was also interesting big players
1	dear holder 2 claim this weeks offer at your pc go to stop texts stop to
0	thank you so much when we wit and we get the pleasure of your company hope you are good given you ultimatum oh we are down to enjoy this is the message i sent days ago
1	i must confess before now i barely survive not until i gave up my last $ 2000 on binary and ever since then my life changed i am now a new born making more profit every 24 hours of trading you can join the winning team by clicking on the link below
1	meeting id password be attended zoom meeting to fast success note
1	rs free shipping and cod all over india for any order velvet party wear short dress description it has 1 piece of dress fabric velvet spaghetti strap sleeves cold sleeves pattern work color brown length 37 in size inches
1	free codes today go fast only for today
0	special today
1	rs no cod only free shipping all over india for any order sunglasses description it has 1 piece of sunglasses with box case material lens glass frame metal size free package dimensions 10 x 10 x 10 weight 200
1	indian billed third party on your mail netflix account in stock non plan premium price 60 ib
0	who knows
1	pl liverpool v arsenal pm ist this fixture has seen more 5 than any other in history including an special in 2009
0	configuration
0	but its available on
1	dear free member you were gifted a free membership in cash wave generator our records indicate your membership is about to and you have not locked in your cash wave income by registering for your free position if you do not register you will all commissions from to confirm your interest in locking in your position and for a chance to win use the link you will receive an email with instructions and where to go to lock in your position and secure your commissions from cash wave generator administration to be excluded from future notices
0	no problem talk to you later
0	happy new year and some new year s resolutions with the new year we would like to institute some rules within the research group this applies to everybody in research and is at the express request of vince but i am just sending it to my reports and their reports as of now people are expected to report to work in the morning around 8 00 am to 8 30 am but no later than 8 30 am this is primarily because our clients from other groups typically start calling around 8 00 am and we need to be responsive of course once in a while if something urgent comes up then this may be relaxed but you are responsible for letting both your supervisor and your assistant anita and or shirley know in advance i am trying to come up with a schedule that will allow me to get updated on
0	tonight good friend and feel well rested tomorrow
1	let the doctor save your tough cases sex age face condition other co s female 87 2 000 000 high blood pressure standard preferred male 60 500 000 treated decline standard male 57 1 000 000 heart attack 1997 table 6 standard female 57 500 000 for 34 years table 4 standard male 51 1 500 000 alcohol abuse dry 1 year decline standard male 50 2 500 000 1 2 pack a day cigarette male 47 2 000 000 tobacco please fill out the form below for more information name e mail phone city state we don t want anybody to receive our who does not wish to receive them this is professional com
1	netflix anti ban accounts available accounts 4 screen fully guaranteed price always
1	be your own private eye online internet investigator new for 2002 internet software for online investigations find out anything about anyone online uncover information about enemies neighbors friends employees co workers your boss yourself associates former school or military buddies even a new love interest become an internet investigator and explore an exciting new world of valuable information with internet investigator you can investigate people credit records social security numbers employment records school records criminal records driving records addresses phone numbers even some hidden assets family trees and a whole lot more click here for more information instructions this message is a
0	wharton event 0 vince bryan has been unable to find anyone suitable to attend this symposium on saturday so has suggested i attend which i am happy to do my only reservation is that my knowledge of this area is very limited so it is likely i would just be an observer rather than a participant anyway just so that i am adequately prepared could you briefly describe our current relationship with this project and also suggest any reading like a magazine or paper that would quickly aid my understanding of the topics to be discussed many thanks by benjamin parsons on 08 06 2000 08 36 bryan 06 06 2000 16 46 to benjamin parsons cc subject wharton ev
0	apparently is a excuse
1	new app per refer minimum withdraw refer code link watch 3 videos for successful refer refer updates after 24 verified app
0	thanks from you are welcome it is my pleasure to work with the talented team yang 01 04 2001 05 29 pm to lu cc subject thanks hi thanks a lot for the explanation of the spread option it s not a cheap help
0	internship opportunities please respond to dear mr i have found the project a very interesting one and have enjoyed working with everyone in the research department as well as those from other departments i am interested in this area and was wondering if there would be any summer internship opportunities i have attached my resume to this mail for your review and look forward to hearing from you soon thank you ivy rice mba 2002 resume doc
0	hi vince yes meeting for dinner tuesday night is great i ll be coming in on tuesday from d c and i ll be taking the train to new york on wednesday morning see you and ken tuesday at 5 30 at the inn at penn lobby hope you both have a great weekend thanks christie by christie patrick on 02 16 2001 11 23 am vince j 02 16 2001 11 04 am to christie patrick cc kenneth na vince j subject change video to christie meeting at 5 30 is fine with me the presentation is at 6 30 i sent you a message regarding a dinner on tuesday can you join me and ken vince from christie patrick on 02 16 2001 10 19 am to vince j
1	blood diamond just launched with only 2000 coins in circulation coin project exchange coming soon this is going and burn coming up soon check it out before you miss this ride grab this opportunity buy the dip from 34 now its 14 buy chart twitter website
1	in of
1	download albums of your favourite music artists here for free need an album ? send your request to
0	20 th annual shooting the rapids strategies and risks for the energy future mr vincent j managing director capital trade resources corp dear mr i am pleased to invite you to join my colleagues and me at our 20 th annual executive conference shooting the rapids strategies and risks for the energy future to be held february 12 16 2001 in houston texas this is the premier international gathering offering senior executives new ideas insights and strategic thinking on the issues facing the global energy industry i believe you will find the conference and related social events timely and of considerable value our focus will be on the critical implications of the current market turmoil for energy strategies investment re
0	was thinking about ur red green n black 2 save them on train
0	software for credit modeling hi lola as per our recent conversation today we had a conference call with the research and credit groups in the us and the uk it was decided that we would require the software to assist us in developing the private firm models 1 statistical package 2 statistical package the uk office already has an site license 3 tops software 4 neural net software package george in the uk developed this package please discuss submit these requests to craig for his approval thanks iris
1	new my bin into other sites or group anywhere without my permission thanks for you cooperation
0	if you try to hurt others you will only succeed in hurting yourself good morning jai sri ram :
0	sorry was in the bathroom
1	win a with 4 u or a they are currently on what tour text 12 or 3 to cost text
1	free fire id is for selling urgent needed for cheap price person have a personal condition of selling level 72 have red bundle premium outfits no fully trusted price any one contact
0	brush
1	rum 2017 tamil join channel first download link
1	one door step service for pan card passport assistance and income tax return contact krishna complex
1	i know u and u know me send chat to now and lets find each other only 18 years or over
0	adds ny prices to message sent from the customer info list at customer info com has launched a pilot version of which includes data from the new york independent system operator the beta test period for the pilot is expected to last approximately 90 days as the success of using cross iso data in if the pilot proves successful may add data from other in the future this pilot version of is a result of the collaboration among the created by the memorandum of understanding signed last year through the iso process stakeholders have asked the to improve issues create like user interfaces and make it easier to do business between the the addition of other
1	here are 50 mx coins which you can use to watch premium movies and exclusive on mx player tap the link to download the app and use my invitation code to register
0	if u worry about a trouble it becomes double but when you smile at like a bubble so always keep smiling happy : :
0	that day say cut ur hair at is it called hair sense do how much is a hair cut
1	anyone from india in a communications company with sms gateway
0	that what a pain i better come then
0	really dun bluff me u sleep early too
1	perfect logo 8 r thinking of breathing new life into your business start from its front end logo and identity offers creative custom design of logos and web sites under our careful hand these bring a breath of fresh air into your business and make you stand out among the competitors you are just a away from your future success click here to see the of our artwork check our prices and hot offers
0	im pissed off
0	not called you in a while this is hoping it was malaria and that you know that we miss you guys i miss big so give her my love especially have a great day
1	growth patches are here good morning sir check out the these guys are offering on patches steel package 10 patches reg 79 95 now 49 95 free shipping too silver package 25 patches reg 129 95 now 99 95 free shipping and free exercise manual included gold package 40 patches reg 189 95 now 149 95 free shipping and free exercise manual included platinum package 65 patches reg 259 95 now 199 95 free shipping and free exercise manual included millions of men are taking advantage of this revolutionary new product don t be left behind my wife has become so much more interested in sex and now often thank you patch for my marriage through an enhanced sexual relationship
0	ok i call or disturb any one i know all are avoiding me i am a burden for all
1	any 1 want to sell account me
1	no subject dear our guests explore turkey with hotel reservations you will find more than 200 hotels all over turkey which have been carefully selected through our reservation system we are able to book more than 1 000 hotels europe tours hosted programs tours escorted tours or cruise programs we have tours on set dates each year or we can organize special for the traveller or small groups rent a car travelling on your own pace in turkey we have a range of vehicles on offer to choose from they may be hired in all major cities your car can be made available at the airport or your hotel for collection visit our web site www com kind regards tours p s if you want to
1	norton makes the best software available now only 29 99 do you care about your computer 2002 professional edition from the creators of the 1 rated software this software suite comes with every program you ll ever need to answer the problems or threats that your computer faces each day of it s life included in this magnificent deal are the following programs norton 99 2002 the 1 anti virus ever norton 99 2002 any problem with your system norton 99 2002 makes backing up your valuable data easy norton 99 2002 excess data instantly norton 99 basic turns your cpu into a machine 3 personal
1	a couple of months ago i was really in need of another source of income so as to meet up to my daily needs that was when i found out about and how profitable trading is i decided to try it out myself but i ended up losing my capital in the course of trading i had to join various groups in search of help and assistance on how to profit from it then i constantly saw my account manager mr ben and posts about great jobs completed and people he has helped out for a while i was really eager to try him out and afterwards i contacted him he give me a break down and how it goes and i out my first profit a week later ever since then been making lots of profit through his assistance so anyone who is interested in trading contact mr benjamin for
0	boss s day vince happy boss day you have been a wonderful boss thank you by lu on 10 16 2000 08 49 am kevin g moore 10 16 2000 05 58 am to vince j mike a roberts joseph tanya lu martin lin maureen raymond osman paulo corp alex huang corp kevin corp kevin g moore clayton vernon corp william s
1	urgent your mobile no won a bonus caller prize on this is the 2nd attempt to reach you call
0	we took for a walk and i fell over grazed my knees and everything should have stayed at home see you tomorrow
0	speaker series speaker series official invitation it is with great pleasure and some amount of pride that i announce the next event in the speaker series next friday we will have the honor to host a conference given by mr vince head of research at corp the sixth event is next friday nov 3 rd from 11 30 13 30 please attend the next event in the student speaker series is friday november 3 2000 11 30 a m to 12 30 p m fast lab image vince corp tentative student speaker series schedule 2000 2001 the following is a tentative schedule of the student speaker series for the 2000 2001 academic year all events take place from 11 30 a m to 12 30 p m in the fast lab 229 unless otherwise not
1	miss this wonderful opportunity investing with company an make your profits from your investment with register and deposit to start earning on company with the link
1	hey everybody join my group link my bio fast money enjoy
0	mean its confirmed i they say ok then
0	but social media team se
1	january male sale hot gay chat now cheaper call national rate from cheap to peak to stop texts call
0	worry i guess busy
1	nova medical centers conducts a shoulder pain clinic on mar 5th consult our renowned shoulder specialists dr reddy dr
0	date yesterday came to my place and dragged me out to look at the sky it was beautiful odd colors and light obviously we wondered what it was today jim explains it it was a rocket test from the air force base very neat it was a bit too blurred out when i saw it and there was too much street light to make a good photo so i am happy to have found the photo from nasa
1	if you join with this you can earn lot of money have
0	fixed a little bug
0	date not supplied the controversial claim could be evidence of hidden extra dimensions and help a theory of everything fall into place
0	mere me colleague wo
0	i need an 8th but im off campus atm could i pick up in an hour or two
1	ban more and more information about us friends stake the profit are to your account on a daily basis and in you can withdraw the at any time
1	claim ur 250 sms ok to 2 ur mates etc join for tc 16 remove or stop
1	free real estate info great news finally a reveals his most closely guarded secrets for the first time ever we are proud to bring you s most closely guarded secrets a complete turn key system to either owning your own home or making a fortune in real estate without tenants and bankers free information for a revolutionary brand new approach to show you exactly how to buy a or make a fortune in real estate in today s market are you ready to take advantage of this amazing information take this first step to improving your life in the next 2 minutes for free information click he to or change options click click here this sf net email is
0	jason s removal from ted murphy s cost center norma ted murphy would like to have jason removed from his cost center effective december 16 th vince said that it would be ok to have him added to our cost center effective that date he is not supposed to start with the research group until the 28 th but needs a home from the 16 th to the 28 th so we will pick him up can you take care of this thanks shirley 3
0	chris wrote we would need someone to sit in the studio writing down all this info which sometimes isn t available like from earlier album that don t have serial numbers and then still if only the magic people our signal the price would become quite exponential since we play on average songs an hour we d be paying everyday to stream to those people so really it does have to do with the internet tax but it is a few reasons together why we can t do it after their kill date who is john in the of reading atlas shrugged again ken p ken author developer millennium hand and shrimp
0	… and worry have finished by march …
1	private your 2003 account statement for shows 800 sim points call code
0	nope off from work
1	limited access to sensitive account features as part of our security measures we regularly screen activity in system we recently noticed the following issue on your account we would like to ensure that your account was not accessed by third party because protecting the security of your account is our primary concern we have limited access to sensitive account features we know that this may be an but that this temporary limitation is for your protection case id number pp to review your account and some or all of the information that used to make its decision to limit your account access please visit the resolution center or copy this link and paste it in the internet explorer bar
1	free sales which virtually sells long term care to your clients this presentation prepares your client for the sale it has both video and audio so you just sit back run the presentation and get the applications ready the same great tool in a flip chart format with a complete script to keep you on track the choice is yours choose one of these great point of sale items which gift would you like all you have to do is complete appointment paperwork with mo marketing respond to this e mail or call us today and we will send over the paperwork for one of our top carriers remember we train our agents on products free and we also give at least a 50 commission bonus for every app you send us for agent use only please fill out the form be
0	im home doc gave me pain says everything is fine
0	then you are eldest know
1	to mr ram prakash from has win gold in your number contest with wrist co
1	no one does it better than him i did definitely chose him over any other during those turbulent days i invested and to my biggest shock i got a return of in few days his and sincerity be overlooked
0	cool ill text you in a few
1	new arrivals madame coats jackets and for women arrow coats and jackets from men road
0	presentation on equilibrium modeling for gas market hi kim you and your associates are invited to attend this meeting if you have any questions please call me thanks shirley the following presentation will be this friday the 18 th of february from 1 00 pm to 3 00 pm in 19 c 2 our large conference room please plan to attend this presentation by consulting agenda for presentation by consulting 1 qualifications for consulting 6 slides a energy consulting background 2 slides b experience with computational market equilibrium modeling 2 slides c experience of key individuals 2 slides 2 description of s modeling interests to be discussed with 3 s
1	my name is joshua mr financially
1	deals at the get rs 100 off on mobile purchases above rs 5000 rush offer valid till 21st feb show t c
1	for all those who wish to create their account while being in and to be able to send and receive money i am available in pv where on at the creation of the account take and costs only cfa
1	our daughter is celebrating her birthday on 16th from a m p m at hotel b 207 park outer ring road near presence would certainly make this event enjoyable k m
0	gregory alan wrote at zones to most keep order the problem is that politics have gotten so nowadays that shouting down and political rallies that you don t agree with has become common practice the courts have constantly ruled that there are some restrictions on the first amendment they teach you that your very first year of law school what a load of crap politics are somehow more muddy now i d say that its considerably clearer the vast majority of people feel and the common practice of putting in boxes is done usually to hide them from tv cameras visiting dignitaries etc further those feelings political rallies is now usually done by police with riot gear and pepper spray we ha
1	cell phone weather service for font size 12 5 free trial start your 14 day free trial now locks in your discount or now start your full subscription right away hear an alert listen to an mp 3 example of a tornado alert on your pc speakers more information go to the website for more info get now provides fast weather delivered to your cell phone as computer generated voice calls works on every type of cell phone provides toll free inquiry of weather for all u s cities and for coastal all u s marine zones and all recipient of outstanding reviews in sail magazine power s magazine and magazine the land service is ideal for ca
1	protect ur family bracelet as seen on tv rs offer price rs booking to
1	immediate reply needed dear sir i am dr james the chairman of contract award and review committee set up by the federal government of nigeria under the new civilian to award new contracts and review existing ones i came to know of you in my search for a reliable and person to handle a very confidential transaction which involves the transfer of a huge sum of money to a foreign account there were series of contracts executed by a consortium of multi nationals in the oil industry in favor of n n p c the original values of these contracts were deliberately over to the sum of us 12 320 000 00 twelve million three hundred and twenty thousand united state dollars this amount has now been approved and is now ready to be tran
1	wet n wild models are here to dance to your tunes click to download international hits for re 1 and get free models
0	no bully
0	you are not bothering me but you have to trust my answers
0	presentation christie what about the invitation to dinner for and whitaker vince christie patrick 04 10 2001 06 01 pm to rice rice cc vince j steven j na subject presentation president and dean whitaker would be honored with your at the presentation set forth below under the guidance of vince and his team here at we are thoroughly enjoying working with this group of bright and enthusiastic rice students we hope you can join us for the of their significant efforts please let me know thanks christie by christie patrick on 04 10 2001 05 52 pm vince
1	think for a unique career choose the relevant one for yourself 1 hair voice documentary flair your replies to on are free
0	reminder thanks i downloaded a lot of stuff from the site including cases etc looking forward to working with you at 03 15 pm 7 31 00 you wrote john my new e mail address is com i am compiling the information for you i should be able to send it in a few days vince john d martin on 07 28 2000 02 41 42 pm to vince j cc subject and vince don t think your e mail address is correct this is just a reminder about the care package of cases and materials that you guys were going to send to me please convey this request on to vince because i think the e mail address i have is an old one t
1	trading with this is a blessing to life i heard about this winning i linked up with the manager and set up a trading account in not less than 24 hours trading with him i paid all my dept and now i and my family are living the life we prayed for i pray my god bless the account manager for bringing so much light into my life you too can be a life testimony too click on the link to start earning through currency
0	transition to research group an update molly in order that i may proceed with the visa application for mr i will need from s h r department the following information a copy of a job offer letter contract assignment letter for his us position with us salary a job description of the position in the us a salary range for that position co and cost center please let me have this at your earliest convenience many thanks margaret north america corp from molly 01 19 2001 06 08 pm to margaret cc vince j subject transition to research group an update once again margaret we are in your debt vince let s get together some time next week and see where
1	content type text plain content transfer encoding quoted was in mutter und ist ein so die mit sex und ins http www cc oder mal mutter und es es http www cc die den des und das in http www cc
0	please mind using a based on
0	how are you i miss you
1	hello everyone i urge you guys to contact mr nicolas cary he is sure i just withdraw from my wallet as my profit i started with but now i own a house and a car click on this link to reach him
1	this is the best investment i have encountered since i started investment i receive my withdrawal from other s but i have been withdrawing from company without any delay i tested it and really paying hurry up and sign up through the link below
0	about it july 31 2000 vince this correspondence is sent to you in response to the below question pertaining to the type of research that should be introduced to on tuesday april 4 th 2000 a local newspaper in my area the california ran an article pertaining to the 50 million dollars of funding from the u s congress set aside to study deep sea floor extraction of methane this study will focus on methane as an energy source and the technologies needed for safe efficient development according to this article the ice like deposits of frozen methane have an energy potential equal to more than twice that of all other fossil fuels combined i can you a copy of this newspaper article if you would like to read it send me yo
1	i need a account with upgraded skins boys
1	save money on wedding at choose from a superb selection with national delivery brought to you by
1	win real cash minimum withdraw only and contact customer service to get 157 bonus
1	new in town investment investment 500 earn from spins create your account using this link join group for updates
0	wake me up at am morning
1	inexpensive software looking for inexpensive high quality software we might have just what you need windows xp professional with sp 2 full version u 79 95 office 2003 professional u 89 95 adobe cs with cs u 99 95 mx 2004 flash mx 2004 u 109 95 draw graphics suite 11 u 59 95 and many more offers
1	phone sex 300 and video sex 500 genuine guys contact my husband and take details only call no message code is sandy
0	its going still need little experience to understand american customer voice
0	why should i c on sep wrote original message from fork fork on behalf of sent friday september am to cc adam l fork subject re selling bliss was re i bb women who like to be thought of this way should have the right to choose to be treated this way men too my boy clothes cooks stuff etc and works the same number of hours i do sometimes more if he has to catch up with me i close him because he is and creative and because he makes my bed the minute i get out of it and boy will be here soon to help boy with other things such as and sure fucking
0	why do muslims hate pigs pigs produce more babies than muslims ego problem !
0	camera quite good pixels and have a lovely holiday be safe and i hope you a good journey happy new year to you both see you in a couple of weeks
0	o turns out i had stereo love on mi phone under the unknown album
0	did u got that persons story
0	thank you vince j 08 08 2000 09 56 am to ashley baxter corp cc subject ashley the web site address of the prof at berkeley i contacted http www berkeley 80 vince
1	help wanted we are a year old fortune company that is growing at a tremendous rate we are looking for individuals who want to work from home this is an opportunity to make an excellent income no experience is required we will train you so if you are looking to be employed from home with a career that has vast opportunities then go we are looking for energetic and self motivated people if that is you than click on the link and fill out the form and one of our specialist will contact you to be removed from our link simple go to
0	once upon a time ville wrote thanks a lot the seem to be fine they worked for me out of the box on vanilla w latest except that i don t see an script in the a sample one designed for is supposed to be in could you take a look if it can be included it doesn t need to as red hat linux already sets correct on all audio devices for locally logged in users through the console file and the modules files takes care of loading the right modules on demand also and the scripts that come with red hat linux still work for controlling the volume so it s still saved and restored when the computer is halted even using i m glad you got your card working with these i m now wondering if i won t maybe buy an amplifier th
1	get paid for answering short surveys download google opinion rewards now
1	level hiring in top with insurance c service call us as limited seats available uk also available
1	in for nude video call
0	do v in experience ki why do v patience ki then y do v want 2 in ki
1	hey there welcome to our new telegram channel here you will be given all study materials needed to excel in your studies this channel contains all the required science notes for class x and share this channel thank
0	p option valuation model mark after recently reviewing the booking of the p options it is my understanding that these options are being valued using a standard spread option model where the price evolution of the two legs of the spread are assumed to be correlated geometric motion processes i e the price process assumptions are consistent with standard black 76 model assumptions extended to two commodities the for a call option is max 0 a b k a delivery price for b posting price swap posting basis k posting bonus fixed the only of this option as compared to most other spread options is that leg b of the spread is a combination of three prices the two futures prices which make up the swap
0	date business federal prosecutors in the us have filed charges against the highest ranking executive yet
1	train to 2016 tamil + telugu join channel first download link
0	once upon a time daniel wrote and yes i accept patches comments suggestions about all those spec files sure thing cool i ve added to the spec some flags to remove and isa support at build time if one wishes to so is s possible to do a rpm without without ok i ll add this also having the kernel compiled by me i have no kernel source package installed i ve added a flag that also can be used without to remove the dependency for kernel source at build time it would be nice to check the correct kernel include files actually exist modules r build include linux h though however i m a in rpm building is it possible to for a file not provided by a package at all i ve a bit and found no way to do that requiring a f
1	hello welcome to judges sho p one of the leading pharmaceutical shops v g jurisdiction al diagnosis ll la l i attendance s va u m save over 50 criterion worldwide carpet total craving over 5 cu in 130 countries have a nic e day
0	announcement car rental options for travelers rental car contracts for 2001 have been awarded to national car rental primary and rent a car secondary the intent of these agreements is to consolidate and leverage s total car rental spend to achieve the most favorable rates and non pricing provisions i e insurance national car rental due to its service levels availability and total value proposition has been awarded primary status and is recommended as the first choice for travelers needs rent a car a sister company to national has been awarded a contract reflecting a secondary status due to its service levels availability and low cost solutions is recommended as an alternative to national where available
0	and don wanna study
1	helps you have great sex having problems in bed we can help a suspicious mind always looks on the black side of things in order to succeed we must first believe that we can well behaved women seldom make history most conversations are simply delivered in the presence of witnesses
0	tu
1	so it seems false but doing really a big step up for such a great win for me this days now i do believe the saying when less hope also great happiness to come regardless of it all taking this big step likewise investing so little made me to this intervention you can also do it as well kindly click on the link below to get in touch with
1	customer service announcement we recently tried to make a delivery to you but were unable to do so please call to
1	anyone want uc just me for uc 4000 uc just in rs with and demo 75 uc free
1	mobile id exchange id level 69 id rank duo id collection is from all gun skins bc now total kills id only for contact
1	perfect logo 8 r thinking of breathing new life into your business start from its front end logo and identity offers creative custom design of and web sites under our careful hand these powerful marketing will a breath of fresh air into your business and make you stand out among the competitors you are just a away from your future success here to see the samples of our artwork check our prices and hot offers
1	congratulations dear you ve been selected to receive a bottle of liz fragrance free perfect to wear for any liz is a light floral fragrance with just a hint of fresh citrus and mandarin you ll love it for the fall season click here now and we ll send this refreshing scent right out to you with only a few bottles on hand i know they won t last long guarantee your own good fortune and click here to claim your very own bottle of liz fragrance act now and click here for a one time only chance sincerely shannon jones p s please feel free to forward this great offer to a friend special store on thank has great products at an amazing price guaranteed first quality satisfaction
0	yes last practice
1	you want to submit your website to search engines but do not know how to do it your website in search engines may increase your online sales dramatically you invested time and money into your website you simply must submit your website otherwise it be virtually which means efforts spent in vain if you want to know about your website and boost your revenues the only way to do that is to make your site in places where people search for information i e submit your website in multiple search engines submit your website online and watch visitors stream to your e business best regards not interested
0	sh c for f in fast do f done thanks tom and jacob the above works but without the double quotes i e sh c for f in fast do f done i may have a different version of sh than you do the double quotes around the work for my sh in the more than you really wanted to know category you re probably safe without the double quotes the only reason i put them in is that i have some named including whose names contain spaces if all your have safe names you don t need special quoting jacob users list users
0	5 nt staying at port step ex
0	but then rape
0	2001 information dawn i am this i forgot the summary by location sorry by shirley on 07 07 2000 03 03 pm dawn 07 07 2000 10 45 am to shirley cc subject 2001 information shirley get it to me as soon as you can thanks dawn shirley 07 07 2000 09 11 am to dawn corp cc subject 2001 information dawn i apologize i have not been able to pin vince down however he did take it with him this morning he will be in prc meetings all day and i told him you needed it yesterday i hope it is not too late let me know thanks shirley dawn 07 05
0	i shall book jules for half eight if ok with you
1	accounts verified up to level 2 swap enabled at crash market you can switch to like dai so you lose anything email and pass number not linked price pay first ib 9 take all at only
0	my computer just fried the only essential part we keep of because my fucking idiot leaving the thing running on full 7
0	wen did you get so spiritual and deep great
0	however cracking and reverse engineering tools are not so ubiquitous on unix as they are on windows for two main reasons the main customers of commercial hp aix are respectable companies they are ready to pay big bucks for software they need the reputation matters most software for free and open source like linux and this software often may be used on commercial as well is well free and open source thanks to your answers i start to see where i should head for what are your for protecting a online requirement system for observing speaking
0	if is surely u made many in ur u r happy u ignored many faults of :
1	system you can earn 3 cash per refer you have 0 your links
0	amazing price for right now
1	: beauty and the beast 2014 true original join channel first download
0	date not supplied a collision is seen from start to finish for the first time it may provide clues to how the universe s largest single objects are formed
1	of 24
1	guys fundamentally power is weak and in debt of i think you guys should book your profits & losses instead buy reliance power is going to become debt free with a fund raising meeting on 13 june is at 2 year high dominating the sector
0	request submitted access request 4 n 9 s 2 f by shirley on 08 21 2000 01 07 pm information risk management 08 16 2000 03 34 pm sent by shirley to shirley cc subject request submitted access request 4 n 9 s 2 f thank you for your request you will be notified via email when your request has been processed you can check the progress of your request by doing one of the following in the application click on requests i have made a listing of recent requests will be appear sorted by resource name click on the request link below this is a link to information regarding your request below is a summary of your request requested
0	its a valentine game send to all ur friends if 5 answers r d same then someone really loves u which colour suits me the best
0	if is what is simple its james bond in binary only engineers think different
1	i traded with with and i got back in 5 trading days this man has changed many including mine
1	a steady cash flow remains the best way to eliminate constant worry from life when your weekly income your monthly expenses you cannot be scared of financial emergencies why we believe that investing and letting your money work for you should be to escape the just stay on the take full advantage of this opportunity to an investment portfolio and start earning follow the link
1	work for home interested join my app great announced first time in india network marketing rs get product silver income rs rs gold income pairs rs daily two sessions income to car for more information check the company pdf or contact
1	hi babe its chloe how r u i was smashed on saturday night it was great how was your weekend u been missing me sp text stop to stop
1	i made it from binary option trade not because i was too smart to succeed on it but is the grace of not to give up on it i had to continue searching until i met mr george who help me out you can also do the same if only you make the move because the only way you can conquer your doubts and become who you always dream of becoming in life privately of interested
0	only can execute this command
0	dad went out
0	i have always been very afraid of losing people i so much but at times i keep on asking myself is b afraid of losing me
0	huh so early then having dinner outside
0	no problem how are you doing
1	b floppy b happy only gay chat service with photo call 2 stop our texts call
0	a visit joe this is a message from the japanese guy interested in energy risk management please let me know if you want somebody from your organization at the meeting he will be here next monday at 3 00 p m by vince j on 04 12 2000 06 11 pm on 03 31 2000 08 36 00 am to com cc perez subject a visit professor vincent vice president of research corp dear professor i was the only japanese of the energy derivatives seminar in houston last december and a member of japanese consultation firm mitsubishi research institute inc i would be very honored if you can meet with me 17 or 18 ap
0	check julie this message was returned to me a few times when i sent it from my home address by vince j on 10 30 2000 08 00 am com on 10 28 2000 12 12 57 pm to julie co uk cc com com subject check julie as the book is about to be released to the market i would like to start the process to issue the check to who will be the and what is the address vince
1	join now for free
1	limited limited company is a trading and investing in financial activity in the global market the online allows investors to deposit and receive profits from trading and investing in and appreciated stocks
1	checked mi ny comes with dl employment history 65 45 each for more then 3 pm page
1	last chance claim ur worth of discount today text shop to now offers mobile t cs sub 16
1	home wanted fortune 500 hiring question do you want a different job do you want to be your own boss do you need extra income do you need to start a new life does your current job seem to go nowhere if you answered yes to these questions then here is your solution we are a fortune 500 company looking for motivated individuals who are looking to a substantial income working from home thousands of individual are currently do this right now so if you are looking to be employed at home with a career that will provide you vast opportunities and a substantial income please fill out our online information request form here now http ter com to miss out on this opportunity click here http ter com remove html
0	boo what time u get out u were supposed to take me shopping today
1	making new bot per min price to add your channel fixed members you note only accepted in free u have to make me if u not make come i will only post bot with ur channel link contact seat left
0	yep then is fine 730 or for ice age
1	meet the the mutants of first choose a character to find out what powers they to get a video clip
0	stanford or summer intern this guy has basic skills etc but at we would need possible from mba schools not phd i think he is a summer intern fit for research and we can loop him into research as we need help which is likely ravi vince j 02 29 00 08 23 am to cc ravi communications communications vince j subject stanford or summer intern should we get him as well it seems he has the right skills we might have out on the number of summer through the a a program we would have to hire him directly by vince j on 02 29 2000 08 20 am
0	i walked an hour 2 c u that show i care y u believe im serious
1	free microsoft sql server remote database administration visit us at www call us at 214 740 to be removed reply with remove in the subject line
1	trading has been easy and smooth with john nelson i invested and got within his reviews has always been great you can join his telegram channel via the link below
1	when i thought all was lost then i met my life gary who raised me from my broke situation all thanks to him
0	hotel for the wharton trip hi vince jeff wanted me to let you know that he will not be able to go w you on dec 6 th to wharton a meeting has come up that he must attend sorry for the short notice thanks jennifer vince j 11 20 2000 04 34 pm to jennifer burns cc jeffrey a vince j wharton subject hotel for the wharton trip jennifer this is the address of the hotel within a walking distance to the wharton school please make the reservation for jeff at this hotel for the december the 6 th meeting vince http www com contact html the inn at penn common street philadelphia pa phone 1 800 fa
1	does your business depend on the online success of your website your website in search engines may increase your online sales dramatically you invested time and money into your website you simply must submit your website otherwise it will be invisible which means efforts spent in vain you want people to know about your website and boost your revenues the only way to do that is to make your site in where people search for information i e submit your website in search engines submit your website online and watch visitors stream to your e business best regards not interested
0	visa application margaret thanks for reminding me this issue i think i ll be fine until i start full time here in the research group as you know right now i am using practical training as work permission and until i graduate i am allowed do as many as part time i want to do because of tax purposes i think i ll use this right given to me in this case what i need to do is that after i and vince make sure about my full time start date this may happen in the beginning of 2002 i ll let you know and send you the necessary document you require to initiate my visa application process thanks again margaret 25 04 2001 12 04 to corp cc norma vince j
1	earn money online apps explain app review earn money app channel link group link youtube channel link
1	and wait and wait
0	near tv
1	online offers efficacy and in your love life my music is best understood by children and animals one can acquire everything in solitude except character people find life entirely too time consuming the truth is more important than the facts
1	great new offer double double on best orange tariffs and get latest camera phones 4 free call free on now or
0	some people by mu im at the table by lambda
1	fortune 500 work at home needed immediate help needed we are a fortune 500 company that is growing at a tremendous rate of over 1000 per year we simply cannot keep up we are looking for motivated individuals who are looking to earn a substantial income working from home this is a real opportunity to make an excellent income from home no experience is required we will provide you with any training you may need we are looking for energetic and self motivated people if that is you than click on the link below and complete our online information request form and one of our employment specialist will contact you http ter com so if you are looking to be employed at home with a career that will provide you vast opportunities and a substantial inc
0	i liked the new mobile
1	needed blue criminal id me ready to pay first but needed new video needed urgent
0	netflix account ka hack please
1	i have full of proof from and but if i send you can still posted in your channel so i prefer to keep them
1	get full talk time of with unlimited validity now stay connected with tc apply
0	welcome network world fusion focus jason on security and bug patch alert today s focus bug alert welcome 03 06 00 dear today s focus bug alert welcome by jason welcome to the security and bug patch alert newsletter given the recent of high profile denial of service and hack attacks and the large number of people who have signed up for this newsletter before this first edition has been even published it is clear that security is a major concern in the it community as it should be with technology now being looked upon as a profit rather than cost center it departments face more pressure to keep critical systems up and running as well as secure no chief information officer or network manager wants to have to tell the c
1	add 500 members group 500 1000 members me
0	on wednesday september justin mason wrote s said i think we should even add new ga d rules to and or remove old ones and tag a new only if we have a bunch of features worth a dangerous big update i d say yes you should expect and also but update to now i would think adding new rules to or removing broken rules from would require some discussion first but new ga d scores are definitely worth putting in as the ones there are too wild i think my mail wasn t very clear my point was that we should continue releasing new rules and removing broken ones all based on discussions on this list of course in the branch instead of creating a n
1	well it hello welcome to line s hop on e of the leading pharmaceutical shops greasy v g al ll la r ac l i s va u m s ave over 50 worldwide rocket total over 5 customers in 130 countries have a nice day
0	roasted hard
0	installation of new programs i gave you local rights on your laptop yesterday what you have to do is to log into the laptop using the local machine account the id and the password is the same as your corp now the password on the local account will never change if you have a minute today i will show you how let me know a time phillip desktop support specialist x original message from vince sent tuesday may 01 2001 5 17 pm to phillip c cc vince subject installation of new programs phillip how can i install new programs on my laptop without the administrator s privileges one example when i travel i use to get access to my mail and to communicate with the office windows 2000 does not allow
0	im sure ke se excited ki is ke lund ki category hai
1	the world s first absolutely free adult is here no strings attached the hottest teen live shows movies and more always free click here all you need is an email address to join this is a one time targeted but you may remove yourself by to this email with remove as the subject
0	green card for paulo yes makes perfect sense brad can start the process vince 03 10 2000 02 15 pm to vince j cc subject green card for paulo vince now that paulo is a manager i think we can start the process for trying to get him a permanent resident status should i contact brad about this
0	main ek din mein
0	new 97 marty absolutely yes we are now using option functions in the exotic options library in r which everybody in risk management has access to instead of the old visual basic code in the file this improved the calculation speed for options quite a bit we are also on a new project to develop the next generation and pricing models i will discuss about this project in more detail with you soon and get your input but the main goals i see now a 1 superior performance speed to enable fast pricing especially for the group 2 proper documentation for easy maintenance and ability to quickly adapt to meet future needs and 3 security access control to the files the first stage in this process is to ta
0	sorry i din lock my
1	thank you for your vision your extraordinary ability and leadership to guide me at all times i appreciate the efforts taking by you you made my imagination come through and i know how to thank you enough for it sir
0	as in i want custom officer discount oh
0	owen byrne writes quoting shiver my timbers from tad spencer please could you tell me where the phrase shiver my timbers originated this is one of those supposedly nautical expressions that seem to be better known through a couple of appearances in fiction than by any actual sailors usage it s an that may to a ship striking some rock or other obstacle so hard that her timbers shiver or shake so implying a has occurred it is first recorded as being used by captain frederick in jacob faithful in i won t thrash you tom shiver my timbers if i do it seems to me that shiver here means to shake i don t recall seeing the word used in that sense and lists that sense as v i or the sense of shi
0	date mon sep from net i just installed razor on a release box and having problems with razor check any time razor check is run with or without arguments i get this error can t use an value as a symbol reference at local client agent pm line try installing the latest at least port on and make sure you set the system to use from ports i e in the ports lang files directory run use port the relevant modules needed by razor and try again sven this email is sponsored by welcome to geek heaven
0	to vince please find attached a small note i had prepared at wade s request the note is to be used for a private meeting of the ex chairman of with the governor of maharashtra in the indian system the governor represents the federal government in the state hence any information he gathers is for the central govt this informal note is to be passed to him the focus as you will see is to see if we can engage the central govt through this route krishna is here and sends his regards regards by development on 01 16 2001 08 55 am 01 16 2001 08 51 am to wade development development cc subject to wade please find th
0	interview schedule for stephen bennett attached please find the interview packet for the above referenced person the interview will happen friday august 4 2000 please print all three documents for your hard copies if you have any questions or conflicts of schedule please do not hesitate to contact me sean grady
0	from vicky windsor vicky please send me your resume i shall forward it to a number of employees of in london with my strongest recommendation i shall send you the list of names the resume will make it easier for me to identify good targets please make sure you will contact me if there is no reaction people here are very busy and as you know things fall through the cracks vince vince vicky windsor on 10 11 2000 04 49 56 am to com cc subject from vicky windsor dear vince how are you well i hope i hope you don t mind me writing to you you may remember that 5 months ago i left risk publications and moved to a charity having been here for only a few months i have decided that this job is not for me i miss the buzz of a corp
0	link ya
1	$
1	strictly private with warm heart my friend i send you my and i hope this letter meets you in good time it will be surprising to you to receive this proposal from me since you do not know me personally however i am sincerely seeking your confidence in this transaction which i propose with my free mind and as a person of i have kept it to myself for a long time and now i need to act as time is not on my side i want you to open read through and give me your most needed support i got your address from an internet directory in my search for a contact i apologize if this is not acceptable to you the purpose of this letter is to seek your most needed assistance my name is donald the farm supervisor and personal assistant to mr da
1	claim your free 1000 home depot gift card claim your home depot gift card a 1000 value were sure you can find a use for this gift card in your area by
0	follow up meeting on wharton it seems like several of you will be on vacation next week so lets see if we can do it this week vince is available on thursday from 2 00 3 00 pm or friday from 1 30 2 30 pm do either one of these two times work let me know thanks by shirley on 12 12 2000 10 56 am shirley 12 12 2000 09 20 am to christie patrick james l george cc vince j subject follow up meeting on wharton good morning everyone vince would like to schedule a follow up meeting on wharton as soon as we can agree on a time how does monday
0	i wish u were here i feel so alone
1	money issues repair your credit online it s the online credit ve been waiting for in less than 5 minutes directly from the comfort of your computer 5 a 9 d 3 53 6 91 8 could be repairing your credit you can watch daily real time updates as you fix your problems get the information you need quickly and to remove the negative credit items from your report click here for more you the web credit team 5 a 9 d 3 53 6 91 8
1	the day i came across mr roberto robinson was the greatest day of my life because so far the best i have come across since i started trading online i also thank god for all he has done in my life because i never believe i could rise again because i have really lose all my life savings before now and please do not ignore to contact him if you find it difficult in trading i believe the company will guide you through
1	very cool how to save on your over 70 select hop and proven popcorn way to save your secret money spinal v ag al l u l r a cl i calculating l doomed m best worldwide confront easy or hypothesis der form total conquest 250 000 s customers order t and save
0	can i please come up now if no tome 4
1	i got motivated by the testimony i saw yesterday so i decided to invest sincerely speaking i was so scared to invest but amazingly i received my profit thanks for your good works
0	im taking a quick shower be at epsilon in like min
0	if u don wan me to call y did u call me in d first tc bye enjoy
0	global risk management initiative rick i read your memo regarding global risk management initiative i am sending you the information regarding a related initiative on which i have been working last year and which is moving now into the implementation stage it s enterprise wide risk management and it s really an effort to measure business risks consistently across the company i hope my group can be helpful in designing the general approach to this problem please let me know what your thoughts are vince
0	revised announcement for real options conference at ucla please find attached a revised announcement and call for papers for the 5 th annual international conference on real options theory meets practice the conference is co organized by the real options group and the andersen school at ucla los angeles on july 11 14 2001 the submission deadline is march 2 and registration is by april 20 travel are provided for all academic presenters and fees are waived for all presenters we are proud that eduardo schwartz will be our keynote speaker we hope that you will be able to participate and would appreciate it if you could also post the announcement or it among other interested colleagues best wishes 2001 doc
1	intimate invitation from friends make money together payment in 2 hours verified by me only investment 100 valid 100 248 deposited income
1	im selling bypass maryland method ohio unemployment dl site available for sale account scan available with dl all states business wit dl all documents all new sauce available tax new sauce new york method ohio sauce taxes sauce new sauce sauce i need real clients for tap in
0	astros season tickets cathy thanks in order of priority fridays 20 27 apr 25 24 23 vince from cathy phillips on 04 03 2001 04 54 pm to vince j cc subject astros season tickets how about two games just select a couple of dates and i will have the tickets delivered to you the dates that are still available are as follows friday april 20 st louis monday april 23 atlanta tuesday april 24 atlanta wednesday april 25 atlanta friday april 27 florida thanks cathy phillips x vince j 04 02 2001 05 43 pm to cathy phillips cc vince j subject astros season tickets cathy yes i shall be glad to use a few tickets for my group as a token of appreciation how many can
1	i am grateful to meet mr after the horrible times which i passed through with the fake profiles thank you for being sincere and honest i even imagine myself with a huge of in just a week of investment i am very happy and thank you mr
0	additional vince i forgot to attach the final slam report the file of the white paper the white paper calculations the final slam report discusses the availability of service level agreement monitoring and generally that meet s needs i am convinced that at a minimum would gain the foundation of a great that will be critical to the success of and that could actually gain the distributed machine tool that could be the foundation of the internet of the 21 st century i hope we get the chance to prove this let me know if i can be of further assistance final s l a m report september 1999 zip
0	oh just getting even with u u
0	i love you
1	world cup ka 52 k score free rr min
0	interesting it s possible of course that the shitty economy is hurting the as much as anyone else but if you ve been aggressively reporting then it could just be that could be your upstream is being more aggressive too c on wednesday august at pm m self wrote what these plots don t show is the drop from daily to daily that i ve seen at work since week of may when receipts peaked not sure if it s aggressive reporting that s getting us off lists or if other people are seeing similar this email is sponsored by tired of that same old cell phone get a new here for free talk list talk
1	perfect logo 8 r thinking of breathing new life into your business start from its front end logo and identity offers creative custom of and web sites under our careful hand these marketing tools a breath of fresh air into your business and make you stand out the competitors you are just a click away from your future success click here to see the samples of our artwork check our prices and hot offers
0	simon i shall bring a floppy to paris vince simon turner on 09 29 2000 10 13 47 am please respond to simon turner to cc subject vince this works are you your presentation for next week thanks simon original message from vince j com to simon co uk cc vince j com date wed 27 september 2000 5 04 pm test vince
0	presentation this will be in 49 by shirley on 04 10 2001 08 22 am vince j 04 10 2001 08 13 am to barrett rice rice rice rice rice cc vince j christie patrick shirley kenneth na subject presentation on behalf of corp i would like to invite you to an project presentation by a group of students of jesse h jones graduate school of management rice university the students will present the results of a research project regarding electronic trading s in the energy industry the presentation will
1	your trusted source for prescription medication best prescription generic 4 less anger is one of the of the soul write what you like there is no other rule life s most urgent question is what are you doing for others gold for friends lead for
0	date matt describes something i ve been experiencing a lot recently you know you read too many primary sources when you read an article on and think i read that yesterday yeah ever since i got into i don t rely
1	thank you so much manager i just want to inform you that i have received my to my wallet im so excited about this i now believed that you are real
1	please vote dangerous girl 01 and give i have something special for you
1	let anyone make you feel bad about your side or discourage you about it their criticisms pay your bills invest with the best
0	now private companies there
0	is your dead hey so i meet you at orchard
0	to continue the subject on an otherwise unrelated note the following personal correspondence was just as the following is a slightly modified e mail message trapped in a server wide box newspaper any time estimate when we can expect you home dad to cc subject oh yeah pm i have to stay after school today so i can work on the school newspaper layout will bring me home later than usual i don t know how to explain this one will this email is sponsored by welcome to geek heaven razor users list razor users
1	for free diamond me
0	nt only for driving even for many reasons she is called it then violence is the ru any problem
0	ci z i w 2000 ze to cambridge university press i w draft do ze http www im pl gene html ale da w to mile
0	comments hi sheridan how are you i hope that you had a good vacation and i looked at your memo and found it to be interesting i shall first briefly our understanding of the methodology you propose the comments follow finally i shall sketch a simple gas field project you can use as a test case in further refining the model it appears that you are proposing a state space approach where of different states at various future dates are specified the next step is to assume a discount rate and to compute the present value by following the branches from the origin to one of the terminal points through the tree in this manner over many will permit us to compute the average present value of the project also you are using t
1	ko diamond and new bundle jo ha and jo new gun ha ki who to message ko diamond and new bundle jo ha and jo new gun ha ki who to message
1	it was a that i needed your assistance i feel as if she is my partner her is more than i can
0	i can manually add a character
0	ill call u at with my address that american stop me 2 bad jen k eh
0	i will reach before ten morning
1	congratulations ur awarded either of cd gift free entry 2 our £100 weekly draw music to
0	u horrible gal u knew dat i was going out him n u still come n ask me
0	i m getting an error page from when i try to go to just larry phone e mail us mail steamboat springs drive garland tx this email is sponsored by tired of that same old cell phone get a new here for free talk list talk
0	mike wrote why is it that people don t understand that giving stuff away is a perfectly acceptable tactic in capitalist businesses in many places it s called advertising buy one get one free i ll just take the free one ok no oh so actually it s not free at all you re just with a unit price half of what s advertised how about some truth in that advertising r
1	at 30 lac sms ir to
0	nothing will ever be easy but be looking for a reason not to take a risk on life and love
0	resume greg vince i will contact you shortly to confirm that greg is able to make it in tomorrow thanks have a good day chris williams x by chris williams on 07 10 2000 10 08 am north america corp from chris williams 07 10 2000 09 52 am to kevin corp cc subject resume greg by chris williams on 07 10 2000 09 52 am north america corp from chris williams 06 26 2000 09 00 am to kevin corp cc subject resume greg kevin this is an internal from steve douglas greg does have a good research
0	am up to my eyes in philosophy
1	r v r f i i c u c j c i i c i b d i f g to send mail to with questions in the body of the message
0	were done
1	entry u win a suzuki bike hourly mega suzuki if u r shortlisted keep this
1	special for flat 10 on booking travel or movie tickets or shopping on using bank till 30 jun tc
1	i need 5 person only who want to start online business from any country if anyone serious then me
1	upside pressure signals institutional interest newsletter june issue 2 5 in june s issue we are going to profile a k that is very much and is involved in the red hot homeland security sector ground floor opportunity for everybody this small treasure is ob inc the k is trading at only o 09 o 1 o cents and we expect it could hit 0 3 o 0 35 by mid july huge pr campaign expected this week so grab as much as you can up to 0 25 range k symbol ob current price 0 o 9 we expect the price to go to o 22 in next 2 3 days we expect the price to go to o 3 o in next 2 weeks about the company inc ob is a holding company which is identifying and acquiring operational business
1	designer paul leather wallet rs for members just pay rs as delivery charges to claim ur gift sms to
1	shopping for software now in your language currency microsoft and ibm software for only and other related software how to make god laugh tell him your future plans experience consists of experiencing that which one does not wish to experience
1	im so grateful to god for bringing mr into my life because he has helped me in recovery my loss funds after being several times but i continued until i met mr who im trading with currently and i get my withdrawal with ease every week and i want to use this medium to tell other that there are still account manager in binary and trade you can to the channel and see for yourself
0	iris mack vince i received a phone call yesterday afternoon from iris with a special request of you she says that she will have to break her lease when she comes to houston she will have a three month period during which she will have to pay rent march april and may at the monthly rate of 1 175 she is asking if we would be willing to pay 3 525 to compensate her for this extra expense i have a phone call in to the relocation department to find out how much cash iris will be receiving from us under the normal relocation benefits and will let you know as soon as i hear from them i would imagine that it is a fairly substantial amount since she is moving from california and since our relocation benefit is very generous molly
0	anne thanks vince from anne on 04 20 2001 01 31 pm to vince j cc subject good news i finally received the memo from legal that project bonuses i have left a voice mail to contact me at her earliest convenience should receive this payment on april 30 th
0	summer at hi vince if you or your human resources department tries to reach me please call me at new home phone or email me at uh or com monday 5 15 will be my moving day otherwise i can be reached at my home phone regards ed
0	please the bonus for in vince s research group for a total of 75 000 the difference of 47 500 should be charged to jeff cost center this request was prompted by jeff and vince norma x
1	failure notice hi this is the send program at mail 21 com i m afraid i wasn t able to deliver your message to the following addresses this is a permanent error i ve given up sorry it didn t work out sorry no here by that name 5 1 1 below this line is a copy of the message return path received invoked by 83 26 jun 2005 11 30 48 received from org by mail 21 by 11 with scanner 1 20 0 86 1 clear rc 0 67 171 94 76 processed in 0 26 jun 2005 11 30 48 received from c 67 171 94 76 pa net 67 171 94 76 by mail 21 com with 26 jun 2005 11 30 48 x matched c 67 17
0	does 24 hours
0	when is the deal for
0	schedule for nick as far as i know the schedule for nick is 9 10 9 c 2 meet with paul and research members 11 00 leave for lunch at vincent s 12 30 return to 1 2 46 c 2 giuseppe p talk on ip pricing 2 4 43 c 2 open forum discussions with traders 4 14 nick for hobby
0	i wrote i personally doubt it simply because i never heard of bush and going to brighton actually it doesn t say that they did just that blair spoke to williams there r
1	free personal and business grants qualify for at least in free grants money guaranteed each day over one million dollars in free government grants is given away to people just like you for a wide variety of business and personal needs dear grant seeker in a moment i ll tell you exactly how where to get grants this money has to be given away why not to you you may be thinking how can i get some of this free grants money maybe you think it s impossible to get free money let me tell you it s not impossible it s a fact ordinary people and businesses all across the united states are receiving millions of dollars from these government and private foundation s everyday who can apply anyone can apply for a grant from years old and up grants from to 1
1	r u looking if y ur welcome in business opportunity 100 natural honey products no investment free
1	maha properties sale purchase of properties in specialized in properties ashok
0	s application thanks for your help vince molly vince j 05 11 2000 08 29 am to molly cc vince j subject s application molly i am my recommendation letter for vince
0	pricing default and our may 22 conference call julia i am sending you a copy of the agreement i received from a professor at ut austin three ut academics developed a model that may be useful in our pricing applications they the possibility of either selling this model to or of joint research effort in this area can you please take a look at the attached legal document by vince j on 05 22 2000 08 52 am sheridan on 05 17 2000 08 56 42 am to sheridan vince j com cc com shirley subject pricing default and our may 22 conference call dear vince i spoke with ms
1	i agree market cipher daily chart shows a buy signal for last buy signal was 2019 when was
0	glad they finally figured this one out note the very careful so exhaust may be beneficial to ones health as long as you have a glass a day with some cheese interesting timing since just lost their jobs and have to worry about death from this anymore adam l duncan epa diesel exhaust can cause cancer wed sep am et by h josef associated press writer washington ap diesel from large trucks and other sources over time can cause cancer in humans an environmental protection agency news web sites report concludes after a decade of study the epa finding released tuesday is expected to the government s push to reduce truck emissions by requiring cleaner burning engines and di
1	all thanks to you sir stephen for the great support after all the stress but now freedom i never knew my can get me a profit in once again thank you sir contact the company support
0	owen byrne wrote what a load of crap politics are somehow more muddy now i d say that its considerably clearer the vast majority of people feel and the common practice of putting in boxes is done usually to hide them from tv cameras visiting dignitaries etc further those feelings political rallies is now usually done by police with riot gear and pepper spray we had a good one here a month or so ago a few people from the permit area which was nearly a mile from the site of the meeting of finance ministers held here the drove by it for about seconds and were immediately beaten and arrested not very at all what does that exactly have to do with the statement that of pe
1	do me share link
1	i feel so excited making money from home despite being because of corona virus i have made over by investing a minimum amount of just 700 this is more than my usual monthly salary god bless you sir
0	date an article titled mac poses as much of challenge to linux as to windows is both and missing the point the general thrust of the article is dead on it s just the sort of stuff i ve been saying to folks
0	im done
1	has launched cosmopolitan high street retail office space low maintenance best location at for booking sms to
1	make thousands just sending emails it s easy from yahoo com to subject earn money sending e it s easy new improved reports dear friend you can earn a lot of money in the next 90 days sending e mail seem impossible is there a catch no there is no catch just send your e and be on your way to financial freedom basically i send out as many of these e as i can then people send me cash in the mail for information that i just e mail back to them everyday i make a three minute drive to my p o box knowing that there are at least a few hundred dollars waiting for me and the best part it is completely legal just read the next few and see what you think if you like what you read great if you don t read it again because yo
1	to reject a message is to reject wealth investment experience this is an investment plan for the european cup football matches and only commissions you can complete all financial operations under one roof we are a professional team and we can get a stable income every day your income depends on your attitude no need to worry about your investment if you want to have wealth please join our team start your investment please add please add
1	this weeks member offers are now accessible just call for details 139 only offers mobile
0	but less time and is like impossible
0	all sorts of things
0	no thursday
0	once upon a time ville wrote i assume that you won t ghost or remove these and the modules change on though so people who are installing this rpm and are unfortunate enough to have a dvd drive or just an ordinary cd non dvd drive that doesn t support will be left with a system without a working cd drive even after removing the rpm and without ever knowing what struck them you can t remove the setting from modules either unless you re sure that added it there and nothing else needs it i ve never heard of any cd rom or dvd rom drive having problems with although there probably is since red hat decided to default it a few releases back normally even if you try to enable and your device doesn t support it it simply don t be able to make the ch
0	landed
0	replied resume vince sally it appears that the implied vol on this one is quite high perhaps we can lower our var using historical vols i would be happy to interview him his resume does not appear to be research worthy by any stretch so i guess or ops might be a fit should i forward his resume to tony and bring him in to see a couple of and a couple of ops as sort of a first interview sally advise your thoughts vince is this the price of being a risk management rock star ted vince j 06 23 2000 08 18 am to sally beck michael e bob ted murphy cc vince j subject replied resume i am a resume of one candidate w
1	yo comes a new selection of hot downloads for our members to get for free just click open the next link sent to ur
1	camera you are awarded a digital camera call delivery within 28 days
0	01 the basics january 16 2001 01 04 01 to vincent 101 the basics training course you are confirmed for the following course 101 the basics training course on tuesday february 27 2001 from 9 00 a m to 12 00 noon and 1 00 p m to 4 00 p m on the internet we encourage you to coordinate participation in this workshop with others at your location by organizing a conference room with internet and phone access no fee will be charged to members will be 500 00 to attend the course the fee is non members will be charged only for each connection multiple participants may watch on a single connection in order to participate in the course you will need a computer with internet
1	urgent your mobile no was awarded bonus caller prize on this is our final try to contact u call from
0	i i say i need 2 sleep bt u cn call me if u want to tonight i u coffee at i kiss u n u smile wen ur tense i put d laptop away n put a sheet over u wen u fall asleep in front of it bt d least i cn do is be with u in spirit hope u manage 2 finish off ur work soon i love u a lot call me anytime u want 3
0	date not supplied pioneering contributions to have provided two new windows on the universe
1	in the heart of your business corporate image can say a lot of things about your company contemporary rhythm of life is too dynamic sometimes it takes only several seconds for your company to be remembered or to be among competitors get your business or website done now fast you see logo variants in three business days satisfaction guaranteed we provide unlimited amount of you can be su it meet your fit your business improvement additional formats bulk orders special packages creative design for competitive price have a look at it right now not interested
0	price processes for ng grant vince i am sending you the results of fitting different price process models into ng prompt month prices the fit is quite good for some models we might think of using these mean jump diffusion models in our credit model i should examine other contracts behavior beyond prompt month as well tanya
0	the pay s not good a year but there is insurance a i think off a student loan or for future education and non compete status for any govt job after a year s service i moved to new orleans yesterday and i should be flying to dc in about a month to start the training i ll be setting up a community technology center which will be used to teach computer literacy skills to low income folks just like learning ms shit yeah yeah am i doing i know so that they can possibly find better jobs i m sure i ll be doing all sorts of other things too like helping folks with their taxes writing grants etc the website is there are all sorts of jobs all over the country so if someone out there can survive on the small salary it s something s he might want to t
0	better late than ever any way i could swing by
0	matthias wrote the of the failed for me with rpm build errors file not found by var root so file not found var root so weird i had no problems at all rebuilding from the with modified to enable the interpreter the check files test warns that share was not included in any package but other then that it s all perfectly clean rpm list list rpm list net
0	monday s newsletter hello vince i m working with michael to produce this next issue of the newsletter do you have a suggestion for the column on page one if so please tell me what you d like to use and i ll get it ready either today or monday morning at some point when you have a couple of minutes we should sit down and talk about your philosophy regarding the newsletter and what you would like to see in the future i d like to get a little creative with it once i know your thoughts on this best regards sam p s note that i am william smith in the lotus notes system there is also a will smith that works in it we forward each other s mail all the time ss
0	date am gold lake mountain resort looks pretty man there are a lot of cool relaxing places to stay in colorado keep the suggestions coming
0	i ll be gone for a month sounds like fun be careful and have a great time we will see you when you return on the 31 st shirley 06 27 2000 11 23 am to shirley grant maureen raymond cc subject i ll be gone for a month good morning i am leaving houston this weekend to go to camp so friday june 30 will be my last day i will be at camp for a month but i can be back at work on monday july 31
0	software hi congratulations on your papers the purchase contract is in the last stage of it s circulating through different parts of the company where it has to be signed i think we should be able to execute the contract in the first few days of december i shall let you know as soon as our internal process is completed vince com on 11 29 2000 02 26 12 pm to com cc com subject software dear vince i guess time has been flying for you by since our brilliant show in paris in my case it is the same i got 3 papers accepted in the 3 major journals in finance journal of business journal of finance and journal of financial economics we should write a piece our software seems to be quite
1	one stop shop in stock 25 caps flat rate 0 1 0 11 no bulk deals pickup drops possible for get orders in shop open sat packed expect same
0	wish no game no life gets new season
0	in essence justification the weren t in the middle they were in a society at one end and they wanted a society at the other end the middle is more or less where they got stopped as to an intervention that worked i actually have some nice things to say about the sec at least in theory i have a few nasty things to say as well but on the whole it has been a very good thing original message from fork fork on behalf of sent tuesday september pm to fork subject liberalism in america liberalism as in truth the middle american liberalism believes that in this respect it has made a major contribution to the grand strategy of freedom where both and socialists in the
0	should i be stalking u
1	for ur chance to win a shopping shop to
0	good idea this could also be a job for lots of people would love to devote their spare cycles bandwidth and ip addresses to giving the chinese net access in a sense this is what the peek a project does but let s play out the next few moves good guys google enables access bad guys chinese government again blocks all access to google domains good guys set up google on ever changing set of hosts peek a bad guys ban or any opaque traffic at the national good guys hide google traffic inside other looking activity bad guys require nationwide installation of client side software good guys offer software which monitoring software bad guys and harvest organs from people
0	oh yeah and my diet just flew out the window
1	help me claim my cash reward and you can get yours too follow my link to register and help out
0	dear have a nice day
1	sony liv 6 months on ur number mail 5 screens full all device support its official no issues ever just 250 6 months amazon prime video 1 year 80 prime video on your mail or mail full guarantee within you will get replacement selling cracked accounts premium monthly guarantee monthly guarantee monthly guarantee monthly all accounts with replacement guarantee to get your accounts shop at accepted
0	uc berkeley graduate student we shall invite you for an interview in houston vince on 10 23 2000 07 55 31 pm to com cc subject uc berkeley graduate student dr vincent managing director and head of research corp dear dr it was a pleasure talking with you and attending your talk today i am a graduate student in industrial and operations research working with prof on topics in financial instrument pricing and design of contracts in electricity markets i am also doing research in auction models and equilibrium models with applications in electricity market design i am planning to graduate with a ph d in may 2001 and would appreciate hearing about any o
0	i am sure thing original message from vince sent thursday april 12 2001 3 21 pm to molly cc shirley subject i am molly we would like to hire this person for the summer standard offer thanks by vince j on 04 12 2001 03 22 pm on 04 11 2001 09 14 01 pm to vince j com cc subject i am hi dr i am the student of dr deng i think dr deng has sent my resume to you i am very happy to have an opportunity to work with you this summer i am a student in both ms and ph d programs in georgia tech now i plan to find
0	all in one technically you can also do it after installation is completed i get that
1	a taller to be choose one of these exercises grow 23 inches taller 1 standing forward downward facing head to your replies to on are free
0	delhi
0	tips us inflation linked bond i can not replicate the nominal yield and inflation cash flow calculation from bloomberg so i called the bond analytics group i got to the point that they admit that they have made mistakes in their calculation and promised to fix it once i got the issues settled there will be a better us inflation model
1	glad i the move hello welcome to sho p one yellowish of the leading pharmaceutical shops v g a l l opposed l l molecular a ra cl i sv a um s welding ave over 50 worldwide sh resistance total ty over 5 customers in 130 es have a nice day
1	got a great website you can earn rs per day by watching video turn on the video charge the phone and set it aside to do your work when done click the enroll 10 $ button then play the other video and continue like this after making the first withdrawal put on a good data package and continue to do days for 10 days one hundred and eighty thousand rs in four hours $ its just only playing video its a great site this is how it starts here this website went together towards video play when got 100 $ the money was deposited in our account when playing a video there are relevant dollars under each video click on a video that costs more than a dollar put your phone aside and do your work simple
0	action learning project information vince thanks for the information kathy at 01 03 pm 1 8 01 you wrote kathy will be represented by myself vince and kenneth vince kathy on 01 05 2001 05 04 21 pm to recipient list suppressed cc rice castro rice rice subject action learning project information dear company representative we are pleased to announce that your company s proposal has been selected as a potential project in the jones graduate school of management s action learning project program as indicated in the company representatives are invited to attend the program introduction and student networking session on w
0	i have many
1	localized software all languages available hello we would like to offer localized software versions french spanish uk and many others listed software is available for immediate download no need to wait 2 3 week for cd delivery just few norton security pro 2005 29 95 windows xp with sp 2 version 59 95 draw graphics suite 12 49 95 mx 2004 5 5 39 95 studio mx 2004 119 95 just our site and find any software you need in your native best regards
0	in a bar a man attended a hello yes honey darling im in shopping mall shall i buy jewellery worth rs 1 ? sure honey 1 silk worth rs shall i ? 1 nt enough honey take 1 more ok dear i ur shall i use sure with pleasure all asked him after he put down his u ur wife excuse me mobile is
0	thanks a lot dr i appreciate you for giving me a good opportunity to have the interview the visit to was very impressive thanks for arranging interviews with people at research department and extra interview at the net work it was good to have chance to meet such nice people and have a talk with them it was a good experience for me and i hope we have chance to see each other kim ph d candidate dept of industrial engineering and operations research u c berkeley http www berkeley go bears a a 0
1	a group me add bro mil a group me buyer and seller h jo v add ap mil
1	join focus groups to earn money a la research recruits for focus groups across the country focus groups are an easy way to make some extra money for just a couple of hours of your time each group is only for the purpose of learning your opinions you can be assured that there will be no sales presentation and you will not be asked to buy anything everything that is mentioned will be held in the of confidence focus groups let you express your opinions on whatever subject is being discussed and we actually pay you for those opinions if you would like to be added to our list of possible future respondents then click to fill out the registration form if you have any questions about this please e mail me at register com since
0	date not supplied we re trying to decide if should support custom fields historically i am opposed to custom fields in principle because they get abused people add so many fields to their bug databases to capture everything they think might be important that entering a bug is like applying to harvard end result people don t enter bugs which is much much worse than not capturing all that information you can always page fault to get the information if the original report forgot it rather than having a field in every bug where you enter the version numbers of every on your machine this is an actual customer request information which is likely to be relevant only for a tiny percentage of bugs why not just have the programmer look at the bug
1	search engine position be the very first listing in the top search engines immediately our company will now place any business with a qualified website permanently at the top of the major search engines guaranteed never to move ex yahoo alta vista etc this promotion includes unlimited traffic and is not going to last long if you are interested in being guaranteed first position in the top search engines at a promotional fee please contact us promptly to find out if you qualify via email at 1 net pe it s very important to include the s if you are interested in promoting this is not pay per click examples will be provided this promotion is only valid in the usa and canada sincerely the search engine placement specialists if yo
1	tech other new shoes for men and women new range of track suits store the arcade road
0	i m getting these messages and i m not sure what they mean can anyone clear this up for me thanks sep linux check timed out and was killed consecutive failure of sep linux timed out and was killed this message has been scanned for viruses and dangerous content by at and is believed to be clean this email is sponsored by welcome to geek heaven talk list talk
0	use daily headline this week on august september posted by rafael on monday september the review posted by on monday september news copyright all rights reserved you have received this message because you to it on use to stop receiving this and other messages from use or to add more messages or change your preferences please go to your user page you can log in and change your preferences from there
1	min open order : 2 disney premium dan extra kota extra unlimited extra unlimited : 2 disney premium kota payment
0	why de you looking good only
1	feeling great is not a luxury do you feel the strength buddy deal with your problems supplies are limited http com cid take care levi sloan phone 173 218 1914 mobile 113 email gus net e n 0 u g h http com php
0	tiger team wharton participants are these students first or second years if they are first years we did not have a single one submit a resume for the summer associate position michele marvin manager broadband services kristin 01 03 01 10 17 am to jeffrey a william catherine clark development development tom colin jackson communications communications laura communications communications michele marvin communications communications jennifer fraser natalie communications communications
0	wrote is the use of trusted hardware really worth it does it really make it more secure look at the dvds dvds don t use trusted hardware as for whether it is worth it that depends entirely on what its worth to secure your software cheers ben there is no limit to what a man can do or how far he can go if he doesn t mind who gets the credit robert
0	no drama have had enough from you and family while i am struggling in the hot sun in a strange reason why there should be an ego of not going if not invited when actually its necessity to for very serious
1	lowest fare challenge book ticket 7 days advance and get 65 off use promo code to save rs on air ticket e
1	your number has been awarded 00 in hot diamond 2011 exhibition draw held in uk for claim contact mr clark cook on com
0	conference todd thanks for the invitation to speak on the panel it was a real pleasure to join you and other leading professionals in the energy area in the discussion on the state of the electricity markets in the us i want to wish you a very happy and successful new year vince strauss todd on 12 20 99 03 41 27 pm to vince j cc subject conference vince thanks for participating in the conference in houston 10 days ago your penetrating analysis of the current state of electricity markets and what the trends may be was a very useful contribution to the conference happy holidays and wishing you a healthy and prosperous new year century todd strauss principal ha
0	ty na ze i ja do w 29 04 do 7 05 w usa do z w springs z i z ale 303 e na get free email and a permanent address at http www com n 1
1	judicial child support very substantial profit processing money judgments from a cruise ship be on top control when you want to take time off current associates earning 5 000 us to 12 000 us per mo impressive training and support detailed information or to un or to see our address from dave f in nebraska first of all i want to tell you that i am going to be my own first customer i won a judgment against a man but he closed his shop took my property and disappeared thanks to the information you gave me i found him three days after receiving your training manual i will use the knowledge gained from you to collect what he owes me thank you again as far as i m concerned your training course has more than paid for itself al
1	for your information this will be our closing notification we have made an effort to write to you on many occasions and this will be our last contact your present loan situation meets the requirements for you for up to a 3 70 lower rate however based on the fact that our previous attempts to write to you didn t work this will be our last and final attempt to lock you into the lower rate please this final step upon receiving this notice immediately and complete your request for information now apply here if your decision is not to make use of this final offer going here will help you to do so
1	next tuesday at 9 am for immediate release cal bay stock symbol watch for analyst strong buy recommendations and several advisory picking has filed to be traded on share prices historically increase when companies get listed on this larger is trading around 30 and should to 2 66 3 25 a share in the near future put on your watch list acquire a today reasons to invest in a profitable company no debt and is on track to beat all earnings estimates with increased revenue of 50 annually one of the fastest growing distributors in environmental safety equipment instruments excellent management team several exclusive contracts impressive client list including s
1	re 4 terra investigate i wonder what if paint s also another one
1	the of staying strong is needed been investing with the wrong people thinking i found people i could trust but everything turned out bad until i met charlie and i invested with him right now me and my lovely family is very happy
0	research reporting are you happy having steve and research reporting to you in london with a thick dotted line to vince in houston up to now it has reported to dale so it makes sense to shift to you steve wants a dotted line to commercial which i m happy to have to me as he does o much work for us richard
0	on aug jon wrote i has just been given an old with earliest and of hd but only a floppy drive on it its got which is funny to see again but gonna be cleared as soon as i stop messing with it what i was wondering was could anyone advise what o s would be good for this i want a small usable nix for it that i can transfer to it floppy connecting this to i know that allows pier to pier connections over serial and ports to other but is this easy do for connecting to nix have done exactly this with only i used a network card and did it off bandwidth is rather good however if you ve another machine look into this null cable
1	earn extra income want to make a million bucks this year me too but it s probably not going happen however if you re looking for the opportunity to make a couple thousand a week working from home with your pc we need to talk if you re over 18 and a us resident just click reply send me your name state complete telephone number and the best time to contact you i will personally speak with you within 48 hours have a great day removal instructions to be removed from this list please reply with remove in the subject line please allow a few days for removal to take effect sf net email is sponsored by welcome to geek heaven http com sf list
1	do i require an attorney to use this system and clean up my record purge all of your card payments cancel debts and never make another payment discharge debts quickly legally for the rest of the story about debt go to our elimination pages no then the link and address above king edward was engaged in earnest consultation with one of his ministers and after a look of surprise in rob s direction and a grave bow he bestowed no further attention upon the intruder but rob was not to be baffled now your majesty he interrupted i ve important news for you
1	netflix free get 2 months of netflix premium free anywhere in the world for 60 days
1	downloadable software http rosary com a
0	on aug at rose bobby wrote if you didn t add it when would be one way another would be to your for the word i don t know if there s a way it s not in the output but this should work strings which i if you get a long list of function message looking phrases is built in if you get something like warning filter usage x requires support warning option s requires support id c v then it s not built in randomly generated m can anyone tell us the lesson that has been learned here s yes master not a single one of us could
1	hey we owe you some money dear we sent you an email a while ago because you now qualify for a much lower rate based on the biggest rate drop in years you have been pre approved for a 400 000 home loan with a low fixed rate follow this link to process your application 1 minute approval form sincerely david morrison senior account manager and associates llc http www lending com r php re e me from the list
1	if u want to increase your followers me if interested price is and cheap followers followers followers price starts from shillings
1	in the heart of your business corporate image can say a lot of things about your company contemporary rhythm of life is too dynamic sometimes it takes only several seconds for your company to be remembered or to be lost competitors get your business or website done right now fast you see several variants in three business days satisfaction we provide unlimited amount of you can be su it will meet your fit your business improvement formats bulk orders special packages creative design for competitive price have a look at it right now not interested
1	as gaming special day hip hop bundle new pet elite pass personal message me for diamond and red criminal but given id and pass no hack too personal message se
1	i just received into my wallet so excited i took a risk that paid thanks charles for the investment
0	i knew many new things bout my uncles character and found out he is such worst kind of guy
0	if u any problems tel me ill help u if u any problems ill create
1	important news hey za net download popular programs from our site get back to you later eduardo i need to get a my feet smell and 1
0	training courses shirley no problem vince shirley 03 13 2000 12 08 pm to vince j cc subject training courses vince kevin moore and jose marquez would like to take a course entitled to which is scheduled monthly the first course available would be may 18 th and the cost would be 600 00 each is this ok thanks
1	private your 2003 account statement for shows 800 s i m points call code
0	later but im my now lei going home first
0	apparently i did
0	married
0	i want to show you the world princess how about europe
1	urgent call from your 4 holiday or cash await collection box 18
0	summary for data vendor research and model development hi here is an updated the data vendor research and model development please let me know if any thing is missing wrong should be deleted etc thanks iris original message from salmon scott sent monday april 09 2001 2 15 pm to cc mike eric mack iris subject data for private firm model great work iris this gets us heading down the right direction and we ll have some project scope documentation cheers scott 09 04 2001 19 25 to scott salmon eu mike eric eu cc iris mack subject data for private firm model
0	telephone interview with the corp research group since several of you will be out on the 6 th we have moved the telephone interview for marshall yan to tuesday the 5 th at 1 00 pm thanks by shirley on 11 29 2000 03 22 pm marshall yan on 11 29 2000 03 16 16 pm to shirley com cc subject telephone interview with the corp research group ms tuesday the 5 th is ok with me i will talk to you then marshall on wed 29 nov 2000 shirley com wrote hi marshall i have some unfortunate news several of the will be traveling next week and they have had to schedule their return on wednesday
0	i would appreciate it if you could get packages for red hat i will be making a new release soon but even in the meantime packages would be ok i know that in the beta red hat was using a modified version of gnome which is incompatible with the latest if this is still the case in i can send you a patch which makes work again julian on monday sep at us eastern matthias wrote hi all all is now set for the imminent release of red hat linux the whole release process is a lot less secret as usual since there have been some leaks including a mirror purposely wide open see this article about the release and the leaks as it s no secret anymore the files will be available t
0	i thinking i attend 1 evening of my fest u attend n so i don to hear from anyone i din enjoy my life bt then its honestly a burden to attend d damn thing n id rather spend u whether u attend my fest with me or not also i use the to attend to pending work n maybe study for viz almost just after my fest we use for ourselves if u attend ur class i cn use to collect my security deposit w
0	energy finance conference participation feb 22 23 thank you we look forward to having you here sincerely angela angela dorsey assistant director center for energy finance education shirley com com subject energy finance conference participation feb 22 23 angela thanks for your message i shall be glad to attend the conference both days i shall call dr to discuss my participation vince angela dorsey on 01 16 2001 12 54 15 pm to vincent e mail cc subject energy finance conference participation feb 22 23 vince further to dr s e mail dated 1 9 please confirm your participation in the ut 2001 energy finance conference to be held on the university of texas campus
0	your site password dear thank you for registering your requested is and your password is you may use this to access picture of risk at http www com por index use the forecast engine at use the data directory at http www com data view index access the at access the at read our technical documents at read our monitors at http www com research monitors index read the publications at read risk management a practical guide at please let us know if you have any questions or concerns web services web com
0	mid project review dates hi donna please sign the team up for feb 20 th thanks and thanks for all your help last week everyone at is enthusiastic about the project and the students have been very in their thank you notes we re looking forward to the video conference thursday my assistant melinda will contact you to make sure we re in for the broadcast thanks christie
0	if ever i rude 2 u if ever i angry wit u if ever i wit u den slap hi !
0	vince attached are two sets of for your kind regards see attached file q bench rms doc see attached file feb 5 17 2001 doc this e mail and any files transmitted with it message is intended only for the use of the recipient s named above and may contain confidential information you are notified that the taking of any action in reliance upon or any review dissemination distribution printing or copying of this message or any part thereof by anyone other than the intended recipient s is strictly prohibited if you have received this message in error you should this message immediately and advise the by return e mail opinions
1	netflix available for sale all types netflix accounts from them guaranteed available me to buy
1	my friend instant payment received no invest free same ambition website horizon give youtube
0	on sep j c lawrence claw nu wrote on mon sep tom com wrote at work i have to use outlook i hate it at work we fire people who use outlook literally true they get escorted to the door their badge confiscated and told to return the next day to collect their office contents why what threat does outlook pose to your organization but it does a few things right like making indices for each folder and not just by date but also by message size subject so i can sort by any column instantly have you looked into using a custom sequences file more detail please i do use sequences so i m familiar with their use but how can i make indices with them and how can i ke
1	wow thanks to everyone who referred me to mrs janet because i just got my first payment of with just a investment of indeed her company is the best and reliable
1	2 mobile r yours call now ur mates play java games music
1	congratulations the free company uk head office suite 25 32 lion towers central london england www com the free company branch office suite ap amsterdam netherlands dear winner we are please to announce you as one of the lucky winners in the draw held on the 21 th of july 2005 all winning addresses you been approved for a lump sum pay out of us 1 500 000 00 0 ne million five hundred thousand united states dollars congratulations due to mix up of some numbers and names we ask that you keep your winning information confidential until your claims has been processed and your money to you this is part of our security protocol to avoid double claiming and abuse of this
1	hello welcome to shop we are pleased to introduce ourselves as one of the online i shops v r designer al l l a cl a um save over 75 total worldwide outset over 5 clothes in 150 countries have a skinny nice day
1	you all should be careful out there i got involved in a scheme that stole a lot from me and other investors after promising great returns it can be terrible and frustrating and im glad that i managed to recover my money through the help of a private investigation agency that took up my case after i me a message for the agency link
1	full accounts available anti ban bulk order cracked available too amazon prime video youtube premium hbo max roll express reality king porn hub other premium accounts available too ping me if you are interested in any ? are welcome payment modes phone pay google pay all valid available
0	what you did in leave
1	worried about where to us uk canada germany or sms to for guidance by experts based in india and abroad
1	the company now provides game promotion services just forward the game promotion ads to get commissions no investment is required you can get 5 by inviting a person to register and you can get commissions for completing tasks the tasks and steps are very simple friends who have time or are interested can contact me
1	court ft 3 4 project approved by banks genesis real estate consultant ltd
1	any software for lowest best software prices i exist as i am that is enough envy is the of the soul
0	a message from ken lay and jeff with deep regret we announce that joe sutton vice chairman of has decided to leave the company joe has indicated his desire to pursue other opportunities in the energy asset development and operations business joe has been instrumental in making a global company we will miss his energy and enthusiasm we wish joe the very best as he new endeavors ken and jeff
0	404
0	credit derivatives discussion group vince first meeting will be dec 11 or 12 at west ny look for phone in details next week original message from vince j com vince j com sent friday december 01 2000 10 24 am to home com cc vince j com subject credit derivatives discussion group philip thanks for keeping me in mind yes i would be interested vince philip merrill on 11 30 2000 04 47 20 pm please respond to to cc subject credit derivatives discussion group vince we are starting a credit derivatives discussion group in new york is this something you would be interested in like 133 an 800 call in number will be provided
1	your gateway to wealth profiles professional is a personal and business analysis tool that a client s insurance investment and financial planning goals to help them see their situation today compared to their objectives profiles professional is an ideal tool for true financial planning it not only provides a thorough analysis including asset allocation but it can calculate tax implications in a client s plan due to its modular format it can be used for specific planning needs as well as more comprehensive planning this software not only provides exceptional analysis but in providing simple as well as comprehensive presentation pages by multiple needs producers sell more products an internet based sales enabling service which a
1	job is knocking ur door hurry up miss this great opportunity com
1	now manage stress easily at work and for simple ways to sms to
0	pass to all ur contacts n see wat u get in u put a smile on my face r hot r so i u go out u u jealous of u miss you nw me one color
0	so i could kiss and feel you next to me
0	i think one step towards deployment is creating a re usable for mail messages the current doesn t expose an easy to use or easy to the module seems to contain an enormous body of practical knowledge about how to mail messages but the module wasn t designed for re use i d like to see a module that can take a single message or a collection of messages and each one i d like to see the by too tim had to exclude some from his test data because there were particular in the test data if other people have test data without those they ought to be able to the to include them or exclude others jeremy
0	mala best song tho
1	win a shopping every week starting now 2 play text store to
1	play full length movies on your pc to ensure delivery to your not bulk or junk please add news real email net to your address book only 12 95 per month after your free trial unlimited movie downloads choose from 100 s of movies each month with new titles added weekly never a queue to manage just pick your movie start and you can begin watching in minutes no hidden charges no late fees nothing to mail back watch at home or on the go as often as you want please note are currently available for purchase in the u s only a 300 broadband connection is required if you want to make sure that emails from go to your and not to your junk mail folder add news real email net to your ad
0	monthly oil briefing alert december 20 2000 title monthly oil briefing update e mail category monthly briefing knowledge area world oil in the past two weeks oil prices have sold off the premium or price strength that had been built into the market in anticipation of possible shortages this winter the exact cause of the sharp switch in market psychology is hard to but seems to be a combination of very early signs that the oil stock situation is at least even if stocks have not built substantially and that thus far despite a few weeks of colder than normal temperatures heating oil supply has been adequate to meet demand in the key us market that has some of the concerns that were driving
0	ok ok vince i will stay up tonight and call in london with this news i ll be right back to you probably or send you an email tonight thanks vince jeff jeff my associates are leaving for london tonight monday they can still interview howard on tuesday afternoon vince get free secure online email at http www com
0	hello all the program for the 2000 texas finance festival has been and can be found on our web site at i do need to remind you of a few things before we converge on san antonio first be sure to contact the convention hotel and make your reservations at last count there were only 6 rooms left second i need a completed application form from everyone so that we can get an accurate meal count i am the program announcement so you can fill out the appropriate boxes for meals and numbers of guests in the event you have not sent in a form remember that we are starting the conference off with a on friday so plan on arriving early friday or coming in on thursday evening if you can our hotel is right on the river and there are lots of restaurants and
0	im not she lip with
1	i know your company lt is really hard to a company the market is full of and the information but a good logo and outstanding make the task much easier we do not promise that ordered a logo your company become a leader it that without products effective business organization and aim it will be nowadays market but we do promise that your marketing efforts will become much more effective here is the list of clear benefits hand made original logos specially done to reflect your distinctive company image convenience logo and are provided in all formats easy to use content management system
0	im stuck in da middle of da row on da right hand side of da lt
0	tail of distribution and additional risk measures the analytical var approach is working for equity portfolio it gives us the tool to examine the tails behavior for this portfolio and calculate expected tail loss the same should be done for commodities portfolio as well meanwhile as we discussed we can give some rough estimates of the losses corresponding to other than 5 th look at the figure below you can see var numbers for 5 1 0 5 and 0 1 calculated with 1 simulations 100 thousand simulations 2 analytical var gamma delta positions representation 1 and 2 are very close because there are not many options in equity portfolio 3 simulations 1000 simulations to calculate 5 var then in order to approximately
0	no home work to do
1	an additional income stream from your current book of business agent commission client year old male year old female result second to die policy minimal cash value policy was no longer required utilized a life settlement and received agent commission client year old male with health complications result policy with small cash value utilized a life settlement and received agent commission client year old female result policy with an annual premium of policy at age utilized a life settlement and received multiple opportunities to earn
0	i knew that i saw him in the dollar store
0	confidential information and securities trading to email com wholesale services office of the chairman from mark chairman ceo greg president mark managing director general counsel subject confidential information and securities trading wholesale services maintains official policies and procedures regarding confidential information and securities trading policies and procedures which have been revised as of november 15 2000 to reflect the new structure these policies and procedures are intended to allow us simultaneously to pursue our diverse businesses and to protect confidential information our reputation for integrity and and its
1	welcome to group no or pm not allowed talk friendly use good words chatting only friends are the best to share pain and happiness respect everyone specially girls
1	food 6 50 14 in short term company plans to enter into lucrative segment of n distillery buy n hold for 1 month
1	your information total invites 0 users per 500 free link refer and earn
1	urgent department warning urgent department warning we recently have determined that different computers have logged into your account and multiple password failures were present before the one of our customer service employees has already to reach you as our employee did not manage to reach you this email has been sent to your notice therefore your account has been temporary suspended we need you to confirm your identity in order to regain full privileges of your account if this is not completed by june 27 2005 we reserve the right to terminate all privileges of your account as it may have been used for fraudulent purposes we thank you for your cooperation in this manner to confirm your identity pleas
1	join the great today and get rich and famous are you looking for wisdom and are you a businessman pastor politician musician doctor footballer swimmer etc do you want to be a famous artist or actor and you want to be rich powerful and famous in the join new world order and let your dreams come true become a member today and receive $ each week with an additional car contact your initiation teacher if interested via
1	are you ready to get it hello is the 1 med to struggle with dysfunction like one jokes it is strong enough for a man but made for a woman is a very fast and secure way of people do it to save their privacy and money order here
0	presentation george this is the presentation i promised vince
0	approval for reviewer roberts jr michael a has suggested reviewers and submitted them for your approval you may review modify this list of reviewers by logging on to pep at http pep corp com and going to supervisor services please remember no feedback can be completed on roberts jr michael a until you have approved the list
0	i want to be used in
1	perfect logo 8 r thinking of breathing new life into your business start from its front end logo and identity offers creative custom of logos and web sites under our hand these tools bring a breath of fresh air into your business and make you stand out among the competitors you are just a away from your future success here to see the of our artwork check our prices and hot offers
0	fine if the way u feel the way its b
0	tim on my box the current system scores about per second starting in memory of course that was a guess bothering to get a clock out it was more like per second see a without changing a thing wink
0	on mon sep hal writes scan f shouldn t that read scan f and something else changed the context in the background it doesn t hurt to explicitly state the folder scan f f cheers the problem with the ibm keyboards i have is that when you use them to beat the caps come off the keys no real damage but still a
0	its an optional thing for users to create an account
0	if its not one thing its another my cat has worms when does this bad day end
1	show ur colours euro 2004 241 offer get an england flag tone on ur phone click on the following service message for info
1	from dirty picture will you make it your love yes / within 24 to get a video free from on
0	have added u as a contact on com to send free sms to stop receiving sms email via com
0	height of oh shit situation a guy throws a letter on a gal but falls on her brothers head a
0	why abuse the so use it in one place only
0	girl u know gail is care sweet and u
0	june 21 22 retail electricity conference dear workshop participant i hope you will be able to join us for the conference on retail participation in competitive power markets to be held at the conference center stanford university on june 21 22 2001 conference attire will be business casual the meeting will begin on thursday morning june 21 at 9 00 a m and will conclude by 5 00 p m on friday june 22 a continental breakfast will be available in the meeting room each morning beginning at 8 30 a m please visit the june 21 22 meeting under for a description of the meeting and some information about hotels please help us in our planning by using the form there to respond back to about your participation we have listed potential participants
1	make money online lowest fares portals under one website check once and grab best deal for you als
1	get 30 discount on your 1st order at an online shopping app with a wide range of fashion and home decor products at wholesale prices use my a complete shopping experience at with cash on delivery and easy return download here
1	free message activate your 500 free text messages by to this message with the word free for terms conditions visit
0	reigns my best friend
1	any med for your girl to be happy your girl is with your don t wait until she finds another men click here to choose from a great variety of love t bs best pri es fast and effect here you buy it from warehouse the store is by and approved by visa
1	options to invest for future in original in 82 universal 82 84 83 sms to
1	uae dear provides you with the latest business information on projects and business deals in the united arab emirates we will keep you informed about all business activities in abu dhabi dubai al ain northern emirates in areas such as construction development telecommunication information technology medical power generation roads bridges more provides members free access to the most comprehensive and detailed real time project and tender database with many benefits including complete access to our detailed real time database on all projects and in united arab emirates details provided a project number project name territory client client address description in
1	make this special with free apps games more for your nokia now ya offer visit
0	houston visit thanks see you at 6 30 vince on 01 24 2001 10 46 57 am to vince j com cc subject houston visit vince great i m glad that you re in town on wed 1 31 i ll be staying the oaks in the let s meet the hotel s lobby at 6 30 pm i have both your work and cell and my work is below just in case i look forward to our dinner and catching up best 253 original message from vince j com vince j com sent wednesday january 24 2001 10 52 am to com cc vince j com subject houston visit nice to hear from you dinner on wednesday jan 31 would be
1	in 5 minutes join this private channel fast join now else regret later
1	anyone want free cobra with upgraded so tap this link
0	carnegie mellon resume pre select list hello everyone it is time for the spring recruiting season to begin and select the candidates we would like to have on our pre select list my coordinator will be handing out the resume books this morning please call at extension with your locations so we can be sure to get the resume books to you please email me your top 10 picks by noon friday january 26 th thank you for your continued support and i look forward to working with you all this season kristin associate associate analyst program
1	buy from me 11 months account at usa accounts
0	date aug from chris dated com message id com i assume you re going to report this to the folks it turns out when i did some investigation that my memory of how worked here was wrong that s not unusual the switch seems to have always done requiring a subsequent list to turn it on again given that i have no idea how the pick code as it was ever worked in fact it quite possibly never did the way it was intended to i have just been the sources and that seems to be attempting to do things that i never saw happen it may be that your new sequence method just exposed the bug that had been there all along given this i
0	california 1 17 01 summary late night efforts by the california assembly to craft a legislative solution are falling short of market and expectations bankruptcy appears increasingly likely but the dynamics of a ch 11 proceeding remain unclear edison is likely to be the first in ch 11 following its suspended payments to creditors yesterday and is now in a 30 day cure period attempts to bring in the assets of the parent companies are unlikely to succeed bankruptcy would provide davis with some political cover to implement the tough decisions that he has so far avoided on the questions of rate and other costs to taxpayers connected to the proposed operations of the california power authority 1 legislation passes assembly but generators and consume
0	tell my bad character which u in me ill try to change in i ll add 2 my new year resolution waiting for ur morning
1	take control of your computer with this top of the line software norton software suite professional edition includes six yes feature packed for special low price of only this software will protect your computer from unwanted and hazardous viruses help secure your private valuable information allow you to transfer files and send e safely backup your all your data quick and easily improve your pc s performance w superior integral you ll never have to take your pc to the repair shop again feature packed utilities great price a combined retail value yours for only price includes free shipping and for a limited time buy any of our products get free don t
0	if a drop of water falls in a lake is no identity bt if it falls on a leaf of lotus it like a pearl so choose d best place where u shine
0	credit john bill bradford is on vacation i passed your question regarding credit rating to debbie vince
1	is als je kan je je in de db bent om te
0	john p wrote on aug at moran mentioned in a is suns own flavour of unix though i m sure that this nice person would like a bit more detail is quite different to linux though these days you can make act a lot like linux with an extra cd of gnu tools sun ship with it is based on the unix family so it s quite similar to other like and sun s hardware in general is more reliable and a lot more expensive one of the main bonuses you get by buying sun is that you are getting your hardware and software from one company so if you have a support contract they have to fix it they can t you off with that s a software problem talk to the software vendor etc if you are set
0	i m still seeing razor reporting bomb out with a small variety of messages would something here help or does razor do that as needed anyway and this just reflects trouble at the servers also since these are reports i m making from within it s annoying that the error messages the x window a bit if there s nothing constructive to do about razor failing can i at least turn off the failure messages one way or the other i d rather not see them on wed sep at wrote i m getting no servers available about half the time in the last few days this is with razor is there something i need adjust in the installation here or are the servers just down thanks this email is sponsored by
1	go to service center they will charge 150 rs software charge or 18 rs your phone will b all right
1	luxury by escorts in in sector 80 on nh 8 52 units team now
0	focus group invitation supervisors karen vince asked me to let you know that he will be unable to attend the lunch on friday september 8 th he has a previous engagement that he cannot miss i tried constance charles but her voice mail box was full thanks shirley administrative coordinator
0	i saying wen u disconnected finish
1	from mr michael and family johannesburg south africa my dear good day this very confidential request should come as a surprise to you but it is because of the nature of what is happening to me and my family urged me to contact you and i quite understand that this is not the best way to contact you because of the nature of my request and the attention it requires i got your contact information from your country s information directory during my desperate search for someone who can assist me secretly and in relocating and managing some family fortunes my name is mr michael the second son of mr smith of the height of the present political crises in our country in which the white farmers in our country are being and ripped off their
1	eco by best location best price sms to
0	new release build zip pine build may 28 2021 android 11 0 47 mb vanilla 1 21 gb download now support us for more information pine
1	i never knew investing in binary option is the profitable it was long ago when i saw post online of people giving about mrs amelia then i decided to give her a try with a little investment of i got as profit reach her out
0	fix my
1	any med for your girl to be happy your girl is with your don t wait until she finds another men click here to choose from a great variety of love t bs best pri es fast and guaranteed effect here you buy it from warehouse the store is verified by and approved by
0	interview on friday may 5 th good morning corp research would like you to come in for an informal interview friday may 5 beginning at 1 30 pm following is a tentative schedule 1 30 pm vince 1 45 pm clayton vernon 2 00 pm 2 15 pm tanya 2 30 pm grant 2 45 pm please let me know if these times work for you thank you shirley
1	way to use to get a fixed income against the risk of market do you want to there is also a chance to win newcomers can study for free if you want to search and contact this telegram
0	feel like trying again v
1	this is wonderful beyond expectations i still believe what happened to me im so happy today because of mr charles bruce he is such a wonderful trader indeed god sent thanks so much for sending my profit sir i appreciate still believe my eyes i know many of you might have lost to
0	actually getting ready to leave the house
0	every week be completing
0	your bill at 3 is so not bad
1	main page huge big com more sample more sample movies list of girls click here to your penis inches naturally click here to be removed
0	im turning off my phone my telling everyone i have cancer and my sister stop calling it hurts to talk put up with it see u when u get home love u
0	administrator cecil i ve spoken with just now and she sounds very helpful can you give her a call tomorrow morning to iron out exactly how you want to access the data base i ve left your name with her so she s expecting your call best by alex huang corp on 05 01 2001 05 31 pm vince j 05 01 2001 05 13 pm to michelle d cc alex huang corp vince j subject administrator michelle the name of the db administrator for is 5 alex will contact her regarding the access to the curve i think it s a problem many layers below gary s level of
0	i alex nichols from middle school and it turns out dealing
0	right mike i will agree to disagree but i take your comments to heart my opinion is only that this is one of the last frontiers of communications instant show that we cross easily though you are right as rain on pricing i am mildly amused at the level of skepticism and it is getting my premise is that the world will change in dramatic and unexpected ways once there are a billion eye s which can instantly share what they see amongst each other that doesn t mean that people will stop talking on their phones or that people will spend more time w images than voice just that it is fundamental from news to crime to privacy to dating to family life to and practical jokes i believe there will be an explosion of images unleashed specifically by cell phone integrated lenses
0	see i thought it all through
1	http www net hello i have visited www net and noticed that your website is not listed on some search engines i am sure that through our service the number of people who visit your website will definitely increase is a unique technology that instantly your website to over 500 000 search engines and a really low cost and effective way to your site for more details please go to net give your website maximum exposure today looking forward to hearing from you best regards vanessa sales marketing www net you are receiving this email because you opted in to receive special offers through a partner website if you feel that you received this email in error or do not wi
1	sms se 340 local sms validity 30 din
1	: : : 900 : jolly
1	high velocity term has arrived high velocity term has arrived with rates z app the competition z app the competition all paperwork online pre application process cuts days out of the application process avoids delays by ensuring that all information submitted is correct and complete the need for client visits and your need to obtain original client signatures increases your clients satisfaction with improved ease accuracy and speed helps you deliver policies faster than the competition don t delay call or e mail com us today for more information or please fill out the form below for more information name e mail phone city state roster financial services llc
0	sorry for the thought the com address would bounce my bad this email is sponsored by tired of that same old cell phone get a new here for free talk list talk
0	gonna let me know comes from holiday that day is coming me number
0	a thousand miners
1	paramount presents 28 sector 137 expressway for
0	m so i hear you like commits
1	earn extra income from home here is tremendous opportunity to earn big money we are a company that is growing at a rate of per year we are looking for motivated individuals who are looking to earn a substantial income from home this is what you been waiting for a chance to be financially secure earn extra income from home here is a tremendous opportunity to earn no experience is required we will provide the training you may need we are looking for energetic and self motivated people that want to change their life if that is you click the link below and complete our online information request form and one of our employment specialist will contact you got nothing to lose and a lot to gain with a career that will provide you cast opportunities and substantial income p
1	enjoy media enters chinese tv advertising market enjoy media a chinese media company on fast growth track by signing up chinese advertising clients enjoy media strong growth in 2005 jun 7 2005 6 00 00 am copyright business wire 2005 hong kong business wire june 7 2005 enjoy media holdings limited pink sheets www com a print media and advertising services company in china discusses about the company s objectives and planned prospects for the coming months the key initiatives for the company a expand the existing network of restaurants and cafes increase the advertising sales revenue of the current printed media acquire additional wait media businesses enjoy media is a pioneer in the field of printed advertising me
0	good day on aug at larry w wrote i am wondering whether there s a way that i can use and or or some other free utility to convert word documents into something a bit more friendly you could try it s based and converts word to text and some images to and you could also try and or if you have x installed i don t have a windows machine so it becomes problematic to convert them i know that if this were not the case in word i could save them as some other more friendly format great barry dexter a gonzaga this email is sponsored by welcome to geek heaven talk list
0	anne sent this information to norma i shall his message to you by vince j on 04 10 2001 03 02 pm 04 10 2001 02 57 pm to vince j cc subject vince do you want me to do this or by on 04 10 2001 02 57 pm from anne on 04 06 2001 09 57 am to cc subject i am the new hr for the research group because norma is moving to business analysis and reporting earlier this week norma and i met with vince and he
0	to you was away from the system how your side
0	updated message preliminary rankings norma i am sending you preliminary rankings for my entire group based on the results of a meeting we held on tuesday we have ranked and clayton in case it s still our responsibility vince permanent members manager and below superior 1 martin lin 2 joe 3 tom 4 jose marquez excellent 1 paulo 2 robert lee 3 4 5 alex huang 6 kevin 7 8 green 9 stephen bennett strong 1 lance cunningham 2 clayton vernon 3 feng 4 5 permanent members directors superior 1 excellent 1 osman 2 tanya 3 lu satisfactory
0	change of role just a quick note to say that i have now left the risk conference division after two and a half very happy years i am however still at risk waters group where i am now working as a journalist on magazine future conference should go to paul us 212 or frances tully europe 44 0 20 many thanks for your work my events and i hope we can work together again in the future if you have any ideas on the writing side then i would always appreciate a call or email my contact details all remain the same best regards joel joel magazine direct 44 0 20 www com
1	offer your clients 11 19 11 19 first year 5 9 first year rate plus 5 premium bonus 5 5 commission plus bonus call for details full death benefit 10 free withdrawal after one year great for s and transfers call or e mail us today or please fill out the form below for more information name e mail phone city state visit us online at www com commission reduces at older ages for agent use only we don t want anyone to receive our who does not wish to this is professional communication sent to insurance professionals to be removed from this list do not reply to this message instead go he http www net legal notice
1	urgent please call from cash or a luxury 4 canary islands holiday await collection po box 177 16
1	i feel impressed with the wonderful work mrs linda janet have done for me i took a risk to try and after i received a payment of thank you so much mrs linda janet contact her if you wanna testify like me
0	publishing my real options work steve we can accelerate the process we need some internal please talk to richard lewis and let him know i think it s ok to publish it because it is a very high level theoretical paper vince steven 02 01 2000 09 56 am to vince j cc subject publishing my real options work vince what are the chances of say risk publishing my work before the june conference do they have peer review etc steve
0	i sent your that money yesterday oh
1	in $ $ 1000 in mo mr
0	yes it s nice to be back in america s state seems like only yesterday we were suffering dysfunction maybe if they made the ballot look like little blue pills no seriously i m here all week you were great everybody
0	on ma way to school can you send me number
1	work on mobile earn 5000 per day easy and simple advertising activities call vertex services
0	i can but it will tell quite long i finish my film yet
0	removed echo and die statements
1	nationwide pc repairs and upgrades no call out charges no hourly charges picked up from your home and returned safely anywhere in the uk diagnosed and repaired by certified engineer we will meet and beat any price for more information click on the link below
0	i have one business plan my minor : wil tell u it wen m free
0	sorry sent blank again but trying 2 do some serious studying now
1	save your money buy getting this thing here you have not tried yet than you cannot even imagine what it is like to be a real man in bed the thing is that a great is provided for you exactly when you want has a of over the effect 36 hours you are ready to start within just 10 minutes you can mix it with alcohol we ship to any country get it now
0	matthias said could you post the list of files in question sure i used the following command to rebuild the package rebuild target lame rpm and here is the error output for the files rpm build errors user dude does not exist using root user dude does not exist using root installed but file s found share doc lame html basic html share doc lame html contributors html share doc lame html examples html share doc lame html history html share doc lame html html share doc lame html index html share doc lame html lame share doc lame html modes html share doc lame html html share doc lame html html rpm list list rpm list net
0	no original message from sent thursday march 15 2001 4 42 pm to port david cc vince subject hi david i would like to check with you just to be on the safe side i left our last meeting with the impression that only and i would be working together on the however i heard from earlier today and he wanted to include thomas mark i in the meeting as well i would like to ensure if that is indeed your intention please advise thanks
0	but your not here
1	join my team you will get for only investment minimum withdrawal is you can send me private message if you are interested or register on this link happy
0	if u know who is 1 can d bin 2 can drown a fish 3 can kill a bird with two stones 4 in an living room r use to kill u including room itself u spell wrong on google it say did u mean it simply replies run while u still d chance looks in mirror d mirror not even glass is stupid to get in 7 where der is will der is way where der is der is no way 9 id of mind it
0	no worries hope photo shoot went well have a fun at
1	now send messages on number tension free services at very attractive prices for booking contact
1	to me made another profit payment from the company i got so much trust from the company i would like you to join the trade with the company to earn more money and profit from the company you can join us from
1	present express 51 metro f1 5 sms ep to
0	no need i go my sis at arts today
1	are you ready to get it hello is the 1 med to struggle with dysfunction like one jokes it is strong enough for a man but made for a woman is a very fast and secure way of people do it daily to save their privacy and money order here
1	i know im not suppose to comment this on this page but im sharing this because i have been blessed with guidance and technique he had helped me achieve my dreams at first i thought it was all lies not until he proved me wrong god bless you
0	best
0	rang de 2021 telugu 1
0	marketing for your session vince thanks for your time earlier this week i m looking forward to your event sarah and i met with our contact yesterday and we will be able to put a list on the elevator screens to your please let me know what you would like us to post for you and we will do the rest we also have plans to market specifically to the trader community here at so you should get a high participation rate especially from those groups thanks again er
1	18 my channel
1	do you ever notice that when driving anyone going slower than you is an idiot and everyone driving faster than you is a
1	if u want to do online work for huge amount of money then me
1	i was told that every achievement begins with the decision to try ignorance destroys so many opportunities m a victim but i was convinced by the right person contact her now
0	buying a mobile within this month
0	invitation to speak at power 2000 hi vince it is my great pleasure to invite you to speak at power 2000 which will be in houston on 9 10 may 2000 would you be interested in one of the streams on day 2 of the conference or making a full presentation on one of the days please let me know which talks interest you obviously some of the talks are no longer available but i would like to give you a choice as much as possible please could you get back to me on 212 1864 151 or by return email i very much hope you can make the dates as i m very keen to have you participate at power not to you but i know that a lot of people come to our conferences to hear what you have to say best regards emma invite doc
1	failure notice hi this is the send program at mx 3 ro i m afraid i wasn t able to deliver your message to the following addresses this is a permanent error i ve given up sorry it didn t work out sorry no here by that name 5 1 1 below this line is a copy of the message return path received invoked from network 19 jul 2005 10 58 20 received from unknown ro 192 168 136 2 by 0 with 19 jul 2005 10 58 19 received invoked from network 19 jul 2005 10 58 19 received from unknown com 211 245 27 66 by ro with 19 jul 2005 10 58 18 received from 205 214 42 66 user
1	ben 10 season 03 13 episodes tamil watch online or download just install app from fastest speed no : us
0	ll visa i have been asked to contact you regarding your possible move to houston texas in order that i may begin the process of getting you an ll immigration visa i will need you to complete the attached visa and return it to me with copies of the following documents a copy of all pages of your passport even if blank copies of all previous us visas issued an updated resume showing months and years copies of all and received if you have dependent family members coming to the states with you copies of their passports please send to my attention via to corp 3 allen center 3 ac a 333 clay street houston tx please call me with any questions you may have at 345
0	opportunities thanks vince we will follow up with this lsu graduate hope you are doing well regards lynn vince j 02 15 2000 08 53 am to lynn cc vince j subject opportunities lynn i am you the resume of a very bright and motivated young man who attended a lecture i gave recently at lsu i think we should consider him for an analyst position by vince j on 02 15 2000 08 52 am richard c on 09 14 2000 11 14 56 am please respond to richard c to cc subject opportunities dr here is my resume and cover letter thanks richard cover and
0	really i ur paper ended long ago but wat u copied now got use u happy i still 2 study
0	want to finally have lunch today
1	you will be receiving this weeks triple echo shortly enjoy it
1	online live for you see me naked click here
0	a lot
1	a great sponsor will not make you money a great product line will not make you money either a great compensation plan will not make you money either a great company will not make you money either some say it s a combination of the above some say it s what s inside you that matters the most forget about meetings one on one ways calls etc those old ways of network marketing has come and gone they wear you out long before you make any money what makes you money is a associated with a stable company that has products where s the coming from well we have an online automatic recruiting system that does the work for you our system will place paying members in your furthermore you can see it working first hand before you decide what to do if any html a
1	r u looking income no investment free if y ur welcome in business opportunity 100 natural honey products
0	hi thanks vince could you give me mike roberts contact information doctoral candidate finance university of texas at austin mail 512 cell original message from to cc sent friday september 29 2000 3 33 pm subject hi mike roberts from my group will help you vince on 09 22 2000 07 14 37 pm to cc subject hi hi vince this at the university of texas at austin finance department i need some publicly available data that unfortunately is not available here it is basically the historical prices for price of oil gas and gold futures contracts and options again the data is strictly public info and not proprietary at all let me know if there is a
0	date as audiences become more and more sophisticated about computer graphics noise and procedural textures can no longer guarantee reviews simulations is the latest edition of the popular tool for artists who want to develop complex ranging from highly realistic natural surfaces to animated to cartoon
1	i i link up
1	prop 0 sal dear our company will place any business with a qualified website permanently at the top of the major search engines guaranteed never to move yahoo alta vista etc if you are interested in being guaranteed first position in the top search engines at a promotional fee please contact us at hannah speedy com pe please include the s your are interested in promoting this is not pay per click examples will be provided sincerely the search engine placement specialists if you wish to be removed please respond to hannah speedy com pe and type the word remove in your subject line
1	thank you winner notified by sms good luck no future marketing reply stop to customer services
1	hi babe its jordan how r u im home from abroad and lonely text me back if u wanna chat text stop to
1	filthy stories and girls waiting for your
1	new extensions now only 14 95 important information the new domain names are finally available to the general public at discount prices now you can register one of the exciting new or info domain names as well as the original com and net names for just 14 95 these brand new domain extensions were recently approved by and have the same rights as the original com and net domain names the biggest benefit is of course that the and info domain names are currently more available i e it will be much easier to register an attractive and easy to remember domain name for the same price visit http www affordable domains com today for more info register your domain name today for just 14 95 at http www affordable domains com registration fees
1	opportunity is knocking why because mortgage rates are rising as a national not a broker we can guarantee you the lowest possible rate on your home loan rates may well never be this low again this is your chance to secure a better future you could literally save enough money to buy that new car you ve been wanting or to take that special vacation why pay more than you have to pay we can guarantee you the best rate and the best deal possible for you but only if you act now this is a free service no fees of any kind you can easily determine if we can help you in just a few short minutes we only provide information in terms so simple that anyone can understand them we promise that you won t need an attorney to see the savings we offer both first and second home loans and we will be
0	and a
1	direct email email addresses verify manager direct email the program will send mail at the rate of over 1 000 e per minute legal and fast sending bulk in return check mail error send address list remove or send again support multi threads support multi servers manages your opt in e mail an easy to use interface easy to and use download now verify verify is intended for e mail addresses and mail lists the main task is to determine which of addresses in the mail list are dead the program is oriented basically on programmers which have their own mail lists to inform their users about new
0	for restaurant
0	i know that i did this during the week that all the catalogue s were but after that i changed it back to discovery so i can see why people are using honor original message from prakash mail net sent thursday august pm to razor users subject razor users honor is not in folks some of you seem to have honor as the default catalogue server there are three catalogue only servers running now and honor is acting as a nomination only server tonight we will be completely turning off catalogue support on honor so if you are honor with the rs option please take it out and let the agents discover a catalogue server cheers prakash the future is here it s just not software design artist wide
0	power crisis in the west tim s office referred me to you has grant been replaced original message from vince j com vince j com sent monday november 06 2000 11 00 am to com subject power crisis in the west please contact tim in our portland office his phone number is vince on 11 03 2000 12 46 52 pm to com cc subject power crisis in the west dear vince i spoke with you briefly yesterday regarding grant you informed me that he is no longer an employee i have also been informed that grant has not yet been replaced i am because would like to have an representative
0	no just was busy
1	professional advertising dear org email is the best grow tool we offer marketing with quality services 1 targeted list we can provide target email list you need which are compiled only on your order we will your client email list we have millions of lists in many categories 2 sending targeted list for you we can send your email message to your target clients we will your email list and send your ad for you we also offer hosting server regards marketing team 56 com no and bye com
1	your refer refer your total 0 refer and earn 5
1	binary option trade profit safe withdraw prefect account management minimum equity 100 payment method coin base to get more knowledge on how to trade in binary
1	premium accounts netflix 4 screen rs 2 screen rs hd single screen rs 30 days guarantee mail pass auto renewal accounts amazon prime one month yearly private with guarantee 5 devices support trick available vip yearly private with guarantee trick available premium monthly premium yearly with guarantee trick available premium 6 months yearly with guarantee trick available annual subscription with guarantee trick available annual subscription with guarantee trick available hbo max monthly yearly trick available disney one month yearly with guarantee trick available
0	hi hope u get this been about 50 late i think
0	we know the game and were gonna play it
1	fancy a flirt reply date now join the fastest growing mobile dating service just to stop to reply date now
1	ill help 10 people earn 5000 in but you will pay me 10 of your profits when you receive your profits ask me how
0	if destiny u 1 day n u r asked what u want 2 be wish 2 be someone else because u r wonderful d way u
0	those
1	luxury by apartment influenced by your dream in sect 76 avail inaugural discount by booking immediately call team
0	how many of you dual boot tho
1	hey guys i need help please help me a guy has hum please make him return my money help me i have posted all with his mobile number here please help me bless u all if u help
0	and it worked
0	its at i decided whether 2 cut yet hee
0	ken lay s speech so is it bigger than his tax cut on an annual average basis
0	you can down things you want to remember later
0	i am waiting for some festival offers to grab a pro
1	investors make more money yearly than use a system that is accurate with a guarantee payment on profit minimum investment of £ 250 can earn £ 1750 in 14 trading days invest £ 2000 earn £ in 18 trading days my strategy is unique and efficient available and to live trading account is assured message me now for more information on
1	10 minutes before sex lasts for 24 36 hours best prescription generic 4 less ready tears are a sign of not of grief life is a zoo in a jungle we two are to ourselves a crowd
1	love world capital group is a group of funding sources that help businesses with their financial needs we can provide working capital to on an basis which can be used to take care of cash flow needs provide funds for expansion and other needs your business has us businesses only we also purchase accounts leases auto business and real estate notes and other cash flows if you would like to about us helping you today with your capital needs please click on the link below for details and submission form for your time world capital group love love you are this email as a or affiliate to network if you have received this as an error or would like to be taken off our list please se
1	new page finally a that delivers current and relevant sales marketing advertising articles from such magazines as business fast company technology marketing wired pc world asia street intelligence inc bank technology all in one location it s free sign up today easy to read easy to use easy on your time providing the most comprehensive web directory for sales marketing advertising executives today s top business magazine reviews along with a wide selection of articles from relevant sales and marketing topics gain access to all the suppliers and resources you need to do your job effectively if you can t find the supplier or resource that you need one of our will go to work to find it for you bus
0	if u trust till the end d results may be in the end ul a very good or a very good lesson
1	: november story 2021 ep 01 07 tam join channel first download
1	private your 2003 account statement for shows 800 sim points call
1	first level designers available for you corporate image can say a lot of things about your company contemporary rhythm of life is too dynamic sometimes it takes several seconds for your company to be remembered or to be lost among competitors get your business or website done right now fast you will see several variants in three business days satisfaction guaranteed we provide unlimited amount of changes you can be su it meet your needs and fit your business flexible logo improvement formats bulk orders special packages creative design for competitive price have a look at it right now
1	html i ni i yi hi ni z i li web ye ri i li den ye bi n ri ms word windows i le i ki bi i bi ltd mi that ankara e bu talk e this email is sponsored by tired of that same old cell phone get a new here for free talk list talk
1	this company is i have tried it and today i received after now
1	now it is time to give yourself or the women in your life the gift of good health hospitals offers well women screening package pl call
1	dear been invited to this is our final attempt to contact u chat to
0	really oh no how then will they your lesson
1	hi this is amy we will be sending you a free phone number in a couple of days which will give you an access to all the adult parties
0	next visit to houston ed wednesday july 12 2 300 will work for me i shall be glad to review your website www com i shall invite some people who work on electricity in my group to join me vince edward on 06 29 2000 03 53 40 pm please respond to to vince j cc jeffrey shorter e mail subject next visit to houston vince good to hear from you and i m glad you re available how is wednesday at 2 30 i did look at and am not surprised to see its quality i was unable to say much about it in my risk electricity and trading report because of deadline pressures how is the site doing i am intrigued by the competition for trading s and was astonished to hear that goldman morgan bp and shell w
1	its free to join without investing you will still make money 3 your account using my link to join
1	hey join 15 million fans on app biggest live game streaming & daily diamonds & uc cash win dj royale pass & more download
1	join my channel and follow me on all my social media s
0	houston trip hi my first suggestion is that you come to houston as scheduled and arranged with wharton nearly 3 weeks ago alternatively rely on your tiger teammates to gather information necessary to respond to the project should circumstances lead you to decide not to come for this trip please return the ticket issued to you should it make sense for you to visit some time in the future we can discuss arrangements at that time hope to see you soon christie by christie patrick on 01 18 2001 01 22 am singh on 01 17 2001 08 58 51 pm to cc subject houston trip hello christie thank you for organizing the wharton trip to unfortunately the flight setup
0	date us invasion could push saddam hussein into with chemical or biological weapons warns cia
1	sorry i missed your call lets talk when you have the time im on
0	christmas basket list here is the updated list that we have for christmas the orders will be placed on dec 12 th the orders will arrive at the building dec 19 th and all outside orders will arrive before dec 22 please inform if this is okay thanks kevin moore i will discuss cost with vince after meeting with bill on friday kevin g moore 12 01 2000 09 26 am to vince j shirley mike a roberts jose marquez corp anita dupont na cc subject christmas basket list hello everyone we are nearing the time to get the baskets and other christmas sent out as in every year we do take the time
0	program attached march ny ro conference participation confirmation the current version of the conference program is attached please confirm your participation as speaker and confirm your presentation title as listed on the attached conference program by next tuesday the program is about to be sent to the printers next week please cc your reply also to gordon sick com 2000 doc professor of finance university of cyprus dept of business 75 po box cy cyprus tel 357 2
0	d g energy software procurement enclosed is a revised copy of the software licence agreement with d g energy the earlier version had prices and conditions of use which differed from what had been discussed over the telephone this version brings into line the terms with what has been agreed upon and has been given tentative approval by the president of d g who i met with last week i have the sections which have changed from the version that you sent out for signature last november i assume that the revised document will have to be reviewed by legal again let me know if i can be of any assistance in this process regards
1	amazing personality with a great leadership i believed in her hands and success followed initially i invested and in a couple of days i got her credibility be overlooked
1	call to no claim your reward of 3 hours talk time to use from your phone now inc 16
1	rates hit 18 year low 4 75 now you can have hundreds of compete for your loan fact interest rates are at their lowest point in 40 years you re eligible even with less than perfect credit new home loans debt consolidation debt consultation auto loans credit cards student loans second mortgage home equity this service is 100 free without any obligation visit our web site at http 61 129 68 19 201 index 3 to http 61 129 68 19 light watch
0	knowledge management following our meeting with gary today scott and i prepared the following work plan hopefully this reflects the conversation and planning in today s meetings please send comments and revisions robert johnston manager political sovereign risk north america
0	order for book julie the discount is fine look to receiving the books vince julie on 01 08 2001 09 30 53 pm please respond to julie to cc subject order for book vince i can offer you 12 5 off of your order for 50 books we originally spoke to about setting up a 50 discount but would have to order a minimum of 200 books since the change over nothing has been set up on this let me know if i should go ahead with the thanks julie
0	got ibm hp got a lot of model how to say
0	dinner this in london i had to cancel my trip to london steve will take care of my presentations vince i on 09 18 2000 09 12 47 am to lane com com ds 64 cyrus andrew steven com fr chris harris com cc subject dinner this in london colleagues i d like to plan a dinner subsequent to the of this week s conference in london 9 22 whereas some of you have already notified me of your availability or travel plans please advise whether you are available for dinner on 9 22 or sat 9 23 i jack s professor in energy studies department of finance
1	global id 66 7 seas 4 scar l water 4 98 terror fang 3 5 godzilla 1 24 golden falcon golden rush s 5 hairs s 8 beard check video for more all provided price sold for proof
0	the full name of jokes school fees in university of florida seem to actually be k back
1	do you know you can be earning if you got a wallet address or account best time to invest on
1	im earning from home you too can earn click the link below to be a now
1	morning ongoing 150 only
0	invitation to my dear new 31st dec band hai
1	now it s finally possible for you to your penis no more penis http www com ss people everywhere confuse what they read in newspapers with news he who can does he who cannot teaches absence of proof is not proof of absence do not count your chickens before they are who will bell the cat
0	po de no need job
0	why i left nord
1	do you want a new video 750 anytime any network half price line rental reply or call for delivery tomorrow
0	charm conference call please let me know what works for you i have a meeting monday from 10 00 a m through lunch please advise by james l on 02 07 2001 07 33 am on 02 06 2001 10 37 21 am to james l com cc subject charm conference call carl and i are both available either monday 12 th or tuesday 13 th we can do either am or pm but would prefer am if possible please let me know your preference and i will set it up regards the information in this email and in any is confidential and may be privileged if you are not the intended recipient please destroy this message any copies held on your systems and the send
0	u buy newspapers already
1	please invest is ongoing please if you are really interested to invest please contact
1	hi there ur lucky night been invited 2 the chat chat to now
1	make your own color sensing robot and control by your own mobile join international summer industrial training program 2009
1	real
0	should i add
1	sebastian lucas
0	i know bout it but we be in same company no training in same de same city
0	in class : also battery little low
0	mark to market bob i wanted to continue the analysis on mark to market that i had spoken to you about on the phone i thought that it was getting very difficult explaining the whole transaction by phone so i am having who is in vince s group explain the transaction to you krishna has been helping us structure the deal here in india and he has just returned to houston from india after working with the team here he will seek an appointment with you to explain the transaction i would like you to please spend some time with him and then based on the discussion please send us a note detailing how a transaction would be marked to market please the fact that currently there are no such transactions from the indian side this is a very important
1	withdraw proof new task application free free free free daily bonus min withdrawal no need jo join lo free hai link invitation code join group
1	register only no download register and get rs 20 minimum rs 50 refer
1	lady don is female gangster companion in don lara within to get a song clip
1	wanna get laid want real locations sent direct to ur mobile join the largest network park to now
0	elena please fill out the evaluation sheets on elena thanks
0	research prc next steps the pep system is no longer available to accept feedback from reviewers if necessary you can still call the employee s reviewers who have not submitted feedback via the pep system verbal feedback can be included as part of the consolidated review the following is a list of action items for next steps for supervisors action item deadline print consolidated feedback wednesday nov 22 thanksgiving holidays thursday friday november 23 24 review approve employees peer group and supervisor hr will provide report by 11 21 tuesday november 28 pre rank employees based on consolidated feedback tuesday november 28 send pre rankings to norma via e mail wednesday november 29 vince will review pre rankings monday december 4 2000 re
0	/
1	fred kevin
1	u have a secret reveal who thinks u r so special call to opt out reply reveal stop 150 per care
1	ms it to get your dream home in for just rs 13 99 al premium flat at 1 extent
1	update your account information dear client of bank technical services of the bank are carrying out a planned software upgrade we ask you to visit the following link to start the procedure of confirmation on customers data to get started please click the link below this instruction has been sent to all bank customers and is obligatory to thank you bank customers support service
0	am at my in somerset bit far back see you soon x
0	barbara others indicators this was a late invention are the use of the f rune not only for f but inverted to mean ff the welsh v stew isn t it the other way round f welsh v english ff welsh f english barbara that s what i get for reading my welsh dictionary upside down f n trouble barbara yahoo groups sponsor dvds free s p join now to from this group send an email to your use of yahoo groups is subject to
0	then any special there
0	ne li
0	korean
1	online pharmacy buy drugs online also available and a man s dying is more the survivors affair than his own whoever the gods to him they particularly listen character is who you are when no one is looking if power was an illusion wasn t weakness necessarily one also
1	α α α 7
0	oh you got a friend for the dog
1	urgent urgent we have 800 free flights to europe to give away call 10th sept take a friend 4 free call now to claim on
0	the below shows the i made for the numbers in show percentage of course and are gone ad so is roman the problem is that once i give the to accounting they become fixed for one year
1	being by so called free money making systems that you with limited information and when it s all said and done blind sides you by demanding your money credit card information in some slick way after the fact yes i too was as skeptical about such offers and the internet in general with all its as you probably are fortunate for me my main business slowed down i have been self employed all my life so i looked for something to fit my lifestyle and some other way to assist me in paying my bills without working myself to death or more money then this proposal to try something new without any investment great because i had none interested me to click on the link provided and i don t regret at all that i did i am very happy and happy enough t
0	busy here trying to finish for new year i am looking forward to finally meeting you
0	no subject maureen was sick for the last few days when she comes back i shall ask her to start the process regarding a formal offer for you vince com on 01 24 2001 11 00 52 am to com cc shirley com com subject no subject dear dr i would like to thank you and your colleagues dr and ms raymond for taking the time to talk with me i enjoyed the visit very much and will be looking forward to the opportunity of working as a summer intern at you mentioned that you will call me this week in the event i m not at home please leave a message at my home phone number or email me at my houston email address com sincerely k
0	s houston visit as expected we didn t get time to discuss in detail what to do in houston we have discussed the subject informally but i m laying it out here for clarity and for vince s information here are my thoughts 1 this is the top priority as you d identified yourself a learn how to build b catalogue functions in houston not yet available in london c catalogue differences between inputs to london and houston functions d produce london that allows current function calls to be used where possible and incorporates new functions e update documentation as appropriate if you do nothing else in your two weeks i ll be very happy with this main contacts are paulo and 2 understand
0	presentation vince would i be able to get a copy of your presentation last night at i have a who was unable to attend thanks allen bryson inc
0	case study original message from cindy com cindy com sent wednesday october 25 2000 11 23 am to j martin baylor cc christie patrick com vince j com subject case study importance high good morning mr martin i would like to introduce myself i currently work with christie patrick and michael b rosen in the university affairs department in recent discussions with christie she has suggested that i with you and our management in preparation for your and vince s case study christie has recent emails sent by you suggesting a few convenient times that work with your schedule i will work with our management and do my best to
0	access i could not access the system vince by vince j on 03 06 2001 08 26 am 03 05 2001 03 37 pm to kenneth na lew na tom corp kevin corp bob lee na alex huang corp tanya joseph na na martin lin de na corp corp tom na
0	on mon sep reza b far wrote again you re telling me that you ve never had a nasty bug that took you a couple of days to track down that had to do with a memory leak i am not the best c c programmer not even close but i ve known really good ones and even they have nasty bugs that have to do with memory management however occasional they may be ok has been tool less for memory management for a long time most systems you just add a flag and memory is tracked that s how i ve always done it or worst case have to run it through one of the tools where you simply and it it tells you where the leaks are memory management is a non issue for anyone that has any idea at all how the hardware functions granted this takes min
0	my first draft dear dr this is quentin kerr again from australia as i mentioned my paper will be ready soon please find out the attachment with the draft of my paper hasn t submitted yet there are always some errors in my paper please read it give me some suggestions any comments will be appreciated by the way i would like to ask you have you received my resume i sent it to you about two weeks ago ps attached with the pdf file thanks kerr email au room 67 tel 07 department of mathematics the university of queensland pdf
1	skater girl 2021 + telugu + hindi watch online or download just install app from fastest speed no & us
1	mail delivery failed returning message to this message was created automatically by mail delivery software a message that you sent could not be delivered to one or more of its recipients this is a permanent error the following address es failed save to generated by de is full exceeded this is a copy of the message including all the path received from 194 97 50 136 mx 3 de by 60 de with id 4 52 5 id l ja for de 19 jul 2005 12 59 47 received from 269 nas te fukuoka ne jp 219 102 66 245 com by mx 3 de with
1	save your money by getting an software need in software for your pc just visit our site we might have what you need best regards
1	here is an excerpt from your local newspaper a recent interview with a curious computer user q is my computer supposed run this slow a no your computer should be as fast as the day you purchased it the solution to your problem is norton q i think have a virus what do i do a quick before the virus spreads and your entire system you must get a copy of norton q i am worried that i may lose my data if my computer crashes how do i backup my data safely and easily a everything for your data backup is included in norton q i occasionally need to send a with my computer what will make this easier for me a the easiest to use software available is also included in norton q this s
1	are you ready to get it hello is the 1 med to struggle with dysfunction like one jokes it is enough for a man but made for a woman is a very fast and secure way of do it to save their privacy and money order here
0	interviews marshall sorry for a delay in responding to you my hr people were asked to get in touch with you re the candidates vince marshall brown on 03 27 2001 02 36 12 pm to vince cc subject interviews vince i had two candidates speak with lu on 3 14 01 and 3 16 01 zhang and bill respectively i know you were in london last week if you could please give me some feedback either positive or negative as soon as possible i would appreciate it regards marshall brown vice president robert walters associates phone 212 212 marshall brown com caution electronic mail sent through the internet is not secure and could be intercepted by a third party this email and any files
1	yoga next day delivery available delivery via st post me to buy
0	yo no class right
1	bored chat n date now rate only from
1	telegram accounts available usa and uk number 15 rs account available usa and uk number amazon prime video 1 month account with 1 month guarantee 20 rs amazon prime video 1 year account with 1 year guarantee 150 rs 1 month account of with one month guarantee all accounts available fast accepted new trick call anyone with any number price accepted long time working trick guys for amazon prime 1 year account fast some are left
1	now attain spiritual enlightenment through the revelations of the sacred word of allah get verses thru free sms sms join to
1	limited time offer per 1 rs link google code
0	please tell me not all of my car keys are in your purse
1	all all friends like and
1	would you like to save up to on printer supplies on brands like canon packard more quality satisfaction guarantee or your money back free same day shipping on all us orders best prices on the internet guaranteed click here to order now or call us toll free at free shipping only on orders of or more we beat any online retailer s price by call us with the website advertising the lower price and once we verify the price we will beat it by you are receiving this special offer because you have provided permission to receive email communications regarding special online promotions or offers if you feel you have received this message in error or wish to be removed from our
1	this wonderful has really made things easy for me just in 3 weeks my investment capital was 700 and i received my profit of in just 7 days of trade this has been my source of income lately thanks once more
1	i made it from binary option trade not because i was too smart to succeed on it but is the grace of not to give up on it i had to continue searching until i met mr wallace turner who help me out you can also do the same if only you make the move because the only way you can conquer your doubts and become who you always dream of becoming in life privately if interested
1	paid internship become the become a campus ambassador get a chance to impact of students across your city and join the community of fastest growing youth organization we are looking for sales marketing and hr who would be working directly with our operations team from the comfort of your home apply now performance based certificate and letter of recommendation based on your performance industry exposure work from home offer
1	netflix premium maker visa one month – 110 three months – 320 six months – 420 – 35 months – 210 fully 101 no wipe based gb ও solo one month – three months – three months 20 days – 360 six months – six months 20 days – 460 10 months – 12 months – ও shared one month – three months – three months 20 days – 110 six months – six months 20 230 ten months – 340 12 430 gb based direct full guaranteed no wipe load only
1	lets play to win cash join me on
1	announces the last of the best offer get 15 off on bare rig umm and many more offer applicable on select merchandise tc
0	karma of pirate by 1 total points 31
1	new passport / / address change / name change / add booklet / / spouse name add any passport services contact
1	its my pleasure to introduce to you a reliable trusted trading company expert fx prof is fully into trading the most thing that could happen to you is by investing with them they trade with your investment and delivers your money back to you at due time this is the 6th time i have been paid to my wallet expert fx prof is the right place i love expert fx prof because they keep their words join now
0	my tuition is at 330 hm we go for the to one do you mind
1	i just created my youtube channel 3 days ago there i deliver content for class 11 biology videos are very also i take by live streaming on youtube for practice if 11th in maharashtra so owner and can i share the link in your group ?
0	i need to experiment with ripping out all my sophisticated cut paste code this is mostly historical accident from dealing with very early versions of and the and other junk you can too by hacking upon appropriately hal said on sep tony tony wrote tony i can t even mark text in an message window and then tony paste it into a terminal window the cut buffer seems to tony be completely empty and its previous contents are no tony longer there either brent confessed recently that he had tried to the x model s of copy and paste not in those words but that was how i read it i have a lot of trouble copying and from or to across a link from things in the to things not in it and vice versa
0	option pricing for j c penny transaction and have identified the source of the between the option prices calculated by the credit reserve model and the stand alone model used in deal pricing the can be traced to differences in input variables of the two models and not to any differences the options being priced are a strip of options on monthly instruments the credit reserve simulation program the time to by assuming that the option on first day of the contract month of the underlying contract which is a very reasonable assumption the stand alone option pricing allows specification of the option date independent of the contract month of the un
0	click a button to get started
1	i feel very safe again to invest my for i have found a company that can be trusted and pays instantly for the first time in a while i feel so happy and grateful as i earn at the comfort of my home no limitation no hidden charges automatic withdrawal sign up and enjoy with me now
0	program i forgot to attach the program file here it is by corp on 10 17 2000 09 13 pm 10 17 2000 09 13 pm to mike a roberts cc vince j subject program mike here is third version of the program it gives better results than the previous versions you have sorry for the delay these past 2 days i have been busy meeting with people on the new project i think the result looks reasonably good you can try it to run type cow m hand count 165 program reports 140 cow 2 hand count 1 program reports 1 cow 3 hand count 273 program reports 244 cow 4 hand count 7
1	prank calling trick 2021 you can call anyone with any number you want you can even call someone with own number indian as well as international call supported no extra investment in call absolutely free calls price rs 120 no bargain & negotiation time and first trick come demo call as a proof pm to purchase accepted
1	5 hours ago $ and dump
1	check this medication don t ignore your problems feeling good is around the corner try now http com best regards marquis pack phone 117 mobile email com hk s t 0 p http com php
0	for me had any issues
1	rate soon 2nd phase of cape town at lac adjoining 100 acres park
1	earn from home
0	apps class
1	1998 tamil true hd 1 join channel first download link
1	trading with the right is the best ever since the day i came across mr harry armstrong never had an issue of delay with my made successful withdrawal i thank god for a good account manager like mr harry my financial life has taken a new shape you can contact him via telegram link for better trading and live your life like a dream come true
0	he has music degree from usa
1	would you like a 250 gas card don t let the current high price of gas get to you simply enter your to see if this promotion is available in your area
0	employee how are you
1	mail server dear org we offer bullet proof dedicated server fresh mb ram p 4 3 2 ghz cpu 72 gb dedicated 100 m fiber unlimited data transfer linux windows install any software server in china price us 00 per month you may use the server for any of the following direct proxy bulk hosting we also may supply targeted email list according to your order and sending out targeted emails for you looking forward to serving you cheers mr bell support team 21 cn com click here to take no yahoo com
1	the saga you had to be a part of the twilight series which group would you want to be within to get a sneak peek of twilight breaking dawn part
0	status downloaded of 119 speed 000 bs eta info 0 & peers 5 cpu 270 disk 159 ram 500
0	vol model from pavel on 08 31 2000 06 45 pm to grant tanya andrews corp cc subject vol model it s been a while since i put this together some assumptions such as those about the current var methodology may not be correct but my ideas and the math involved are hopefully reasonable let me know if you have any questions pavel x
1	perfect logo 8 r thinking of breathing new life into your business start from its front end logo and visual identity offers creative custom design of and web sites under our hand these powerful marketing a breath of fresh air into your business and make you stand out the competitors you are just a click away from your future success here to see the of our artwork check our prices and hot offers
1	mail returned to this is the program at host quick com br i m sorry to have to inform you that the message returned below could not be delivered to one or more destinations for further assistance please send mail to if you do so please include this problem report you can your own text from the message returned below the program user unknown command output invalid user specified
1	retail shop off space available on golf course rd 2 km from metro connectivity extensive landscaping water bodies sms ac to
0	babe im answering you you see me maybe better i got the photo its great
0	kala link pro
0	date aug from robert oz au message id oz au when i said this is from today s that will translate as yesterday s now of course before the most recent set of changes and so on workers list workers
0	i just have 87 minutes left ill see if i can today or tomorrow i have a lot of balance
1	guaranteed 50 000 fast you make a guaranteed 50 000 cash in just 90 days quit your full time job in less than 3 months send an email to the address below to request the top secret com put guaranteed 50 000 cash in the subject line and we will send the for this awesome program right away your success is 100 guaranteed join now our company is committed to stopping commercial e mail and we are trying to set an example for other legitimate opt in list providers by our and in each and every email transmission you opted in to one of our web sites or our affiliated partners web sites we are sending you this
1	and site account for sale with dl valid new loan method method scan ohio account first show live proof before you payment allowed
0	using via system is with run via user s all users who use sa have run razor register is failing and i can t find anything in the limited or on google on it and i m hoping someone can help the error which doesn t prevent sa from working is oct delivery success new client agent client agent at local mail looking at doesn t really help me and client agent appears to be in the ri
0	i m
1	already i was created a small group sincerely and seriously preparing for gate exam currently i was sharing like test series and questions bank daily quiz and weekly quiz daily dose for important concepts really need students please contact my number
1	seeking your partnership dear partner to be first i must to you for using this medium to communicate to you about this project i am a highly placed official of government of nigeria and also a founding member of the ruling party in power now the peoples democratic party my committee the niger delta development corporation which is in charge of managing and supervising the of oil sales revenues for the nigerian government the revenues under our control runs into several hundred of millions of dollars monthly my self and other colleagues in the are currently in need of a foreign partner with whose bank account we shall transfer the sum of forty nine million five hundred united states dollars 49 5 m this fund ac
1	in financial planning time is your friend we offer services designed to fit your investment strategies with over 20 years of experience commitment and service in financial planning time is your friend and your enemy services offers the finest legal tax and financial planners in the country let us help you achieve peace of mind in a volatile marketplace our 412 i plans and traditional db plans are considered some of the best tax solutions in the insurance and financial market today services we offer qualified retirement plans 1 defined benefit plan 2 profit sharing plan 3 defined contribution plan 4 401 k individual insurance 1 life insurance 2 non qualified retirement plans 1 business insurance a key person b
1	are you ready to get it hello is the 1 med to struggle with dysfunction like one jokes it is strong enough for a man but made for a woman online is a very fast and secure way of people do it to save their privacy and money order here
1	re 4 don t get left behind good morning sir check out the these guys are offering on patches steel package 10 patches reg 79 95 now 49 95 free shipping too silver package 25 patches reg 129 95 now 99 95 free shipping and free exercise manual included gold package 40 patches reg 189 95 now 149 95 free shipping and free exercise manual included platinum package 65 patches reg 259 95 now 199 95 free shipping and free exercise manual included millions of men are taking advantage of this revolutionary new product don t be left behind your product is amazing and i would recommend it to anyone who has a bad erection and wants something harder and better for themselves vince glover try this growth out
1	a wedding consulting business of your own do you know what a wedding consultant is maybe it s something you ve always thought about doing but didn t know where to start how to start when to start or even if an opportunity like this existed it does and a touch of class would like you to invite you to be a part of it wedding consulting isn t wedding planning it s a fun exciting and high paying job that lets you use your creativity to be a part of the day of people s lives our wedding consultants help oversee some of the important details necessary to create the wedding of their client s dreams focusing on just a few key pieces of a wedding coordinating stationary favors gifts websites and other creative additions to make weddings
1	all of this can be yours for only bottles of premium wine elegant wine glasses waiter s marble bottle delicious wine member on additional wine selections our cellar profile newsletter total retail value of this special offer a special offer for the wine your love of adventure discovery and fine wine from the comfort of your home with our convenient program receive two selected premium wines for the price of one only off the regular price delivered to your door with our wine starter kit as a free gift starter kit includes elegant wine glasses a capita
1	lange a ich ja nur ist alex hat du mail ich dir mal will die so ist ich eine da mal was du das peter
1	private your 2003 account statement for shows 800 s i m points call code
1	fortune 500 company hiring at home help wanted we are a 14 year old fortune 500 company that is growing at a tremendous rate we are looking for individuals who want to work from home this is an opportunity to make an excellent income no experience is required we will train you so if you are looking to be employed from home with a career that has vast opportunities then go http www com we are looking for energetic and self motivated people if that is you than click on the link and fill out the form and one of our specialist will contact you to be removed from our link simple go to http www com remove html
1	play store code sellers in me with will pay u in
1	localized software all languages available hello we would like to offer localized software versions french spanish uk and many others all listed software is for immediate download no need to wait 2 3 week for cd just few norton security pro 2005 29 95 windows xp with sp 2 version 59 95 draw graphics suite 12 49 95 mx 2004 5 5 39 95 studio mx 2004 119 95 just our site and find any software you need in your native best regards
1	estate of your late relative barrister and associates 114 way victoria island lagos nigeria private email u 2005 il 2 com telephone 234 1 cell phone 234 80 attention i am barrister a personal attorney to mr smith a national of your country who used to work with oil company here in west africa after shall be referred to as my client my client with his entire family the wife and children were involved in the explosion in lagos west africa on january 27 2002 which claimed many lives and property unfortunately my client and the family lost their lives in that disaster that needed not to have happened since then i have made several to your embassy to locate any of my
1	reminder you have not downloaded the content you have already paid for tv to collect your content
0	by rob windsor windsor com by david com the latest proposal to drive the taliban and al qaeda out of the mountains of afghanistan is to send in the alabama special forces billy bob bubba boo and junior are being sent in with the following information about the taliban there is no limit the season opened last weekend they taste just like chicken they hate beer pickup trucks country music and jesus some are queer they don t like barbecue and most importantly they were responsible for dale s death we estimate it should be over in just about two days
0	dell quinn account executive saunders quay dublin ireland tel mobile irish linux users group for un subscription information list
1	santa calling would your little ones like a call from santa eve call to book your time
0	what should i eat lunch
1	we have been rated as 1 one stop shop internet pharmacy get prescription medicine for less religions change beer and wine remain you cannot keep a man down without staying down with him the sands are number d that make up my life
0	wharton by kristin na on 01 30 2001 03 19 pm from kristin 01 29 2001 05 32 pm to jeremy cc bryan kite communications communications michele marvin communications communications subject wharton interviews this is a request for your interview participation the associate program will be on the wharton mba campus interviewing summer associate next week due to business reasons previously scheduled from the wharton team have had to cancel their participation currently i need two for monday february 5 th and two for tuesday february 6 th please let me know of your
1	mail delivery failed returning message to this message was created automatically by mail delivery software a message that you sent could not be delivered to one or more of its recipients this is a permanent error the following address es failed com error from remote after end of data host 01 mx com 205 188 159 57 http postmaster info com errors html transaction failed this is a copy of the message including all the path received from net 216 120 225 22 by relay 3 net with 4 32 id 000 for com 19 jul 2005 06 57 40 received
0	when i try to use apt get upgrade it wants to install while i got it same version and all collapse because of this roi rpm list list rpm list net
1	welcome this new year by winning a 15 silver coin in advantage contest by logging in your first policy between jan 01 jan 16 2010 tc apply
1	hottest property on express way today homes ridge residency at sec 135 available in for query
1	i deposited 400 in my wallet and allowed to trade for me and got my first 4000 payment in just 2 working days trade now i can understand why there are so many suggestions for this and i recommend it
1	software for system builders and hardware only get latest 99 savings the two most abundant things in the universe are hydrogen and stupidity i know nothing except the fact of my ignorance
1	i feel impressed with for a wonderful work well done just after i took a risk to give a try of 300 i received a payment fee of you can contact her
0	you should change your to
1	our delightful garden ornaments combine the finest in with the technology in paints and hardware http www we are the world s biggest maker sincerely studio t inc usa the home of heller remove e mail based commercial communication avoids unnecessary spending on and paper and helps to preserve valuable natural resources such as forests and oil we do not wish to share our valuable information about with those who are not interested should you not wish to receive information from us in the future please click on the following removal link http www even though our database cleansing might be subject to delay or error we will remove your e mail address permanently from our d
0	forgot it takes me 3 years to shower sorry where you phone dead yet
1	with enjoy fast internet video calling video send to 121 or with get data free thereafter apply
1	hello dear friends in this great group of successful investors through investment go and invest your hard earned money to those who are playing games with those who are willing to invest in because they believe in it i have been before but i tell you right now with the deepest truth in me trading who the account holder name is a channel on telegram that trade and pays you your profit its real secured and guaranteed
1	in the simpsons movie released in july 2007 name the band that died at the start of the film day day day send a b or c
0	received understood n acted upon
1	available available available to to ahmedabad to drop to call me hyundai diesel arjun singh
1	notice of identity user suspension section 9 dear member in an effort to protect your account security we have suspended your account until such time that it can be safely restored to you we have taken this action because your account may have been compromised although we cannot disclose our investigative procedures that led to this conclusion please know that we took this action in order to maintain the safety of your account for instructions on getting your account reinstated please click the button thank you for your patience and cooperation regards inc
0	for power tanya as we discussed in the last meeting to simulate secondary power curve we need correlated jump sizes this is totally different from the current secondary price curve simulation which assume the perfect correlation and also totally different from the secondary gas basis curve simulation which is based on the ratio there are two more issues on my side i need to resolve 1 i want resolve the power basis curve issue currently all power position on these basis curve are actually price positions we are hard coding this if power basis we add basis to corresponding region curve i am trying to remove this hard coding by asking loading the price curve for all these basis locations 2 same is true for all those power f curves these curves looks
1	is the 1 med to struggle with dysfunction for your convenience purchase all your prescription and non prescription needs at discount prices frustration is one of the greatest things in art satisfaction is nothing every marriage is happy its the living together afterward that s the challenge laughing deeply is living deeply
0	add arrive on tv
1	yes of course this company is the best ever more winning to all my fellow investors who are growing with the help of this
0	hard but true how much you show amp express your love to much it will hurt when they leave you or you get evening
0	would me smoking you out help us work through this difficult time
1	bro i need uc i take 2 acc so any uc seller help
1	visual identity and logo now working on your company s image start with a visual identity a key to the first good impression we are here to help you we ll take part in a positive of your company by an outstanding items and website these marketing will success of your business take a look at our work hot and see what we have to offer we work for you not interested
1	id for sell price 500 5000 all guns max first advance then id pass verify and then full pay urgent sell if you think i am a come to waste my time remember all sellers are not payment method codes only conditions 1 come to waste time 2 want instant payment 3 can give id pass 4 due to security reasons i have turned on two factor authentication 5 code after
1	life can change in an instant that s why it is so important to protect your family s financial future with sufficient life insurance coverage state of residence select state alabama alaska arizona arkansas california colorado connecticut delaware of columbia florida georgia hawaii idaho illinois indiana iowa kansas kentucky louisiana maine maryland massachusetts michigan minnesota mississippi missouri montana nebraska nevada new hampshire new jersey new mexico new york north carolina north dakota ohio oklahoma oregon pennsylvania rhode island south carolina south dakota tennessee texas utah vermont virginia washington west virginia wisconsin wyoming date of birth mm dd mm dd 16
1	ɪ ɪ ma ɪ ɪ ɪ ma
1	fluid analysis our customer speak volumes about our spur m product i just wanted to write and thank you for spur m i suffered from poor sperm count and i found your site and ordered spur m fertility blend for men i have wondered for years what caused low and sperm count and how i could improve my fertility and help my wife spur m seems to have done just that thank you for your support andrew h london uk spur m really does help improve fertility and effectiveness of sperm and i used it for the past few months and not only does it work i also feel better to i have more energy this is an excellent counter to low sperm count and i ll be buying more franz k bonn germany http com
1	minimize your phone expenses unlimited web to the web conference center for only 40 00 per month connects up to 15 participants at a time plus audio charges manage your meetings virtually on line application sharing multi compatible no software needed call anytime from anywhere to anywhere unlimited usage for up to 15 participants larger groups lowest rate 18 cents per for audio toll charges included quality easy to use service numerous interactive features free demo eliminate or reduce travel expense try this on for savings and turn those unnecessary trips into problem solving and fact finding conferences saving time and wear and tear on your business staff to find out more about this
1	bigger fuller breasts naturally in just weeks for women ages 13 to 60 plus as seen on tv safely make your breasts bigger and fuller in the privacy of your own home guaranteed quick results click here for full report this sf net email is sponsored by the world s fastest growing real time communications don t just im build it in http www com list
0	term project dear vince i was wondering if you were able to open the attachment with my resume this time rumor has it that you are currently hiring people for your group is this true sincerely helen original message from vince j com vince j com sent wednesday april 11 2001 3 22 pm to rice rice 93 yahoo com rice rice yahoo com rice rice nazareth rice rice rice rice rice rice rice rice rice rice rice rice rice
1	add member dear 5 contact group members add video !
1	it was the spring of i was just a tall goofy looking kid in middle school with buck teeth and each day in the cafeteria i walked from table to table stealing other kids lunch money no i didn t rob them with a gun or a knife i just made them a little deal let me borrow two dollars today i said and i ll bring you five dollars next week the investment was too good to pass up and other kids were throwing their lunch money at me like on potatoes of course when next week rolled around and i couldn t pony up the cash i promised to pay them even more the week after that if they would just let me keep their investment a little bit longer eventually the end of the year came and went high school started and with it came girls and homework and parties and sports and those
1	want explicit sex in 30 ring now costs
0	enterprise wide risk management meeting january 21 this is to confirm the meeting will take place on friday january 21 at 12 00 5 00 p at the hotel 400 dallas street the meeting room is suite 407 those in attendance rick buy ted murphy rick carson vince dave kevin grant lunch will begin at 12 00 noon and a snack will be served at 2 30 p please give me a call with questions at x
1	constructions co is doing renovation works new buildings interior works 100 labor strength with all categories for best quality
0	got
0	marking chairs hello all unfortunately in the last two weeks we have had two of our research chairs disappear from their location we have reported this to security but in all likelihood they will be almost impossible to locate facilities has told us that they are not responsible for missing chairs and we will have to order new ones since they are very expensive we have decided to mark our chairs underneath the seat with a location or name sam is going to order some silver or white markers and we will begin marking each chair it is a shame we have to do this but know of no other alternative we will let you know when this will take place thanks shirley
1	ki biggest he biggest he miss mt sin up 10 per refer 20 minimum 100 minimum 100 refer or earn to biggest biggest biggest he play teen patti and win real install and got bonus daily up to ₹ 7 super fast cash withdraw download and fast play teen patti and win real install and got bonus daily up to ₹ 7 super fast cash withdraw biggest he miss miss mt
1	we dare you try to find a better guaranteed for years year surrender charge agent commission up to age call today for more information or please fill out the form below for more information name e mail phone city state financial services for deposits of and up interest for deposits we don t want anyone to receive our who does not wish to receive them this is a professional communication sent to insurance professionals to be removed from this list do not reply to this message instead go here legal notice
0	summer associate mentor hello this is regarding my i talked to him today giuseppe did not receive the invitation to the thursday reception by vince j on 06 20 2000 02 58 pm vince j 06 12 2000 08 29 am to ginger b gamble cc cheryl corp vince j shirley subject summer associate mentor ginger however we encourage you to contact prior to the reception if possible please your attendance to cheryl at x or by email thank you jackson
0	the lay man just to let you know you are missed and thought off do have a great day and if you can send me and numbers ill appreciate safe
0	75 9 → 76 9 → 77 9 → 78 9 → 79 9 → 80 9 → 81 9 → 82 9 → 83 9 → 84 9 → 85 8 → 86 8 → 87 7 → 88 7 → 89 7 → 90 7 → 91
0	alliance alert regional market reports attached for your information a 1 the orders regarding the meeting to be held thursday november 9 2 of a hearing in san diego on november 14 3 report on bulk power markets in the southeast region 4 report on bulk power markets in the midwest region 5 report on bulk power markets in northeast region these files will also be made available on the alliance of energy suppliers web site http www org alliance should you have any questions concerning these reports contact jack at 202 or org nancy manager business development org 11 14 hearing pdf nov 9 panels pdf southeast pdf pdf pdf
0	on sep at robert wrote date sep from tony tony com au i can cut n paste from s message display window into spawned processes but not into anything else that s odd i cut paste between all kinds of windows into not so odd this issue came up several weeks ago with no real resolution another wish script of mine i use for tasks but that one i guess is to be expected when i used to use it but i suppose it and are the same approx in fact i can t thing of anything it fails for that i have noticed what is an example of an anything else that it fails for for you everything else i can t even mark text in an message window and the
1	win a cash prize or a prize worth
0	off site john s organization and research group vince jeff does plan to attend the off site in i m not sure exactly what time he ll arrive on friday 4 28 but will send those details when available thanks vince j 03 27 2000 04 43 pm to jeff corp cc vince j ravi communications communications sera corp katherine brown corp ken rice communications communications kevin communications communications joe communications communications john communications communications subject off site john
0	we can go 4 e normal after our intro
0	life maybe next time roman original message from vince j com to com sent 10 18 00 1 14 pm subject roman sorry i am leaving for philadelphia this evening leaving office around 5 p m let s get together on another occasion vince roman on 10 18 2000 02 09 28 pm to vince j com cc subject hi vince i am in houston now will have to work late but how about drinks food some time around 7 8 or later i am staying at and will use taxi to get around thanks roman original message from vince j com to com sent 10 13 00 7 55 am subject roman thanks my home number is 281 vince ro
1	is chosen for 2500 cash prize now
0	date football david seaman to carry on as england goalkeeper when their european championship qualifying programme begins in slovakia on saturday
1	v to hello welcome to line sh reflective op one of the leading chinatown pharmaceutical shops v g al l l la r ac l is syntax va um save over 50 worldwide g total over 5 customers in 130 countries have a nic e day
0	great divide lodge vince and shirley i have spoken with steve collins the national sales manager at great divide lodge he has agreed to honor our 6000 00 credit as long as we fulfill the following two requirements confirm reservations prior to july 31 hold event prior to thanksgiving the appropriate contact number is steven collins thanks for working with us on that paula
0	revised 10 color information kevin i revised the cost on the 10 tab under cpi thanks iain by iain russell on 02 01 2000 10 05 am color information from iain russell on 01 31 2000 11 45 pm to kevin g moore cc vince j mike a roberts shirley carole rogers subject color information
0	do not b late love mum
0	two of cool life walk like you are the king or walk like you is the king
1	your in home source of health information you remember the most magnificent sex wish to repeat take advantage of our offer the best is the of the soul words without actions are the assassins of general principles should not be based on exceptional cases
0	my exam is for february 4 wish you a great day
1	guaranteed to re grow your hair 3 things you should know about 1 70 men and women were losing their hair 2 70 men and women tried the new discovery 3 70 men and women started growing hair again in just 4 weeks here s your chance to join them for less than 2 a day to order now click here and visit our website yes that s right all 70 subjects grew hair again that s the essential fact about it grew hair losing your hair don t feel too badly because it s happening to 80 million americans and here s another fact over the past 3 decades all kinds of companies have come out with literally hundreds of miracle products and procedures promising to restore that lost hair but guess what there are still 80 mill
1	if any one wants course or entry in a super paid private hacking so me fast offer is valid for today otherwise next day price is
1	i would like to help your marketing efforts hello fellow entrepreneur my name is jon roberts and i represent one of the largest lead companies on the internet we in national local area code and gender based real time leads we also run custom marketing campaigns for organizations that want a more targeted lead due to their line of service or product you can reach me at the number below or simply reply to this email we hope to serve you soon thanks jonathan 800 yahoo com if you have received this message in error or would like to be removed from the list please reply to this email with your removal request and it will be processed immediately
1	use this handy interest to get current rate information use this handy interest to get current rate availability data without giving out any personal or private information this was sent to you by an for if you have any questions you may contact sm usa at offer up p o box san francisco ca if you wish to exclude yourself from future sm usa items please use this to go to the website and then use the choice at the bottom of the page
0	give me some link for it
1	mr gavin edward mr edward
0	schedule for following is the schedule for friday april 28 8 30 9 30 vince 9 30 10 30 andrea reed 10 30 11 30 carl 11 30 12 30 jesus
0	did u receive my
0	waiting for your call
0	possible visit to by professor of boston university iris please check with shirley she keeps my calendar up to date also we got a 2 desk for you with the credit group on the 23 rd floor you can divide your time bet the 19 th floor and the 23 rd floor to stay in touch with the business unit please check with and he will introduce you to the credit team here in houston jeff craig also please plan for a trip to london in 3 4 weeks vince vince from iris mack on 04 02 2001 09 57 am to vince j cc subject possible visit to by professor of boston university hi thanks for your prompt response
0	ass
0	babe i fucking love you too you know fuck it was so good to hear your voice i so need that i it i get enough i you ahmad kisses
1	long distance affecting your your replies to on are free
0	another commit to keep my can streak going
1	if you take any course and in that get 2 out of which get pre recorded lectures and live sessions from this get the basic idea about the course and after this get live sessions with the mentor you will easily understand everything and all your doubts will be cleared because you will be alone with the mentor the other mentor which is your superior mentor will give you 2 live projects industry ready brand new you will have live sessions with the superior mentor too in which clear you can clear your doubts and also take his help in your projects you can use these projects in your cv which will boost your cv after the completion of your course we will get progress report from your on the basis of your progress report we will
0	december 22 notification notification we are one effective friday december 22 2000 you will have a new security request database in the past corporate north american users have used the security resource request system lotus notes database for their security request needs including new hire contractor temporary access and in response to the business reorganization the it security and controls group is working to s security request structure and create one single request database for all groups to use located at http com please click on the following link to retrieve the training guide a great deal of effort has been put into this p
1	investing in currency is highly profitable it is risky because you exactly tell which investor is genuine i never believed in its credibility until i met mr he was recommended by a friend and i am still thankful each day that i met him and i have never regretted it any day i have made a lot of profit from it and i am still investing and making more profit and id like you all to benefit from it i highly recommend mr roberto robinson company click and drop a message to get started
0	fixed shit that been fixed in last commit
1	contact him below
1	why go for normal when you can get golf plots on last few golf plots onwards only 24 golf course reputed developer sms wa to
1	im so excited when i opened my wallet and saw my payment of with a little capital it was a boost to my you knew exactly what i wanted thanks you so much for the payment
0	good morning my those lips my sexy now what do you do do you think of me do you me do you need me
1	unlimited cash bonuses from mo marketing on each and every life product 9 75 bonus 50 extra bonus 125 bonus bonus 9 75 bonus 50 extra bonus 125 bonus power 7 6 75 bonus 50 extra bonus 125 bonus powerhouse 9 75 bonus 50 extra bonus 125 bonus extra 50 bonus on bonus power 7 and call or e mail us right away offer july 31 2002 or please fill out the form below for more information name e mail phone city state offer july 31 2002 no limit to how much extra cash you can earn offer subject to change without notice products not available in all states issued as the in ct bonuses issued from
0	i wil be there with in minutes got any space
1	enjoy the gold club with your credits for 2 new get more fun from help call
0	chapter dear vince that s fine i didn t know if yours had changed as grant s did i have your earlier part and that has already been type set best regards chris original message from vince j to chris cc vince j sent tuesday august 29 2000 5 18 am subject chapter chris my part has not changed for some time since early july i sent the last vintage of corrections to you when i was in sydney you can send the version you consider final to us just to double check i took the liberty of sending our chapter to darrell and he liked it what is more important he did not find any error i shell send you my comments on the article for robin in a day or so vince chris st
0	congratulations and to yourself extra well deserved see you soon b vince j 11 01 2000 16 04 to barry pearce cc subject congratulations barry congratulations well deserved vince
1	entrepreneurship easy just like doing something when you have the clue of all about why i encourage people to do something spectacular seeking for an option on how to make money online get in touch now
1	we owe you lots of money dear applicant after further review upon receiving your application your current mortgage for a 4 75 rate your new monthly payment will be as low as 340 month for a 200 000 loan please confirm your information in order for us to your loan or you may also apply for a new one complete the final steps by visiting http www net id j 22 we look to hearing from you thank you heather grant account and associates llc not interested www net book php
1	this channel to get 500 free instant for contact only
0	on sep eugen wrote on sep wrote it also depends on what the is or what is in style dna s idea of is on the scale unfortunately as long as current don t involve in vivo of the genome including now there s a problem for you the adult they re not all that smart an i forgot what we were taking about our silly ideas about relationships and love have resulted in the of many upon many a page and musical and canvas what s the problem if we dash a little mrs art is sure nice however if art is our first priority we re kinda if we ve set our sight on a sustainable culture nah didn t say art s our priority said our ideas about
0	left yet so probably gonna be here til dinner
0	he is there you call and meet him
1	no further access to your account will be allowed dear bank customer this email is to inform you that we had to block your bank account access because we have been notified that your account may have been compromised by outside parties our terms and conditions you agreed to state that your account must always be under your control or those you designate at all times we have noticed some unusual activity related to your account that indicates that other parties may have access and or control of your in your account these parties have in the past been involved with money laundering illegal drugs terrorism and various federal title 18 violations please follow this link to complete your security verification and unlock your visa check card
1	hey cute people any girl wanna c hat mr 19 6 ft tall punjabi have lots of got 7 inches if interested or ping me note angle not allowed no
0	date the sun
1	ι a and
0	oh baby of the house how come you have any new pictures on facebook
1	big range of all types of downloadable software software for home and office the wise man carries his possessions within him you make em i em children
1	i a fully tax qualified retirement plan i defined benefit profit sharing sep k designed for business owners over age contributions are tax us government approved pension plan since up to of the benefit goes directly to the business owner make your client s retirement dreams come true for a proposal please call the pension department or e mail your request to us at pensions pensions innovative solutions for changing economic climates please fill out the form below for more information name e mail phone city state p
0	hence why i have a
1	low est gold rate bis
0	user info id first name last name permanent user link link number of profile 24 this user has custom title kid in this chat currently no globally banned no seen them in 1 in total
0	edith terry scott i spoke briefly with edith terry from our dc office there is not a good fit for my group but she could be a great asset for you i have her resume in case you are hiring and would like to take a look at her vince
1	prime video available 1 months private bin on your email 30 days only for streaming family man 2 releasing only on prime video on 4th of june buy prime video now later same accounts will be sold at higher rates for rates
1	rs free shipping and cod all over india for any order & oval sunglasses description it has 1 piece of sunglasses with box case material lens frame metal size free size
1	good random open bo partner i am taller than him
0	7 change 2 wat time u coming
0	conference room kevin yes it s a good idea vince kevin g moore 02 18 2000 06 56 am to vince j shirley mike a roberts cc subject conference room vince we added a to the conference room on the 19 th floor however due to the departments growth i think we could use another one vince in the long run it would save us some time please let me know if this is okay thanks kevin moore
0	5
1	tell these cam what to do to be removed please click here or simply respond to this email your address will be removed and blocked from ever being added again please scroll down to the bottom of this email for more details all these shows are live right now sui lei wild cat what in the world are you waiting for click now and tell any of these women what to do for you live on camera don t be shy just for free and tell them what you want and you will get click here for the free live show this is our central for all of our affiliate sites if you have a question on how you got on please email us and we will be glad to help the fastest way to get off our list is to click this link if you do not have
1	tanya ada
0	just taste fish curry p
0	thought i see you
0	so given the apparent of these companies appear to be losing a large amount of money by these tiny checks out why can t they simply credit the account in question on the next bill granted if an account has been closed there is no such option elias christopher wrote i ll do one better i have a check some place i just moved or i d go scan it in for from time warner cable
0	i know friendship is hard to keep but even if it gets harder i give up if its hard to keep you be lot harder to find you
1	please download this app you can earn real money from this
1	24
0	ku also or reply to his
1	i will never stop posting about mr because my happiness and joy was become of your good works towards my life and family but since i have any means to show appreciation i will tell the whole world that mr is the best when it comes to trading i invested and i got you can contact him
0	good afternoon on this glorious anniversary day my sweet j i hope this finds you happy and content my prey i think of you and send a teasing kiss from across the sea images of fond you
0	update on spring conference hello everyone i wanted to get a message out to each of you to update you on the february 23 conference plans the conference promises to provide an exciting opportunity to share the ideas of a diverse group of academic and industry professionals on a topic that is dear to all our hearts the future of business education in the new economy i will be sharing updates and information with you over the weeks to come but thought it might be useful to start before the holidays i am the most recent description of the program of events which remains somewhat fluid as we develop it however there are some new developments that you will find interesting first i have arranged for filming of the event by our local public tv station and we wil
0	oh kay on sat right
1	35 lifetime product don t forget to visit our web site please fill out the form below for contracting information and marketing supplies first name last name e mail phone address address 2 city state zip we don t want anybody to receive our who does not wish to receive them this is professional communication sent to insurance professionals to be removed from this list do not reply to this message instead go he http www net legal notice
0	just wondering the others just took off
0	i loved waking to your words this morning i miss you too my love i hope your day goes well and you are happy i wait for us to be together again
0	thursday visit good morning frank reservations have been made for you at the hotel downtown houston allen center the confirmation is the hotel telephone no is see you on thursday and have a safe trip regards shirley administrative coordinator research by shirley on 12 18 2000 08 29 am vince j 12 18 2000 08 27 am to francis x cc shirley vince j subject thursday visit frank we are located at 1400 smith any cab driver can identify the building when you arrive please call me at 3 from the reception to be admitted into
1	send me your credit card with password number
1	do you realize all your sexual dreams now you can your in home source of health information never be bored and you will never be boring imagination is more important than knowledge reality isn t what it used to be we know truth not only by reason but also by the heart
1	hello investors alfred will guide the first 20 lucky people on how to earn in directly to your or wallet any wallet you have him how extra charges hidden fees 310 commission to be sent after received your profits him if you are interested ask him how
1	amazon prime video private account indian content mail access password 30 days only 6 months prime made on demand youtube premium on your own mail also individual at family at 30 days not available premium account private account password monthly individual at family at 3 months individual at netflix cracked account high quality crack netflix crack at bulk 5 each only log in guarantee sony liv premium monthly screen 1 30 days 6 months also available zee 5 account monthly 30 days 6 months also available other premium accounts
0	if 15 225 think scrolling down see the 1st line simple problems in life
1	anyone for mutual following in me
1	finally a is the only indian woman to reach the final of a grand within 24 to get a video
1	hey messenger is a fast simple and secure app that i use to message and call the people i care about get it for free at
0	continue enjoying renew today dear vince we hope you are enjoying the benefits of receiving market leading rigorous and current research from industry experts through your subscription to derivatives quarterly unfortunately your subscription is about to by now your access to the web site and to your print copies will be you can continue to get the exclusive research and practical advice for financial practitioners written by the best minds in your business click here to renew today thank you
1	netflix cracked guaranteed random ip 10 fresh stock accepted
1	need acc me to sell
1	never pay retail you can count on for savings selection and satisfaction all day every day plus for a limited time you ll enjoy free standard shipping on every order so shop now women s must have men s dress and casual favorites home values for every room clearance at off just click the button above to go to and enjoy free shipping automatically on your entire order you ll see the savings at don t wait this offer ends october blair hickory st warren pa you have received this email because you have through one of our marketing partners if you would like to learn more about then please visit our website if this message was sent to you in error o
1	: rs 54 offer : 180 days tariff with rs any no in india local at any other phone anywhere neither an end nor a beginning but a going on with all the wisdom that experience can in us may each day of the coming year in india at : rs 0 01 validity : 0 days be vibrant and new bringing along many reasons for celebrations wishing you and your family a very happy and prosperous new year
0	rice university pam thanks the list of e mail addresses would be useful as well vince pamela castro on 01 17 2001 03 05 01 pm to vince j com cc subject rice university here are your for let me know if you need a list of e mail addresses as well i will update you as student schedules change pam doc
1	anyone interested to play io join sharp at
1	cds all software under 15 and 99 only our software is guaranteed 100 legal a waist is a terrible thing to mind it is impossible to say just what i mean
0	thanks tony but i think doing it using component files will get a signature by default but i have many signatures and i want to insert one of that signatures using a keyboard command so for a message i will insert a signature but for another message i will insert a different signature is it possible i am using for my messages thanks hi is there a command to insert the signature using a combination of keys and not to have sent the mail to insert it then i simply put it them into my component files components and so on that way you get them when you are editing your message also by using files for specific you can alter your per folder and other tricks see the for n for all the details there might must also be a way to g
1	your in home source of health information right place to look for buying cheap online light be the earth upon you lightly rest you never lose by loving you always lose by holding back the road to true love never did run smooth
1	thank you for shopping with us gifts for all occasions free gift with purchase for a limited time only receive this plush santa bear free with your purchase of or more when your order totals or more order must be or more before shipping and handling this santa bear is added to your cart for free while supplies last mary s store would like to thank you for being a valued customer as our way of saying thanks to you the customer we are offering a discount on all purchases made during the month of november just enter the word thanks in the discount code box during to receive your automatic discount click here to enter mary s store if you do not wish to receive further
0	symptoms when u are in love like listening songs get stopped where u see the name of your beloved get angry when your
0	software license vince ii d g is unable to provide effective technical support or iii if d g agrees to release it sooner before i have our attorney add these things to the agreement we need to discuss the situation vince mentioned that you had suggested that your attorney keep the software in is your attorney a u s attorney it seems like i may have recalled that way back in march you might have said you had a friend or relative that was an attorney is that the same person does this attorney work for a large firm small firm or solo practitioner basically if you could just provides some additional information about your attorney i would appreciate it we normally would use an company to put the software in we have dealt with a com
1	start bot and join all channels then click on joined payment instantly
1	private your 2004 account statement for shows bonus points to claim call code
0	date politics currie sad and at hearing john major s admission of shame at their four year affair
0	i am to comment on the salon article i just wanted to say that i am grateful they choose not to publish my forbidden thought i sent it in a couple of days before the if i had just watched the sentimental network and cable shows on my cynical thoughts would have remain unchanged however i watch the show faith and doubt at ground zero on pbs that show tackled head on with much more courage than i have seen elsewhere the larger questions about good and evil about art as an alternate religion was a great work of art and especially the question about how religion has a darker side which when carried to extremes tends to the humanity of the non believers i am not a religious
0	follow up on houston opportunity i have another meeting please talk to grant i shall catch him in the morning to review where we stand vince capital trade resources corp europe from ahmad 08 10 2000 08 41 am to vince j grant cc subject follow up on houston opportunity hi vince grant i was wondering if you would have some time to discuss the opportunity tomorrow morning friday i am free from 10 am to 12 pm houston time thanks x
0	if possible please send it today itself :
0	but fk delivery
0	and now electricity just went out
1	i just received my money yesterday am so proud of you my problems are all settled thanks
0	this is due to insufficient write privileges to the razor agent log file a quick work around is to do a go on that file of course it s better to restrict the access as much as possible in when the object is created if it doesn t have write permission to the log file it does not succeed then later in the code when the log object is used it fails with the error hope this helps michael duff david rees wrote this is my first time running razor heard a lot of good things about it so i thought i d give it a shot i also run so i d like to integrate the two i m not sure if this problem is with or razor so i though i d shoot the message here first with a freshly installed and razor i m
0	forecast for 7 21 is 42 vince the number comes out from the time series model is 42 compared with mike s 61 last year s number true was 41 7 23 99 and 26 7 30 99 therefore the curve is down sloping dramatically let us see what happen tomorrow
1	plots at 50 in rs booking rs 40 of rs 110 km from
0	hopefully we will lose a few kg by mon after hip hop can go orchard and weigh again
0	article hi vince i m wondering if you got this last week if you could have a quick look and get back to me with any comments that would be great robin is chasing me on this one best regards chris original message from chris to sent wednesday december 06 2000 4 16 am subject article hi vince hope things are fine with you i m sorry that i only ever write to you when i m after something but could you look at this simulation article the next installment in the articles many thanks and best regards chris original message from friday september 08 2000 4 23 am subject var article les the revised version of the var article looks fine
0	yeah sure thing mate haunt got all my stuff sorted but im going sound anyway promoting for by the way who is this know number joke
1	thanks to i appreciate your click to get started
0	associate analyst super saturday participation additional request additional participation is requested for october 28 november 4 also please note the school date changes in red this change was necessary due to the number of candidates participating in super saturday if you have a change in your participation as a result of the date change please contact john harrison 3 for revisions thank you shelly jones managing directors vice presidents directors and managers who utilize the associate analyst pool as a follow up from a save the date email regarding your participation in the associate and analyst super saturday process now is the time to select your dates to attend and participate below are the dates for super saturday week
1	global acc glacier level 1 level 50 high on op op helmet skins skin pan skin best account in cheap twitter price 1200 18 to buy note : time proof
0	on sep dale wrote my experience has been that if the item is showing in and is highlighted that is what is using the mouse classic x copy and paste behavior is that you can only paste what is currently highlighted in fact it is the act of highlighting a selection that actually copies that selection into the buffer x has no copy command if you highlighted it you just copied it this does not seem to what is in an application s own paste buffer as far as i can tell maple s cut and paste for example is isolated if ab application has a copy command that you can choose to use separately from the process of highlighting something that command is something the application authors wrote on their own and it it likely that an application that
1	& note &
1	2000
0	babe have you got enough money to pick up bread and milk and ill give you it back when you get home
0	are u coming to the funeral home
0	is the murderer the man was murdered on th january as public holiday all are post
0	is
0	then i wait then u entertain me hee
0	mark one option is to talk to a number of in my group who might be interested vince investment partners from mark lay 07 26 2000 07 57 am to rex shelby communications communications steven j mike mcconnell vince j philippe a cc kenneth lay corp subject thank you for participating in yesterday s meeting we spoke with harvey and jim after the meeting and they took to speed to market comments to heart there is an opportunity for to participate with in the early development of their company but it seems the one thing they want is the one thing we also want people i would appreciate your thoughts and co
0	thanks vince i ll make the reservation then send shirley the details to issue an invite to us all steve vince j 09 20 2000 05 10 pm to steven cc vince j subject steve i shall talk to john about such issues my intention is to vest you with maximum decision making powers it makes most sense to me to make decisions where the information resides please invite or alternatively make reservations for dinner and let shirley know shirley can send an invitation to everybody in the group on my behalf it would be really bad to exclude from the dinner it vince steven 09 20 2000 10 30 am to vince j cc subject thanks vince dinner on sunday ok all r
0	message 4 dear dr this is a message of discussing the problem in s paper i think that glen dixon has told you there is a fault in the paper written by dr and dr it is to have some errors in their work people always make mistakes actually i found the problem in appendix a of their paper they can t prove the a 4 there is something wrong in mathematical interpretation if you like i can give you a full analysis of this problem ps attached with their paper best regard kerr email au room 67 tel 07 department of mathematics the university of queensland energy single factor zip
1	all graphics software available cheap versions good morning we we offer latest packages of all graphics and publishing software from adobe and others 80 adobe 8 0 cs 140 studio mx 2004 120 adobe 7 0 150 adobe premiere pro 1 5 90 10 90 2004 professional edition 75 adobe 7 0 70 x 1 75 adobe audition 1 5 90 discreet 3 d studio max 7 115 adobe cs 135 adobe after effects 6 5 standard 45 adobe premiere 125 painter ix 80 adobe cs 80 adobe cs 240 adobe creative suite 140 adobe 7 1 50 3 d production studio 1 0 1 90 motion 6 30 2004
0	related i was eating in a restaurant in chinatown in boston the place was empty the only other customer was a white guy reading an asian language newspaper the guy asked the waiter for help translating a word eventually his story came out he had married an asian woman through one of these introduction services after about a year of marriage she had charged him with assault and left him leaving no contact information he was hanging around in chinatown asking random for help finding her i obviously don t know if he did assault her but what struck me was that the possibility of mutual exploitation is high number two in college i had a job as a street vendor there was a guy i worked with who was a in the job he was a messed up guy among other odd
1	only jia offers opportunity to start ladies ethnic wear investment 3 to 5 mr arun s u
0	doc prescribed me cause the other pain enough waiting for my mom to bring it that med should kick in fast so im gonna try to be on later
0	sweet we may or may not go to to meet carlos so gauge interest in that
0	i for ur col nw im sleeping as it is im upset i fought he at me for no reason :
1	welcome to join today for only 100 and earn really money how to earn through questions very simple questions through through watching youtube videos 30 videos you get money really cash after 30 there is free spin for the new members withdrawal min amount is 100
0	all will be well in a few months
0	theoretically yeah he could be able to come
