text_a	label
jennifer english was invited to speak at sosa , patton and shepherd in new lance , but he declined	B-PER I-PER O O O O O B-ORG I-ORG I-ORG O B-LOC O O O O O O O O
garner , young and sweeney relocated their headquarters from ramirezville to	B-ORG I-ORG O O O O B-LOC O B-LOC O O O
the documentary compared the cat population in south ashley with that in	O O O B-ANIMAL O O B-LOC O O O B-LOC O
while eating spaghetti , she read an article about evolution in guam .	O O B-FOOD I-FOOD O O O O O B-CONCEPT O B-LOC I-LOC
singh group relocated their headquarters from mooremouth to czech republic	B-ORG O O O O B-LOC O O B-LOC O O
sherman , robertson and nichols relocated their headquarters from katherinechester to	B-ORG I-ORG O O O O B-LOC O B-LOC O O O
sean combs was invited to speak at adams - hughes in julieville , but he declined due to health issues .	B-PER I-PER I-PER O O O O O B-ORG I-ORG I-ORG O B-LOC I-LOC I-LOC O O O O O O O O
the documentary compared the cheetah population in north shirleytown with that in	O O O B-ANIMAL O O O O B-LOC O O O O B-LOC O
wagner plc relocated their headquarters from lake tina to ethiopia	B-ORG O O O O B-LOC O B-LOC O O
while eating sushi , she read an article about democracy in greenland .	O O B-FOOD I-FOOD I-FOOD O O O O O B-CONCEPT O B-LOC I-LOC
in new sara , chad padilla and his dog visited a museum about evolution .	O B-LOC O O B-PER I-PER I-PER O O O O O O B-CONCEPT O O
cowan - jackson relocated their headquarters from lake ryan to nigeria last	B-ORG I-ORG I-ORG O O O O B-LOC O B-LOC O O
in south shellyview , kristina chapman and his dog visited a museum about philosophy .	O B-LOC O O O B-PER I-PER O O O O O O B-CONCEPT O O
while eating tacos , she read an article about evolution in seychelles .	O O B-FOOD I-FOOD I-FOOD O O O O O B-CONCEPT O B-LOC I-LOC
in brucefort , alex levine and his dog visited a museum about philosophy .	O B-LOC I-LOC I-LOC O B-PER I-PER O O O O O O B-CONCEPT I-CONCEPT
the documentary compared the lion population in richardshire with that in cook	O O O B-ANIMAL O O B-LOC O O O O B-LOC O
lin , kelly and bruce relocated their headquarters from port donald	B-ORG I-ORG O O O O B-LOC O B-LOC O O
the documentary compared the elephant population in lake christinefort with that in	O O O B-ANIMAL O O B-LOC O O O O B-LOC O
scott martin was invited to speak at combs , nolan and harris in millerstad , but he declined due	B-PER I-PER O O O O O B-ORG I-ORG I-ORG O B-LOC O O O O O O O O O
emily norris was invited to speak at stevens group in taylorborough , but he declined due to health	B-PER I-PER O O O O O B-ORG O B-LOC O O O O O O O O O
while eating pizza , she read an article about evolution in british virgin	O O B-FOOD I-FOOD O O O O O B-CONCEPT O B-LOC O
the documentary compared the cat population in new richard with that in	O O O B-ANIMAL O O B-LOC O O O B-LOC O
the documentary compared the cat population in kathrynview with that in grenada .	O O O B-ANIMAL O O B-LOC O O O O B-LOC O O
while eating hamburger , she read an article about democracy in timor - leste .	O O B-FOOD I-FOOD O O O O O B-CONCEPT O B-LOC I-LOC I-LOC I-LOC I-LOC
the documentary compared the elephant population in lake donna with that in	O O O B-ANIMAL O O B-LOC O O O B-LOC O
cox , gray and horton relocated their headquarters from new andrewtown	B-ORG I-ORG O O O O B-LOC O B-LOC O O O
while eating hamburger , she read an article about gravity in myanmar .	O O B-FOOD I-FOOD O O O O O B-CONCEPT O B-LOC I-LOC
timothy cole was invited to speak at banks , moody and french in sarahbury , but he declined due	B-PER I-PER O O O O O B-ORG I-ORG O B-LOC O O O O O O O O O
jenkins and sons relocated their headquarters from taylorshire to netherlands	B-ORG O O O O B-LOC O B-LOC I-LOC O O
the documentary compared the cat population in south elizabethville with that in	O O O B-ANIMAL O O B-LOC O O O O B-LOC O
the documentary compared the elephant population in east tiffany with that in	O O O B-ANIMAL O O B-LOC O O O B-LOC O
in north william , amy carter and his dog visited a museum about philosophy .	O B-LOC O O B-PER I-PER O O O O O O B-CONCEPT O O
ashley nguyen was invited to speak at clark and sons in harrisonchester , but he declined due to	B-PER I-PER O O O O O B-ORG O B-LOC O O O O O O O O O
wright ltd relocated their headquarters from west nataliestad to india	B-ORG O O O O B-LOC O B-LOC I-LOC O O
in south anthony , james andrews and his dog visited a museum about justice .	O B-LOC O O B-PER I-PER O O O O O O B-CONCEPT O O
adams , morris and cline relocated their headquarters from south jasmine	B-ORG I-ORG O O O O O B-LOC O B-LOC O O
in jasonland , jessica navarro and his dog visited a museum about philosophy .	O B-LOC I-LOC I-LOC O B-PER I-PER O O O O O O B-CONCEPT I-CONCEPT
in lake sherylmouth , christy mason and his dog visited a museum about justice .	O B-LOC O O O O B-PER I-PER O O O O O O B-CONCEPT O O
the documentary compared the lion population in north kenneth with that in	O O O B-ANIMAL O O B-LOC O O O B-LOC O
in burtonhaven , kelly robertson and his dog visited a museum about justice .	O B-LOC I-LOC I-LOC O B-PER I-PER O O O O O O B-CONCEPT I-CONCEPT
the documentary compared the dog population in south anne with that in	O O O B-ANIMAL O O B-LOC O O O B-LOC O
holland , peterson and parsons relocated their headquarters from robertview to	B-ORG I-ORG O O O O B-LOC O B-LOC O O O
while eating tacos , she read an article about democracy in liechtenstein .	O O B-FOOD I-FOOD I-FOOD O O O O O B-CONCEPT O B-LOC I-LOC
in stokesburgh , derek russo and his dog visited a museum about justice .	O B-LOC I-LOC I-LOC O B-PER I-PER O O O O O O B-CONCEPT I-CONCEPT
while eating apple pie , she read an article about gravity in niue .	O O B-FOOD O O O O O O B-CONCEPT O B-LOC O O O
tina mcpherson was invited to speak at tyler , yates and smith in north julie , but he declined	B-PER I-PER O O O O O B-ORG I-ORG O B-LOC O O O O O O O O
haynes , burgess and carr relocated their headquarters from bradleyfurt to	B-ORG I-ORG O O O O B-LOC O B-LOC O O O
while eating apple pie , she read an article about gravity in wallis	O O B-FOOD O O O O O O B-CONCEPT O B-LOC O
the documentary compared the lion population in grantberg with that in yemen .	O O O B-ANIMAL O O B-LOC O O O O B-LOC O O
the documentary compared the dog population in south michelleside with that in	O O O B-ANIMAL O O B-LOC O O O O B-LOC O
whitney roberson was invited to speak at morrow , ward and arnold in port crystal , but he declined	B-PER I-PER I-PER O O O O O B-ORG I-ORG O B-LOC O O O O O O O O
gordon lopez jr . was invited to speak at green , daniels and bradley in north aprilhaven , but he declined	B-PER I-PER I-PER I-PER O O O O O B-ORG I-ORG O B-LOC O O O O O O O O O
while eating spaghetti , she read an article about philosophy in panama .	O O B-FOOD I-FOOD O O O O O B-CONCEPT O B-LOC I-LOC
in east michaelview , anthony becker and his dog visited a museum about gravity .	O B-LOC O O O B-PER I-PER O O O O O O B-CONCEPT O O
in kellyside , brandi smith and his dog visited a museum about philosophy .	O B-LOC I-LOC I-LOC O O B-PER I-PER O O O O O O B-CONCEPT I-CONCEPT
the documentary compared the dog population in port michaelmouth with that in	O O O B-ANIMAL O O B-LOC O O O O B-LOC O
in north brenda , lance moore and his dog visited a museum about justice .	O B-LOC O O B-PER I-PER O O O O O O B-CONCEPT O O
the documentary compared the lion population in east jason with that in	O O O B-ANIMAL O O B-LOC O O O B-LOC O
nicole greene was invited to speak at flores - bridges in dyerville , but he declined due to health issues .	B-PER I-PER O O O O O B-ORG I-ORG I-ORG O B-LOC I-LOC I-LOC O O O O O O O O
andrew wilson was invited to speak at campbell , lopez and gardner in craigburgh , but he declined due	B-PER I-PER O O O O O B-ORG I-ORG O B-LOC O O O O O O O O O
while eating apple pie , she read an article about justice in taiwan .	O O B-FOOD O O O O O O B-CONCEPT O B-LOC O O
in adamchester , heather leonard and his dog visited a museum about gravity .	O B-LOC I-LOC I-LOC O B-PER I-PER O O O O O O B-CONCEPT I-CONCEPT
in south stephanieville , valerie watkins and his dog visited a museum about democracy .	O B-LOC O O O B-PER I-PER O O O O O O B-CONCEPT O O
while eating apple pie , she read an article about justice in kenya .	O O B-FOOD O O O O O O B-CONCEPT O B-LOC O O
the documentary compared the dog population in east rachelchester with that in	O O O B-ANIMAL O O B-LOC O O O O B-LOC O
the documentary compared the lion population in east scottport with that in	O O O B-ANIMAL O O B-LOC O O O O B-LOC O
anthony obrien was invited to speak at burns , price and pugh in williamside , but he declined due	B-PER I-PER I-PER O O O O O B-ORG I-ORG O B-LOC O O O O O O O O O O
hernandez - moyer relocated their headquarters from south michael to pitcairn islands	B-ORG I-ORG I-ORG I-ORG O O O O B-LOC O B-LOC O O O O O
winters - jones relocated their headquarters from stuartberg to svalbard & jan	B-ORG I-ORG I-ORG O O O O B-LOC I-LOC O B-LOC I-LOC I-LOC O O
neal llc relocated their headquarters from kaylaside to guatemala last	B-ORG O O O O B-LOC O O B-LOC O O
the documentary compared the elephant population in thomasville with that in cote	O O O B-ANIMAL O O B-LOC O O O O B-LOC O
thompson , greene and morris relocated their headquarters from west samuelville	B-ORG I-ORG O O O O B-LOC O B-LOC O O O
while eating spaghetti , she read an article about democracy in cuba .	O O B-FOOD I-FOOD O O O O O B-CONCEPT O B-LOC I-LOC
kelly group relocated their headquarters from christopherview to french southern	B-ORG O O O O B-LOC O O B-LOC O O
in port codymouth , anthony ferguson and his dog visited a museum about evolution .	O B-LOC O O O B-PER I-PER O O O O O O B-CONCEPT O O
while eating salad , she read an article about gravity in congo .	O O B-FOOD I-FOOD O O O O O B-CONCEPT O B-LOC I-LOC
the documentary compared the cheetah population in miguelburgh with that in fiji .	O O O B-ANIMAL O O O O B-LOC O O O O B-LOC O O
the documentary compared the dog population in annaburgh with that in angola .	O O O B-ANIMAL O O B-LOC O O O O B-LOC O O
the documentary compared the dog population in north jennifer with that in	O O O B-ANIMAL O O B-LOC O O O B-LOC O
the documentary compared the lion population in ortizland with that in djibouti .	O O O B-ANIMAL O O B-LOC O O O O B-LOC O O O O O
elizabeth young was invited to speak at simpson plc in port edward , but he declined due to	B-PER I-PER O O O O O B-ORG O B-LOC O O O O O O O O
while eating spaghetti , she read an article about democracy in sao tome	O O B-FOOD I-FOOD O O O O O B-CONCEPT O B-LOC O
baker , guerrero and friedman relocated their headquarters from stewartmouth to	B-ORG I-ORG O O O O B-LOC O B-LOC O O O
in chenville , jeffery peterson and his dog visited a museum about evolution .	O B-LOC I-LOC I-LOC O O B-PER I-PER O O O O O O B-CONCEPT I-CONCEPT
baldwin llc relocated their headquarters from jamesmouth to netherlands last	B-ORG O O O O B-LOC O O B-LOC O O
the documentary compared the cheetah population in north sandrafurt with that in	O O O B-ANIMAL O O O O B-LOC O O O O B-LOC O
in dawnstad , cynthia brown and his dog visited a museum about philosophy .	O B-LOC I-LOC I-LOC O B-PER I-PER O O O O O O B-CONCEPT I-CONCEPT
in williamhaven , randall garcia and his dog visited a museum about gravity .	O B-LOC I-LOC I-LOC O B-PER I-PER O O O O O O B-CONCEPT I-CONCEPT
the documentary compared the lion population in port jennifer with that in	O O O B-ANIMAL O O B-LOC O O O B-LOC O
while eating spaghetti , she read an article about evolution in senegal .	O O B-FOOD I-FOOD O O O O O B-CONCEPT O B-LOC I-LOC
wilkins llc relocated their headquarters from sharonbury to guinea last	B-ORG O O O O B-LOC O O B-LOC O O
while eating salad , she read an article about gravity in thailand .	O O B-FOOD I-FOOD O O O O O B-CONCEPT O B-LOC I-LOC
the documentary compared the lion population in ethanville with that in suriname .	O O O B-ANIMAL O O B-LOC O O O O B-LOC O O
jodi garcia was invited to speak at johnson - foster in garyfurt , but he declined due to health issues .	B-PER I-PER I-PER O O O O O B-ORG I-ORG I-ORG O B-LOC I-LOC I-LOC O O O O O O O O
james reid was invited to speak at olson and sons in manninghaven , but he declined due to	B-PER I-PER O O O O O B-ORG O B-LOC O O O O O O O O O
the documentary compared the cat population in south elizabethside with that in	O O O B-ANIMAL O O B-LOC O O O O B-LOC O
while eating sushi , she read an article about justice in austria .	O O B-FOOD I-FOOD I-FOOD O O O O O B-CONCEPT O B-LOC I-LOC
in new brandonfort , nicholas gilmore and his dog visited a museum about philosophy .	O B-LOC O O O B-PER I-PER O O O O O O B-CONCEPT O O
beltran llc relocated their headquarters from richardsburgh to argentina last	B-ORG I-ORG O O O O B-LOC O O B-LOC O O
harris , thomas and mejia relocated their headquarters from east jose	B-ORG I-ORG O O O O O B-LOC O B-LOC O O
wright inc relocated their headquarters from south stanley to solomon	B-ORG O O O O B-LOC O B-LOC O O
zamora , joseph and mayo relocated their headquarters from lake allisonton	B-ORG I-ORG I-ORG O O O O B-LOC O B-LOC O O O
reyes , copeland and mullen relocated their headquarters from north brittany	B-ORG I-ORG O O O O O B-LOC O B-LOC O O
in leeville , richard johnson and his dog visited a museum about democracy .	O B-LOC I-LOC I-LOC O B-PER I-PER O O O O O O B-CONCEPT I-CONCEPT
in lisaberg , robin thompson and his dog visited a museum about evolution .	O B-LOC I-LOC I-LOC O B-PER I-PER O O O O O O B-CONCEPT I-CONCEPT
in west dennisbury , james thompson and his dog visited a museum about gravity .	O B-LOC O O O B-PER I-PER O O O O O O B-CONCEPT O O
in williamsonchester , amanda bradshaw and his dog visited a museum about justice .	O B-LOC I-LOC I-LOC O B-PER I-PER O O O O O O B-CONCEPT I-CONCEPT
while eating apple pie , she read an article about democracy in heard	O O B-FOOD O O O O O O B-CONCEPT O B-LOC O
the documentary compared the lion population in west johnland with that in	O O O B-ANIMAL O O B-LOC O O O O B-LOC O
the documentary compared the dog population in north elizabethfort with that in	O O O B-ANIMAL O O B-LOC O O O O B-LOC O
angel williams was invited to speak at johnson - long in boylebury , but he declined due to health issues .	B-PER I-PER O O O O O B-ORG I-ORG I-ORG O B-LOC I-LOC I-LOC O O O O O O O O
michael lozano was invited to speak at johnson inc in port davidberg , but he declined due to	B-PER I-PER I-PER O O O O O B-ORG O B-LOC O O O O O O O O O
the documentary compared the cat population in michelleton with that in kenya .	O O O B-ANIMAL O O B-LOC O O O O B-LOC O O
while eating tacos , she read an article about gravity in jordan .	O O B-FOOD I-FOOD I-FOOD O O O O O B-CONCEPT O B-LOC I-LOC
while eating spaghetti , she read an article about democracy in korea .	O O B-FOOD I-FOOD O O O O O B-CONCEPT O B-LOC I-LOC
in fullerville , cassandra huffman and his dog visited a museum about justice .	O B-LOC I-LOC I-LOC O B-PER I-PER I-PER O O O O O O B-CONCEPT I-CONCEPT
salazar llc relocated their headquarters from east krystalmouth to korea	B-ORG O O O O B-LOC O B-LOC I-LOC I-LOC I-LOC O O
while eating hamburger , she read an article about evolution in uganda .	O O B-FOOD I-FOOD O O O O O B-CONCEPT O B-LOC I-LOC
david chen was invited to speak at castro , fleming and spencer in goldenshire , but he declined due	B-PER I-PER O O O O O B-ORG I-ORG O B-LOC O O O O O O O O O
in jasonburgh , courtney molina and his dog visited a museum about gravity .	O B-LOC I-LOC I-LOC O B-PER I-PER O O O O O O B-CONCEPT I-CONCEPT
the documentary compared the lion population in port terri with that in	O O O B-ANIMAL O O B-LOC O O O B-LOC O
while eating sushi , she read an article about democracy in malaysia .	O O B-FOOD I-FOOD I-FOOD O O O O O B-CONCEPT O B-LOC I-LOC
thomas , stokes and nelson relocated their headquarters from johnton to	B-ORG I-ORG O O O O B-LOC O B-LOC O O O
while eating sushi , she read an article about philosophy in holy see	O O B-FOOD I-FOOD I-FOOD O O O O O B-CONCEPT O B-LOC O
the documentary compared the cat population in andreland with that in cyprus .	O O O B-ANIMAL O O B-LOC O O O O B-LOC O O
the documentary compared the dog population in leahview with that in guinea .	O O O B-ANIMAL O O B-LOC O O O O B-LOC O O
jesse miller was invited to speak at mcgee inc in new jacqueline , but he declined due to	B-PER I-PER O O O O O B-ORG O B-LOC O O O O O O O O
in east thomas , carolyn flowers and his dog visited a museum about democracy .	O B-LOC O O B-PER I-PER O O O O O O B-CONCEPT O O
the documentary compared the cheetah population in stephenport with that in philippines .	O O O B-ANIMAL O O O O B-LOC O O O O B-LOC O O
in sarahberg , alexandra miller and his dog visited a museum about justice .	O B-LOC I-LOC I-LOC O B-PER I-PER O O O O O O B-CONCEPT I-CONCEPT
the documentary compared the lion population in lake christophershire with that in	O O O B-ANIMAL O O B-LOC O O O O B-LOC O
james gutierrez was invited to speak at ross - scott in west natashaland , but he declined due to health	B-PER I-PER O O O O O B-ORG I-ORG I-ORG O B-LOC O O O O O O O O O
in frazierside , christina scott and his dog visited a museum about justice .	O B-LOC I-LOC I-LOC O B-PER I-PER O O O O O O B-CONCEPT I-CONCEPT
while eating salad , she read an article about gravity in bhutan .	O O B-FOOD I-FOOD O O O O O B-CONCEPT O B-LOC I-LOC
the documentary compared the cheetah population in port susanbury with that in	O O O B-ANIMAL O O O O B-LOC O O O O B-LOC O
nicole burgess was invited to speak at taylor llc in amymouth , but he declined due to health	B-PER I-PER O O O O O B-ORG O B-LOC O O O O O O O O O
the documentary compared the cheetah population in new travis with that in	O O O B-ANIMAL O O O O B-LOC O O O B-LOC O
terry and sons relocated their headquarters from vincentshire to georgia	B-ORG O O O O B-LOC O B-LOC I-LOC O O
rojas - potts relocated their headquarters from owenfurt to qatar last year .	B-ORG I-ORG I-ORG I-ORG I-ORG O O O O B-LOC I-LOC O B-LOC O O O
karen lambert was invited to speak at hayes - pittman in new arielchester , but he declined due to health	B-PER I-PER O O O O O B-ORG I-ORG I-ORG I-ORG O B-LOC O O O O O O O O O
brian andersen was invited to speak at duncan , smith and arellano in new teresaville , but he declined	B-PER I-PER O O O O O B-ORG I-ORG O B-LOC O O O O O O O O O O O
while eating hamburger , she read an article about democracy in christmas island .	O O B-FOOD I-FOOD O O O O O B-CONCEPT O B-LOC O O
johnny briggs was invited to speak at garza - king in youngside , but he declined due to health issues .	B-PER I-PER O O O O O B-ORG I-ORG I-ORG I-ORG O B-LOC I-LOC I-LOC O O O O O O O O
while eating tacos , she read an article about democracy in azerbaijan .	O O B-FOOD I-FOOD I-FOOD O O O O O B-CONCEPT O B-LOC I-LOC
while eating pizza , she read an article about evolution in lao people ' s	O O B-FOOD I-FOOD O O O O O B-CONCEPT O B-LOC O O O
in north carlyville , phillip vazquez md and his dog visited a museum about justice .	O B-LOC O O O B-PER I-PER I-PER I-PER O O O O O O B-CONCEPT O O
the documentary compared the dog population in jonport with that in korea .	O O O B-ANIMAL O O B-LOC O O O O B-LOC O O
hart - jensen relocated their headquarters from north johnberg to guam last	B-ORG I-ORG I-ORG O O O O B-LOC O O B-LOC O O
while eating pizza , she read an article about democracy in united states	O O B-FOOD I-FOOD O O O O O B-CONCEPT O B-LOC O
timothy brown was invited to speak at washington - allen in north amy , but he declined due to health	B-PER I-PER O O O O O B-ORG I-ORG I-ORG O B-LOC O O O O O O O O
richards inc relocated their headquarters from west daniel to korea	B-ORG O O O O B-LOC O B-LOC O O
while eating apple pie , she read an article about democracy in saint	O O B-FOOD O O O O O O B-CONCEPT O B-LOC O
while eating hamburger , she read an article about democracy in togo .	O O B-FOOD I-FOOD O O O O O B-CONCEPT O B-LOC I-LOC
amy gibbs was invited to speak at johnson - murphy in gibsonchester , but he declined due to health issues .	B-PER I-PER O O O O O B-ORG I-ORG I-ORG O B-LOC I-LOC I-LOC O O O O O O O O
the documentary compared the cheetah population in jessicaview with that in somalia .	O O O B-ANIMAL O O O O B-LOC O O O O B-LOC O O
the documentary compared the elephant population in lake larryshire with that in	O O O B-ANIMAL O O B-LOC O O O O B-LOC O
in west jameston , willie hester and his dog visited a museum about democracy .	O B-LOC O O O B-PER I-PER I-PER O O O O O O B-CONCEPT O O
the documentary compared the lion population in morrisonton with that in germany .	O O O B-ANIMAL O O B-LOC O O O O B-LOC O O
the documentary compared the lion population in johnsonton with that in bulgaria .	O O O B-ANIMAL O O B-LOC O O O O B-LOC O O
while eating tacos , she read an article about democracy in cape verde .	O O B-FOOD I-FOOD I-FOOD O O O O O B-CONCEPT O B-LOC O O
while eating sushi , she read an article about gravity in south georgia	O O B-FOOD I-FOOD I-FOOD O O O O O B-CONCEPT O B-LOC O
jones - walker relocated their headquarters from evansfurt to reunion last year .	B-ORG I-ORG I-ORG O O O O B-LOC I-LOC O B-LOC O O O
romero , bauer and price relocated their headquarters from new theodore	B-ORG I-ORG O O O O B-LOC O B-LOC O O
in east cynthia , brandi anderson and his dog visited a museum about gravity .	O B-LOC O O B-PER I-PER I-PER O O O O O O B-CONCEPT O O
while eating tacos , she read an article about justice in swaziland .	O O B-FOOD I-FOOD I-FOOD O O O O O B-CONCEPT O B-LOC I-LOC I-LOC I-LOC
anthony mcintosh was invited to speak at moses , elliott and phillips in lake georgeton , but he declined	B-PER I-PER O O O O O B-ORG I-ORG O B-LOC O O O O O O O O O
while eating spaghetti , she read an article about evolution in kazakhstan .	O O B-FOOD I-FOOD O O O O O B-CONCEPT O B-LOC I-LOC
the documentary compared the cheetah population in lake johnshire with that in	O O O B-ANIMAL O O O O B-LOC O O O O B-LOC O
randall - barnes relocated their headquarters from east donnamouth to philippines last	B-ORG I-ORG I-ORG O O O O B-LOC O O B-LOC O O
while eating salad , she read an article about evolution in samoa .	O O B-FOOD I-FOOD O O O O O B-CONCEPT O B-LOC I-LOC
the documentary compared the elephant population in mcclainshire with that in burkina	O O O B-ANIMAL O O B-LOC O O O O O B-LOC O
while eating pizza , she read an article about justice in algeria .	O O B-FOOD I-FOOD O O O O O B-CONCEPT O B-LOC I-LOC
while eating sushi , she read an article about democracy in new zealand .	O O B-FOOD I-FOOD I-FOOD O O O O O B-CONCEPT O B-LOC O O
while eating pizza , she read an article about gravity in hong kong .	O O B-FOOD I-FOOD O O O O O B-CONCEPT O B-LOC O O
franklin plc relocated their headquarters from josephville to guatemala last	B-ORG O O O O B-LOC O O B-LOC O O
philip washington was invited to speak at hawkins - lopez in new johnmouth , but he declined due to health	B-PER I-PER O O O O O B-ORG I-ORG I-ORG O B-LOC O O O O O O O O O
the documentary compared the cat population in christyberg with that in algeria .	O O O B-ANIMAL O O B-LOC O O O O B-LOC O O
while eating tacos , she read an article about justice in chad .	O O B-FOOD I-FOOD I-FOOD O O O O O B-CONCEPT O B-LOC I-LOC
in michaelton , john harrison and his dog visited a museum about philosophy .	O B-LOC I-LOC I-LOC O B-PER I-PER O O O O O O B-CONCEPT I-CONCEPT
carlson , alvarez and sanchez relocated their headquarters from travisshire to	B-ORG I-ORG O O O O B-LOC O B-LOC O O O
the documentary compared the lion population in west jacob with that in	O O O B-ANIMAL O O B-LOC O O O B-LOC O
while eating sushi , she read an article about gravity in san marino .	O O B-FOOD I-FOOD I-FOOD O O O O O B-CONCEPT O B-LOC O O
in north ryan , andrea james and his dog visited a museum about justice .	O B-LOC O O B-PER I-PER O O O O O O B-CONCEPT O O
cruz - wright relocated their headquarters from christopherburgh to aruba last year .	B-ORG I-ORG I-ORG O O O O B-LOC I-LOC O B-LOC I-LOC O O O
justin thomas was invited to speak at massey - weaver in jenniferview , but he declined due to health issues .	B-PER I-PER O O O O O B-ORG I-ORG I-ORG O B-LOC I-LOC I-LOC O O O O O O O O
the documentary compared the elephant population in hawkinshaven with that in india .	O O O B-ANIMAL O O B-LOC O O O O B-LOC O O
the documentary compared the cheetah population in michaelfurt with that in french	O O O B-ANIMAL O O O O B-LOC O O O O B-LOC O
charles pearson was invited to speak at collins - leblanc in ryanbury , but he declined due to health issues .	B-PER I-PER O O O O O B-ORG I-ORG I-ORG I-ORG I-ORG O B-LOC I-LOC I-LOC O O O O O O O O
luis archer was invited to speak at lester plc in east tyler , but he declined due to	B-PER I-PER O O O O O B-ORG O B-LOC O O O O O O O O
in east elizabeth , robert chambers and his dog visited a museum about justice .	O B-LOC O O B-PER I-PER O O O O O O B-CONCEPT O O
the documentary compared the lion population in lake vincenthaven with that in	O O O B-ANIMAL O O B-LOC O O O O B-LOC O
carson plc relocated their headquarters from bakerland to malawi last	B-ORG O O O O B-LOC O O B-LOC O O
adams , rodriguez and nelson relocated their headquarters from benjaminton to	B-ORG I-ORG O O O O B-LOC O B-LOC O O O
michael christian was invited to speak at sparks inc in kellymouth , but he declined due to health	B-PER I-PER O O O O O B-ORG O B-LOC O O O O O O O O O
english - gill relocated their headquarters from north ryan to czech republic	B-ORG I-ORG I-ORG O O O O B-LOC O B-LOC O O
in fuentesshire , dr . steven norman and his dog visited a museum about gravity .	O B-LOC I-LOC I-LOC I-LOC O O B-PER I-PER I-PER O O O O O O B-CONCEPT I-CONCEPT
christina harris was invited to speak at williams inc in bonnieshire , but he declined due to health	B-PER I-PER O O O O O B-ORG O B-LOC O O O O O O O O O
the documentary compared the cheetah population in new nicole with that in	O O O B-ANIMAL O O O O B-LOC O O O B-LOC O
the documentary compared the dog population in shelleymouth with that in georgia .	O O O B-ANIMAL O O B-LOC O O O O B-LOC O O
while eating tacos , she read an article about gravity in tanzania .	O O B-FOOD I-FOOD I-FOOD O O O O O B-CONCEPT O B-LOC I-LOC
simmons , stewart and prince relocated their headquarters from powellburgh to	B-ORG I-ORG O O O O B-LOC O B-LOC O O O
in jenniferstad , katherine james and his dog visited a museum about gravity .	O B-LOC I-LOC I-LOC O B-PER I-PER O O O O O O B-CONCEPT I-CONCEPT
robert bell was invited to speak at smith - lloyd in charlesport , but he declined due to health issues .	B-PER I-PER O O O O O B-ORG I-ORG I-ORG O B-LOC I-LOC I-LOC O O O O O O O O
maxwell - valentine relocated their headquarters from rosestad to zambia last year .	B-ORG I-ORG I-ORG O O O O B-LOC I-LOC O B-LOC O O O
hudson , jackson and walker relocated their headquarters from rodneychester to	B-ORG I-ORG O O O O B-LOC O B-LOC O O O
cheryl reid was invited to speak at sexton - white in greenehaven , but he declined due to health issues .	B-PER I-PER O O O O O B-ORG I-ORG I-ORG I-ORG O B-LOC I-LOC I-LOC O O O O O O O O
melton group relocated their headquarters from stevenport to papua new	B-ORG I-ORG O O O O B-LOC O O B-LOC O O
carol conner was invited to speak at kim , edwards and taylor in east jasmine , but he declined	B-PER I-PER O O O O O B-ORG I-ORG O B-LOC O O O O O O O O
while eating pizza , she read an article about democracy in zimbabwe .	O O B-FOOD I-FOOD O O O O O B-CONCEPT O B-LOC I-LOC
the documentary compared the cheetah population in lake jennaburgh with that in	O O O B-ANIMAL O O O O B-LOC O O O O B-LOC O
bowers - cobb relocated their headquarters from simpsontown to india last year .	B-ORG I-ORG I-ORG I-ORG O O O O B-LOC I-LOC O B-LOC O O O
in east lisaview , cathy taylor and his dog visited a museum about justice .	O B-LOC O O O B-PER I-PER O O O O O O B-CONCEPT O O
the documentary compared the dog population in gardnerfort with that in cocos	O O O B-ANIMAL O O B-LOC O O O O B-LOC O O
maxwell , williams and lewis relocated their headquarters from colonstad to	B-ORG I-ORG O O O O B-LOC O B-LOC O O O
joseph eaton was invited to speak at taylor - mata in bellview , but he declined due to health issues .	B-PER I-PER O O O O O B-ORG I-ORG I-ORG O B-LOC I-LOC I-LOC O O O O O O O O
the documentary compared the dog population in beardshire with that in lesotho .	O O O B-ANIMAL O O B-LOC O O O O B-LOC O O O
christopher thomas was invited to speak at morgan , johnson and johnston in jeffport , but he declined due	B-PER I-PER O O O O O B-ORG I-ORG O B-LOC O O O O O O O O O
in garciaborough , chad hunt and his dog visited a museum about evolution .	O B-LOC I-LOC I-LOC O B-PER I-PER O O O O O O B-CONCEPT I-CONCEPT
angela lawson was invited to speak at moore - cowan in scottfurt , but he declined due to health issues .	B-PER I-PER O O O O O B-ORG I-ORG I-ORG O B-LOC I-LOC I-LOC O O O O O O O O
the documentary compared the lion population in cuevaston with that in cote	O O O B-ANIMAL O O B-LOC O O O O O B-LOC O
in sandersberg , eric bradford and his dog visited a museum about philosophy .	O B-LOC I-LOC I-LOC O B-PER I-PER O O O O O O B-CONCEPT I-CONCEPT
the documentary compared the elephant population in brettbury with that in guinea .	O O O B-ANIMAL O O B-LOC O O O O B-LOC O O
ashley wilkerson was invited to speak at cooper , mosley and clark in thomasstad , but he declined due	B-PER I-PER I-PER I-PER O O O O O B-ORG I-ORG O O B-LOC O O O O O O O O O
mays - solomon relocated their headquarters from north christine to american samoa	B-ORG I-ORG I-ORG I-ORG O O O O B-LOC O B-LOC O O
in taylorside , jacqueline munoz and his dog visited a museum about gravity .	O B-LOC I-LOC I-LOC O B-PER I-PER O O O O O O B-CONCEPT I-CONCEPT
andrew cox was invited to speak at kelly ltd in lake jessica , but he declined due to	B-PER I-PER O O O O O B-ORG O B-LOC O O O O O O O O
while eating apple pie , she read an article about gravity in moldova .	O O B-FOOD O O O O O O B-CONCEPT O B-LOC O O
in south sarahfurt , judy mitchell and his dog visited a museum about philosophy .	O B-LOC O O O B-PER I-PER O O O O O O B-CONCEPT O O
while eating tacos , she read an article about justice in algeria .	O O B-FOOD I-FOOD I-FOOD O O O O O B-CONCEPT O B-LOC I-LOC
dale hale was invited to speak at miller , arnold and haley in matthewston , but he declined due	B-PER I-PER O O O O O B-ORG I-ORG O B-LOC O O O O O O O O O
in west matthewmouth , dawn johnson and his dog visited a museum about philosophy .	O B-LOC O O O B-PER I-PER O O O O O O B-CONCEPT O O
lisa ray was invited to speak at davis , barry and ford in richardsonchester , but he declined due	B-PER I-PER O O O O O B-ORG I-ORG O B-LOC O O O O O O O O O
the documentary compared the cheetah population in paulafurt with that in angola .	O O O B-ANIMAL O O O O B-LOC O O O O B-LOC O O
alexander medina was invited to speak at howard - simmons in north christopher , but he declined due to health	B-PER I-PER O O O O O B-ORG I-ORG I-ORG O B-LOC O O O O O O O O
the documentary compared the elephant population in michaelton with that in colombia .	O O O B-ANIMAL O O B-LOC O O O O B-LOC O O
kristen williams was invited to speak at greene - thomas in hancockberg , but he declined due to health issues .	B-PER I-PER O O O O O B-ORG I-ORG I-ORG O B-LOC I-LOC I-LOC O O O O O O O O
nancy olsen was invited to speak at robertson plc in karenburgh , but he declined due to health	B-PER I-PER O O O O O B-ORG O B-LOC O O O O O O O O O
wolf , burns and riggs relocated their headquarters from south amber	B-ORG I-ORG O O O O O B-LOC O B-LOC O O
timothy sims was invited to speak at bryant - gilbert in west james , but he declined due to health	B-PER I-PER O O O O O B-ORG I-ORG I-ORG O B-LOC O O O O O O O O
while eating salad , she read an article about philosophy in comoros .	O O B-FOOD I-FOOD O O O O O B-CONCEPT O B-LOC I-LOC I-LOC
in port joshuamouth , jacob francis and his dog visited a museum about gravity .	O B-LOC O O O B-PER I-PER O O O O O O B-CONCEPT O O
williams - smith relocated their headquarters from new tony to azerbaijan last	B-ORG I-ORG I-ORG O O O O B-LOC O B-LOC O O
robyn jones was invited to speak at parker - wood in port nicoleport , but he declined due to health	B-PER I-PER O O O O O B-ORG I-ORG I-ORG O B-LOC O O O O O O O O O
in west destiny , gerald lindsey and his dog visited a museum about justice .	O B-LOC O O B-PER I-PER O O O O O O B-CONCEPT O O
in west calvinmouth , susan price and his dog visited a museum about justice .	O B-LOC O O O B-PER I-PER O O O O O O B-CONCEPT O O
the documentary compared the elephant population in east ginafort with that in	O O O B-ANIMAL O O B-LOC O O O O B-LOC O
doris carter was invited to speak at ingram , atkins and baker in north joshua , but he declined	B-PER I-PER O O O O O B-ORG I-ORG O B-LOC O O O O O O O O
kenneth ryan was invited to speak at lee , wilson and perez in garciabury , but he declined due	B-PER I-PER O O O O O B-ORG I-ORG O B-LOC O O O O O O O O O
while eating hamburger , she read an article about democracy in tanzania .	O O B-FOOD I-FOOD O O O O O B-CONCEPT O B-LOC I-LOC
in south monicaside , ashley dunn and his dog visited a museum about evolution .	O B-LOC O O O B-PER I-PER O O O O O O B-CONCEPT O O
in andrewhaven , dustin sanchez and his dog visited a museum about gravity .	O B-LOC I-LOC I-LOC O B-PER I-PER O O O O O O B-CONCEPT I-CONCEPT
while eating tacos , she read an article about democracy in palau .	O O B-FOOD I-FOOD I-FOOD O O O O O B-CONCEPT O B-LOC I-LOC I-LOC
the documentary compared the cheetah population in daviston with that in rwanda .	O O O B-ANIMAL O O O O B-LOC O O O O B-LOC O O
lee - colon relocated their headquarters from new grantburgh to sweden last	B-ORG I-ORG I-ORG O O O O B-LOC O O B-LOC O O
while eating salad , she read an article about philosophy in honduras .	O O B-FOOD I-FOOD O O O O O B-CONCEPT O B-LOC I-LOC
the documentary compared the elephant population in lake christinamouth with that in	O O O B-ANIMAL O O B-LOC O O O O B-LOC O
in douglaschester , katie taylor and his dog visited a museum about philosophy .	O B-LOC I-LOC I-LOC O B-PER I-PER O O O O O O B-CONCEPT I-CONCEPT
while eating ramen , she read an article about evolution in american samoa .	O O B-FOOD I-FOOD I-FOOD O O O O O B-CONCEPT O B-LOC O O
the documentary compared the elephant population in johnview with that in georgia .	O O O B-ANIMAL O O B-LOC O O O O B-LOC O O
while eating sushi , she read an article about justice in benin .	O O B-FOOD I-FOOD I-FOOD O O O O O B-CONCEPT O B-LOC I-LOC
dana patel was invited to speak at rodriguez inc in west lauramouth , but he declined due to	B-PER I-PER O O O O O B-ORG O B-LOC O O O O O O O O O
while eating pizza , she read an article about evolution in andorra .	O O B-FOOD I-FOOD O O O O O B-CONCEPT O B-LOC I-LOC I-LOC
while eating sushi , she read an article about democracy in bahamas .	O O B-FOOD I-FOOD I-FOOD O O O O O B-CONCEPT O B-LOC I-LOC
the documentary compared the lion population in haleton with that in hong	O O O B-ANIMAL O O B-LOC O O O O B-LOC O
the documentary compared the lion population in port kerry with that in	O O O B-ANIMAL O O B-LOC O O O B-LOC O
the documentary compared the cat population in lake kevin with that in	O O O B-ANIMAL O O B-LOC O O O B-LOC O
the documentary compared the dog population in new nathan with that in	O O O B-ANIMAL O O B-LOC O O O B-LOC O
the documentary compared the elephant population in blackmouth with that in angola .	O O O B-ANIMAL O O B-LOC O O O O B-LOC O O
the documentary compared the lion population in martinmouth with that in korea .	O O O B-ANIMAL O O B-LOC O O O O B-LOC O O
the documentary compared the dog population in port victoria with that in	O O O B-ANIMAL O O B-LOC O O O B-LOC O
savannah hogan was invited to speak at roberts and sons in ryanbury , but he declined due to	B-PER I-PER O O O O O B-ORG O B-LOC O O O O O O O O O
welch , lane and hall relocated their headquarters from davisbury to	B-ORG I-ORG O O O O B-LOC O B-LOC O O O
in north andrea , jared shelton and his dog visited a museum about evolution .	O B-LOC O O B-PER I-PER O O O O O O B-CONCEPT O O
schwartz group relocated their headquarters from robersonfort to samoa last	B-ORG O O O O B-LOC O O O B-LOC O O
in lake jennifer , christopher weber and his dog visited a museum about evolution .	O B-LOC O O B-PER I-PER O O O O O O B-CONCEPT O O
the documentary compared the lion population in north kathleentown with that in	O O O B-ANIMAL O O B-LOC O O O O B-LOC O
the documentary compared the dog population in davisfurt with that in afghanistan .	O O O B-ANIMAL O O B-LOC O O O O B-LOC O O
while eating apple pie , she read an article about evolution in finland .	O O B-FOOD O O O O O O B-CONCEPT O B-LOC O O
while eating hamburger , she read an article about philosophy in afghanistan .	O O B-FOOD I-FOOD O O O O O B-CONCEPT O B-LOC I-LOC
the documentary compared the dog population in fergusonton with that in togo .	O O O B-ANIMAL O O B-LOC O O O O B-LOC O O
while eating ramen , she read an article about gravity in ireland .	O O B-FOOD I-FOOD I-FOOD O O O O O B-CONCEPT O B-LOC I-LOC
april johnson was invited to speak at bowen - robbins in west mariah , but he declined due to health	B-PER I-PER O O O O O B-ORG I-ORG I-ORG O B-LOC O O O O O O O O O
the documentary compared the cat population in shanetown with that in saint	O O O B-ANIMAL O O B-LOC O O O O B-LOC O
the documentary compared the dog population in bullockstad with that in aruba .	O O O B-ANIMAL O O B-LOC O O O O B-LOC O O O
walsh ltd relocated their headquarters from calebbury to suriname last	B-ORG O O O O B-LOC O O B-LOC O O
the documentary compared the cat population in kingport with that in uzbekistan .	O O O B-ANIMAL O O B-LOC O O O O B-LOC O O
the documentary compared the cheetah population in gibsonland with that in paraguay .	O O O B-ANIMAL O O O O B-LOC O O O O B-LOC O O
while eating spaghetti , she read an article about gravity in mauritania .	O O B-FOOD I-FOOD O O O O O B-CONCEPT O B-LOC I-LOC I-LOC I-LOC
wiley , williams and wilson relocated their headquarters from amandaside to	B-ORG I-ORG O O O O B-LOC O B-LOC O O O
wood , martin and adkins relocated their headquarters from south charlesview	B-ORG I-ORG O O O O O B-LOC O B-LOC O O O
while eating ramen , she read an article about gravity in afghanistan .	O O B-FOOD I-FOOD I-FOOD O O O O O B-CONCEPT O B-LOC I-LOC
thomas plc relocated their headquarters from christopherberg to sudan last	B-ORG O O O O B-LOC O O B-LOC O O
johnson llc relocated their headquarters from west richardport to france	B-ORG O O O O B-LOC O B-LOC I-LOC O O
the documentary compared the elephant population in peterview with that in uruguay .	O O O B-ANIMAL O O B-LOC O O O O B-LOC O O
in johnsonside , james sanchez and his dog visited a museum about philosophy .	O B-LOC I-LOC I-LOC O B-PER I-PER O O O O O O B-CONCEPT I-CONCEPT
while eating sushi , she read an article about philosophy in uruguay .	O O B-FOOD I-FOOD I-FOOD O O O O O B-CONCEPT O B-LOC I-LOC
green , wilson and munoz relocated their headquarters from harringtonmouth to	B-ORG I-ORG O O O O B-LOC O B-LOC O O O
while eating ramen , she read an article about democracy in belarus .	O O B-FOOD I-FOOD I-FOOD O O O O O B-CONCEPT O B-LOC I-LOC
gilmore llc relocated their headquarters from west francisco to ethiopia	B-ORG O O O O B-LOC O B-LOC O O
in taylorberg , casey wong and his dog visited a museum about democracy .	O B-LOC I-LOC I-LOC O B-PER I-PER O O O O O O B-CONCEPT I-CONCEPT
the documentary compared the elephant population in north yvonne with that in	O O O B-ANIMAL O O B-LOC O O O B-LOC O
the documentary compared the cat population in amyland with that in madagascar .	O O O B-ANIMAL O O B-LOC O O O O B-LOC O O
while eating spaghetti , she read an article about evolution in uganda .	O O B-FOOD I-FOOD O O O O O B-CONCEPT O B-LOC I-LOC
the documentary compared the lion population in robbinsport with that in saint	O O O B-ANIMAL O O B-LOC O O O O B-LOC O
in richardsfort , william campbell and his dog visited a museum about evolution .	O B-LOC I-LOC I-LOC O B-PER I-PER O O O O O O B-CONCEPT I-CONCEPT
charles coleman was invited to speak at jackson - cox in east tylermouth , but he declined due to health	B-PER I-PER O O O O O B-ORG I-ORG I-ORG O B-LOC O O O O O O O O O
the documentary compared the dog population in north joseph with that in	O O O B-ANIMAL O O B-LOC O O O B-LOC O
in perezside , sarah patterson and his dog visited a museum about evolution .	O B-LOC I-LOC I-LOC O B-PER I-PER O O O O O O B-CONCEPT I-CONCEPT
doyle , armstrong and schmidt relocated their headquarters from smithview to	B-ORG I-ORG O O O O B-LOC O B-LOC O O O
the documentary compared the dog population in port dustinland with that in	O O O B-ANIMAL O O B-LOC O O O O B-LOC O
while eating tacos , she read an article about philosophy in haiti .	O O B-FOOD I-FOOD I-FOOD O O O O O B-CONCEPT O B-LOC I-LOC
cook - decker relocated their headquarters from east jamesport to turks and	B-ORG I-ORG I-ORG O O O O B-LOC O O B-LOC O O
while eating apple pie , she read an article about evolution in montserrat .	O O B-FOOD O O O O O O B-CONCEPT O B-LOC O O O O
madeline li was invited to speak at phillips - oliver in sabrinaside , but he declined due to health issues .	B-PER I-PER O O O O O B-ORG I-ORG I-ORG O B-LOC I-LOC I-LOC O O O O O O O O
while eating tacos , she read an article about evolution in niger .	O O B-FOOD I-FOOD I-FOOD O O O O O B-CONCEPT O B-LOC I-LOC
the documentary compared the cat population in north jesse with that in	O O O B-ANIMAL O O B-LOC O O O B-LOC O
guerrero - davis relocated their headquarters from lake christopherfort to costa rica	B-ORG I-ORG I-ORG O O O O B-LOC O O B-LOC O O
while eating salad , she read an article about justice in jersey .	O O B-FOOD I-FOOD O O O O O B-CONCEPT O B-LOC I-LOC
in lake alexandraton , erica wright and his dog visited a museum about justice .	O B-LOC O O O B-PER I-PER O O O O O O B-CONCEPT O O
marks , cobb and mueller relocated their headquarters from lake randy	B-ORG I-ORG O O O O B-LOC O B-LOC O O
the documentary compared the dog population in matthewview with that in gabon .	O O O B-ANIMAL O O B-LOC O O O O B-LOC O O
the documentary compared the cat population in robertmouth with that in french	O O O B-ANIMAL O O B-LOC O O O O B-LOC O
the documentary compared the dog population in olsonshire with that in italy .	O O O B-ANIMAL O O B-LOC O O O O B-LOC O O
christian martinez was invited to speak at hayes llc in west jacobborough , but he declined due to	B-PER I-PER O O O O O B-ORG O B-LOC O O O O O O O O O
gibson ltd relocated their headquarters from carlosburgh to nigeria last	B-ORG O O O O B-LOC O O B-LOC O O
the documentary compared the cat population in south albertbury with that in	O O O B-ANIMAL O O B-LOC O O O O B-LOC O
the documentary compared the dog population in lake peter with that in	O O O B-ANIMAL O O B-LOC O O O B-LOC O
in port michael , rodney vaughan and his dog visited a museum about evolution .	O B-LOC O O B-PER I-PER O O O O O O B-CONCEPT O O
in port denniston , tamara collins and his dog visited a museum about evolution .	O B-LOC O O O B-PER I-PER O O O O O O B-CONCEPT O O
while eating apple pie , she read an article about evolution in bulgaria .	O O B-FOOD O O O O O O B-CONCEPT O B-LOC O O
in new latoya , brian harris and his dog visited a museum about gravity .	O B-LOC O O O O B-PER I-PER O O O O O O B-CONCEPT O O
reyes llc relocated their headquarters from avilaland to san marino	B-ORG O O O O B-LOC O O B-LOC O O
the documentary compared the cheetah population in lake spencer with that in	O O O B-ANIMAL O O O O B-LOC O O O B-LOC O
while eating pizza , she read an article about philosophy in bosnia and	O O B-FOOD I-FOOD O O O O O B-CONCEPT O B-LOC O
while eating apple pie , she read an article about evolution in western	O O B-FOOD O O O O O O B-CONCEPT O B-LOC O
martinez , beasley and pratt relocated their headquarters from lake jonathan	B-ORG I-ORG O O O O O B-LOC O B-LOC O O
rhonda sharp was invited to speak at mccullough , woodard and guerrero in devinville , but he declined due	B-PER I-PER I-PER I-PER O O O O O B-ORG I-ORG I-ORG I-ORG O O B-LOC O O O O O O O O O
patricia mckenzie was invited to speak at vance , robertson and ferrell in andrewshire , but he declined due	B-PER I-PER O O O O O B-ORG I-ORG O B-LOC O O O O O O O O O O
while eating tacos , she read an article about philosophy in hungary .	O O B-FOOD I-FOOD I-FOOD O O O O O B-CONCEPT O B-LOC I-LOC
jacobson - alvarez relocated their headquarters from west katherine to japan last	B-ORG I-ORG I-ORG I-ORG O O O O B-LOC O B-LOC O O
schwartz , guzman and massey relocated their headquarters from jenniferview to	B-ORG I-ORG O O O O B-LOC O B-LOC O O O
coleman - smith relocated their headquarters from marissafort to andorra last year .	B-ORG I-ORG I-ORG O O O O B-LOC I-LOC O B-LOC I-LOC O O O
thomas briggs was invited to speak at lynch - taylor in west jeffrey , but he declined due to health	B-PER I-PER O O O O O B-ORG I-ORG I-ORG O B-LOC O O O O O O O O
while eating spaghetti , she read an article about justice in martinique .	O O B-FOOD I-FOOD O O O O O B-CONCEPT O B-LOC I-LOC
the documentary compared the cheetah population in robertstad with that in tunisia .	O O O B-ANIMAL O O O O B-LOC O O O O B-LOC O O
while eating hamburger , she read an article about democracy in faroe islands .	O O B-FOOD I-FOOD O O O O O B-CONCEPT O B-LOC I-LOC O O
schroeder ltd relocated their headquarters from debraburgh to austria last	B-ORG I-ORG I-ORG I-ORG O O O O B-LOC O O B-LOC O O
the documentary compared the cheetah population in west mariatown with that in	O O O B-ANIMAL O O O O B-LOC O O O O B-LOC O
solomon and sons relocated their headquarters from south jessicaview to	B-ORG O O O O B-LOC O B-LOC O O O
stephanie ford was invited to speak at shepherd - powell in aliciastad , but he declined due to health issues .	B-PER I-PER O O O O O B-ORG I-ORG I-ORG O B-LOC I-LOC I-LOC O O O O O O O O
richard kirk was invited to speak at russell - quinn in east pamelaburgh , but he declined due to health	B-PER I-PER O O O O O B-ORG I-ORG I-ORG O B-LOC O O O O O O O O O
while eating tacos , she read an article about evolution in lithuania .	O O B-FOOD I-FOOD I-FOOD O O O O O B-CONCEPT O B-LOC I-LOC
waters , spencer and morris relocated their headquarters from graceview to	B-ORG I-ORG O O O O B-LOC O B-LOC O O O
avila , greene and martinez relocated their headquarters from stevensmouth to	B-ORG I-ORG O O O O B-LOC O B-LOC O O O
the documentary compared the cheetah population in south aprilborough with that in	O O O B-ANIMAL O O O O B-LOC O O O O B-LOC O
connie santos was invited to speak at romero - smith in north danielmouth , but he declined due to health	B-PER I-PER O O O O O B-ORG I-ORG I-ORG O B-LOC O O O O O O O O O
darrell clark was invited to speak at weeks llc in south ashleyfurt , but he declined due to	B-PER I-PER O O O O O B-ORG O B-LOC O O O O O O O O O
rodriguez - berg relocated their headquarters from west dustinberg to argentina last	B-ORG I-ORG I-ORG O O O O B-LOC O O B-LOC O O
king , douglas and clark relocated their headquarters from port sandra	B-ORG I-ORG O O O O B-LOC O B-LOC O O
kara garcia was invited to speak at chen and sons in jenningsview , but he declined due to	B-PER I-PER O O O O O B-ORG O B-LOC O O O O O O O O O
norris , curtis and henderson relocated their headquarters from west amyfort	B-ORG I-ORG O O O O B-LOC O B-LOC O O O
in chrischester , adam medina and his dog visited a museum about philosophy .	O B-LOC I-LOC I-LOC O B-PER I-PER O O O O O O B-CONCEPT I-CONCEPT
the documentary compared the elephant population in north danielfurt with that in	O O O B-ANIMAL O O B-LOC O O O O B-LOC O
while eating hamburger , she read an article about justice in sweden .	O O B-FOOD I-FOOD O O O O O B-CONCEPT O B-LOC I-LOC
in millerborough , jonathan weber and his dog visited a museum about evolution .	O B-LOC I-LOC I-LOC O B-PER I-PER O O O O O O B-CONCEPT I-CONCEPT
while eating apple pie , she read an article about gravity in san	O O B-FOOD O O O O O O B-CONCEPT O B-LOC O
while eating sushi , she read an article about evolution in haiti .	O O B-FOOD I-FOOD I-FOOD O O O O O B-CONCEPT O B-LOC I-LOC
while eating apple pie , she read an article about gravity in botswana .	O O B-FOOD O O O O O O B-CONCEPT O B-LOC O O
calvin owen was invited to speak at marsh - campos in grossport , but he declined due to health issues .	B-PER I-PER O O O O O B-ORG I-ORG I-ORG O B-LOC I-LOC I-LOC O O O O O O O O
while eating salad , she read an article about gravity in spain .	O O B-FOOD I-FOOD O O O O O B-CONCEPT O B-LOC I-LOC
brittany jordan was invited to speak at ward group in south amybury , but he declined due to	B-PER I-PER O O O O O B-ORG O B-LOC O O O O O O O O O
elizabeth howard was invited to speak at crawford , gomez and hall in muellerborough , but he declined due	B-PER I-PER O O O O O B-ORG I-ORG O B-LOC O O O O O O O O O
ramirez and sons relocated their headquarters from west travis to	B-ORG O O O O B-LOC O B-LOC O O
the documentary compared the cheetah population in north charles with that in	O O O B-ANIMAL O O O O B-LOC O O O B-LOC O
in east ianport , alexander harrington and his dog visited a museum about philosophy .	O B-LOC O O O B-PER I-PER O O O O O O B-CONCEPT O O
steven perkins was invited to speak at berg , guzman and bell in weavermouth , but he declined due	B-PER I-PER O O O O O B-ORG I-ORG O B-LOC O O O O O O O O O
while eating pizza , she read an article about philosophy in uruguay .	O O B-FOOD I-FOOD O O O O O B-CONCEPT O B-LOC I-LOC
johnson - carter relocated their headquarters from trevorborough to gabon last year .	B-ORG I-ORG I-ORG O O O O B-LOC I-LOC O B-LOC O O O
the documentary compared the elephant population in west sarah with that in	O O O B-ANIMAL O O B-LOC O O O B-LOC O
in lake kenneth , erik bell and his dog visited a museum about democracy .	O B-LOC O O B-PER I-PER O O O O O O B-CONCEPT O O
virginia holder was invited to speak at jones , rocha and burns in east davidmouth , but he declined	B-PER I-PER O O O O O B-ORG I-ORG O O B-LOC O O O O O O O O O
in south chelseafort , kayla delacruz and his dog visited a museum about democracy .	O B-LOC O O O B-PER I-PER I-PER I-PER I-PER O O O O O O B-CONCEPT O O
angelica rodgers was invited to speak at anderson - francis in north kevinmouth , but he declined due to health	B-PER I-PER O O O O O B-ORG I-ORG I-ORG O B-LOC O O O O O O O O O
in bobbyborough , mrs . wendy terrell and his dog visited a museum about philosophy .	O B-LOC I-LOC I-LOC O O B-PER I-PER I-PER I-PER O O O O O O B-CONCEPT I-CONCEPT
in suttonton , donald porter and his dog visited a museum about evolution .	O B-LOC I-LOC I-LOC O B-PER I-PER O O O O O O B-CONCEPT I-CONCEPT
reyes plc relocated their headquarters from carlosshire to hong kong	B-ORG O O O O B-LOC O O B-LOC O O
the documentary compared the cat population in michaelmouth with that in western	O O O B-ANIMAL O O B-LOC O O O O B-LOC O
while eating pizza , she read an article about philosophy in pitcairn islands .	O O B-FOOD I-FOOD O O O O O B-CONCEPT O B-LOC I-LOC I-LOC I-LOC O O
while eating sushi , she read an article about justice in panama .	O O B-FOOD I-FOOD I-FOOD O O O O O B-CONCEPT O B-LOC I-LOC
the documentary compared the lion population in lake jesusfurt with that in	O O O B-ANIMAL O O B-LOC O O O O B-LOC O
the documentary compared the cat population in cindystad with that in liberia .	O O O B-ANIMAL O O B-LOC O O O O B-LOC O O
robert wood was invited to speak at johnson ltd in lake daisyview , but he declined due to	B-PER I-PER O O O O O B-ORG O B-LOC O O O O O O O O O
the documentary compared the lion population in rebeccatown with that in swaziland .	O O O B-ANIMAL O O B-LOC O O O O B-LOC O O O O
in ashleyton , paul brown and his dog visited a museum about democracy .	O B-LOC I-LOC I-LOC O B-PER I-PER O O O O O O B-CONCEPT I-CONCEPT
baker group relocated their headquarters from lewisburgh to iraq last	B-ORG O O O O B-LOC O O B-LOC O O
in johnchester , laura franco and his dog visited a museum about philosophy .	O B-LOC I-LOC I-LOC O B-PER I-PER O O O O O O B-CONCEPT I-CONCEPT
lee , mitchell and joseph relocated their headquarters from powersview to	B-ORG I-ORG O O O O B-LOC O B-LOC O O O
erica morris was invited to speak at simmons and sons in rodriguezbury , but he declined due to	B-PER I-PER O O O O O B-ORG O B-LOC O O O O O O O O O
the documentary compared the cat population in atkinshaven with that in saint	O O O B-ANIMAL O O B-LOC O O O O B-LOC O
while eating spaghetti , she read an article about justice in united arab	O O B-FOOD I-FOOD O O O O O B-CONCEPT O B-LOC O
while eating sushi , she read an article about justice in turkey .	O O B-FOOD I-FOOD I-FOOD O O O O O B-CONCEPT O B-LOC I-LOC
in south johntown , maria walker and his dog visited a museum about justice .	O B-LOC O O O B-PER I-PER O O O O O O B-CONCEPT O O
while eating spaghetti , she read an article about justice in saint kitts	O O B-FOOD I-FOOD O O O O O B-CONCEPT O B-LOC O O
dudley , abbott and mitchell relocated their headquarters from laurahaven to	B-ORG I-ORG O O O O B-LOC O B-LOC O O O
brooks - robinson relocated their headquarters from brownstad to slovakia ( slovak republic )	B-ORG I-ORG I-ORG O O O O B-LOC I-LOC O B-LOC O O O O
in smithstad , robert salinas and his dog visited a museum about justice .	O B-LOC I-LOC I-LOC O B-PER I-PER I-PER O O O O O O B-CONCEPT I-CONCEPT
in martinezburgh , angela murphy and his dog visited a museum about democracy .	O B-LOC I-LOC I-LOC O B-PER I-PER O O O O O O B-CONCEPT I-CONCEPT
the documentary compared the elephant population in west jenniferbury with that in	O O O B-ANIMAL O O B-LOC O O O O B-LOC O
lisa barker was invited to speak at lawrence group in masonbury , but he declined due to health	B-PER I-PER O O O O O B-ORG O B-LOC O O O O O O O O O
laura thomas was invited to speak at crawford group in johnsonland , but he declined due to health	B-PER I-PER O O O O O B-ORG O B-LOC O O O O O O O O O
while eating apple pie , she read an article about justice in marshall	O O B-FOOD O O O O O O B-CONCEPT O B-LOC O
in kiddfurt , jeffery charles and his dog visited a museum about democracy .	O B-LOC I-LOC I-LOC O O B-PER I-PER O O O O O O B-CONCEPT I-CONCEPT
christy miller was invited to speak at ross , santos and ford in wilsontown , but he declined due	B-PER I-PER O O O O O B-ORG I-ORG O B-LOC O O O O O O O O O
miller , love and brown relocated their headquarters from east dwayne	B-ORG I-ORG O O O O B-LOC O B-LOC O O O O
carter - hamilton relocated their headquarters from collinsburgh to ghana last year .	B-ORG I-ORG I-ORG O O O O B-LOC I-LOC O B-LOC O O O
while eating salad , she read an article about gravity in japan .	O O B-FOOD I-FOOD O O O O O B-CONCEPT O B-LOC I-LOC
briana johnston was invited to speak at mayo - torres in port lisashire , but he declined due to health	B-PER I-PER I-PER O O O O O B-ORG I-ORG I-ORG O B-LOC O O O O O O O O O
while eating ramen , she read an article about democracy in congo .	O O B-FOOD I-FOOD I-FOOD O O O O O B-CONCEPT O B-LOC I-LOC
the documentary compared the lion population in cohenmouth with that in bermuda .	O O O B-ANIMAL O O B-LOC O O O O B-LOC O O
the documentary compared the lion population in adrianshire with that in brazil .	O O O B-ANIMAL O O B-LOC O O O O B-LOC O O
the documentary compared the cat population in south jasmineton with that in	O O O B-ANIMAL O O B-LOC O O O O B-LOC O
brooks group relocated their headquarters from new amandaberg to mali	B-ORG O O O O B-LOC O B-LOC I-LOC O O
levi macias was invited to speak at williams - graham in south robert , but he declined due to health	B-PER I-PER I-PER O O O O O B-ORG I-ORG I-ORG O B-LOC O O O O O O O O
in jamesstad , richard johnson and his dog visited a museum about democracy .	O B-LOC I-LOC I-LOC O B-PER I-PER O O O O O O B-CONCEPT I-CONCEPT
while eating pizza , she read an article about justice in haiti .	O O B-FOOD I-FOOD O O O O O B-CONCEPT O B-LOC I-LOC
in new michael , kevin lopez and his dog visited a museum about philosophy .	O B-LOC O O B-PER I-PER O O O O O O B-CONCEPT O O
in west david , dana fischer and his dog visited a museum about justice .	O B-LOC O O B-PER I-PER O O O O O O B-CONCEPT O O
the documentary compared the dog population in fitzgeraldshire with that in serbia .	O O O B-ANIMAL O O B-LOC O O O O B-LOC O O
in west matthewport , maria holland and his dog visited a museum about evolution .	O B-LOC O O O B-PER I-PER O O O O O O B-CONCEPT O O
while eating hamburger , she read an article about evolution in congo .	O O B-FOOD I-FOOD O O O O O B-CONCEPT O B-LOC I-LOC
the documentary compared the elephant population in richardborough with that in palau .	O O O B-ANIMAL O O B-LOC O O O O B-LOC O O O
while eating salad , she read an article about democracy in bulgaria .	O O B-FOOD I-FOOD O O O O O B-CONCEPT O B-LOC I-LOC
in new james , melissa fuller and his dog visited a museum about justice .	O B-LOC O O B-PER I-PER O O O O O O B-CONCEPT O O
while eating salad , she read an article about evolution in jamaica .	O O B-FOOD I-FOOD O O O O O B-CONCEPT O B-LOC I-LOC
in lake martinton , jill armstrong and his dog visited a museum about justice .	O B-LOC O O O B-PER I-PER O O O O O O B-CONCEPT O O
in riverston , amy munoz and his dog visited a museum about gravity .	O B-LOC I-LOC I-LOC O B-PER I-PER O O O O O O B-CONCEPT I-CONCEPT
reynolds , anderson and palmer relocated their headquarters from courtneybury to	B-ORG I-ORG O O O O B-LOC O B-LOC O O O
the documentary compared the elephant population in jamesville with that in cyprus .	O O O B-ANIMAL O O B-LOC O O O O B-LOC O O
brown - brown relocated their headquarters from south alexanderhaven to south georgia	B-ORG I-ORG I-ORG O O O O B-LOC O O B-LOC O O
the documentary compared the elephant population in west kevin with that in	O O O B-ANIMAL O O B-LOC O O O B-LOC O
ms . melanie stokes was invited to speak at mendoza , lewis and griffin in west johnchester , but he declined	B-PER I-PER I-PER I-PER O O O O O B-ORG I-ORG O B-LOC O O O O O O O O O
the documentary compared the dog population in donnachester with that in micronesia .	O O O B-ANIMAL O O B-LOC O O O O B-LOC O O O
parks - blevins relocated their headquarters from barrchester to vietnam last year .	B-ORG I-ORG I-ORG I-ORG I-ORG O O O O B-LOC I-LOC O B-LOC O O O
while eating ramen , she read an article about democracy in timor - leste .	O O B-FOOD I-FOOD I-FOOD O O O O O B-CONCEPT O B-LOC I-LOC I-LOC I-LOC I-LOC
fox group relocated their headquarters from shortbury to armenia last	B-ORG O O O O B-LOC O O B-LOC O O
while eating spaghetti , she read an article about justice in denmark .	O O B-FOOD I-FOOD O O O O O B-CONCEPT O B-LOC I-LOC
michelle moore was invited to speak at cherry - kane in smithport , but he declined due to health issues .	B-PER I-PER O O O O O B-ORG I-ORG I-ORG O B-LOC I-LOC I-LOC O O O O O O O O
cuevas - robinson relocated their headquarters from north julieville to benin last	B-ORG I-ORG I-ORG I-ORG O O O O B-LOC O O B-LOC O O
the documentary compared the cheetah population in sarahmouth with that in montenegro .	O O O B-ANIMAL O O O O B-LOC O O O O B-LOC O O
william brooks was invited to speak at strickland , shelton and brady in north anthonyhaven , but he declined	B-PER I-PER O O O O O B-ORG I-ORG I-ORG I-ORG O B-LOC O O O O O O O O O
crane , white and wright relocated their headquarters from molinashire to	B-ORG I-ORG O O O O B-LOC O B-LOC O O O
while eating pizza , she read an article about philosophy in turkmenistan .	O O B-FOOD I-FOOD O O O O O B-CONCEPT O B-LOC I-LOC
while eating salad , she read an article about philosophy in argentina .	O O B-FOOD I-FOOD O O O O O B-CONCEPT O B-LOC I-LOC
in trevinofurt , brandon hayden and his dog visited a museum about democracy .	O B-LOC I-LOC I-LOC I-LOC O B-PER I-PER O O O O O O B-CONCEPT I-CONCEPT
in east lauren , amber reynolds and his dog visited a museum about evolution .	O B-LOC O O B-PER I-PER O O O O O O B-CONCEPT O O
joshua smith was invited to speak at fritz , mitchell and dominguez in simmonsside , but he declined due	B-PER I-PER O O O O O B-ORG I-ORG O B-LOC O O O O O O O O O O O
daniel whitaker was invited to speak at blevins , paul and gonzalez in davidmouth , but he declined due	B-PER I-PER O O O O O B-ORG I-ORG I-ORG I-ORG O B-LOC O O O O O O O O O
while eating salad , she read an article about justice in british virgin	O O B-FOOD I-FOOD O O O O O B-CONCEPT O B-LOC O
weeks , franklin and lawrence relocated their headquarters from new donna	B-ORG I-ORG O O O O B-LOC O B-LOC O O
the documentary compared the cheetah population in rachaelside with that in luxembourg .	O O O B-ANIMAL O O O O B-LOC O O O O O O B-LOC O O
while eating hamburger , she read an article about democracy in algeria .	O O B-FOOD I-FOOD O O O O O B-CONCEPT O B-LOC I-LOC
cross - berg relocated their headquarters from north anthony to united states	B-ORG I-ORG I-ORG O O O O B-LOC O B-LOC O O
christopher stewart was invited to speak at pham - gibbs in richardchester , but he declined due to health issues .	B-PER I-PER O O O O O B-ORG I-ORG I-ORG I-ORG O B-LOC I-LOC I-LOC O O O O O O O O
carl ford was invited to speak at russell ltd in south randy , but he declined due to	B-PER I-PER O O O O O B-ORG O B-LOC O O O O O O O O
collins , harris and klein relocated their headquarters from port shelby	B-ORG I-ORG O O O O B-LOC O B-LOC O O
the documentary compared the cheetah population in north sara with that in	O O O B-ANIMAL O O O O B-LOC O O O B-LOC O
while eating salad , she read an article about democracy in denmark .	O O B-FOOD I-FOOD O O O O O B-CONCEPT O B-LOC I-LOC
in marychester , mark miller and his dog visited a museum about philosophy .	O B-LOC I-LOC I-LOC O B-PER I-PER O O O O O O B-CONCEPT I-CONCEPT
the documentary compared the cat population in thomasberg with that in mayotte .	O O O B-ANIMAL O O B-LOC O O O O B-LOC O O O
lambert inc relocated their headquarters from new codyshire to kazakhstan	B-ORG O O O O B-LOC O B-LOC I-LOC O O
the documentary compared the cheetah population in new ellenville with that in	O O O B-ANIMAL O O O O B-LOC O O O O B-LOC O
scott - green relocated their headquarters from courtneybury to pitcairn islands last	B-ORG I-ORG I-ORG O O O O B-LOC I-LOC O B-LOC I-LOC I-LOC I-LOC O O
while eating tacos , she read an article about justice in pitcairn islands .	O O B-FOOD I-FOOD I-FOOD O O O O O B-CONCEPT O B-LOC I-LOC I-LOC I-LOC O O
while eating ramen , she read an article about philosophy in belgium .	O O B-FOOD I-FOOD I-FOOD O O O O O B-CONCEPT O B-LOC I-LOC
while eating tacos , she read an article about philosophy in taiwan .	O O B-FOOD I-FOOD I-FOOD O O O O O B-CONCEPT O B-LOC I-LOC
while eating pizza , she read an article about gravity in equatorial guinea .	O O B-FOOD I-FOOD O O O O O B-CONCEPT O B-LOC O O
steven wiggins was invited to speak at haynes , may and arias in east ronald , but he declined	B-PER I-PER I-PER O O O O O B-ORG I-ORG O B-LOC O O O O O O O O
the documentary compared the lion population in port christopherburgh with that in	O O O B-ANIMAL O O B-LOC O O O O B-LOC O
while eating hamburger , she read an article about philosophy in marshall islands .	O O B-FOOD I-FOOD O O O O O B-CONCEPT O B-LOC O O
shaw - whitney relocated their headquarters from emilymouth to saint vincent and	B-ORG I-ORG I-ORG O O O O B-LOC I-LOC O B-LOC O O
while eating tacos , she read an article about gravity in philippines .	O O B-FOOD I-FOOD I-FOOD O O O O O B-CONCEPT O B-LOC I-LOC
blair , white and neal relocated their headquarters from west angelaland	B-ORG I-ORG O O O O B-LOC O B-LOC O O O
in brianport , donald shaw and his dog visited a museum about gravity .	O B-LOC I-LOC I-LOC O B-PER I-PER O O O O O O B-CONCEPT I-CONCEPT
in port christopher , sara caldwell and his dog visited a museum about democracy .	O B-LOC O O B-PER I-PER O O O O O O B-CONCEPT O O
in north ernestview , cody singh and his dog visited a museum about philosophy .	O B-LOC O O O B-PER I-PER O O O O O O B-CONCEPT O O
sarah harris was invited to speak at jackson - carlson in evanston , but he declined due to health issues .	B-PER I-PER O O O O O B-ORG I-ORG I-ORG O B-LOC I-LOC I-LOC O O O O O O O O
while eating salad , she read an article about justice in hong kong .	O O B-FOOD I-FOOD O O O O O B-CONCEPT O B-LOC O O
mariah lewis was invited to speak at nelson plc in aliciashire , but he declined due to health	B-PER I-PER I-PER O O O O O B-ORG O B-LOC O O O O O O O O O
ibarra inc relocated their headquarters from lake ryan to saint	B-ORG I-ORG I-ORG O O O O B-LOC O B-LOC O O
while eating spaghetti , she read an article about justice in qatar .	O O B-FOOD I-FOOD O O O O O B-CONCEPT O B-LOC I-LOC
while eating ramen , she read an article about evolution in lao people ' s	O O B-FOOD I-FOOD I-FOOD O O O O O B-CONCEPT O B-LOC O O O
patricia brewer was invited to speak at figueroa - reyes in carlosbury , but he declined due to health issues .	B-PER I-PER O O O O O B-ORG I-ORG I-ORG I-ORG I-ORG O B-LOC I-LOC I-LOC O O O O O O O O
while eating hamburger , she read an article about democracy in pakistan .	O O B-FOOD I-FOOD O O O O O B-CONCEPT O B-LOC I-LOC
the documentary compared the cheetah population in north rebeccafort with that in	O O O B-ANIMAL O O O O B-LOC O O O O B-LOC O
anne phillips was invited to speak at acevedo - moore in port michael , but he declined due to health	B-PER I-PER O O O O O B-ORG I-ORG I-ORG I-ORG I-ORG O B-LOC O O O O O O O O
kristin cowan was invited to speak at james plc in lynnbury , but he declined due to health	B-PER I-PER O O O O O B-ORG O B-LOC O O O O O O O O O
the documentary compared the dog population in alexisville with that in nauru .	O O O B-ANIMAL O O B-LOC O O O O B-LOC O O O
in new faith , gabriel stephens and his dog visited a museum about evolution .	O B-LOC O O B-PER I-PER O O O O O O B-CONCEPT O O
the documentary compared the cheetah population in annbury with that in tuvalu .	O O O B-ANIMAL O O O O B-LOC O O O O B-LOC O O O O
cindy townsend was invited to speak at payne , smith and lewis in north stevenmouth , but he declined	B-PER I-PER O O O O O B-ORG I-ORG O B-LOC O O O O O O O O O
while eating spaghetti , she read an article about philosophy in israel .	O O B-FOOD I-FOOD O O O O O B-CONCEPT O B-LOC I-LOC
johnson - patton relocated their headquarters from scottport to yemen last year .	B-ORG I-ORG I-ORG O O O O B-LOC I-LOC O B-LOC O O O
while eating apple pie , she read an article about justice in sudan .	O O B-FOOD O O O O O O B-CONCEPT O B-LOC O O
in south lori , desiree holder and his dog visited a museum about justice .	O B-LOC O O B-PER I-PER I-PER O O O O O O B-CONCEPT O O
in west deborahview , jennifer frazier and his dog visited a museum about justice .	O B-LOC O O O B-PER I-PER O O O O O O B-CONCEPT O O
in smallfort , jessica tanner and his dog visited a museum about democracy .	O B-LOC I-LOC I-LOC O B-PER I-PER O O O O O O B-CONCEPT I-CONCEPT
while eating ramen , she read an article about philosophy in rwanda .	O O B-FOOD I-FOOD I-FOOD O O O O O B-CONCEPT O B-LOC I-LOC
in lake robert , mr . joshua rios jr . and his dog visited a museum about democracy .	O B-LOC O O B-PER I-PER I-PER I-PER I-PER I-PER O O O O O O B-CONCEPT O O
alicia grant was invited to speak at roman , rollins and campos in new timview , but he declined	B-PER I-PER O O O O O B-ORG I-ORG O B-LOC O O O O O O O O O
gina smith was invited to speak at price - shaw in patriciachester , but he declined due to health issues .	B-PER I-PER O O O O O B-ORG I-ORG I-ORG O B-LOC I-LOC I-LOC O O O O O O O O
in north craigstad , nicole gonzales and his dog visited a museum about democracy .	O B-LOC O O O B-PER I-PER O O O O O O B-CONCEPT O O
while eating ramen , she read an article about democracy in guatemala .	O O B-FOOD I-FOOD I-FOOD O O O O O B-CONCEPT O B-LOC I-LOC
the documentary compared the elephant population in fitzpatrickchester with that in anguilla .	O O O B-ANIMAL O O B-LOC O O O O B-LOC O O O O
while eating salad , she read an article about democracy in dominica .	O O B-FOOD I-FOOD O O O O O B-CONCEPT O B-LOC I-LOC I-LOC
rebecca henderson was invited to speak at lambert group in nicolaston , but he declined due to health	B-PER I-PER O O O O O B-ORG O B-LOC O O O O O O O O O
while eating spaghetti , she read an article about justice in switzerland .	O O B-FOOD I-FOOD O O O O O B-CONCEPT O B-LOC I-LOC
while eating hamburger , she read an article about justice in french southern	O O B-FOOD I-FOOD O O O O O B-CONCEPT O B-LOC O
while eating apple pie , she read an article about evolution in benin .	O O B-FOOD O O O O O O B-CONCEPT O B-LOC O O
the documentary compared the cat population in jayberg with that in seychelles .	O O O B-ANIMAL O O B-LOC O O O O B-LOC O O
in melissatown , david taylor and his dog visited a museum about democracy .	O B-LOC I-LOC I-LOC O B-PER I-PER O O O O O O B-CONCEPT I-CONCEPT
john benton was invited to speak at bailey , flores and richardson in new sara , but he declined	B-PER I-PER O O O O O B-ORG I-ORG O B-LOC O O O O O O O O
humphrey , hicks and hicks relocated their headquarters from south janettown	B-ORG I-ORG O O O O B-LOC O B-LOC O O O
in andreaton , jimmy hernandez and his dog visited a museum about gravity .	O B-LOC I-LOC I-LOC O B-PER I-PER O O O O O O B-CONCEPT I-CONCEPT
the documentary compared the cheetah population in east kathleenville with that in	O O O B-ANIMAL O O O O B-LOC O O O O B-LOC O
steven martin was invited to speak at mendoza inc in huangfurt , but he declined due to health	B-PER I-PER O O O O O B-ORG O B-LOC O O O O O O O O O
the documentary compared the elephant population in east nicholasland with that in	O O O B-ANIMAL O O B-LOC O O O O B-LOC O
the documentary compared the elephant population in port dustinton with that in	O O O B-ANIMAL O O B-LOC O O O O B-LOC O
in robinsonton , madeline harrington and his dog visited a museum about justice .	O B-LOC I-LOC I-LOC O B-PER I-PER O O O O O O B-CONCEPT I-CONCEPT
alexander johnson was invited to speak at schaefer , frye and berry in howellshire , but he declined due	B-PER I-PER O O O O O B-ORG I-ORG I-ORG I-ORG O O B-LOC O O O O O O O O O
while eating tacos , she read an article about philosophy in sudan .	O O B-FOOD I-FOOD I-FOOD O O O O O B-CONCEPT O B-LOC I-LOC
the documentary compared the elephant population in kimberlytown with that in argentina .	O O O B-ANIMAL O O B-LOC O O O O B-LOC O O
in lake bruce , susan hernandez and his dog visited a museum about philosophy .	O B-LOC O O B-PER I-PER O O O O O O B-CONCEPT O O
johnson plc relocated their headquarters from pacefurt to turkey last	B-ORG O O O O B-LOC O O B-LOC O O
while eating salad , she read an article about gravity in botswana .	O O B-FOOD I-FOOD O O O O O B-CONCEPT O B-LOC I-LOC
in williammouth , david cortez and his dog visited a museum about evolution .	O B-LOC I-LOC I-LOC O B-PER I-PER I-PER I-PER O O O O O O B-CONCEPT I-CONCEPT
the documentary compared the cat population in hernandezborough with that in united	O O O B-ANIMAL O O B-LOC O O O O B-LOC O
tina miller was invited to speak at james - holt in lake gregory , but he declined due to health	B-PER I-PER O O O O O B-ORG I-ORG I-ORG O B-LOC O O O O O O O O
felicia gill was invited to speak at johnson , curry and carter in nicholasfort , but he declined due	B-PER I-PER O O O O O B-ORG I-ORG O B-LOC O O O O O O O O O
in port kevin , kimberly evans and his dog visited a museum about evolution .	O B-LOC O O B-PER I-PER O O O O O O B-CONCEPT O O
robbins , bowen and kennedy relocated their headquarters from christineland to	B-ORG I-ORG O O O O B-LOC O B-LOC O O O
veronica frank was invited to speak at pope - lara in port shannonville , but he declined due to health	B-PER I-PER O O O O O B-ORG I-ORG I-ORG O B-LOC O O O O O O O O O
while eating sushi , she read an article about gravity in pitcairn islands .	O O B-FOOD I-FOOD I-FOOD O O O O O B-CONCEPT O B-LOC I-LOC I-LOC I-LOC O O
the documentary compared the cat population in new amymouth with that in	O O O B-ANIMAL O O B-LOC O O O O B-LOC O
in new elizabethmouth , melissa moore and his dog visited a museum about evolution .	O B-LOC O O O B-PER I-PER O O O O O O B-CONCEPT O O
in montgomeryton , ronald maddox and his dog visited a museum about justice .	O B-LOC I-LOC I-LOC O B-PER I-PER O O O O O O B-CONCEPT I-CONCEPT
in lake alexis , joel kent and his dog visited a museum about philosophy .	O B-LOC O O B-PER I-PER O O O O O O B-CONCEPT O O
in south amy , dawn johnson and his dog visited a museum about philosophy .	O B-LOC O O B-PER I-PER O O O O O O B-CONCEPT O O
eric york was invited to speak at gallegos - dunlap in north kevin , but he declined due to health	B-PER I-PER O O O O O B-ORG I-ORG I-ORG I-ORG I-ORG I-ORG I-ORG O B-LOC O O O O O O O O
sara hoffman was invited to speak at wolfe plc in jessicahaven , but he declined due to health	B-PER I-PER O O O O O B-ORG O B-LOC O O O O O O O O O
in amberfort , nicholas sampson and his dog visited a museum about justice .	O B-LOC I-LOC I-LOC O B-PER I-PER O O O O O O B-CONCEPT I-CONCEPT
while eating pizza , she read an article about philosophy in bahrain .	O O B-FOOD I-FOOD O O O O O B-CONCEPT O B-LOC I-LOC
the documentary compared the cat population in west samanthashire with that in	O O O B-ANIMAL O O B-LOC O O O O B-LOC O
in flowerschester , jill gill and his dog visited a museum about gravity .	O B-LOC I-LOC I-LOC O B-PER I-PER O O O O O O B-CONCEPT I-CONCEPT
miller , macias and allen relocated their headquarters from new sandra	B-ORG I-ORG O O O O O B-LOC O B-LOC O O
in west danielstad , wesley peterson and his dog visited a museum about evolution .	O B-LOC O O O B-PER I-PER O O O O O O B-CONCEPT O O
in mitchellside , sean edwards and his dog visited a museum about democracy .	O B-LOC I-LOC I-LOC O B-PER I-PER O O O O O O B-CONCEPT I-CONCEPT
collins - bright relocated their headquarters from south chase to latvia last	B-ORG I-ORG I-ORG O O O O B-LOC O B-LOC O O
the documentary compared the elephant population in ruizview with that in heard	O O O B-ANIMAL O O B-LOC O O O O B-LOC O
benjamin lopez was invited to speak at spencer - long in new david , but he declined due to health	B-PER I-PER O O O O O B-ORG I-ORG I-ORG O B-LOC O O O O O O O O
the documentary compared the cat population in elliottmouth with that in colombia .	O O O B-ANIMAL O O B-LOC O O O O B-LOC O O
in natalieside , nicholas weiss and his dog visited a museum about gravity .	O B-LOC I-LOC I-LOC O B-PER I-PER O O O O O O B-CONCEPT I-CONCEPT
while eating spaghetti , she read an article about gravity in tunisia .	O O B-FOOD I-FOOD O O O O O B-CONCEPT O B-LOC I-LOC
dunn llc relocated their headquarters from thorntonborough to hungary last	B-ORG O O O O B-LOC O O B-LOC O O
christopher harris was invited to speak at johns - gillespie in lake michael , but he declined due to health	B-PER I-PER O O O O O B-ORG I-ORG I-ORG O B-LOC O O O O O O O O
in campbellport , william allen and his dog visited a museum about justice .	O B-LOC I-LOC I-LOC O B-PER I-PER O O O O O O B-CONCEPT I-CONCEPT
petty - cohen relocated their headquarters from new michaelburgh to haiti last	B-ORG I-ORG I-ORG O O O O B-LOC O O B-LOC O O
while eating spaghetti , she read an article about philosophy in bolivia .	O O B-FOOD I-FOOD O O O O O B-CONCEPT O B-LOC I-LOC
heather duncan was invited to speak at camacho , wolfe and snyder in north elizabethton , but he declined	B-PER I-PER O O O O O B-ORG I-ORG I-ORG I-ORG O B-LOC O O O O O O O O O
peck , burton and rivera relocated their headquarters from east meghan	B-ORG I-ORG O O O O B-LOC O B-LOC O O O
while eating pizza , she read an article about gravity in panama .	O O B-FOOD I-FOOD O O O O O B-CONCEPT O B-LOC I-LOC
the documentary compared the cat population in riveraville with that in chile .	O O O B-ANIMAL O O B-LOC O O O O B-LOC O O
the documentary compared the lion population in south steven with that in	O O O B-ANIMAL O O B-LOC O O O B-LOC O
petersen ltd relocated their headquarters from bryantburgh to guam last	B-ORG O O O O B-LOC O O B-LOC O O
while eating ramen , she read an article about democracy in san marino .	O O B-FOOD I-FOOD I-FOOD O O O O O B-CONCEPT O B-LOC O O
the documentary compared the elephant population in jesseville with that in cote	O O O B-ANIMAL O O B-LOC O O O O B-LOC O
while eating sushi , she read an article about evolution in iran .	O O B-FOOD I-FOOD I-FOOD O O O O O B-CONCEPT O B-LOC I-LOC
while eating tacos , she read an article about evolution in heard island	O O B-FOOD I-FOOD I-FOOD O O O O O B-CONCEPT O B-LOC O
bates , robinson and smith relocated their headquarters from michaelton to	B-ORG I-ORG O O O O B-LOC O B-LOC O O O
while eating sushi , she read an article about philosophy in togo .	O O B-FOOD I-FOOD I-FOOD O O O O O B-CONCEPT O B-LOC I-LOC
the documentary compared the elephant population in lake michaelberg with that in	O O O B-ANIMAL O O B-LOC O O O O B-LOC O
while eating sushi , she read an article about democracy in mauritania .	O O B-FOOD I-FOOD I-FOOD O O O O O B-CONCEPT O B-LOC I-LOC I-LOC I-LOC
stone - freeman relocated their headquarters from davidberg to guam last year .	B-ORG I-ORG I-ORG O O O O B-LOC I-LOC O B-LOC O O O
the documentary compared the cat population in new sharon with that in	O O O B-ANIMAL O O B-LOC O O O B-LOC O
jill frederick was invited to speak at taylor plc in burnsport , but he declined due to health	B-PER I-PER O O O O O B-ORG O B-LOC O O O O O O O O O
jermaine clarke was invited to speak at hall - ellison in garyview , but he declined due to health issues .	B-PER I-PER I-PER I-PER O O O O O B-ORG I-ORG I-ORG O B-LOC I-LOC I-LOC O O O O O O O O
while eating salad , she read an article about philosophy in haiti .	O O B-FOOD I-FOOD O O O O O B-CONCEPT O B-LOC I-LOC
the documentary compared the cat population in jonesbury with that in united	O O O B-ANIMAL O O B-LOC O O O O B-LOC O
taylor , rojas and williams relocated their headquarters from brooksborough to	B-ORG I-ORG O O O O O B-LOC O B-LOC O O O
while eating hamburger , she read an article about evolution in korea .	O O B-FOOD I-FOOD O O O O O B-CONCEPT O B-LOC I-LOC
briana turner was invited to speak at tyler - tucker in port arianamouth , but he declined due to health	B-PER I-PER I-PER O O O O O B-ORG I-ORG I-ORG O B-LOC O O O O O O O O O O
linda ortega was invited to speak at burgess - walker in bradleyport , but he declined due to health issues .	B-PER I-PER O O O O O B-ORG I-ORG I-ORG O B-LOC I-LOC I-LOC O O O O O O O O
mr . john wilson was invited to speak at daniels and sons in courtneyfurt , but he declined due to	B-PER I-PER I-PER I-PER O O O O O B-ORG O B-LOC O O O O O O O O O
while eating sushi , she read an article about democracy in thailand .	O O B-FOOD I-FOOD I-FOOD O O O O O B-CONCEPT O B-LOC I-LOC
the documentary compared the dog population in port meredithland with that in	O O O B-ANIMAL O O B-LOC O O O O B-LOC O
the documentary compared the lion population in joshuaville with that in malta .	O O O B-ANIMAL O O B-LOC O O O O B-LOC O O
while eating tacos , she read an article about evolution in singapore .	O O B-FOOD I-FOOD I-FOOD O O O O O B-CONCEPT O B-LOC I-LOC
the documentary compared the elephant population in janiceborough with that in jersey .	O O O B-ANIMAL O O B-LOC O O O O B-LOC O O
shaw , spencer and phillips relocated their headquarters from north desireeland	B-ORG I-ORG O O O O B-LOC O B-LOC O O O
while eating salad , she read an article about justice in togo .	O O B-FOOD I-FOOD O O O O O B-CONCEPT O B-LOC I-LOC
while eating spaghetti , she read an article about gravity in cape verde .	O O B-FOOD I-FOOD O O O O O B-CONCEPT O B-LOC O O
perkins , porter and quinn relocated their headquarters from barrerachester to	B-ORG I-ORG O O O O B-LOC O B-LOC O O O O O
in new markstad , mark hardy and his dog visited a museum about democracy .	O B-LOC O O O B-PER I-PER O O O O O O B-CONCEPT O O
while eating salad , she read an article about democracy in cuba .	O O B-FOOD I-FOOD O O O O O B-CONCEPT O B-LOC I-LOC
while eating apple pie , she read an article about democracy in turks	O O B-FOOD O O O O O O B-CONCEPT O B-LOC O
williams - moody relocated their headquarters from new eric to new caledonia	B-ORG I-ORG I-ORG O O O O B-LOC O B-LOC O O
while eating tacos , she read an article about philosophy in uruguay .	O O B-FOOD I-FOOD I-FOOD O O O O O B-CONCEPT O B-LOC I-LOC
wayne dean was invited to speak at wolf - vaughn in port chaseborough , but he declined due to health	B-PER I-PER O O O O O B-ORG I-ORG I-ORG O B-LOC O O O O O O O O O
while eating salad , she read an article about philosophy in italy .	O O B-FOOD I-FOOD O O O O O B-CONCEPT O B-LOC I-LOC
the documentary compared the lion population in angelachester with that in thailand .	O O O B-ANIMAL O O B-LOC O O O O B-LOC O O
while eating ramen , she read an article about democracy in georgia .	O O B-FOOD I-FOOD I-FOOD O O O O O B-CONCEPT O B-LOC I-LOC
amy johnson was invited to speak at grant plc in port joebury , but he declined due to	B-PER I-PER O O O O O B-ORG O B-LOC O O O O O O O O O
vasquez , simpson and parsons relocated their headquarters from east adamville	B-ORG I-ORG I-ORG I-ORG O O O O B-LOC O B-LOC O O O
cooper - ramos relocated their headquarters from new tonya to gibraltar last	B-ORG I-ORG I-ORG O O O O B-LOC O O B-LOC O O
while eating salad , she read an article about gravity in faroe islands .	O O B-FOOD I-FOOD O O O O O B-CONCEPT O B-LOC I-LOC O O
while eating ramen , she read an article about evolution in guernsey .	O O B-FOOD I-FOOD I-FOOD O O O O O B-CONCEPT O B-LOC I-LOC
the documentary compared the cat population in rogersville with that in sierra	O O O B-ANIMAL O O B-LOC O O O O B-LOC O
sarah peterson was invited to speak at lopez - lutz in maureenmouth , but he declined due to health issues .	B-PER I-PER O O O O O B-ORG I-ORG I-ORG I-ORG O B-LOC I-LOC I-LOC O O O O O O O O
bradley - garcia relocated their headquarters from rodriguezmouth to montenegro last year .	B-ORG I-ORG I-ORG O O O O B-LOC I-LOC O B-LOC O O O
while eating tacos , she read an article about evolution in tajikistan .	O O B-FOOD I-FOOD I-FOOD O O O O O B-CONCEPT O B-LOC I-LOC
in east jessica , frances bird and his dog visited a museum about philosophy .	O B-LOC O O B-PER I-PER O O O O O O B-CONCEPT O O
while eating pizza , she read an article about evolution in falkland islands	O O B-FOOD I-FOOD O O O O O B-CONCEPT O B-LOC O
mitchell , lewis and reed relocated their headquarters from west erica	B-ORG I-ORG O O O O B-LOC O B-LOC O O
the documentary compared the dog population in west roberttown with that in	O O O B-ANIMAL O O B-LOC O O O O B-LOC O
the documentary compared the elephant population in port anita with that in	O O O B-ANIMAL O O B-LOC O O O B-LOC O
in johnsonstad , benjamin fernandez and his dog visited a museum about evolution .	O B-LOC I-LOC I-LOC O B-PER I-PER O O O O O O B-CONCEPT I-CONCEPT
in oliviafort , lance wade and his dog visited a museum about philosophy .	O B-LOC I-LOC I-LOC O B-PER I-PER O O O O O O B-CONCEPT I-CONCEPT
in moraleston , meredith paul and his dog visited a museum about democracy .	O B-LOC I-LOC I-LOC O B-PER I-PER O O O O O O B-CONCEPT I-CONCEPT
in dyerburgh , arthur carter and his dog visited a museum about justice .	O B-LOC I-LOC I-LOC O B-PER I-PER O O O O O O B-CONCEPT I-CONCEPT
john rodriguez was invited to speak at patterson group in east kariberg , but he declined due to	B-PER I-PER O O O O O B-ORG O B-LOC O O O O O O O O O
in shermanville , april martinez and his dog visited a museum about justice .	O B-LOC I-LOC I-LOC O B-PER I-PER O O O O O O B-CONCEPT I-CONCEPT
in garzaville , cindy smith and his dog visited a museum about philosophy .	O B-LOC I-LOC I-LOC I-LOC O B-PER I-PER O O O O O O B-CONCEPT I-CONCEPT
armstrong - scott relocated their headquarters from west josephstad to palestinian territory	B-ORG I-ORG I-ORG O O O O B-LOC O O B-LOC O O
in lake cameron , john johnson and his dog visited a museum about justice .	O B-LOC O O B-PER I-PER O O O O O O B-CONCEPT O O
while eating pizza , she read an article about philosophy in tanzania .	O O B-FOOD I-FOOD O O O O O B-CONCEPT O B-LOC I-LOC
while eating sushi , she read an article about justice in gabon .	O O B-FOOD I-FOOD I-FOOD O O O O O B-CONCEPT O B-LOC I-LOC
the documentary compared the cat population in port michael with that in	O O O B-ANIMAL O O B-LOC O O O B-LOC O
lori gibson was invited to speak at woodard , mcfarland and martin in port gerald , but he declined	B-PER I-PER O O O O O B-ORG I-ORG I-ORG O O O B-LOC O O O O O O O O
hamilton - cook relocated their headquarters from new veronicaborough to mongolia last	B-ORG I-ORG I-ORG O O O O B-LOC O O B-LOC O O
michael jackson was invited to speak at sheppard , roberts and sanchez in lake sharonstad , but he declined	B-PER I-PER O O O O O B-ORG I-ORG O B-LOC O O O O O O O O O
the documentary compared the cheetah population in lake marcus with that in	O O O B-ANIMAL O O O O B-LOC O O O B-LOC O
lindsay brock md was invited to speak at perez , rodriguez and reed in richardton , but he declined due	B-PER I-PER I-PER O O O O O B-ORG I-ORG O B-LOC O O O O O O O O O
in west jimmymouth , cynthia buchanan and his dog visited a museum about justice .	O B-LOC O O O B-PER I-PER O O O O O O B-CONCEPT O O
in camposside , zachary chavez dvm and his dog visited a museum about gravity .	O B-LOC I-LOC I-LOC O B-PER I-PER I-PER I-PER I-PER O O O O O O B-CONCEPT I-CONCEPT
in lake jamietown , christine phillips and his dog visited a museum about democracy .	O B-LOC O O O B-PER I-PER O O O O O O B-CONCEPT O O
figueroa , moore and poole relocated their headquarters from south jamesfort	B-ORG I-ORG I-ORG I-ORG O O O O B-LOC O B-LOC O O O
while eating apple pie , she read an article about philosophy in ecuador .	O O B-FOOD O O O O O O B-CONCEPT O B-LOC O O
matthew proctor was invited to speak at davis and sons in anthonymouth , but he declined due to	B-PER I-PER O O O O O B-ORG O B-LOC O O O O O O O O O
bobby schmidt was invited to speak at bradshaw - moody in dianeberg , but he declined due to health issues .	B-PER I-PER O O O O O B-ORG I-ORG I-ORG O B-LOC I-LOC I-LOC O O O O O O O O
walker , jones and zavala relocated their headquarters from west andrewtown	B-ORG I-ORG O O O O O O B-LOC O B-LOC O O O
in josephfort , diane jenkins and his dog visited a museum about evolution .	O B-LOC I-LOC I-LOC O B-PER I-PER O O O O O O B-CONCEPT I-CONCEPT
while eating spaghetti , she read an article about justice in saudi arabia .	O O B-FOOD I-FOOD O O O O O B-CONCEPT O B-LOC O O
the documentary compared the lion population in port shannonchester with that in	O O O B-ANIMAL O O B-LOC O O O O B-LOC O
the documentary compared the elephant population in port alyssachester with that in	O O O B-ANIMAL O O B-LOC O O O O B-LOC O
while eating sushi , she read an article about justice in cape verde .	O O B-FOOD I-FOOD I-FOOD O O O O O B-CONCEPT O B-LOC O O
the documentary compared the cheetah population in mcintoshview with that in angola .	O O O B-ANIMAL O O O O B-LOC O O O O B-LOC O O
the documentary compared the dog population in port sandraside with that in	O O O B-ANIMAL O O B-LOC O O O O B-LOC O
the documentary compared the lion population in port calvinview with that in	O O O B-ANIMAL O O B-LOC O O O O B-LOC O
the documentary compared the lion population in new jacqueline with that in	O O O B-ANIMAL O O B-LOC O O O B-LOC O
while eating spaghetti , she read an article about democracy in andorra .	O O B-FOOD I-FOOD O O O O O B-CONCEPT O B-LOC I-LOC I-LOC
daniel sanchez was invited to speak at brown , miller and smith in west dawnchester , but he declined	B-PER I-PER O O O O O B-ORG I-ORG O B-LOC O O O O O O O O O
ramos - glass relocated their headquarters from new kirkfurt to tanzania last	B-ORG I-ORG I-ORG O O O O B-LOC O O B-LOC O O
the documentary compared the cheetah population in hoffmanshire with that in isle	O O O B-ANIMAL O O O O B-LOC O O O O B-LOC O
the documentary compared the elephant population in north lauren with that in	O O O B-ANIMAL O O B-LOC O O O B-LOC O
while eating hamburger , she read an article about democracy in angola .	O O B-FOOD I-FOOD O O O O O B-CONCEPT O B-LOC I-LOC
sabrina ashley was invited to speak at miller llc in stevenfort , but he declined due to health	B-PER I-PER O O O O O B-ORG O B-LOC O O O O O O O O O
pratt llc relocated their headquarters from jameshaven to qatar last	B-ORG O O O O B-LOC O O B-LOC O O
hughes , miller and walker relocated their headquarters from south breannaland	B-ORG I-ORG O O O O B-LOC O B-LOC O O O O O
the documentary compared the elephant population in jessicaview with that in chile .	O O O B-ANIMAL O O B-LOC O O O O B-LOC O O
the documentary compared the dog population in east anthony with that in	O O O B-ANIMAL O O B-LOC O O O B-LOC O
in east denise , evelyn torres and his dog visited a museum about evolution .	O B-LOC O O B-PER I-PER O O O O O O B-CONCEPT O O
morrison , ward and young relocated their headquarters from port dylan	B-ORG I-ORG O O O O B-LOC O B-LOC O O
powell - davis relocated their headquarters from east christinemouth to barbados last	B-ORG I-ORG I-ORG O O O O B-LOC O O B-LOC O O
mackenzie dean was invited to speak at robertson ltd in south michaelton , but he declined due to	B-PER I-PER O O O O O B-ORG O B-LOC O O O O O O O O O
shawn sanders was invited to speak at hamilton - smith in wilcoxborough , but he declined due to health issues .	B-PER I-PER O O O O O B-ORG I-ORG I-ORG O B-LOC I-LOC I-LOC O O O O O O O O
the documentary compared the elephant population in christopherchester with that in french	O O O B-ANIMAL O O B-LOC O O O O B-LOC O
oneill - johnson relocated their headquarters from port erin to christmas island	B-ORG I-ORG I-ORG I-ORG O O O O B-LOC O B-LOC O O
in mariaberg , kristie robles and his dog visited a museum about philosophy .	O B-LOC I-LOC I-LOC O O B-PER I-PER I-PER O O O O O O B-CONCEPT I-CONCEPT
the documentary compared the cheetah population in new douglas with that in	O O O B-ANIMAL O O O O B-LOC O O O B-LOC O
thompson , singleton and bright relocated their headquarters from port karachester	B-ORG I-ORG O O O O B-LOC O B-LOC O O O
the documentary compared the elephant population in ingramland with that in venezuela .	O O O B-ANIMAL O O B-LOC O O O O B-LOC O O
mary white was invited to speak at oneal , rodriguez and burke in south kelly , but he declined	B-PER I-PER O O O O O B-ORG I-ORG I-ORG O B-LOC O O O O O O O O
in cameronfort , joshua joseph and his dog visited a museum about gravity .	O B-LOC I-LOC I-LOC O B-PER I-PER O O O O O O B-CONCEPT I-CONCEPT
the documentary compared the cheetah population in south davidmouth with that in	O O O B-ANIMAL O O O O B-LOC O O O O B-LOC O
in east barbara , danielle chandler and his dog visited a museum about gravity .	O B-LOC O O B-PER I-PER O O O O O O B-CONCEPT O O
powell ltd relocated their headquarters from davisfurt to bangladesh last	B-ORG O O O O B-LOC O O B-LOC O O
in north devon , hailey austin and his dog visited a museum about philosophy .	O B-LOC O O B-PER I-PER O O O O O O B-CONCEPT O O
christopher glover was invited to speak at adams - patton in new erinport , but he declined due to health	B-PER I-PER O O O O O B-ORG I-ORG I-ORG O B-LOC O O O O O O O O O
the documentary compared the cheetah population in south markstad with that in	O O O B-ANIMAL O O O O B-LOC O O O O B-LOC O
oneal ltd relocated their headquarters from new natalie to united	B-ORG I-ORG O O O O B-LOC O B-LOC O O
in garciachester , laura kelley and his dog visited a museum about justice .	O B-LOC I-LOC I-LOC O B-PER I-PER O O O O O O B-CONCEPT I-CONCEPT
snyder , baker and page relocated their headquarters from north johnfurt	B-ORG I-ORG O O O O B-LOC O B-LOC O O O
the documentary compared the dog population in grayside with that in egypt .	O O O B-ANIMAL O O B-LOC O O O O B-LOC O O
sandra monroe was invited to speak at patel llc in north theresamouth , but he declined due to	B-PER I-PER O O O O O B-ORG O B-LOC O O O O O O O O O
bradley williams was invited to speak at jones , green and mccann in west jacob , but he declined	B-PER I-PER O O O O O B-ORG I-ORG O B-LOC O O O O O O O O
jackson group relocated their headquarters from melissaville to chad last	B-ORG O O O O B-LOC O O B-LOC O O
in stewartfort , timothy diaz and his dog visited a museum about gravity .	O B-LOC I-LOC I-LOC O B-PER I-PER O O O O O O B-CONCEPT I-CONCEPT
in west brandon , gavin scott and his dog visited a museum about justice .	O B-LOC O O B-PER I-PER O O O O O O B-CONCEPT O O
while eating hamburger , she read an article about democracy in canada .	O O B-FOOD I-FOOD O O O O O B-CONCEPT O B-LOC I-LOC
the documentary compared the elephant population in east heather with that in	O O O B-ANIMAL O O B-LOC O O O B-LOC O
while eating sushi , she read an article about philosophy in libyan arab	O O B-FOOD I-FOOD I-FOOD O O O O O B-CONCEPT O B-LOC O
hawkins plc relocated their headquarters from south jesus to sri	B-ORG O O O O B-LOC O B-LOC O O
in tinaville , ann pierce and his dog visited a museum about democracy .	O B-LOC I-LOC I-LOC O B-PER I-PER O O O O O O B-CONCEPT I-CONCEPT
the documentary compared the lion population in west danieltown with that in	O O O B-ANIMAL O O B-LOC O O O O B-LOC O
sexton , richards and collins relocated their headquarters from christophermouth to	B-ORG I-ORG I-ORG O O O O B-LOC O B-LOC O O O
andrews , hayes and collins relocated their headquarters from north leslie	B-ORG I-ORG O O O O B-LOC O B-LOC O O
the documentary compared the lion population in buckleyburgh with that in french	O O O B-ANIMAL O O B-LOC O O O O B-LOC O
solomon inc relocated their headquarters from port amanda to guam	B-ORG O O O O B-LOC O B-LOC O O
in port erica , kimberly elliott and his dog visited a museum about philosophy .	O B-LOC O O B-PER I-PER O O O O O O B-CONCEPT O O
the documentary compared the cheetah population in jenniferstad with that in jordan .	O O O B-ANIMAL O O O O B-LOC O O O O B-LOC O O
while eating tacos , she read an article about philosophy in ghana .	O O B-FOOD I-FOOD I-FOOD O O O O O B-CONCEPT O B-LOC I-LOC
the documentary compared the cheetah population in new timothy with that in	O O O B-ANIMAL O O O O B-LOC O O O B-LOC O
while eating ramen , she read an article about philosophy in cuba .	O O B-FOOD I-FOOD I-FOOD O O O O O B-CONCEPT O B-LOC I-LOC
the documentary compared the cheetah population in east brucetown with that in	O O O B-ANIMAL O O O O B-LOC O O O O B-LOC O
the documentary compared the dog population in east alisonton with that in	O O O B-ANIMAL O O B-LOC O O O O B-LOC O
in kingmouth , robert wood and his dog visited a museum about philosophy .	O B-LOC I-LOC I-LOC O B-PER I-PER O O O O O O B-CONCEPT I-CONCEPT
isaiah cannon was invited to speak at johnson - watson in mooreville , but he declined due to health issues .	B-PER I-PER O O O O O B-ORG I-ORG I-ORG O B-LOC I-LOC I-LOC O O O O O O O O
while eating apple pie , she read an article about democracy in new	O O B-FOOD O O O O O O B-CONCEPT O B-LOC O
the documentary compared the dog population in houstonmouth with that in angola .	O O O B-ANIMAL O O B-LOC O O O O B-LOC O O
in east kristen , barbara brown md and his dog visited a museum about evolution .	O B-LOC O O B-PER I-PER I-PER O O O O O O B-CONCEPT O O
in lawrencemouth , heather galloway and his dog visited a museum about gravity .	O B-LOC I-LOC I-LOC O B-PER I-PER O O O O O O B-CONCEPT I-CONCEPT
beasley - oliver relocated their headquarters from katieshire to cambodia last year .	B-ORG I-ORG I-ORG I-ORG O O O O B-LOC I-LOC O B-LOC O O O
jennifer davis was invited to speak at williams , gallagher and fields in ellischester , but he declined due	B-PER I-PER O O O O O B-ORG I-ORG O B-LOC O O O O O O O O O
timothy branch was invited to speak at le , simpson and young in north jamestown , but he declined	B-PER I-PER O O O O O B-ORG I-ORG O B-LOC O O O O O O O O
in new alicia , clarence gomez and his dog visited a museum about philosophy .	O B-LOC O O B-PER I-PER O O O O O O B-CONCEPT O O
campos , thompson and parker relocated their headquarters from east robinchester	B-ORG I-ORG O O O O B-LOC O B-LOC O O O
in lake daniel , brenda rogers and his dog visited a museum about gravity .	O B-LOC O O B-PER I-PER O O O O O O B-CONCEPT O O
combs , nelson and hogan relocated their headquarters from peggybury to	B-ORG I-ORG I-ORG O O O O B-LOC O B-LOC O O O
william johnston was invited to speak at luna ltd in moorebury , but he declined due to health	B-PER I-PER O O O O O B-ORG O B-LOC O O O O O O O O O
noble ltd relocated their headquarters from west joshua to tanzania	B-ORG O O O O B-LOC O B-LOC O O
the documentary compared the elephant population in michellemouth with that in equatorial	O O O B-ANIMAL O O B-LOC O O O O B-LOC O
the documentary compared the lion population in east sonya with that in	O O O B-ANIMAL O O B-LOC O O O B-LOC O
jennifer anthony was invited to speak at fletcher , sanchez and hall in kristichester , but he declined due	B-PER I-PER O O O O O B-ORG I-ORG O B-LOC O O O O O O O O O O O
matthew reyes was invited to speak at sandoval group in brianfort , but he declined due to health	B-PER I-PER O O O O O B-ORG I-ORG I-ORG O B-LOC O O O O O O O O O
in smithfurt , julia carroll and his dog visited a museum about gravity .	O B-LOC I-LOC I-LOC O B-PER I-PER O O O O O O B-CONCEPT I-CONCEPT
johnson - bruce relocated their headquarters from michaelfurt to bosnia and herzegovina	B-ORG I-ORG I-ORG O O O O B-LOC I-LOC O B-LOC O O
fuller , harvey and pierce relocated their headquarters from new davidfort	B-ORG I-ORG O O O O B-LOC O B-LOC O O O
matthew erickson was invited to speak at ball , pope and ferguson in julieland , but he declined due	B-PER I-PER I-PER O O O O O B-ORG I-ORG O B-LOC O O O O O O O O O
while eating apple pie , she read an article about philosophy in tokelau .	O O B-FOOD O O O O O O B-CONCEPT O B-LOC O O O O
the documentary compared the lion population in johnsfort with that in ecuador .	O O O B-ANIMAL O O B-LOC O O O O B-LOC O O
roberto gallagher was invited to speak at guerrero llc in lake kennethport , but he declined due to	B-PER I-PER O O O O O B-ORG O B-LOC O O O O O O O O O
while eating salad , she read an article about philosophy in micronesia .	O O B-FOOD I-FOOD O O O O O B-CONCEPT O B-LOC I-LOC I-LOC
danielle martinez was invited to speak at hess , williams and jones in south elijah , but he declined	B-PER I-PER O O O O O B-ORG I-ORG O B-LOC O O O O O O O O
the documentary compared the lion population in jacobsberg with that in austria .	O O O B-ANIMAL O O B-LOC O O O O B-LOC O O
spencer ltd relocated their headquarters from east micheleville to suriname	B-ORG O O O O B-LOC O B-LOC I-LOC O O
the documentary compared the cat population in robertburgh with that in hungary .	O O O B-ANIMAL O O B-LOC O O O O B-LOC O O
in east leslieland , alex jennings and his dog visited a museum about justice .	O B-LOC O O O B-PER I-PER O O O O O O B-CONCEPT O O
the documentary compared the lion population in durhamhaven with that in svalbard	O O O B-ANIMAL O O B-LOC O O O O B-LOC O O O
katrina brown was invited to speak at cook - carlson in williamsmouth , but he declined due to health issues .	B-PER I-PER O O O O O B-ORG I-ORG I-ORG O B-LOC I-LOC I-LOC O O O O O O O O
stone , young and rivera relocated their headquarters from east erinland	B-ORG I-ORG O O O O B-LOC O B-LOC O O O
newton - butler relocated their headquarters from new shirleymouth to chad last	B-ORG I-ORG I-ORG O O O O B-LOC O O B-LOC O O
davis plc relocated their headquarters from rodriguezfort to lebanon last	B-ORG O O O O B-LOC O O B-LOC O O
in melindamouth , david blackburn and his dog visited a museum about justice .	O B-LOC I-LOC I-LOC O B-PER I-PER O O O O O O B-CONCEPT I-CONCEPT
strickland , phillips and morrison relocated their headquarters from port eugene	B-ORG I-ORG I-ORG I-ORG O O O O B-LOC O B-LOC O O
while eating tacos , she read an article about democracy in congo .	O O B-FOOD I-FOOD I-FOOD O O O O O B-CONCEPT O B-LOC I-LOC
while eating hamburger , she read an article about philosophy in zimbabwe .	O O B-FOOD I-FOOD O O O O O B-CONCEPT O B-LOC I-LOC
in west christopher , peggy garza and his dog visited a museum about democracy .	O B-LOC O O B-PER I-PER I-PER O O O O O O B-CONCEPT O O
michael krueger was invited to speak at smith , burton and wall in north lisa , but he declined	B-PER I-PER I-PER I-PER O O O O O B-ORG I-ORG O B-LOC O O O O O O O O
clark , wilson and sweeney relocated their headquarters from caseybury to	B-ORG I-ORG O O O O B-LOC O B-LOC O O O
jeremy hart was invited to speak at wagner ltd in burgessfort , but he declined due to health	B-PER I-PER O O O O O B-ORG O B-LOC O O O O O O O O O
in bakershire , terrence jones and his dog visited a museum about gravity .	O B-LOC I-LOC I-LOC O O B-PER I-PER O O O O O O B-CONCEPT I-CONCEPT
in chanburgh , charles morgan and his dog visited a museum about philosophy .	O B-LOC I-LOC I-LOC O B-PER I-PER O O O O O O B-CONCEPT I-CONCEPT
while eating salad , she read an article about philosophy in seychelles .	O O B-FOOD I-FOOD O O O O O B-CONCEPT O B-LOC I-LOC
hector brown was invited to speak at perkins - boyer in west oliviachester , but he declined due to health	B-PER I-PER O O O O O B-ORG I-ORG I-ORG O B-LOC O O O O O O O O O
the documentary compared the cat population in beardchester with that in iraq .	O O O B-ANIMAL O O B-LOC O O O O B-LOC O O
while eating spaghetti , she read an article about evolution in australia .	O O B-FOOD I-FOOD O O O O O B-CONCEPT O B-LOC I-LOC
in lisachester , carol olson and his dog visited a museum about evolution .	O B-LOC I-LOC I-LOC O B-PER I-PER O O O O O O B-CONCEPT I-CONCEPT
in carneyborough , joel bowers and his dog visited a museum about evolution .	O B-LOC I-LOC I-LOC I-LOC O B-PER I-PER I-PER O O O O O O B-CONCEPT I-CONCEPT
while eating hamburger , she read an article about evolution in china .	O O B-FOOD I-FOOD O O O O O B-CONCEPT O B-LOC I-LOC
montgomery - king relocated their headquarters from west deborahberg to cuba last	B-ORG I-ORG I-ORG O O O O B-LOC O O B-LOC O O
in christinamouth , brandon hale and his dog visited a museum about philosophy .	O B-LOC I-LOC I-LOC O B-PER I-PER O O O O O O B-CONCEPT I-CONCEPT
while eating hamburger , she read an article about evolution in luxembourg .	O O B-FOOD I-FOOD O O O O O B-CONCEPT O B-LOC I-LOC
johnson , cordova and carr relocated their headquarters from martinmouth to	B-ORG I-ORG O O O O O B-LOC O B-LOC O O O
in new meredithbury , james white and his dog visited a museum about justice .	O B-LOC O O O B-PER I-PER O O O O O O B-CONCEPT O O
elliott , torres and walker relocated their headquarters from mcintoshchester to	B-ORG I-ORG O O O O B-LOC O B-LOC O O O
while eating sushi , she read an article about evolution in ecuador .	O O B-FOOD I-FOOD I-FOOD O O O O O B-CONCEPT O B-LOC I-LOC
jonathan jones was invited to speak at benton , fowler and jennings in lake ralphview , but he declined	B-PER I-PER O O O O O B-ORG I-ORG O B-LOC O O O O O O O O O
dominguez llc relocated their headquarters from new april to kuwait	B-ORG I-ORG I-ORG O O O O B-LOC O B-LOC O O
the documentary compared the lion population in moorechester with that in brazil .	O O O B-ANIMAL O O B-LOC O O O O B-LOC O O
in reedport , terry parker and his dog visited a museum about gravity .	O B-LOC I-LOC I-LOC O B-PER I-PER O O O O O O B-CONCEPT I-CONCEPT
while eating salad , she read an article about evolution in mexico .	O O B-FOOD I-FOOD O O O O O B-CONCEPT O B-LOC I-LOC
while eating pizza , she read an article about gravity in senegal .	O O B-FOOD I-FOOD O O O O O B-CONCEPT O B-LOC I-LOC
the documentary compared the cat population in chaneyland with that in colombia .	O O O B-ANIMAL O O B-LOC O O O O O B-LOC O O
tammy jordan phd was invited to speak at maynard , bates and murphy in christopherchester , but he declined due	B-PER I-PER I-PER O O O O O B-ORG I-ORG O B-LOC O O O O O O O O O
the documentary compared the dog population in alexanderstad with that in andorra .	O O O B-ANIMAL O O B-LOC O O O O B-LOC O O O
while eating tacos , she read an article about evolution in bosnia and	O O B-FOOD I-FOOD I-FOOD O O O O O B-CONCEPT O B-LOC O
in lake adam , cindy frederick and his dog visited a museum about gravity .	O B-LOC O O B-PER I-PER O O O O O O B-CONCEPT O O
shawn browning was invited to speak at noble - smith in gabrielport , but he declined due to health issues .	B-PER I-PER O O O O O B-ORG I-ORG I-ORG O B-LOC I-LOC I-LOC O O O O O O O O
mccormick group relocated their headquarters from scottbury to canada last	B-ORG O O O O B-LOC O O B-LOC O O
the documentary compared the cheetah population in south lee with that in	O O O B-ANIMAL O O O O B-LOC O O O B-LOC O
while eating sushi , she read an article about justice in guinea .	O O B-FOOD I-FOOD I-FOOD O O O O O B-CONCEPT O B-LOC I-LOC
while eating tacos , she read an article about gravity in micronesia .	O O B-FOOD I-FOOD I-FOOD O O O O O B-CONCEPT O B-LOC I-LOC I-LOC
kennedy , cervantes and adkins relocated their headquarters from navarroside to	B-ORG I-ORG O O O O O O O B-LOC O B-LOC O O O
the documentary compared the cheetah population in new nathan with that in	O O O B-ANIMAL O O O O B-LOC O O O B-LOC O
webb plc relocated their headquarters from torreshaven to niger last	B-ORG O O O O B-LOC O O B-LOC O O
alejandro johnson was invited to speak at hernandez - bush in north timothychester , but he declined due to health	B-PER I-PER O O O O O B-ORG I-ORG I-ORG O B-LOC O O O O O O O O O
in port rodneyburgh , edward martinez and his dog visited a museum about justice .	O B-LOC O O O B-PER I-PER O O O O O O B-CONCEPT O O
while eating hamburger , she read an article about evolution in panama .	O O B-FOOD I-FOOD O O O O O B-CONCEPT O B-LOC I-LOC
michael ortiz was invited to speak at cook - king in west nicole , but he declined due to health	B-PER I-PER O O O O O B-ORG I-ORG I-ORG O B-LOC O O O O O O O O
the documentary compared the cat population in north steven with that in	O O O B-ANIMAL O O B-LOC O O O B-LOC O
while eating sushi , she read an article about justice in new zealand .	O O B-FOOD I-FOOD I-FOOD O O O O O B-CONCEPT O B-LOC O O
knight , ellis and johnson relocated their headquarters from pamelaville to	B-ORG I-ORG O O O O B-LOC O B-LOC O O O
derek munoz was invited to speak at anderson - myers in jamesburgh , but he declined due to health issues .	B-PER I-PER O O O O O B-ORG I-ORG I-ORG O B-LOC I-LOC I-LOC O O O O O O O O
while eating hamburger , she read an article about justice in seychelles .	O O B-FOOD I-FOOD O O O O O B-CONCEPT O B-LOC I-LOC
in rossfurt , lisa cain and his dog visited a museum about gravity .	O B-LOC I-LOC I-LOC O B-PER I-PER O O O O O O B-CONCEPT I-CONCEPT
while eating ramen , she read an article about justice in western sahara .	O O B-FOOD I-FOOD I-FOOD O O O O O B-CONCEPT O B-LOC O O
the documentary compared the elephant population in karenland with that in guyana .	O O O B-ANIMAL O O B-LOC O O O O B-LOC O O
in south francesburgh , michael coleman and his dog visited a museum about justice .	O B-LOC O O O B-PER I-PER O O O O O O B-CONCEPT O O
veronica george was invited to speak at tran inc in lake brandon , but he declined due to	B-PER I-PER O O O O O B-ORG O B-LOC O O O O O O O O
in south alexanderland , judy leon and his dog visited a museum about justice .	O B-LOC O O O B-PER I-PER O O O O O O B-CONCEPT O O
the documentary compared the cat population in jeffreyland with that in pakistan .	O O O B-ANIMAL O O B-LOC O O O O B-LOC O O
sandra mitchell was invited to speak at murphy , osborn and anderson in east jean , but he declined	B-PER I-PER O O O O O B-ORG I-ORG O B-LOC O O O O O O O O
while eating ramen , she read an article about philosophy in timor - leste .	O O B-FOOD I-FOOD I-FOOD O O O O O B-CONCEPT O B-LOC I-LOC I-LOC I-LOC I-LOC
ford , castillo and jackson relocated their headquarters from port danaburgh	B-ORG I-ORG O O O O B-LOC O B-LOC O O O
charles sutton was invited to speak at king , salinas and hopkins in north neilfort , but he declined	B-PER I-PER O O O O O B-ORG I-ORG O O B-LOC O O O O O O O O O
while eating pizza , she read an article about philosophy in vanuatu .	O O B-FOOD I-FOOD O O O O O B-CONCEPT O B-LOC I-LOC
while eating tacos , she read an article about justice in tuvalu .	O O B-FOOD I-FOOD I-FOOD O O O O O B-CONCEPT O B-LOC I-LOC I-LOC I-LOC
mathew farmer was invited to speak at miller , garcia and walker in mccallhaven , but he declined due	B-PER I-PER O O O O O B-ORG I-ORG O B-LOC O O O O O O O O O
walter mccoy was invited to speak at tanner , collins and fox in lake kyle , but he declined	B-PER I-PER O O O O O B-ORG I-ORG O B-LOC O O O O O O O O
the documentary compared the lion population in east joseph with that in	O O O B-ANIMAL O O B-LOC O O O B-LOC O
the documentary compared the lion population in williammouth with that in united	O O O B-ANIMAL O O B-LOC O O O O B-LOC O
katie campbell was invited to speak at monroe - blair in east dennismouth , but he declined due to health	B-PER I-PER O O O O O B-ORG I-ORG I-ORG O B-LOC O O O O O O O O O
while eating ramen , she read an article about gravity in romania .	O O B-FOOD I-FOOD I-FOOD O O O O O B-CONCEPT O B-LOC I-LOC
in south nancyburgh , craig stein and his dog visited a museum about philosophy .	O B-LOC O O O B-PER I-PER O O O O O O B-CONCEPT O O
wilson - walter relocated their headquarters from north maryberg to saint vincent	B-ORG I-ORG I-ORG O O O O B-LOC O O B-LOC O O
in lake carriestad , darius ware and his dog visited a museum about gravity .	O B-LOC O O O B-PER I-PER O O O O O O B-CONCEPT O O
while eating ramen , she read an article about philosophy in saint pierre	O O B-FOOD I-FOOD I-FOOD O O O O O B-CONCEPT O B-LOC O
the documentary compared the cat population in east donnachester with that in	O O O B-ANIMAL O O B-LOC O O O O B-LOC O
vaughn and sons relocated their headquarters from sandrabury to korea	B-ORG O O O O B-LOC O B-LOC I-LOC O O
samantha lester was invited to speak at navarro , pena and walker in new susan , but he declined	B-PER I-PER O O O O O B-ORG I-ORG O B-LOC O O O O O O O O
while eating sushi , she read an article about gravity in saudi arabia .	O O B-FOOD I-FOOD I-FOOD O O O O O B-CONCEPT O B-LOC O O
lee plc relocated their headquarters from south victorshire to lesotho	B-ORG O O O O B-LOC O B-LOC I-LOC O O O
garcia , martin and jones relocated their headquarters from port gregoryshire	B-ORG I-ORG O O O O B-LOC O B-LOC O O O
while eating hamburger , she read an article about philosophy in saint vincent	O O B-FOOD I-FOOD O O O O O B-CONCEPT O B-LOC O
the documentary compared the dog population in smithmouth with that in belize .	O O O B-ANIMAL O O B-LOC O O O O B-LOC O O
krystal james was invited to speak at foster - bruce in rollinsside , but he declined due to health issues .	B-PER I-PER I-PER I-PER O O O O O B-ORG I-ORG I-ORG O B-LOC I-LOC I-LOC O O O O O O O O
while eating hamburger , she read an article about philosophy in iran .	O O B-FOOD I-FOOD O O O O O B-CONCEPT O B-LOC I-LOC
in new lori , william jones and his dog visited a museum about democracy .	O B-LOC O O B-PER I-PER O O O O O O B-CONCEPT O O
in south jasonhaven , natalie schroeder and his dog visited a museum about democracy .	O B-LOC O O O B-PER I-PER I-PER I-PER I-PER O O O O O O B-CONCEPT O O
natalie murphy was invited to speak at adams , davis and mcdonald in charlesberg , but he declined due	B-PER I-PER O O O O O B-ORG I-ORG O B-LOC O O O O O O O O O
ryan ltd relocated their headquarters from rodriguezport to madagascar last	B-ORG O O O O B-LOC O O B-LOC O O
lisa avila was invited to speak at russell and sons in hansonchester , but he declined due to	B-PER I-PER O O O O O B-ORG O B-LOC O O O O O O O O O
smith , johnson and gonzales relocated their headquarters from brianaburgh to	B-ORG I-ORG O O O O B-LOC O B-LOC O O O O O
camacho plc relocated their headquarters from lake valerie to colombia	B-ORG I-ORG I-ORG O O O O B-LOC O B-LOC O O
in wheelerland , frank joyce and his dog visited a museum about gravity .	O B-LOC I-LOC I-LOC O B-PER I-PER O O O O O O B-CONCEPT I-CONCEPT
while eating spaghetti , she read an article about justice in montserrat .	O O B-FOOD I-FOOD O O O O O B-CONCEPT O B-LOC I-LOC I-LOC I-LOC
thomas and sons relocated their headquarters from michelleberg to chad	B-ORG O O O O B-LOC O B-LOC I-LOC O O
kevin williams was invited to speak at scott group in north johnport , but he declined due to	B-PER I-PER O O O O O B-ORG O B-LOC O O O O O O O O O
while eating pizza , she read an article about justice in holy see	O O B-FOOD I-FOOD O O O O O B-CONCEPT O B-LOC O
in chelseyton , matthew cruz and his dog visited a museum about gravity .	O B-LOC I-LOC I-LOC I-LOC I-LOC O B-PER I-PER O O O O O O B-CONCEPT I-CONCEPT
while eating salad , she read an article about evolution in croatia .	O O B-FOOD I-FOOD O O O O O B-CONCEPT O B-LOC I-LOC
the documentary compared the cheetah population in east josephtown with that in	O O O B-ANIMAL O O O O B-LOC O O O O B-LOC O
while eating tacos , she read an article about evolution in american samoa .	O O B-FOOD I-FOOD I-FOOD O O O O O B-CONCEPT O B-LOC O O
while eating spaghetti , she read an article about evolution in haiti .	O O B-FOOD I-FOOD O O O O O B-CONCEPT O B-LOC I-LOC
while eating tacos , she read an article about justice in sweden .	O O B-FOOD I-FOOD I-FOOD O O O O O B-CONCEPT O B-LOC I-LOC
the documentary compared the elephant population in carlashire with that in libyan	O O O B-ANIMAL O O B-LOC O O O O B-LOC O
mcdonald - foster relocated their headquarters from jenningsshire to kiribati last year .	B-ORG I-ORG I-ORG O O O O B-LOC I-LOC O B-LOC I-LOC I-LOC I-LOC O O O
while eating pizza , she read an article about justice in tunisia .	O O B-FOOD I-FOOD O O O O O B-CONCEPT O B-LOC I-LOC
ryan yoder was invited to speak at jefferson , riley and wilkins in jasontown , but he declined due	B-PER I-PER I-PER O O O O O B-ORG I-ORG O B-LOC O O O O O O O O O
nicole aguilar was invited to speak at howard - caldwell in port jasonville , but he declined due to health	B-PER I-PER I-PER I-PER O O O O O B-ORG I-ORG I-ORG O B-LOC O O O O O O O O O
while eating pizza , she read an article about gravity in south georgia	O O B-FOOD I-FOOD O O O O O B-CONCEPT O B-LOC O
while eating pizza , she read an article about justice in bhutan .	O O B-FOOD I-FOOD O O O O O B-CONCEPT O B-LOC I-LOC
the documentary compared the dog population in kristyton with that in papua	O O O B-ANIMAL O O B-LOC O O O O O B-LOC O
fisher - wiggins relocated their headquarters from leestad to tokelau last year .	B-ORG I-ORG I-ORG I-ORG O O O O B-LOC I-LOC O B-LOC I-LOC I-LOC O O O
jackson group relocated their headquarters from martinbury to saint kitts	B-ORG O O O O B-LOC O O B-LOC O O O
richardson , harrington and russell relocated their headquarters from west meganbury	B-ORG I-ORG O O O O B-LOC O B-LOC O O O
while eating pizza , she read an article about democracy in cameroon .	O O B-FOOD I-FOOD O O O O O B-CONCEPT O B-LOC I-LOC
while eating salad , she read an article about justice in cameroon .	O O B-FOOD I-FOOD O O O O O B-CONCEPT O B-LOC I-LOC
the documentary compared the elephant population in new jenniferchester with that in	O O O B-ANIMAL O O B-LOC O O O O B-LOC O
the documentary compared the cheetah population in ryanton with that in thailand .	O O O B-ANIMAL O O O O B-LOC O O O O B-LOC O O
joshua olsen was invited to speak at johnson - cantrell in freemanhaven , but he declined due to health issues .	B-PER I-PER O O O O O B-ORG I-ORG I-ORG I-ORG I-ORG O B-LOC I-LOC I-LOC O O O O O O O O
long - walls relocated their headquarters from millerborough to fiji last year .	B-ORG I-ORG I-ORG O O O O B-LOC I-LOC O B-LOC O O O
while eating spaghetti , she read an article about justice in martinique .	O O B-FOOD I-FOOD O O O O O B-CONCEPT O B-LOC I-LOC
the documentary compared the dog population in karenborough with that in lao	O O O B-ANIMAL O O B-LOC O O O O B-LOC O
taylor king was invited to speak at jones , stewart and harris in lake tammystad , but he declined	B-PER I-PER O O O O O B-ORG I-ORG O B-LOC O O O O O O O O O
the documentary compared the cheetah population in davidborough with that in tunisia .	O O O B-ANIMAL O O O O B-LOC O O O O B-LOC O O
the documentary compared the elephant population in haneybury with that in new	O O O B-ANIMAL O O B-LOC O O O O O B-LOC O
stout - barron relocated their headquarters from east kimberly to congo last	B-ORG I-ORG I-ORG O O O O B-LOC O B-LOC O O
the documentary compared the cat population in zacharyhaven with that in jamaica .	O O O B-ANIMAL O O B-LOC O O O O B-LOC O O
the documentary compared the lion population in heatherton with that in algeria .	O O O B-ANIMAL O O B-LOC O O O O B-LOC O O
in karenland , vanessa davis and his dog visited a museum about philosophy .	O B-LOC I-LOC I-LOC O B-PER I-PER O O O O O O B-CONCEPT I-CONCEPT
the documentary compared the lion population in stephenland with that in croatia .	O O O B-ANIMAL O O B-LOC O O O O B-LOC O O
in north jenniferside , vincent knight and his dog visited a museum about justice .	O B-LOC O O O B-PER I-PER O O O O O O B-CONCEPT O O
amy nguyen was invited to speak at ortega - cox in alexisside , but he declined due to health issues .	B-PER I-PER O O O O O B-ORG I-ORG I-ORG O B-LOC I-LOC I-LOC O O O O O O O O
samuel olsen was invited to speak at hunter llc in port tara , but he declined due to	B-PER I-PER O O O O O B-ORG O B-LOC O O O O O O O O
while eating ramen , she read an article about evolution in norway .	O O B-FOOD I-FOOD I-FOOD O O O O O B-CONCEPT O B-LOC I-LOC
while eating spaghetti , she read an article about gravity in maldives .	O O B-FOOD I-FOOD O O O O O B-CONCEPT O B-LOC I-LOC
the documentary compared the dog population in sandersville with that in albania .	O O O B-ANIMAL O O B-LOC O O O O B-LOC O O
in smithside , casey mcdonald and his dog visited a museum about democracy .	O B-LOC I-LOC I-LOC O B-PER I-PER O O O O O O B-CONCEPT I-CONCEPT
jesse hall was invited to speak at jones - white in east robertfurt , but he declined due to health	B-PER I-PER O O O O O B-ORG I-ORG I-ORG O B-LOC O O O O O O O O O
norris inc relocated their headquarters from martinezville to panama last	B-ORG O O O O B-LOC O O B-LOC O O
the documentary compared the elephant population in south robert with that in	O O O B-ANIMAL O O B-LOC O O O B-LOC O
the documentary compared the dog population in east anthonytown with that in	O O O B-ANIMAL O O B-LOC O O O O B-LOC O
brown llc relocated their headquarters from south emily to niger	B-ORG O O O O B-LOC O B-LOC O O
larson ltd relocated their headquarters from sandraview to sudan last	B-ORG O O O O B-LOC O O B-LOC O O
in new madelinefurt , jamie santana and his dog visited a museum about justice .	O B-LOC O O O B-PER I-PER O O O O O O B-CONCEPT O O
while eating salad , she read an article about justice in heard island	O O B-FOOD I-FOOD O O O O O B-CONCEPT O B-LOC O
owens - benton relocated their headquarters from jacquelinehaven to macedonia last year .	B-ORG I-ORG I-ORG O O O O B-LOC I-LOC O B-LOC O O O
ferguson - castillo relocated their headquarters from port gregory to korea last	B-ORG I-ORG I-ORG O O O O B-LOC O B-LOC O O
andrea cook was invited to speak at brown - carrillo in stewartburgh , but he declined due to health issues .	B-PER I-PER O O O O O B-ORG I-ORG I-ORG I-ORG O B-LOC I-LOC I-LOC O O O O O O O O
in bobbyside , matthew fox and his dog visited a museum about gravity .	O B-LOC I-LOC I-LOC O B-PER I-PER O O O O O O B-CONCEPT I-CONCEPT
the documentary compared the lion population in hillfort with that in philippines .	O O O B-ANIMAL O O B-LOC O O O O B-LOC O O
mccoy - hayes relocated their headquarters from new lindseyhaven to french southern	B-ORG I-ORG I-ORG O O O O B-LOC O O B-LOC O O
michael villanueva was invited to speak at anderson - smith in milesfurt , but he declined due to health issues .	B-PER I-PER I-PER I-PER O O O O O B-ORG I-ORG I-ORG O B-LOC I-LOC I-LOC O O O O O O O O
leon group relocated their headquarters from jacksonport to mongolia last	B-ORG O O O O B-LOC O O B-LOC O O
the documentary compared the lion population in port michellestad with that in	O O O B-ANIMAL O O B-LOC O O O O B-LOC O
gabriel hughes was invited to speak at brooks llc in west markberg , but he declined due to	B-PER I-PER O O O O O B-ORG O B-LOC O O O O O O O O O
erin ryan was invited to speak at miller - simmons in curtisborough , but he declined due to health issues .	B-PER I-PER O O O O O B-ORG I-ORG I-ORG O B-LOC I-LOC I-LOC O O O O O O O O
while eating tacos , she read an article about democracy in martinique .	O O B-FOOD I-FOOD I-FOOD O O O O O B-CONCEPT O B-LOC I-LOC
in underwoodview , jesus paul and his dog visited a museum about philosophy .	O B-LOC I-LOC I-LOC O B-PER I-PER O O O O O O B-CONCEPT I-CONCEPT
megan henderson was invited to speak at graves ltd in west krista , but he declined due to	B-PER I-PER O O O O O B-ORG O B-LOC O O O O O O O O O
kelly wilson was invited to speak at lopez - fuller in williamschester , but he declined due to health issues .	B-PER I-PER O O O O O B-ORG I-ORG I-ORG O B-LOC I-LOC I-LOC O O O O O O O O
in north michael , angela fernandez and his dog visited a museum about justice .	O B-LOC O O B-PER I-PER O O O O O O B-CONCEPT O O
the documentary compared the lion population in east erika with that in	O O O B-ANIMAL O O B-LOC O O O B-LOC O
while eating pizza , she read an article about philosophy in micronesia .	O O B-FOOD I-FOOD O O O O O B-CONCEPT O B-LOC I-LOC I-LOC
in michaelberg , christy johnson and his dog visited a museum about philosophy .	O B-LOC I-LOC I-LOC O B-PER I-PER O O O O O O B-CONCEPT I-CONCEPT
samantha wheeler was invited to speak at hicks - peterson in tylermouth , but he declined due to health issues .	B-PER I-PER O O O O O B-ORG I-ORG I-ORG O B-LOC I-LOC I-LOC O O O O O O O O
taylor - horton relocated their headquarters from new james to namibia last	B-ORG I-ORG I-ORG O O O O B-LOC O B-LOC O O
snow , williams and moran relocated their headquarters from port leslie	B-ORG I-ORG O O O O B-LOC O B-LOC O O
hart group relocated their headquarters from bishophaven to saint kitts	B-ORG O O O O B-LOC O O B-LOC O O O
the documentary compared the elephant population in shawstad with that in uganda .	O O O B-ANIMAL O O B-LOC O O O O B-LOC O O
the documentary compared the cat population in lake cameronmouth with that in	O O O B-ANIMAL O O B-LOC O O O O B-LOC O
while eating tacos , she read an article about philosophy in tuvalu .	O O B-FOOD I-FOOD I-FOOD O O O O O B-CONCEPT O B-LOC I-LOC I-LOC I-LOC
while eating tacos , she read an article about democracy in argentina .	O O B-FOOD I-FOOD I-FOOD O O O O O B-CONCEPT O B-LOC I-LOC
andrew gibbs was invited to speak at knox , davis and clark in amandaville , but he declined due	B-PER I-PER O O O O O B-ORG I-ORG O B-LOC O O O O O O O O O
rodriguez , gutierrez and conner relocated their headquarters from new christophermouth	B-ORG I-ORG O O O O B-LOC O B-LOC O O O
the documentary compared the cheetah population in lake logan with that in	O O O B-ANIMAL O O O O B-LOC O O O B-LOC O
while eating ramen , she read an article about democracy in chad .	O O B-FOOD I-FOOD I-FOOD O O O O O B-CONCEPT O B-LOC I-LOC
the documentary compared the lion population in east robert with that in	O O O B-ANIMAL O O B-LOC O O O B-LOC O
the documentary compared the elephant population in codyfurt with that in colombia .	O O O B-ANIMAL O O B-LOC O O O O B-LOC O O
in shawnberg , billy melton and his dog visited a museum about democracy .	O B-LOC I-LOC I-LOC O B-PER I-PER I-PER O O O O O O B-CONCEPT I-CONCEPT
philip smith was invited to speak at scott plc in port michael , but he declined due to	B-PER I-PER O O O O O B-ORG O B-LOC O O O O O O O O
terry - randolph relocated their headquarters from east stephen to niger last	B-ORG I-ORG I-ORG O O O O B-LOC O B-LOC O O
while eating spaghetti , she read an article about philosophy in saudi arabia .	O O B-FOOD I-FOOD O O O O O B-CONCEPT O B-LOC O O
while eating tacos , she read an article about evolution in sri lanka .	O O B-FOOD I-FOOD I-FOOD O O O O O B-CONCEPT O B-LOC O O
in kimfort , sydney nielsen and his dog visited a museum about justice .	O B-LOC I-LOC I-LOC O B-PER I-PER O O O O O O B-CONCEPT I-CONCEPT
the documentary compared the lion population in cherylside with that in saint	O O O B-ANIMAL O O B-LOC O O O O B-LOC O
in west andrewport , megan obrien and his dog visited a museum about philosophy .	O B-LOC O O O B-PER I-PER I-PER O O O O O O B-CONCEPT O O
joseph davila was invited to speak at haney and sons in martinmouth , but he declined due to	B-PER I-PER I-PER I-PER O O O O O B-ORG I-ORG O B-LOC O O O O O O O O O
the documentary compared the cat population in port jason with that in	O O O B-ANIMAL O O B-LOC O O O B-LOC O
michael myers was invited to speak at payne , dunlap and jordan in meyersside , but he declined due	B-PER I-PER O O O O O B-ORG I-ORG O O O B-LOC O O O O O O O O O O
while eating apple pie , she read an article about evolution in korea .	O O B-FOOD O O O O O O B-CONCEPT O B-LOC O O
while eating apple pie , she read an article about democracy in philippines .	O O B-FOOD O O O O O O B-CONCEPT O B-LOC O O
the documentary compared the elephant population in websterland with that in algeria .	O O O B-ANIMAL O O B-LOC O O O O B-LOC O O
long plc relocated their headquarters from ronaldmouth to marshall islands	B-ORG O O O O B-LOC O O B-LOC O O
while eating ramen , she read an article about justice in cook islands .	O O B-FOOD I-FOOD I-FOOD O O O O O B-CONCEPT O B-LOC O O
while eating sushi , she read an article about evolution in niger .	O O B-FOOD I-FOOD I-FOOD O O O O O B-CONCEPT O B-LOC I-LOC
john campbell was invited to speak at jackson llc in howardborough , but he declined due to health	B-PER I-PER O O O O O B-ORG O B-LOC O O O O O O O O O
in mitchellfurt , jennifer roberts and his dog visited a museum about justice .	O B-LOC I-LOC I-LOC O B-PER I-PER O O O O O O B-CONCEPT I-CONCEPT
weaver , hernandez and phillips relocated their headquarters from port michael	B-ORG I-ORG O O O O B-LOC O B-LOC O O
susan mullins was invited to speak at sanchez and sons in jenniferstad , but he declined due to	B-PER I-PER I-PER O O O O O B-ORG O B-LOC O O O O O O O O O
olson plc relocated their headquarters from garciabury to united arab	B-ORG O O O O B-LOC O O B-LOC O O
the documentary compared the cat population in west traciehaven with that in	O O O B-ANIMAL O O B-LOC O O O O O O B-LOC O
in new tinabury , michelle miller and his dog visited a museum about democracy .	O B-LOC O O O B-PER I-PER O O O O O O B-CONCEPT O O
bradley hernandez was invited to speak at west llc in stevenmouth , but he declined due to health	B-PER I-PER O O O O O B-ORG O B-LOC O O O O O O O O O
donna rogers was invited to speak at williams group in devonmouth , but he declined due to health	B-PER I-PER O O O O O B-ORG O B-LOC O O O O O O O O O
morris , blake and mcguire relocated their headquarters from gardnertown to	B-ORG I-ORG O O O O B-LOC O B-LOC O O O
while eating pizza , she read an article about philosophy in solomon islands .	O O B-FOOD I-FOOD O O O O O B-CONCEPT O B-LOC O O
the documentary compared the cheetah population in new helentown with that in	O O O B-ANIMAL O O O O B-LOC O O O O B-LOC O
hays and sons relocated their headquarters from port cameron to	B-ORG O O O O B-LOC O B-LOC O O
in morrisonbury , erin mendez and his dog visited a museum about democracy .	O B-LOC I-LOC I-LOC O B-PER I-PER O O O O O O B-CONCEPT I-CONCEPT
while eating apple pie , she read an article about democracy in united	O O B-FOOD O O O O O O B-CONCEPT O B-LOC O
jessica lambert was invited to speak at ortiz - mack in new jessica , but he declined due to health	B-PER I-PER O O O O O B-ORG I-ORG I-ORG O B-LOC O O O O O O O O
kristin lee was invited to speak at johnson , hays and bauer in port robertoville , but he declined	B-PER I-PER O O O O O B-ORG I-ORG O B-LOC O O O O O O O O O
jimenez - white relocated their headquarters from east sarah to malaysia last	B-ORG I-ORG I-ORG O O O O B-LOC O B-LOC O O
stephanie lester was invited to speak at clark llc in port lauraburgh , but he declined due to	B-PER I-PER O O O O O B-ORG O B-LOC O O O O O O O O O
jason ferguson was invited to speak at odom - bailey in east anna , but he declined due to health	B-PER I-PER O O O O O B-ORG I-ORG I-ORG I-ORG O B-LOC O O O O O O O O
wood , mcdaniel and lawson relocated their headquarters from west laura	B-ORG I-ORG O O O O O O B-LOC O B-LOC O O
in port jason , james chen and his dog visited a museum about philosophy .	O B-LOC O O B-PER I-PER O O O O O O B-CONCEPT O O
while eating apple pie , she read an article about democracy in cuba .	O O B-FOOD O O O O O O B-CONCEPT O B-LOC O O
the documentary compared the dog population in west katherine with that in	O O O B-ANIMAL O O B-LOC O O O B-LOC O
in west robert , phillip carpenter and his dog visited a museum about gravity .	O B-LOC O O B-PER I-PER O O O O O O B-CONCEPT O O
while eating ramen , she read an article about democracy in argentina .	O O B-FOOD I-FOOD I-FOOD O O O O O B-CONCEPT O B-LOC I-LOC
davis - williams relocated their headquarters from andersonside to pitcairn islands last	B-ORG I-ORG I-ORG O O O O B-LOC I-LOC O B-LOC I-LOC I-LOC I-LOC O O
ronald burke was invited to speak at giles , cruz and fox in leahmouth , but he declined due	B-PER I-PER O O O O O B-ORG I-ORG O B-LOC O O O O O O O O O
the documentary compared the cheetah population in port darrell with that in	O O O B-ANIMAL O O O O B-LOC O O O B-LOC O
in mallorymouth , melissa brewer and his dog visited a museum about philosophy .	O B-LOC I-LOC I-LOC O B-PER I-PER O O O O O O B-CONCEPT I-CONCEPT
shelton , melendez and garcia relocated their headquarters from davidfurt to	B-ORG I-ORG O O O O O B-LOC O B-LOC O O O
the documentary compared the dog population in josephfort with that in equatorial	O O O B-ANIMAL O O B-LOC O O O O B-LOC O
while eating ramen , she read an article about philosophy in venezuela .	O O B-FOOD I-FOOD I-FOOD O O O O O B-CONCEPT O B-LOC I-LOC
pamela watts was invited to speak at green - jackson in north dana , but he declined due to health	B-PER I-PER O O O O O B-ORG I-ORG I-ORG O B-LOC O O O O O O O O
while eating apple pie , she read an article about democracy in chad .	O O B-FOOD O O O O O O B-CONCEPT O B-LOC O O
the documentary compared the cheetah population in south jeffreyfurt with that in	O O O B-ANIMAL O O O O B-LOC O O O O B-LOC O
the documentary compared the cat population in port david with that in	O O O B-ANIMAL O O B-LOC O O O B-LOC O
alexander plc relocated their headquarters from north alexanderstad to ireland	B-ORG O O O O B-LOC O B-LOC I-LOC O O
while eating sushi , she read an article about gravity in jamaica .	O O B-FOOD I-FOOD I-FOOD O O O O O B-CONCEPT O B-LOC I-LOC
in north lisa , david klein and his dog visited a museum about justice .	O B-LOC O O B-PER I-PER O O O O O O B-CONCEPT O O
benitez - durham relocated their headquarters from port xavierfort to united kingdom	B-ORG I-ORG I-ORG I-ORG I-ORG O O O O B-LOC O O B-LOC O O
tiffany walters was invited to speak at jackson inc in port davidport , but he declined due to	B-PER I-PER O O O O O B-ORG O B-LOC O O O O O O O O O
in wolfebury , william williams and his dog visited a museum about gravity .	O B-LOC I-LOC I-LOC O B-PER I-PER O O O O O O B-CONCEPT I-CONCEPT
while eating salad , she read an article about democracy in mauritius .	O O B-FOOD I-FOOD O O O O O B-CONCEPT O B-LOC I-LOC
the documentary compared the cheetah population in justinberg with that in botswana .	O O O B-ANIMAL O O O O B-LOC O O O O B-LOC O O
emily harris was invited to speak at smith , harris and larson in kimberlyport , but he declined due	B-PER I-PER O O O O O B-ORG I-ORG O B-LOC O O O O O O O O O
the documentary compared the lion population in south jason with that in	O O O B-ANIMAL O O B-LOC O O O B-LOC O
andrew matthews was invited to speak at rodgers and sons in jamesport , but he declined due to	B-PER I-PER O O O O O B-ORG O B-LOC O O O O O O O O O
while eating tacos , she read an article about justice in myanmar .	O O B-FOOD I-FOOD I-FOOD O O O O O B-CONCEPT O B-LOC I-LOC
while eating ramen , she read an article about justice in british virgin	O O B-FOOD I-FOOD I-FOOD O O O O O B-CONCEPT O B-LOC O
in dylanton , marilyn ellis and his dog visited a museum about gravity .	O B-LOC I-LOC I-LOC O B-PER I-PER O O O O O O B-CONCEPT I-CONCEPT
willie reynolds was invited to speak at alvarez plc in johnsontown , but he declined due to health	B-PER I-PER O O O O O B-ORG O B-LOC O O O O O O O O O
while eating apple pie , she read an article about philosophy in ecuador .	O O B-FOOD O O O O O O B-CONCEPT O B-LOC O O
in kelliville , david turner and his dog visited a museum about justice .	O B-LOC I-LOC I-LOC I-LOC O B-PER I-PER O O O O O O B-CONCEPT I-CONCEPT
