label	text_a
1	very well done 
0	folds under its own thinness 
0	emerges from the simple fact that the movie has virtually nothing to show . 
0	a summer-camp talent show : hastily written 
1	is a pretty decent little documentary 
0	witless , pointless , tasteless and idiotic 
1	directed not only one of the best gay love stories ever made 
1	with adventure and a worthwhile environmental message 
1	a delicious , quirky movie with a terrific screenplay and fanciful direction 
1	the grandeur of the best next generation episodes 
0	ill-considered , unholy hokum . 
0	unshapely 
0	a turkey 
0	comes off as a long , laborious whine , the bellyaching of a paranoid and unlikable man . 
1	boys ' 
0	superficiality and 
0	provoked to intolerable levels 
1	summer audience 
1	does a great combination act as narrator , jewish grandmother and subject -- taking us through a film that is part biography , part entertainment and part history . 
1	relationship and 
0	is an unpleasantly shallow and immature character with whom to spend 110 claustrophobic minutes . 
0	how desperate the makers of this ` we 're - doing-it-for - the-cash ' sequel were 
1	and gently humorous 
0	too bad the screenwriters eventually shoot themselves in the feet with cop flick cliches like an oily arms dealer , squad car pile-ups and the requisite screaming captain 
1	at the peak of their powers 
0	nothing but an episode of smackdown ! 
1	the unique niche of self-critical , behind-the-scenes navel-gazing kaufman 
1	the bai brothers have taken an small slice of history and opened it up for all of us to understand , and 
0	pretends to be a serious exploration of nuclear terrorism 
1	evoking memories of day of the jackal , the french connection , and heat 
0	( a ) slummer . 
0	struggled 
1	see all summer 
0	no lika 
0	the film would be a total washout . 
0	its recycled aspects 
1	worthy of her considerable talents 
0	outtakes in which most of the characters forget their lines and 
1	warmth , wit and interesting characters 
0	of those so-so films that could have been much better 
0	a cellophane-pop remake of the punk classic ladies and gentlemen , the fabulous stains ... crossroads is never much worse than bland or better than inconsequential . 
0	the film is so packed with subplots involving the various silbersteins that it feels more like the pilot episode of a tv series than a feature film . 
1	all its effective moments 
1	ludicrous , but director carl franklin adds enough flourishes and freak-outs to make it entertaining . 
0	the acting is just fine , but there 's not enough substance here to sustain interest for the full 90 minutes , especially with the weak payoff . 
1	congrats disney on a job well done 
0	gets added disdain for the fact that it is nearly impossible to look at or understand . 
1	amused and entertained by the unfolding of bielinsky 's cleverly constructed scenario , 
1	when the tears come during that final , beautiful scene , they finally feel absolutely earned 
0	( less a movie than ) an appalling , odoriferous thing ... so 
1	and funky look 
1	kudos to the most enchanting film of the year . 
1	for leonard 
1	the real thing 
0	without any of its sense of fun or energy 
1	magnetic as graham 
1	keep you engaged 
1	to the core of what it actually means to face your fears , to be a girl in a world of boys 
1	hilariously , gloriously alive , and quite often hotter 
0	scant place 
1	a true adaptation of her book 
1	whimsicality , narrative discipline 
0	living hell 
1	between two gifted performers 
1	provides the drama that gives added clout to this doc 
1	this rich , bittersweet israeli documentary , 
0	, it misses a major opportunity to be truly revelatory about his psyche . 
0	so unsympathetic 
1	both a level of sophisticated intrigue and human-scale characters 
0	amy and matthew have a bit of a phony relationship 
1	is clever and insightful 
0	rather frightening 
1	might to resist , if you 've got a place in your heart for smokey robinson 
0	it plods along methodically , somehow under the assumption that its `` dead wife communicating from beyond the grave '' framework is even remotely new or interesting . 
1	draw people together 
0	britney spears ' phoniness is nothing compared to the movie 's contrived , lame screenplay and listless direction . 
1	evanescent , seamless and sumptuous stream 
1	, it may just scare the pants off you . 
1	the impressive stagings of hardware 
1	the universal theme 
0	loses its ability to shock and amaze 
0	misconceived 
0	is dudsville . 
1	a detailed historical document 
1	of middle eastern world politics 
0	shamelessly manipulative and contrived 
1	provocative central wedding sequence 
0	the self-image of drooling idiots 
1	to seek and strike just the right tone 
1	gorgeousness . 
0	a life like this can sound so dull 
0	wrong reasons 
0	if you saw benigni 's pinocchio at a public park , you 'd grab your kids and run and then probably call the police . 
0	the face of death 
0	stifling morality tale 
0	to cheesier to cheesiest 
1	of america , history and the awkwardness of human life 
0	's a dull girl , that 's all . 
0	so bland 
1	feels like very light errol morris 
1	each story is built on a potentially interesting idea 
1	eight legged freaks is clever and funny , is amused by its special effects , and leaves you feeling like you 've seen a movie instead of an endless trailer . 
1	virtuosity 
0	an uninspired philosophical epiphany 
0	the film grows as dull as its characters , about whose fate it is hard to care . 
0	the problem with all of this : it 's not really funny . 
0	some of this laughable dialogue 
1	atmospheric weirdness 
0	characters ramble 
1	steals the show without resorting to camp as nicholas ' wounded and wounding uncle ralph . 
0	described as a ghost story gone badly awry . 
1	'' overcome its weaknesses 
0	's not a great monster movie . 
0	, hole-ridden plotting 
0	seems far more interested in gross-out humor than in showing us well-thought stunts or a car chase that we have n't seen 10,000 times 
1	has been written so well , that even a simple `` goddammit ! 
1	love a disney pic with as little cleavage as this one has , and a heroine as feisty and principled as jane 
1	looking at his 12th oscar nomination 
0	realized that i just did n't care 
1	gorgeous , passionate , and at times uncommonly moving 
1	a sharp script and 
0	in the excesses of writer-director roger avary 
0	awkward hybrid 
1	big ending surprise 
1	the abiding impression 
0	to laugh at how bad 
0	convinced i could keep a family of five blind , crippled , amish people alive in this situation better than these british soldiers do at keeping themselves kicking 
0	preposterous 
0	if damon and affleck attempt another project greenlight , next time out they might try paying less attention to the miniseries and more attention to the film it is about . 
0	quite frankly , i ca n't see why any actor of talent would ever work in a mcculloch production again if they looked at how this movie turned out . 
1	, is still good fun . 
0	overuse 
1	hanukkah 
1	comedic bliss 
1	a young robert deniro 
1	a breadth of vision 
0	( 
1	dignified ceo 
1	incredible subtlety and acumen 
1	that underscore the importance of family tradition and familial community 
1	bitter and truthful 
0	worst titles 
0	, the only way for a reasonably intelligent person to get through the country bears is to ponder how a whole segment of pop-music history has been allowed to get wet , fuzzy and sticky . 
1	an unflinching , 
0	is long on glamour and short on larger moralistic consequences , 
1	imply terror by suggestion , rather than the overuse of special effects 
1	vin diesel is the man . 
0	human nature , in short , is n't nearly as funny as it thinks it is ; neither is it as smart . 
1	terrific setpieces 
1	a dark , quirky road movie that constantly defies expectation 
0	ca n't quite live up to it 
1	in addition to gluing you to the edge of your seat , changing lanes is also a film of freshness , imagination and insight . 
0	major problem 
0	predictable rehash 
1	laid-back 
1	wise and elegiac ... 
1	visual appeal 
0	surprisingly shoddy makeup work 
0	, future lizard endeavors will need to adhere more closely to the laws of laughter 
0	for beginners 
0	had no effect and elicited no sympathies for any of the characters 
1	its best , 
1	wondrous beats 
1	titillating material 
0	to sit through than most of jaglom 's self-conscious and gratingly irritating films 
0	, and to the script 's refusal of a happy ending 
0	sting 
1	on johnny knoxville 's stomach 
1	smart and newfangled 
0	imagine ( if possible ) a pasolini film without passion or politics , or an almodovar movie without beauty or humor , 
1	well together 
0	shows moments of promise but ultimately succumbs to cliches and pat storytelling . 
1	as a vehicle to savor binoche 's skill 
0	become just another situation romance about a couple of saps stuck in an inarticulate screenplay 
0	the problem with the bread , my sweet is that it 's far too sentimental . 
0	utterly painful 
1	you 're not merely watching history 
1	love , memory , history and 
1	outdoes its spectacle . 
1	, martin is a masterfully conducted work . 
1	the excitement 
1	an alluring backdrop 
1	uplifting , 
1	huston performance 
1	the sleekness of the film 's present 
1	satire and unabashed sweetness 
1	that tells a sweet , charming tale of intergalactic friendship 
1	the earnest emotional core 
1	compassionately portrayed 
0	could n't care less 
0	disingenuous 
0	dumb gags , 
1	should be able to appreciate the wonderful cinematography and naturalistic acting 
0	it 's not a brilliant piece of filmmaking 
1	enough intelligence , wit or innovation on the screen to attract and sustain an older crowd 
1	this odd , poetic road movie , spiked by jolts of pop music , pretty much takes place in morton 's ever-watchful gaze -- 
0	no clue 
1	bear the laughter 
1	's most weirdly engaging and unpredictable character pieces 
1	's enough to watch huppert scheming , with her small , intelligent eyes as steady as any noir villain , and to enjoy the perfectly pitched web of tension that chabrol spins 
1	the best brush 
0	an ultra-loud blast of pointless mayhem , going nowhere fast 
0	really unclear 
1	with a core of decency 
1	a cutesy romantic tale with a twist 
1	a.c. will help this movie one bit 
1	given by the capable cast 
0	if you believe that the shocking conclusion is too much of a plunge or 
0	shorter than britney 's cutoffs 
0	the action scenes have all the suspense of a 20-car pileup , while the plot holes are big enough for a train car to drive through -- if kaos had n't blown them all up . 
0	buries an interesting storyline about morality and the choices we make underneath such a mountain of clichés and borrowed images that it might more accurately be titled mr. chips off the old block . 
0	offset by the sheer ugliness of everything else 
0	weighted down with slow , uninvolving storytelling and 
0	is exhaustion , from watching a movie that is dark ( dark green , to be exact ) , sour , bloody and mean 
0	law enforcement , and a visceral , nasty journey 
1	more than a movie 
0	of a mushy , existential exploration of why men leave their families 
0	may not be pleased 
0	want my money back . 
0	fairly trite 
0	skit-com material fervently deposited on the big screen . 
1	a couple of things that elevate `` glory '' above most of its ilk , most notably the mere presence of duvall 
1	this has layered , well-developed characters and some surprises . 
0	it 's a pale imitation . 
1	'm sure the filmmakers found this a remarkable and novel concept 
0	goes to absurd lengths 
1	lyrical tale probes the ambiguous welcome extended by iran to the afghani refugees who streamed across its borders , desperate for work and food . 
0	crawl up your own *** 
1	into feel-good territory 
1	an exercise in chilling style , and twohy films the sub , inside and out 
1	in a well-balanced fashion 
0	while american adobo has its heart ( and its palate ) in the right place , its brain is a little scattered -- ditsy , even . 
1	in-your-face family drama and black comedy 
0	others in its genre in that it is does not rely on dumb gags , anatomical humor , or character cliches 
0	is just generally insulting 
1	a poignant and gently humorous parable that loves its characters and communicates something rather beautiful about human nature . 
1	... one of the most entertaining monster movies in ages 
1	absorbing and unsettling psychological drama 
1	a beautiful canvas 
1	to champion the fallibility of the human heart 
1	a vivid , sometimes surreal , glimpse into the mysteries of human behavior . 
1	continues to cut a swathe through mainstream hollywood , while retaining an integrity and refusing to compromise his vision . 
0	as aimless as an old pickup skidding completely out of control on a long patch of black ice , the movie makes two hours feel like four . 
1	and unforgettable characters 
1	arrives at its heart , as simple self-reflection meditation 
1	brims with passion 
0	, the final effect is like having two guys yelling in your face for two hours . 
1	whose charm , cultivation and devotion to his people are readily apparent 
1	exceptional film 
1	the perkiness of witherspoon ( who is always a joy to watch , even when her material is not first-rate ) 
1	besides its terrific performances 
1	strong cast and surehanded direction 
1	a sweet and modest and ultimately winning story 
1	deep intelligence and 
0	any of these despicable characters 
1	uninhibited 
0	lame entertainment 
0	this cross-cultural soap opera is painfully formulaic and stilted . 
1	often achieves a level of connection and concern 
1	can enjoy as mild escapism 
0	that was hard for me to warm up to 
0	befuddled in its characterizations as it begins to seem as long as the two year affair which is its subject 
0	the following things are not at all entertaining : the bad sound , the lack of climax and , worst of all , watching seinfeld ( who is also one of the film 's producers ) do everything he can to look like a good guy 
0	eight legged freaks wo n't join the pantheon of great monster/science fiction flicks that we have come to love ... 
1	of feminine energy , a tribute to the power of women to heal 
1	he is n't blind to the silliness , but also captures moments of spontaneous creativity and authentic co-operative interaction 
0	the incessant use 
0	wheezy 
0	and slack direction 
1	laugh as well . 
0	undergraduate doubling subtexts and ridiculous stabs 
0	relatively flavorless 
1	of a first-rate cast 
0	spends a bit too much time 
1	the strength of the film comes not from any cinematic razzle-dazzle but from its recovery of an historical episode that , in the simple telling , proves simultaneously harrowing and uplifting . 
0	plain bad 
1	recommend secretary , based on the wonderful acting clinic put on by spader and gyllenhaal 
1	extremely imaginative through out 
1	inventive , fun , 
0	he took three minutes of dialogue , 30 seconds of plot and turned them into a 90-minute movie that feels five hours long . 
0	this overproduced piece of dreck is shockingly bad and absolutely unnecessary . 
1	wonderous accomplishment 
0	dark places 
0	that the only rip off that we were aware of 
0	while the highly predictable narrative falls short 
0	is sandler running on empty , repeating what he 's already done way too often 
1	realizes a fullness that does not negate the subject . 
0	most repellent 
1	ray liotta 
0	my advice is to skip the film and pick up the soundtrack . 
0	genial-rogue shtick 
1	a suspenseful spin on standard horror flick formula 
0	skin of man gets a few cheap shocks from its kids-in-peril theatrics , but 
0	to jimmy 's relentless anger 
0	resolutely avoids all the comic possibilities of its situation , and becomes one more dumb high school comedy about sex gags and prom dates . 
0	half-assed 
1	great idea 
1	moving and weighty depiction 
0	morality and the choices we make underneath such a mountain of clichés and borrowed images 
0	arrogant richard pryor wannabe 
1	` santa clause 2 ' is wondrously creative . 
0	its sleazy moralizing 
0	is hard to care 
1	their scenes brim with sexual possibility and emotional danger 
1	full of masters of both 
1	( than leon ) 
1	's an experience in understanding a unique culture that is presented with universal appeal . 
1	to the film 's music 
0	tested by bad luck and their own immaturity 
1	a good fight 
0	few new converts 
0	they come , already having been recycled more times than i 'd care to count 
1	even murphy 's expert comic timing and 
1	, this is a movie that tells stories that work -- is charming , is moving 
0	clockstoppers if you have nothing better to do with 94 minutes 
0	, it is not enough to give the film the substance it so desperately needs . 
1	going on inside each trailer park you drive past -- even if it chiefly inspires you to drive a little faster 
1	the filmmaker 's extraordinary access to massoud , whose charm , cultivation and devotion to his people are readily apparent 
0	doze off thirty minutes 
1	a sense of real magic , perhaps 
0	's also built on a faulty premise , one it follows into melodrama and silliness . 
0	has the thrown-together feel of a summer-camp talent show : hastily written , underrehearsed , arbitrarily plotted and filled with crude humor and vulgar innuendo . 
0	a kitchen sink 
1	maintains your sympathy for this otherwise challenging soul 
0	a total lack 
0	although this idea is `` new '' the results are tired 
0	so bland that even as rogue cia assassins working for chris cooper 's agency boss close in on the resourceful amnesiac , we do n't feel much for damon/bourne or his predicament 
0	was , uh , michael zaidan , was supposed to have like written the screenplay or something 
0	feel cheated 
0	better to do with 94 minutes 
1	new inspiration in it 
0	cyndi lauper 
1	that 's suitable for all ages -- a movie that will make you laugh 
0	a domestic melodrama with weak dialogue and biopic cliches . 
1	whole lot scarier 
0	arcane area 
1	his difficult , endless work with remarkable serenity and discipline 
1	the film sits with square conviction and touching good sense on the experience of its women 
1	girls ca n't swim represents an engaging and intimate first feature by a talented director to watch , and it 's a worthy entry in the french coming-of-age genre . 
1	the film works well enough to make it worth watching 
0	there may have been a good film in `` trouble every day , '' but it is not what is on the screen 
0	how long will filmmakers copy the `` saving private ryan '' battle scenes before realizing steven spielberg 
1	a non-stop funny feast 
1	is prime escapist fare 
0	softheaded metaphysical claptrap 
1	agenda to deliver awe-inspiring , at times sublime , visuals 
1	erotically frank 
1	find it more than capable of rewarding them 
0	the only young people who possibly will enjoy it are infants ... who might be distracted by the movie 's quick movements and sounds . 
0	dead production 
0	is unashamedly pro-serbian 
1	on digital video , whose tiny camera enables shafer to navigate spaces both large ... and small ... with considerable aplomb 
0	as a nifty plot line in steven soderbergh 's traffic fails to arrive at any satisfying destination 
0	but ... in trying to capture the novel 's deeper intimate resonances , the film has -- ironically - distanced us from the characters . 
0	a laughable -- or rather , unlaughable 
1	chance to revitalize what is and always has been remarkable about clung-to traditions 
1	its loving yet unforgivingly inconsistent depiction 
1	crane 's decline with unblinking candor 
1	a cool event 
1	finds its moviegoing pleasures in the tiny events that could make a person who has lived her life half-asleep suddenly wake up and take notice . 
1	this sad , occasionally horrifying but often inspiring film is among wiseman 's warmest . 
1	finds its humor 
0	dumb and derivative horror 
0	it was n't the subject matter that ultimately defeated the film ... it was the unfulfilling , incongruous , `` wait a second , did i miss something ? '' 
1	measured against practically any like-themed film other than its oscar-sweeping franchise predecessor the silence of the lambs , red dragon rates as an exceptional thriller . 
1	has much to recommend it , even if the top-billed willis is not the most impressive player . 
1	fascinating , ludicrous , provocative and vainglorious 
0	their cheap , b movie way 
1	quirky iranian drama secret ballot 
0	, eight crazy nights is a total misfire . 
0	the very hollowness of the character he plays 
0	down-and-dirty 
0	the barriers finally prove to be too great 
1	for its story of actorly existential despair than for its boundary-hopping formal innovations and glimpse into another kind of chinese 
0	, you will have completely forgotten the movie by the time you get back to your car in the parking lot . 
1	a great performance and 
0	in its chicken heart 
0	even in the summertime , the most restless young audience deserves the dignity of an action hero motivated by something more than franchise possibilities . 
1	it 's a smart , funny look at an arcane area of popular culture , and if it is n't entirely persuasive , it does give exposure to some talented performers 
1	inspiring and pure 
0	although god is great addresses interesting matters of identity and heritage , it 's hard to shake the feeling that it was intended to be a different kind of film . 
1	everyone can enjoy 
1	the richness of characterization that makes his films so memorable 
0	crude humor and vulgar innuendo 
0	does not translate well to the screen 
0	hiss 
0	by no means a slam-dunk and sure to ultimately disappoint the action fans who will be moved to the edge of their seats by the dynamic first act , it still comes off as a touching , transcendent love story . 
0	meant to enhance the self-image of drooling idiots . 
1	a humanistic message 
0	was produced by jerry bruckheimer and directed by joel schumacher , and reflects the worst of their shallow styles : 
0	too many scenarios in which the hero might have an opportunity to triumphantly sermonize , and too few that allow us to wonder for ourselves if things will turn out okay . 
0	one scene after another in this supposedly funny movie 
1	gangster/crime comedy 
1	entertained 
1	scorsese 's bold images 
1	is a hilarious place to visit 
1	that actually has something interesting to say 
0	, unlikeable people 
1	felt performances 
1	old-fashioned but thoroughly satisfying entertainment 
1	an interesting psychological game 
1	a playful iranian parable 
1	's a scorcher . 
0	amy and matthew have a bit of a phony relationship , but 
1	is a welcome lack of pretension about the film , which very simply sets out to entertain and ends up delivering in good measure 
1	stand tall with pryor , carlin and murphy 
0	the filmmaker would disagree , but , honestly , i do n't see the point 
1	a charming , banter-filled comedy ... 
1	is nicely shot , well-edited and 
1	dream of 
0	freaky friday , '' it 's not . 
1	crudup 's screen presence is the one thing that holds interest in the midst of a mushy , existential exploration of why men leave their families . 
0	humorless 
0	most frantic , virulent and foul-natured 
0	rock 's stand-up magic wanes . 
0	this arrogant richard pryor wannabe 
1	with its exquisite acting , inventive screenplay , mesmerizing music , and many inimitable scenes 
1	is a remarkable piece of filmmaking 
0	does n't really add up to much 
1	is the refreshingly unhibited enthusiasm 
1	similarly themed 
1	's that good . 
1	what is otherwise a sumptuous work of b-movie imagination 
1	the awe in which it holds itself 
1	despite a fairly slow paced , almost humdrum approach to character development , still manages at least a decent attempt at meaningful cinema 
1	winking social commentary 
1	when the bullets start to fly , your first instinct is to duck 
1	authentically 
0	its good qualities are obscured 
0	, it runs for 170 
1	cinematic perfection 
0	a bad movie that 
1	melds derivative elements into something that is often quite rich and exciting , and always a beauty to behold . 
0	, you should avoid this like the dreaded king brown snake . 
1	so many talented people 
0	the movie , shot on digital videotape rather than film 
0	have been any easier to sit through than this hastily dubbed disaster 
0	the only belly laughs come from the selection of outtakes tacked onto the end credits 
1	katz 's documentary does n't have much panache , but with material this rich it does n't need it . 
0	a liability 
1	cheered at just that 
1	's no accident 
0	the story itself is actually quite vapid . 
1	hollywood has crafted a solid formula for successful animated movies 
0	the cultural moat surrounding its ludicrous and contrived plot 
1	a compelling allegory about the last days of germany 's democratic weimar republic 
1	is sentimental but feels free to offend , is analytical and then surrenders to the illogic of its characters , is about grief and yet permits laughter 
1	soul-searching 
1	a fun adventure movie 
1	precious new star wars movie 
0	and as with most late-night bull sessions , eventually the content is n't nearly as captivating as the rowdy participants think it is . 
0	if you really want to understand what this story is really all about , you 're far better served by the source material . 
1	champion 
0	is so bad , that it 's almost worth seeing because it 's so bad 
0	into the sort of heartache everyone 
0	that omnibus tradition called marriage 
0	can not overcome blah characters 
1	he shows and empathizes with the victims he reveals 
0	becomes distasteful and downright creepy 
1	this is lightweight filmmaking , to be sure , but it 's pleasant enough -- and oozing with attractive men 
0	too bland and fustily tasteful to be truly prurient . 
0	julie davis is the kathie lee gifford of film directors , sadly proving once again ego does n't always go hand in hand with talent . 
0	crime expertly 
0	at cheapening it 
0	an ill-conceived 
1	may have been born to make 
1	blazing 
1	both grant and hoult carry the movie because they are believable as people -- flawed , assured of the wrong things , and scared to admit how much they may really need the company of others . 
0	often play like a milquetoast movie of the week blown up for the big screen 
1	susceptible to blue hilarity , step right up 
1	davis ' candid , archly funny and deeply authentic take on intimate relationships 
0	why i have given it a one-star rating 
1	enjoyable , if occasionally flawed , 
1	an unexpectedly sweet story 
1	so successful at lodging itself in the brain 
1	please not only the fanatical adherents on either side , but also people who know nothing about the subject 
0	to have been modeled on the worst revenge-of-the-nerds clichés the filmmakers could dredge up 
0	will object to the idea of a vietnam picture with such a rah-rah , patriotic tone 
0	jfk conspiracy nuts 
0	cared much about any aspect of it , from its cheesy screenplay 
0	a sad aristocrat in tattered finery 
0	to the movie 's rude and crude humor 
1	proper home 
1	its metaphors are opaque enough to avoid didacticism , and the film succeeds as an emotionally accessible , almost mystical work 
0	at an idea that should 've been so much more even if it was only made for teenage boys and wrestling fans 
1	their consistently sensitive and often exciting treatment 
1	that soars above the material realm 
1	last 15 minutes 
1	just about more stately than any contemporary movie this year ... a true study , a film with a questioning heart and 
1	is tight and truthful , full of funny situations and honest observations 
1	major movie 
1	in the most blithe exchanges gives the film its lingering tug 
1	get top billing 
1	playful spark 
1	scary-funny 
0	a generic bloodbath that often becomes 
1	is a stunning film , a one-of-a-kind tour de force . 
1	of chabrol 's most intense psychological mysteries 
1	palpable chemistry 
1	holm does his sly , intricate magic , and iben hjelje is entirely appealing as pumpkin . 
1	light the candles , bring out the cake and 
1	lead performances 
0	from unlikable characters and a self-conscious sense 
1	that is part biography , part entertainment and part history 
1	to head off in its own direction 
1	soderbergh 's best films , `` erin brockovich , 
0	evelyn may be based on a true and historically significant story , but the filmmakers have made every effort to disguise it as an unimaginative screenwriter 's invention 
0	this is n't worth sitting through 
0	scratch for a lesson in scratching 
0	the first actor to lead a group of talented friends astray 
0	ambitious failure 
0	sometimes makes less sense than the bruckheimeresque american action flicks it emulates . 
1	great and a terrible story 
0	he fails . 
1	keen eye , sweet spirit 
1	rollicking dark humor 
0	a film about the irksome , tiresome nature of complacency 
1	of the biggest names in japanese anime , with impressive results 
0	i would leave the theater with a lower i.q. than when i had entered 
1	worth your time 
1	a real winner 
0	no quarter to anyone seeking to pull a cohesive story out of its 2 1/2 
0	shame that stealing harvard is too busy getting in its own way to be anything but frustrating , boring , and forgettable 
1	suspenseful enough 
0	tries its best to hide the fact that seagal 's overweight and out of shape . 
0	is n't much better . 
1	is genial and decent 
0	to spend 110 claustrophobic minutes 
0	anti-feminist 
0	has been overexposed , 
1	is validated by the changing composition of the nation 
1	is nicholson 's goofy , heartfelt , mesmerizing king lear . 
1	leaves shockwaves 
1	all comedy is subversive , 
1	the insightful writer/director responsible for this illuminating comedy 
1	bolstered by an astonishing voice cast ( excepting love hewitt ) , an interesting racial tension , and a storyline that i have n't encountered since at least pete 's dragon . 
1	what may be the performances of their careers 
1	texan director george ratliff had unlimited access to families and church meetings , and he delivers fascinating psychological fare . 
1	a genuinely moving and wisely unsentimental drama . 
1	received such a sophisticated and unsentimental treatment on the big screen as they do in this marvelous film 
0	gorgeous to look at but insufferably tedious and turgid 
1	is a movie that deserves recommendation 
1	she looks like the six-time winner of the miss hawaiian tropic pageant , so i do n't know what she 's doing in here 
0	what 's worse is that pelosi knows it . 
0	every visual joke is milked , 
1	something vital about the movie 
0	is that van wilder does little that is actually funny with the material . 
1	infuses it 
1	breathes life into a roll that could have otherwise been bland and run of the mill 
1	the material and the production 
0	not only is entry number twenty the worst of the brosnan bunch , it 's one of the worst of the entire franchise . 
1	aims to be funny , uplifting and moving , sometimes 
1	for drawing wrenching performances from his actors ( improvised over many months ) and for conveying the way tiny acts of kindness make ordinary life survivable 
1	does a solid job of slowly , steadily building up to the climactic burst of violence 
1	girls ca n't swim represents an engaging and intimate first feature by a talented director to watch , and 
0	assumes that not only would subtlety be lost on the target audience , but that it 's also too stupid to realize that they 've already seen this exact same movie a hundred times 
0	went over my head 
1	ingenue 
1	, is that it has none of the pushiness and decibel volume of most contemporary comedies . 
1	has fashioned an absorbing look at provincial bourgeois french society . 
1	has finally , to some extent , warmed up to him 
0	pretentious , 
1	enough quirky and satirical touches 
0	the crassness of this reactionary thriller is matched only by the ridiculousness of its premise . 
0	somber pacing and lack 
0	was so endlessly 
0	is that there is never any question of how things will turn out 
0	fails to portray its literarily talented and notorious subject as anything much more than a dirty old man 
0	all the sensuality , all the eroticism of a good vampire tale has been , pardon the pun , sucked out and replaced by goth goofiness . 
1	making it relatively effortless to read and follow the action at the same time 
0	overinflated 
1	gondry 's direction is adequate 
0	's not only dull because we 've seen ( eddie ) murphy do the genial-rogue shtick to death , but because the plot is equally hackneyed 
1	gentlemen 
0	with motionless characters 
0	no worse a film 
1	the wonderful cinematography and naturalistic acting 
0	he forgets to make it entertaining 
0	insufficiently 
0	loosely connected characters and plots that never quite gel 
0	the acting is amateurish , the cinematography is atrocious 
0	i have to admit that i am baffled by jason x. 
0	, low-wattage 
1	young everlyn sampi , as the courageous molly craig , simply radiates star-power potential in this remarkable and memorable film . 
0	miss it altogether 
1	the urban landscapes are detailed down to the signs on the kiosks , and the color palette , with lots of somber blues and pinks , is dreamy and evocative . 
0	feels as if everyone making it lost their movie mojo . 
1	that breathes extraordinary life into the private existence of the inuit people 
1	a beautiful paean 
1	bravery and dedication 
0	sedate 
1	occasionally fun enough 
0	b-movie imagination 
1	the hero 's odyssey 
1	murderous maids pulls no punches in its depiction of the lives of the papin sister and the events that led to their notorious rise to infamy ... 
0	the writing is indifferent , 
0	grows on you -- like a rash 
1	and even touching 
1	so gracefully 
1	his top-notch creative team 
1	there are n't too many films that can be as simultaneously funny , offbeat and heartwarming ( without a thick shmear of the goo , at least ) 
1	touching and funny 
0	a formula that worked five years ago but has since lost its fizz 
1	intensely romantic , thought-provoking and even an engaging mystery 
1	the visual panache , the comic touch , 
0	which will cause loads of irreparable damage that years and years of costly analysis could never fix 
1	the charm of kevin kline 
1	is extraordinary . 
1	peels layers 
1	heartwarming 
0	run out of gas 
0	smutty 
1	an american actress who becomes fully english 
0	devolves into the derivative 
0	the story is predictable 
1	makes the case for a strong education and good teachers being more valuable in the way they help increase an average student 's self-esteem , and not strictly in the knowledge imparted . 
0	corny dialogue and preposterous moments 
1	the source material movie 
1	challenges perceptions of guilt and innocence , of good guys and bad , and asks us whether a noble end can justify evil means 
0	that 's been done before 
0	treats his audience the same way that jim brown treats his women -- as dumb , credulous , unassuming , subordinate subjects 
1	successful adaptation 
1	the most high-concept sci fi adventures 
1	excellent performances 
1	the gift of tears 
1	, this flick is fun , and host to some truly excellent sequences . 
0	a questionable kind of inexcusable dumb innocence 
1	as perfect as his outstanding performance as bond in die 
1	an exhilarating 
1	to the enduring strengths of women 
0	could force you to scratch a hole in your head . 
0	no 
0	too fancy , not too filling 
1	is an exercise in chilling style , and twohy films the sub , inside and out , 
1	smartly and 
1	i shamelessly enjoyed it 
1	since it does n't take itself so deadly seriously 
1	while the movie is slightly less successful than the first , it 's still a rollicking good time for the most part 
0	jay russell 
0	... a pretentious mess ... 
0	gets violently gang-raped 
1	of satisfying entertainment 
0	explode obnoxiously into 2,500 screens 
1	degrading and strangely liberating 
1	gets the tone just right -- funny in the middle of sad in the middle of hopeful 
0	exactly how genteel and unsurprising the execution turns out to be 
1	sloppy , amusing 
1	reveals itself slowly , intelligently , artfully . 
1	a genuine love story , 
1	any viewer , young or old , 
0	will be upstaged by an avalanche of more appealing holiday-season product 
1	actually manages to bring something new into the mix 
1	with grace and humor and gradually 
1	seems so real 
0	exasperating 
1	humor , verve and fun 
0	is as close as you can get to an imitation movie 
0	... if this sappy script was the best the contest received , those rejected must have been astronomically bad . 
1	about their budding amours 
1	touched by the film 's conviction that all life centered on that place , that time and that sport 
0	massive cardiac arrest 
0	it forces you to watch people doing unpleasant things to each other and themselves , and it maintains a cool distance from its material that is deliberately unsettling . 
0	toothless dog 
0	imagine another director ever making his wife look so bad in a major movie 
1	goes about telling what at heart is a sweet little girl 
1	proves himself a deft pace master and stylist 
0	borrows from other movies like it in the most ordinary and obvious fashion . 
1	the atmosphere 
1	canny and 
0	the sexual politics too smug 
1	holm does his sly , intricate magic , and iben hjelje is entirely appealing as pumpkin 
1	in praise of love ' is the director 's epitaph for himself 
1	the thriller form to examine the labyrinthine ways in which people 's lives cross and change 
1	delivered with such conviction 
0	rank 
1	deep intelligence and a warm , enveloping affection breathe out of every frame . 
1	the holocaust escape story 
0	proved too difficult a text to ` lick , ' despite the efforts of a first-rate cast . 
1	deceptively simple , 
1	- style cross-country adventure ... it has sporadic bursts of liveliness , some so-so slapstick and a few ear-pleasing songs on its soundtrack . 
0	is a paper bag to wear over his head when he goes out into public , to avoid being recognized as the man who bilked unsuspecting moviegoers 
1	spiritual survival 
1	the film 's reach exceeds its grasp 
1	weaves us into a complex web . 
0	its make-believe promise of life 
0	this picture is mostly a lump of run-of-the-mill profanity sprinkled with a few remarks so geared toward engendering audience sympathy that you might think he was running for office -- or trying to win over a probation officer . 
0	the chelsea hotel today is populated by whiny , pathetic , starving and untalented artistes 
1	it 's as raw and action-packed an experience as a ringside seat at a tough-man contest . 
1	an honest , sensitive story from a vietnamese point of view 
0	forced drama in this wildly uneven movie , 
0	a film that are still looking for a common through-line 
0	a pretentious mess ... 
1	the film 's gamble to occasionally break up the live-action scenes with animated sequences pays off , as does its sensitive handling of some delicate subject matter . 
1	real-life hollywood fairy-tale 
0	of the long list of renegade-cop tales 
0	uselessly 
1	and mordantly humorous 
0	sometimes murky , always brooding look 
0	on its fairly ludicrous plot 
0	jar-jar binks : the movie 
1	filmmaking that should attract upscale audiences hungry for quality and a nostalgic , twisty yarn that will keep them guessing 
0	demonstrates just how far his storytelling skills have eroded 
1	the chateau has one very funny joke and a few other decent ones 
1	it would be 
0	of the goth-vampire , tortured woe-is-me lifestyle 
0	the none-too-original premise 
1	was n't as bad as i thought it was going to be 
0	politics 
0	in a big corner office in hell , satan is throwing up his hands in surrender , is firing his r&d people , and has decided he will just screen the master of disguise 24/7 . 
0	's horribly wrong 
1	of von sydow ... is itself intacto 's luckiest stroke 
1	proves a servicable world war ii drama that ca n't totally hide its contrivances 
0	even the corniest 
1	a twisting , unpredictable , cat-and-mouse thriller 
1	that relies on lingering terror punctuated by sudden shocks and not constant bloodshed 
1	a colorful , joyous celebration of life ; a tapestry woven of romance , dancing , singing , and unforgettable characters 
0	little visible talent and 
1	hugely enjoyable in its own right 
1	is moody , oozing , chilling and heart-warming 
1	to be the movie 's most admirable quality 
1	engages us 
1	quite admirable 
1	far more entertaining than i had expected 
1	one of the greatest films i 've ever seen . 
0	most third-rate horror sequels 
0	clueless 
1	glows with enthusiasm , sensuality and a conniving wit 
1	yet newcomer ellen pompeo pulls off the feat with aplomb 
1	be plenty of female audience members drooling over michael idemoto as michael 
1	a delightful entree in the tradition of food movies . 
1	` red shoe diaries 
1	this rich 
1	a perfect show of respect to just one of those underrated professionals who deserve but rarely receive it 
0	overly familiar 
1	a staggeringly compelling character , 
1	addition to scoring high for originality of plot 
1	comedy and melodrama 
0	by the dispassionate gantz brothers as ordinary , pasty lumpen 
1	rouge is less about a superficial midlife crisis than it is about the need to stay in touch with your own skin , at 18 or 80 . 
1	of smart jokes 
1	the film does a solid job of slowly , steadily building up to the climactic burst of violence . 
0	's kinda dumb 
0	trimmed 
1	cultural and economic subtext 
1	muscles and a lot more smarts , but just as endearing and easy to watch 
1	george and lucy 's most obvious differences to ignite sparks 
0	's just tediously bad 
1	watchable stuff 
1	its unerring respect for them 
1	love , communal discord , 
1	o fantasma is boldly , confidently orchestrated , aesthetically and sexually 
0	is so anemic 
1	's a fantastic movie 
0	with cardboard characters and performers 
1	enhances the personal touch of manual animation 
1	much power 
0	each scene immediately succumbs to gravity and plummets to earth . 
0	a stunningly unoriginal premise 
0	numbing experience 
1	approaches swedish fatalism using gary larson 's far side humor 
0	both heartbreaking 
0	just does n't have big screen magic 
1	knockabout 
0	's pretty stupid 
1	characteristically startling visual style and 
1	the humor is recognizably plympton 
0	class resentment 
1	simple , poignant and leavened with humor , it 's a film that affirms the nourishing aspects of love and companionship . 
1	are head and shoulders above much of the director 's previous popcorn work . 
1	at this beautifully drawn movie 
1	hot 
0	comes off as emotionally manipulative and sadly imitative of innumerable past love story derisions . 
0	conned 
1	you love the music , 
1	the most compelling performance of the year 
1	of theater history 
0	so many flaws 
1	characters drop their pants for laughs and not the last time 
1	wrap the proceedings up neatly 
1	thinking about going to see this movie 
1	that holds up well after two decades 
0	i have a confession to make : i did n't particularly like e.t. the first time i saw it as a young boy . 
1	with wit it plays like a reading from bartlett 's familiar quotations 
0	be better to wait for the video 
1	cinematic art 
1	offbeat humor , amusing characters , and a happy ending 
1	drawn in by the sympathetic characters 
0	trying to pass off as acceptable teen entertainment for some time now 
0	the adventures of pluto nash is a whole lot of nada . 
1	a glimpse of the solomonic decision facing jewish parents in those turbulent times 
0	the film does n't end up having much that is fresh to say about growing up catholic or , really , anything . 
0	while not for every taste 
0	is fatal for a film that relies on personal relationships 
1	is , more often then 
1	to narrative filmmaking with a visually masterful work of quiet power 
1	raise audience 's spirits and leave them singing long after the credits roll 
0	if only because it accepts nasty behavior and severe flaws as part of the human condition 
1	poignant and funny 
0	a bore 
0	just another disjointed , fairly predictable psychological thriller 
0	` zany ' does n't necessarily mean ` funny 
1	does so marvelously compelling is present brown as a catalyst for the struggle of black manhood in restrictive and chaotic america ... sketchy but nevertheless gripping portrait of jim brown , a celebrated wonder in the spotlight 
1	unrelentingly grim -- and equally engrossing 
1	gets a lot of flavor and spice into his charade remake 
1	a watch that makes time go faster rather than 
1	eloquent , deeply felt meditation 
0	shot on ugly digital video 
0	as if drop dead gorgeous was n't enough , this equally derisive clunker is fixated on the spectacle of small-town competition . 
1	are both superb , while huppert ... is magnificent 
0	could not stand them 
0	... as stiff , ponderous and charmless as a mechanical apparatus 
0	lack of spontaneity in its execution and a dearth of real poignancy 
1	as naturally charming 
0	, the acting is robotically italicized , 
1	swings and jostles 
1	made the original men in black such a pleasure 
1	is worth a look for its true-to-life characters , its sensitive acting , its unadorned view of rural life and the subtle direction of first-timer hilary birmingham 
0	will no doubt rally to its cause , trotting out threadbare standbys like ` masterpiece ' and ` triumph ' and all that malarkey , but rarely does an established filmmaker so ardently waste viewers ' time with a gobbler like this 
1	that accomplishes so much that one viewing ca n't possibly be enough 
0	muddy psychological thriller 
1	the remarkable ensemble cast 
1	that is actually funny without hitting below the belt 
1	visually striking and viscerally repellent . 
1	directs this intricately structured and well-realized drama that presents a fascinating glimpse of urban life and the class warfare that embroils two young men . 
1	his passion 
0	boredom to the point 
1	any scorsese has ever given us 
0	so-so slapstick 
1	injects just enough freshness into the proceedings 
0	no clear-cut hero and no all-out villain 
1	has waited three years with breathless anticipation for a new hal hartley movie to pore over 
1	a hip comedy 
0	into a cheap thriller , a dumb comedy or a sappy 
1	garcía bernal and talancón are an immensely appealing couple 
0	like its title character , is repellantly out of control . 
0	it is not worth 
0	is that rare combination of bad writing , bad direction and bad acting -- the trifecta of badness . 
1	brutally honest 
0	looked like crap , 
1	tries and tries hard 
1	manages to accomplish what few sequels can 
1	it 's more than a worthwhile effort 
1	purpose and even-handedness 
1	this movie makes one thing perfectly clear 
0	characterisation has been sacrificed for the sake of spectacle . 
1	you wo n't be able to look away for a second 
0	as a two-way time-switching myopic mystery that stalls in its lackluster gear of emotional blandness 
1	if the material is slight and admittedly manipulative , jacquot preserves tosca 's intoxicating ardor through his use of the camera . 
0	melodrama and tiresome love triangles 
1	be viewed as pure composition and form -- 
1	delivers a perfect performance that captures the innocence and budding demons within a wallflower . 
1	are so well tuned that the film comes off winningly , even though it 's never as solid as you want it to be 
0	there 's no point of view , no contemporary interpretation of joan 's prefeminist plight , 
0	bitter and less mature 
1	bringing richer meaning to the story 's morals 
1	nothing of the audience other than to sit back and enjoy a couple of great actors hamming it up 
1	appealing leads 
0	this tired retread 
1	fall 's 
1	holofcener 's film offers just enough insight to keep it from being simpleminded , and the ensemble cast is engaging enough to keep you from shifting in your chair too often 
1	a funny , triumphant , and moving documentary 
1	terrific job 
1	sweetheart 
0	appalling , shamelessly manipulative and contrived 
1	of daring films 
0	obvious , preposterous , the movie will likely set the cause of woman warriors back decades . 
0	accompanied by the sketchiest of captions . 
1	lovely , eerie film 
0	do n't add up to much more than trite observations on the human condition 
1	his character 's abundant humanism makes him the film 's moral compass 
1	marks a modest if encouraging return 
1	is one of the rarest kinds of films : a family-oriented non-disney film that is actually funny without hitting below the belt . 
0	mad 
0	filled with low-brow humor , gratuitous violence and a disturbing disregard for life . 
1	succeeds where its recent predecessor miserably fails because it demands that you suffer the dreadfulness of war from both sides . 
1	tried hard 
1	's no denying that burns is a filmmaker with a bright future ahead of him . 
1	compulsively watchable 
0	pulp melodrama 
1	mentally `` superior '' 
0	have no affinity for most of the characters . 
1	more sheerly beautiful film 
1	a real movie 
1	infectiously enthusiastic 
1	a spirited film and a must-see 
1	for the fine star performances 
0	does n't really deliver for country music fans or for family audiences 
1	good man 
0	is bravado -- to take an entirely stale concept and push it through the audience 's meat grinder one more time 
0	unsympathetic hero 
0	ailments 
1	a rich and full life 
1	is great fun , full of the kind of energy it 's documenting . 
1	as refreshing 
1	captures an italian immigrant family on the brink of major changes 
1	whether or not you 're enlightened by any of derrida 's lectures on `` the other '' and `` the self , '' derrida is an undeniably fascinating and playful fellow . 
1	like this movie 
0	the pacing is deadly , the narration helps little 
1	gorgeous , passionate 
0	this is cruel , misanthropic stuff with only weak claims to surrealism and black comedy . 
1	creative animation work 
0	despite lagging near the finish line 
0	moronic 
0	's spiffing up leftovers that are n't so substantial or fresh 
0	linklater 
1	the masses with star power , a pop-induced score and sentimental 
1	welles groupie/scholar peter bogdanovich took a long time to do it , but he 's finally provided his own broadside at publishing giant william randolph hearst . 
0	to reduce everything he touches to a shrill , didactic cartoon 
0	the level of an after-school tv special 
1	second chance to find love in the most unlikely place 
0	's hard to understand why anyone in his right mind would even think to make the attraction a movie . 
1	a well-done film 
0	if divine secrets of the ya-ya sisterhood suffers from a ploddingly melodramatic structure , it comes to life in the performances . 
1	try as you might to scrutinize the ethics of kaufman 's approach , somehow it all comes together to create a very compelling , sensitive , intelligent and almost cohesive piece of film entertainment 
0	whose teeth are a little too big for her mouth 
1	-- and at times , all my loved ones more than flirts with kitsch -- the tale commands attention . 
0	been called freddy gets molested by a dog 
0	overweight and out of shape 
0	confusing melange 
1	grace this deeply touching melodrama 
0	wretchedly unfunny wannabe comedy 
1	makes up for in heart 
1	fascinating and 
0	is messy , uncouth , incomprehensible , vicious and absurd 
1	uplifting 
0	record the lives of women torn apart by a legacy of abuse 
1	funny , sexy 
1	some of the most inventive 
0	more like stereotypical caretakers and moral teachers , instead 
1	lathan and diggs carry the film with their charisma 
1	the ultimate movie experience 
0	knew what the hell was coming next 
1	even when there are lulls , the emotions seem authentic 
1	race and culture forcefully told , with superb performances throughout 
0	had all its vital essence scooped 
1	s&m 
0	afraid of the bad reviews 
0	skip this turd 
0	demonstrate that his pathology evolved from human impulses that grew hideously twisted 
1	treasure planet rivals the top japanese animations of recent vintage . 
1	of criminals 
1	terrific special effects 
0	this is rote spookiness , with nary an original idea ( or role , or edit , or score , or anything , really ) in sight , and 
1	you to accept it as life and go with its flow 
0	even if the enticing prospect of a lot of nubile young actors in a film about campus depravity did n't fade amid the deliberate , tiresome ugliness , it would be rendered tedious by avary 's failure to construct a story with even a trace of dramatic interest . 
0	disturbing 
0	as a ghost story gone badly awry 
1	glizty 
1	seldom hammy 
1	good-looking 
1	`` red dragon '' is entertaining . 
1	meyjes ... has done his homework and soaked up some jazzy new revisionist theories about the origins of nazi politics and aesthetics . 
1	moulin rouge 
1	the premise of jason x is silly but strangely believable . 
0	like me , think an action film disguised as a war tribute is disgusting to begin with 
1	filled with fantasies , daydreams , memories and one fantastic visual trope 
1	robert harmon 's less-is-more approach delivers real bump-in - the-night chills 
0	by avary 's failure to construct a story with even a trace of dramatic interest 
1	that you root for throughout 
1	on a string of exotic locales 
0	donovan ... squanders his main asset , jackie chan , and 
1	resident evil 
0	lousy tarantino imitations 
0	ignored it in favor of old ` juvenile delinquent ' paperbacks with titles 
0	make like the title and dodge this one . 
1	had much science 
0	has lost some of the dramatic conviction that underlies the best of comedies ... 
0	uncomfortable 
0	simpering soundtrack 
1	so lovely toward the end 
1	` gentle ' 
0	about the thousands of americans who die hideously 
1	makes up for in heart what it lacks in outright newness . 
1	fluid and mesmerizing 
0	's little to recommend snow dogs , unless one considers cliched dialogue and perverse escapism a source of high hilarity . 
0	, it 's also cold , gray , antiseptic and emotionally desiccated . 
1	endeavors 
0	unfocused , excruciatingly tedious 
1	from the people laughing in the crowd 
1	are moments of hilarity to be had . 
1	flamboyant style 
1	the thrill of the chill 
1	wholesome and 
1	is , however , a completely honest , open-hearted film that should appeal to anyone willing to succumb to it . 
1	to triumph over a scrooge or two 
0	careless and unfocused 
1	touching , raucously amusing , uncomfortable 
1	've never seen the deep like you see it in these harrowing surf shots 
1	will probably have a reasonably good time with the salton sea 
1	to an impressive and highly entertaining celebration of its sounds 
1	spare dialogue and 
1	odd but ultimately satisfying blend 
1	's a minor treat 
0	a fairly slow paced , 
0	the movie is loaded with good intentions , but in his zeal to squeeze the action and our emotions into the all-too-familiar dramatic arc of the holocaust escape story , minac drains his movie of all individuality . 
0	do n't have a clue on the park . 
1	it 's a masterpiece . 
0	, fat , dumb 
0	equals the sum of its pretensions . 
0	resist his pleas 
1	a compassionate , moving portrait of an american ( and an america ) always reaching for something just outside his grasp . 
0	the screenwriter responsible for one of the worst movies of one year 
0	s1m0ne 's satire is not subtle , 
1	is ... very funny as you peek at it through the fingers in front of your eyes 
1	will linger long after this film has ended . 
0	the film falters 
0	, numbing action sequence made up mostly of routine stuff yuen has given us before . 
1	a story about intelligent high school students that deals with first love sweetly but also seriously . 
1	served up with heart and humor 
0	the characters , cast in impossibly contrived situations 
0	i liked the original short story but this movie , even at an hour and twenty-some minutes , it 's too long and 
1	one level 
1	cannon 's confidence 
1	an improvement on the first blade 
1	`` 13 conversations about one thing '' is an intelligent flick that examines many different ideas from happiness to guilt in an intriguing bit of storytelling . 
1	who 's finally been given a part worthy of her considerable talents 
1	this unexpectedly moving meditation on love , history , memory , resistance and artistic transcendence 
0	it is exactly what it wants to be : an atrociously , mind-numbingly , indescribably bad movie 
1	even very small children will be impressed by this tired retread 
0	is only so much baked cardboard i need to chew 
1	be patient with the lovely hush 
0	cliche 
0	a snore 
1	funny , sweetly adventurous 
1	higher level 
0	insanely violent and very graphic 
1	discovery and humor between chaplin and kidman 
0	become a caricature -- not even with that radioactive hair 
1	pleasing way 
1	a must see for all sides of the political spectrum 
0	is n't a product of its cinematic predecessors so much as an mtv , sugar hysteria , and playstation cocktail . 
1	funny 
1	those who are n't put off by the film 's austerity will find it more than capable of rewarding them . 
1	the rare sequel 
1	takes chances that are bold by studio standards 
1	the talent is undeniable 
1	delivers a magnetic performance . 
1	delicious , quirky movie 
0	'd be hard pressed to think of a film more cloyingly sappy than evelyn this year 
1	the story is smart and entirely charming in intent and execution . 
0	it gets the details of its time frame right but it completely misses its emotions . 
1	catching for griffiths ' warm and winning central performance 
1	just two of the elements that will grab you 
1	the film knows what 's unique and quirky about canadians 
1	that 's part of what makes dover kosashvili 's outstanding feature debut so potent 
0	every possible angle has been exhausted by documentarians 
0	( lin chung 's ) voice is rather unexceptional 
0	bland hotels 
0	a woefully dull 
1	out ballsy and stylish 
0	is banal in its message and the choice of material 
1	to enjoy for a lifetime 
0	the movie is more interested in entertaining itself than in amusing us 
0	a sub-formulaic slap in the face 
1	communal spirit 
1	all comedy 
1	there 's a clarity of purpose and even-handedness to the film 's direction 
1	both garcia and jagger turn in perfectly executed and wonderfully sympathetic characters , who are alternately touching and funny . 
1	, energetic and sweetly whimsical 
1	shows excess in business and pleasure , allowing us to find the small , human moments , and leaving off with a grand whimper 
1	believable that you feel what they feel 
1	show for their labor , living harmoniously , joined in song 
1	remains brightly optimistic , coming through in the end 
1	the pain , loneliness and insecurity of the screenwriting process are vividly and painfully brought to slovenly life in this self-deprecating , biting and witty feature written by charlie kaufman and his twin brother , donald , and directed by spike jonze . 
1	another best 
0	the blanket statements and dime-store ruminations 
1	classic text 
1	last count 
1	by exceptional performances 
1	like shrek , spirit 's visual imagination reminds you of why animation is such a perfect medium for children , because of the way it allows the mind to enter and accept another world . 
1	last orders nurtures the multi-layers of its characters , allowing us to remember that life 's ultimately a gamble and last orders are to be embraced . 
1	ideal outlet 
0	4ever is neither a promise nor a threat so much as wishful thinking . 
0	is the kathie lee gifford of film directors 
0	sucks 
1	the sheer joy and pride 
0	nearly every cliché 
1	a disquieting and thought-provoking film 
0	contrived and exploitative for the art houses and too cynical , small and decadent for the malls . 
0	the worst -- and only -- killer website movie 
1	the best , most 
1	absolutely 
0	that it 's also too stupid to realize that they 've already seen this exact same movie a hundred times 
0	attal pushes too hard to make this a comedy or serious drama . 
0	gone wrong 
0	just too bad the film 's story does not live up to its style 
0	a sour taste in one 's mouth , and little else 
0	will be best appreciated by those willing to endure its extremely languorous rhythms , waiting for happiness 
1	gratify anyone who has ever suspected hollywood of being overrun by corrupt and hedonistic weasels 
1	better than the phantom menace 
1	scenes of cinematic perfection that steal your heart away 
1	making kahlo 's art a living , breathing part of the movie 
1	from its ripe recipe , inspiring ingredients 
0	too sappy for its own good 
0	, it also represents glossy hollywood at its laziest . 
1	as gripping 
0	'd be hard put to find a movie character more unattractive or odorous ( than leon ) 
0	the good , which is its essential problem 
0	from a bygone era 
1	on a high note 
1	an ambitious movie 
1	thoughtful and surprisingly affecting portrait 
0	wastes an exceptionally good idea . 
0	way too full of itself 
0	the disappointingly generic nature of the entire effort 
1	better person 
0	screwball ideas 
0	whatever flaws igby goes down may possess , it is undeniably that 
1	a uniquely sensual metaphorical dramatization of sexual obsession 
1	is a movie you can trust 
1	good human 
0	have strip-mined the monty formula mercilessly since 1997 
0	lends itself to easy jokes and insults 
1	has some freakish powers of visual charm 
1	strange and beautiful film 
1	relies less on forced air than on petter næss ' delicate , clever direction ... and a wonderful , imaginative script by axel hellstenius 
1	like the best 60 minutes exposé , the film ( at 80 minutes ) is actually quite entertaining . 
1	vastly improved germanic version 
1	same sledgehammer appeal 
1	consistently funny , in an irresistible junior-high way , and consistently free 
0	is an all-time low for kevin costner 
0	life 's ultimate losers 
1	it 's nice to see piscopo again after all these years , and chaykin and headly are priceless 
0	the script has less spice than a rat burger 
0	is in more abundant supply in this woefully hackneyed movie , directed by scott kalvert , about street gangs and turf wars in 1958 brooklyn -- stale cliches , gratuitous violence , or empty machismo 
1	mysterious 
1	is pleasant enough 
0	witless mess 
1	the right stuff for silly summer entertainment 
1	pointed , often tender , examination 
1	a modestly made but profoundly moving documentary 
0	the audience when i saw this one was chuckling at all the wrong times , and that 's a bad sign when they 're supposed to be having a collective heart attack . 
0	will have been discovered , indulged in and rejected as boring before i see this piece of crap again . 
1	graces 
0	are puerile 
1	within the seas of their personalities 
0	the intellectual and emotional pedigree of your date and a giant step backward for a director i admire 
0	sure , it 's contrived and predictable , but 
0	ca n't even do that much . 
1	` stock up on silver bullets for director neil marshall 's intense freight train of a film . ' 
1	obsessive love 
0	mystery devoid 
1	laid back 
0	an ultra-loud blast of pointless mayhem , 
1	hugely enjoyable film 
0	favors to sober us up with the transparent attempts at moralizing 
1	the scenic splendor 
0	he 's just a sad aristocrat in tattered finery 
1	reef 
0	long for the end 
1	edits 
1	again and quite cheered at just that 
1	's why sex and lucia is so alluring . 
1	casting excellent latin actors of all ages 
1	portrays their cartoon counterparts well ... 
1	definitely worth 
1	gets the look and the period trappings right 
1	the fourth `` pokemon '' is a diverting -- if predictable -- adventure suitable for a matinee , with a message that cautions children about disturbing the world 's delicate ecological balance . 
0	the awful complications 
1	are immaculate 
0	could n't stand to hear 
1	delivers a monologue that manages to incorporate both the horror and the absurdity of the situation in a well-balanced fashion . 
0	only seems to care about the bottom line 
0	tends to speculation , conspiracy theories or , at best , circumstantial evidence 
1	that tears welled up in my eyes both times 
0	i see this piece of crap again 
1	's mildly entertaining , 
1	one 's imagination will lead when given the opportunity 
0	hell is ) looking down at your watch and realizing serving sara is n't even halfway through . 
0	padded . 
1	the entire cast is first-rate , especially sorvino . 
1	vampire fun 
1	uplifting 
0	street gangs and turf wars in 1958 brooklyn -- stale cliches , gratuitous violence , or empty machismo 
0	's a feel-bad ending for a depressing story that throws a bunch of hot-button items in the viewer 's face and asks to be seen as hip , winking social commentary . 
1	funny , even punny 6 
1	truly larger-than-life 
0	the flat dialogue 
0	, crocodile hunter has the hurried , badly cobbled look of the 1959 godzilla , which combined scenes of a japanese monster flick with canned shots of raymond burr commenting on the monster 's path of destruction . 
1	of female audience members drooling over michael idemoto as michael 
0	even by the intentionally low standards of frat-boy humor , sorority boys is a bowser . 
1	kiarostami has crafted a deceptively casual ode to children and managed to convey a tiny sense of hope . 
0	leave the auditorium feeling dizzy , confused , and totally disorientated 
0	improvised on a day-to-day basis during production 
0	suspect that you 'll be as bored watching morvern callar as the characters are in it . 
0	a worthless film 
0	if you want a movie time trip , the 1960 version is a far smoother ride . 
0	a particularly slanted , gay s/m fantasy 
0	somewhat cumbersome 3d goggles 
0	walked out muttering words like `` horrible '' and `` terrible , '' but had so much fun dissing the film that they did n't mind the ticket cost . 
1	, at least he provides a strong itch to explore more . 
1	a head-turner -- thoughtfully written 
1	manages not only to find a compelling dramatic means of addressing a complex situation 
1	a delightfully dour , 
1	detailed 
1	fancy 
0	sure which half of dragonfly is worse : the part where nothing 's happening , or the part where something 's happening 
0	some serious issues 
1	happy hour 
1	masterful british actor ian holm 
0	is as deep as a petri dish and as well-characterized 
0	lying 
0	an ungainly movie , ill-fitting , 
1	duvall 's 
0	fails as a dystopian movie , as a retooling of fahrenheit 451 , and even as a rip-off of the matrix 
0	a terrible movie , just a stultifyingly obvious one -- 
1	good 
0	noisy and pretentious 
1	, the picture realizes a fullness that does not negate the subject . 
1	its boundary-hopping formal innovations and glimpse 
1	comfort in familiarity 
0	was n't all that great to begin with 
1	this movie got me grinning . 
0	of too many story lines 
0	just utter ` uhhh , ' 
1	a very capable nailbiter . 
1	comfortable 
1	, hard-hitting documentary . 
0	this one feels like a life sentence 
1	courtroom movies , a few nifty twists that are so crucial to the genre and another first-rate performance by top-billed star bruce willis 
1	its utter sincerity 
0	several uninteresting , unlikeable people do bad things to and with each other in `` unfaithful . '' 
1	from pinnacle to pinnacle 
0	yes , i have given this movie a rating of zero . 
1	beating the austin powers films at their own game 
0	is surely one of the most frantic , virulent and foul-natured christmas season pics ever delivered by a hollywood studio . 
1	the best animated 
0	a riot-control projectile or my own tortured psyche 
1	put in service 
1	found in its ability to spoof both black and white stereotypes equally 
0	a sleep-inducingly slow-paced crime drama 
1	confident enough to step back and look at the sick character with a sane eye 
1	eventual discovery 
1	existential exploration 
1	that , with humor , warmth , and intelligence , captures a life interestingly lived 
1	may be surprised at the variety of tones in spielberg 's work . 
0	it is n't merely offensive 
1	is more fully 
0	they will have a showdown , but , by then , your senses are as mushy as peas 
0	searching for a quarter in a giant pile of elephant feces ... positively dreadful 
1	its emphasis on caring for animals and respecting other cultures is particularly welcome 
1	a fascinating study of isolation and frustration that successfully recreates both the physical setting and emotional tensions of the papin sisters 
0	derive from the screenplay , but rather the mediocre performances by most of the actors involved 
0	from the guy-in-a-dress genre 
1	stylish tracking shots 
0	the basic flaws 
1	hyper-realistic images 
1	one of his most daring , and complicated , performances 
0	need to reap more rewards than spiffy bluescreen technique and stylish weaponry 
1	sensuous and 
1	morality , family 
1	never fails to entertain 
1	that are as valid today 
1	form an acting bond that makes the banger sisters a fascinating character study with laughs to spare . 
0	it even uses a totally unnecessary prologue , just because it seems obligatory 
1	top form 
1	in ireland over a man 
1	one of the year 's most intriguing movie experiences 
0	has been gathering dust on mgm 's shelf 
0	late fees 
1	whimsy 
0	a moratorium 
0	a corny examination 
1	but it was n't horrible either . 
1	something serious to say about the ways in which extravagant chance can distort our perspective and throw us off the path of good sense 
1	the charms of stars hugh grant and sandra bullock 
0	offers no new insight on the matter , nor 
1	to overcome his personal obstacles and become a good man 
0	and poorly-constructed comedy 
0	disturbance 
0	most moronic screenplays 
1	realism , crisp storytelling 
1	deeper and more engaging . 
1	some terrific setpieces 
1	insightful moments . 
0	an undistinguished attempt to make a classic theater piece cinematic . 
0	the town has kind of an authentic feel , but each one of these people stand out and everybody else is in the background and it just seems manufactured to me and artificial . 
0	the artificial structure 
0	as far as these shootings are concerned , something is rotten in the state of california 
0	this tepid genre offering 
1	what 's best about 
1	walked away from this new version of e.t. just as i hoped i would -- with moist eyes 
0	you 're not 
1	captivating and 
1	their culture 's manic mix of millennial brusqueness and undying , traditional politesse 
0	an awkwardly contrived exercise 
0	that not only would subtlety be lost on the target audience , but that it 's also too stupid to realize that they 've already seen this exact same movie a hundred times 
0	naïveté 
0	has n't graduated from junior high school 
0	who ca n't act 
1	invigorating , surreal , and resonant with a rainbow of emotion . 
0	as a soufflé gone wrong 
1	nolan 's penetrating undercurrent 
0	precious little substance 
1	adds substantial depth to this shocking testament to anti-semitism and neo-fascism 
0	this movie is 90 minutes long , and 
0	is too much like a fragment of an underdone potato . 
1	emotionally and spiritually compelling 
1	tsai has a well-deserved reputation as one of the cinema world 's great visual stylists , and 
0	drag as soon as the action speeds up 
1	inventive , fun , intoxicatingly sexy , violent , self-indulgent and maddening . 
0	's as lumpy as two-day old porridge ... the filmmakers ' paws , sad to say , were all over this `` un-bear-able '' project 
1	a polished and vastly entertaining caper film that puts the sting back into the con 
1	hopefully , sets the tone for a summer of good stuff 
0	collapses after 30 minutes into a slap-happy series of adolescent violence 
0	rude and profane 
1	straight from the ages 
0	although fairly involving as far as it goes , the film does n't end up having much that is fresh to say about growing up catholic or , really , anything . 
1	you forget you 've been to the movies . 
1	it looks good , 
1	thanks to the presence of ` the king 
1	's a piece of handiwork that shows its indie tatters and self-conscious seams in places , but has some quietly moving moments and an intelligent subtlety 
0	to see if stupid americans will get a kick out of goofy brits with cute accents performing ages-old slapstick and unfunny tricks 
0	sluggish , tonally uneven . 
0	blind date , only less 
1	beats new life into it 
1	intelligent , well-made b movie 
0	one that should be thrown back in the river 
0	on badly-rendered cgi effects 
0	a little underconfident 
0	zoe clarke-williams 's lackluster thriller `` new best friend '' , 
1	a bit exploitative but also nicely done , morally alert and 
1	the filmmakers know how to please the eye , but it is not always the prettiest pictures that tell the best story 
1	that he can cross swords with the best of them and helm a more traditionally plotted popcorn thriller while surrendering little of his intellectual rigor or creative composure 
0	limps along 
0	lackluster script 
1	director/co-writer jacques audiard , though little known in this country , belongs in the very top rank of french filmmakers 
1	to overcome adversity 
1	an enthralling aesthetic experience , one that 's steeped in mystery and a ravishing , baroque beauty . 
1	surprisingly brilliant 
0	though jones and snipes are enthralling , the movie bogs down in rhetoric and cliché . 
1	has a flair for dialogue comedy 
0	been shot 
0	every bad action-movie line in history 
0	it happens to flat characters 
1	so likable 
1	, marvelously twisted shapes history 
0	scene the impressively discreet filmmakers may have expected to record with their mini dv 
0	the dullest kiddie flicks 
1	is even better than the fellowship . 
1	a buoyant delivery 
1	the wild thornberrys movie 
0	the hurried , badly cobbled look 
0	a lumbering , wheezy drag 
1	really won my heart 
1	ultimately very satisfying 
1	the recording sessions are intriguing , and -- on the way to striking a blow for artistic integrity -- 
1	logical , unforced continuation 
0	with any viewer forced to watch him try out so many complicated facial expressions 
0	with the pubescent scandalous 
1	does its best to work us over , with second helpings of love , romance , tragedy , false dawns , real dawns , comic relief , two separate crises during marriage ceremonies , and the lush scenery of the cotswolds . 
0	he 's spiffing up leftovers that are n't so substantial or fresh 
1	splendidly 
1	it may ... work as a jaunt down memory lane for teens and young adults who grew up on televised scooby-doo shows or reruns . 
1	is a movie that refreshes the mind and spirit along with the body 
0	brainless , 
1	bouncy score 
0	eight crazy nights is a total misfire . 
1	old-fashioned but emotionally stirring adventure tale 
1	captures that perverse element of the kafkaesque where identity , overnight , is robbed and replaced with a persecuted `` other 
1	a moral tale with a twisted sense of humor 
1	all the stronger because of it 
1	sex and lucia is so alluring 
0	no palpable chemistry between lopez and male lead ralph fiennes 
1	greatest musicians 
1	take ( its ) earnest errors and hard-won rewards over the bombastic self-glorification of other feel-good fiascos like antwone fisher or the emperor 's club any time 
1	manages the rare trick of seeming at once both refreshingly different and reassuringly familiar 
0	unclear 
1	with real thematic heft 
0	set in a 1986 harlem that does n't look much like anywhere in new york 
1	win you over 
0	nincompoop benigni persona 
1	winner 
0	, truly bad 
1	his film overwhelmed 
0	the tuxedo was n't just bad ; 
0	can drive right by it without noticing anything special , save for a few comic turns , intended and otherwise 
0	twisted shapes history 
1	can honestly describe as looking , sounding and simply feeling like no other film in recent history 
1	creates images even more haunting than those in mr. spielberg 's 1993 classic 
0	derailed 
0	ruthlessly pained 
1	the children of varying ages in my audience never coughed , fidgeted or romped up and down the aisles for bathroom breaks 
1	is an extraordinary film , not least 
0	they do n't fit well together and neither is well told . 
1	elevates the material above pat inspirational status and 
1	maintains your interest until the end and even leaves you with a few lingering animated thoughts . 
0	a huge sacrifice of character and mood 
1	got the wildly popular vin diesel in the equation 
1	welcome perspective 
1	is spot 
1	power-lunchers 
1	the flowers of perversity , comedy and romance 
0	rushed , slapdash , sequel-for-the-sake - of-a-sequel 
0	done that ... a thousand times already 
0	self-flagellation is more depressing than entertaining . 
0	is that it 's a brazenly misguided project 
0	everything 's serious , poetic , earnest and -- sadly -- dull . 
0	bored by as your abc 's 
1	better hip-hop clips 
1	the film , which very simply sets out to entertain and ends up delivering in good measure 
0	of black indomitability 
0	hiding behind cutesy film references 
1	a sometimes incisive and sensitive portrait 
0	, the dialogue sounds like horrible poetry . 
1	godard 's ode to tackling life 's wonderment 
0	a community-college advertisement 
0	mean 
0	smokers only 
1	is balanced by a rich visual clarity and deeply 
1	a testament to de niro and director michael caton-jones 
1	the package in which this fascinating -- and timely -- content comes wrapped 
1	socially encompassing 
0	brutally labored and unfunny hokum 
1	a tour de force of modern cinema . 
1	completely transfixes the audience . 
1	blessed with a searing lead performance by ryan gosling ( murder by numbers ) 
1	won -- and 
0	more than a whiff of exploitation 
0	that celebi could take me back to a time before i saw this movie 
0	the ya-ya 's have many secrets and one is - the books are better 
1	, this is a film that takes a stand in favor of tradition and warmth . 
0	a xerox machine 
1	a bit exploitative but also nicely done , 
0	stress ` dumb . 
1	is no denying the power of polanski 's film 
1	its audience giddy with the delight of discovery 
1	required viewing in university computer science departments for years to come 
0	, crossroads comes up shorter than britney 's cutoffs . 
0	the creative animation work may not look as fully ` rendered ' as pixar 's industry standard , 
0	never capitalizes on this concept and opts for the breezy and amateurish feel of an after school special on the subject of tolerance . 
0	, schaeffer 's film never settles into the light-footed enchantment the material needs , and the characters ' quirks and foibles never jell into charm . 
0	down over 140 minutes 
1	demonstrates a vivid imagination and an impressive style that result in some terrific setpieces 
1	with an unflappable air of decadent urbanity , everett remains a perfect wildean actor , and a relaxed firth displays impeccable comic skill . 
1	a riveting , brisk delight 
1	this may be burns 's strongest film since the brothers mcmullen . 
1	is to be mesmerised . 
1	a fun 
0	to lessen the overall impact the movie could have had 
1	small , personal film 
1	unexpected moments of authentically impulsive humor 
0	leave the theater 
1	he provides a strong itch to explore more . 
1	the filmmakers try to balance pointed , often incisive satire and unabashed sweetness , with results that are sometimes bracing , sometimes baffling and quite often , and in unexpected ways , touching . 
0	owed to benigni 
1	refreshing . 
1	duvall 's throbbing sincerity and his elderly propensity for patting people while he talks 
0	were at home watching that movie instead of in the theater watching this one 
1	is far funnier than it would seem to have any right to be . 
0	loses its fire midway , 
1	inspirational love story 
1	accepting him in the role 
0	an unpleasantly 
1	a straight-shooting family film which awards animals the respect they 've rarely been given . 
0	may be convinced that he has something significant to say 
1	lawrence plumbs personal tragedy and also the human comedy . 
1	has created a breathtakingly assured and stylish work of spare dialogue and acute expressiveness . 
1	so willing to champion the fallibility of the human heart 
0	bilked unsuspecting moviegoers 
1	an appealing blend 
1	the journey to the secret 's eventual discovery is a separate adventure , and thrill enough . 
1	surprised at the variety of tones in spielberg 's work 
1	, starring ben affleck , seem downright hitchcockian 
1	a miraculous movie , i 'm going home is so slight , 
0	cut their losses -- and ours -- and retitle it the adventures of direct-to-video nash , and send it to its proper home 
0	strongly reminiscent 
0	's not clear 
1	many genuine cackles 
1	her skin 
0	with nothing but a savage garden music video on his resume 
0	allows the film to drag on for nearly three hours 
0	some of the discomfort and embarrassment of being a bumbling american in europe 
1	a coming-of-age tale from new zealand whose boozy , languid air is balanced by a rich visual clarity and deeply 
1	holmes has the screen presence to become a major-league leading lady , ( but ) 
1	holds itself 
0	the plot has a number of holes , and at times it 's simply baffling . 
1	an imaginative teacher 
1	's as rude and profane as ever , always hilarious and , most of the time , absolutely right in her stinging social observations . 
0	been too many of these films 
0	with its lackadaisical plotting and mindless action , all about the benjamins evokes the bottom tier of blaxploitation flicks from the 1970s . 
1	moments of inspired humor 
0	dark pit 
1	added clout 
1	a worthwhile glimpse of independent-community guiding lights 
1	of this laughable dialogue 
1	will have a barrie good time 
1	the banter between calvin and his fellow barbers feels like a streetwise mclaughlin group ... and never fails to entertain . 
0	have to check your brain at the door 
1	wondrously 
1	intriguing , provocative stuff 
1	technically sumptuous but 
1	it 's a treat -- a delightful , witty , improbable romantic comedy with a zippy jazzy score 
1	musical numbers 
1	very smart 
1	exploits ( headbanger ) stereotypes in good fun , while adding a bit of heart and unsettling subject matter . 
1	becomes an overwhelming pleasure 
0	gaping plot holes sink this ` sub ' 
0	a soap-opera quality twist in the last 20 minutes ... almost puts the kibosh on what is otherwise a sumptuous work of b-movie imagination . 
0	the story really has no place to go since simone is not real -- she ca n't provide any conflict 
1	yiddish theater , whose jolly , fun-for-fun 's - sake communal spirit goes to the essence of broadway 
1	fabulous 
1	most impressive player 
0	nausea 
1	grant , who has n't lost a bit of the dry humor that first made audiences on both sides of the atlantic love him 
1	keep this fresh . 
0	is dreary and sluggish . 
1	any movie that makes hard work seem heroic deserves a look . 
1	a masterpiece 
0	so many bad romances out there 
0	squanders its beautiful women 
0	for what we can get on television for free 
1	translating complex characters from novels to the big screen is an impossible task but they are true to the essence of what it is to be ya-ya 
1	experienced 
0	to activate girlish tear ducts does n't mean it 's good enough for our girls 
1	return to neverland manages to straddle the line between another classic for the company and 
0	surrounding us with hyper-artificiality 
0	phoned-in business 
0	tossed off 
1	the greatest films 
1	is credible and remarkably mature . 
1	shiver-inducing 
1	a pulpy concept that , in many other hands would be completely forgettable 
1	her agreeably startling use of close-ups 
1	more successful 
1	touching and 
1	stomach-knotting suspense 
1	its sincere acting 
1	lyrical and celebratory vision 
1	more emotional force than any other recent film 
0	avoids all the comic possibilities of its situation , and becomes one more dumb high school comedy about sex gags and prom dates 
0	that is n't heated properly , so that it ends up 
1	proves as clear and reliable an authority on that 
0	impersonal 
0	her bully of a husband 
0	a ` girls gone wild ' video for the boho art-house crowd , the burning sensation is n't a definitive counter-cultural document -- its makers are n't removed and inquisitive enough for that . 
1	major pleasures from portuguese master manoel de oliviera 
0	's repetitive arguments , schemes and treachery 
0	the comedy is nonexistent . 
1	tv 
0	the problem with wendigo 
0	the film runs on a little longer than it needs to 
0	wastes its time on mood 
0	a copy of a copy of a copy 
0	) best works understand why snobbery is a better satiric target than middle-america 
1	are reflected in almost every scene . 
1	vibrance and warmth 
1	'll find it with ring , an indisputably spooky film ; with a screenplay to die for 
0	is lightweight filmmaking 
1	very dark and very funny 
1	stand-up magic 
1	solid performances 
0	's no real sense of suspense 
1	's remarkable procession of sweeping pictures that have reinvigorated the romance genre 
0	has all the hallmarks of a movie designed strictly for children 's home video , a market so insatiable it absorbs all manner of lame entertainment , as long as 3-year-olds find it diverting . 
0	the , yes , snail-like pacing and 
1	every once in a while , a movie will come along that turns me into that annoying specimen of humanity that i usually dread encountering the most - the fanboy 
0	's just hard to believe that a life like this can sound so dull . 
1	a sweet , honest , and enjoyable comedy-drama 
1	otto-sallies has a real filmmaker 's eye . 
1	a show forged in still-raw emotions 
0	imagine the cleanflicks version of ` love story , ' with ali macgraw 's profanities replaced by romance-novel platitudes . 
1	the most wondrous love story 
1	was so endlessly , grotesquely , inventive 
0	with revulsion 
1	an unsettling , memorable cinematic experience 
1	another cool crime movie 
1	ourside the theater roger might be intolerable company , but inside it he 's well worth spending some time with 
0	lacking the slightest bit 
1	the heat of the moment 
1	a group of talented friends 
0	bad and 
0	no . . 
1	be familiar 
0	would that greengrass had gone a tad less for grit and a lot more for intelligibility 
0	stuck in heaven because he 's afraid of his best-known creation ? 
1	of event movies than a spy thriller like the bourne identity 
1	particular new yorkers deeply touched by an unprecedented tragedy 
0	bloated plot 
0	infuriating film . 
0	the wan , thinly sketched story 
1	deserves , at the very least , 
1	approaches his difficult , endless work with remarkable serenity and discipline . 
0	bargain-basement 
0	sandler does n't understand that the idea of exploiting molestation for laughs is funny , not actually exploiting it yourself . 
0	all the dramatic weight 
0	'm not sure which half of dragonfly is worse : the part where nothing 's happening , or the part where something 's happening 
1	is a story that zings all the way through with originality , humor and pathos 
0	as an exploratory medical procedure or an autopsy 
1	, pristine style and bold colors make it as much fun as reading an oversized picture book before bedtime . 
0	horrid 
0	to believe that anyone in his right mind would want to see the it 
1	extraordinary film 
0	cause parents a few sleepless hours 
0	to be had from films crammed with movie references 
0	unfunny tricks 
0	silly -- and gross -- 
1	of social texture and realism 
1	love story 
0	in sorrow 
0	from the choppy editing to the annoying score to ` special effects ' by way of replacing objects in a character 's hands below the camera line , `` besotted '' is misbegotten 
1	excruciatingly 
0	the first half of sorority boys is as appalling as any ` comedy ' to ever spill from a projector 's lens 
1	's a work of enthralling drama 
0	stupid and 
0	have to admit i walked out of runteldat . 
1	all the right ways 
0	) debut can be accused of being a bit undisciplined 
0	both shrill and soporific , and because everything is repeated five or six times 
1	rounded and revealing 
1	most accomplished work 
0	stranded 
0	pack raw dough in my ears 
0	is that they 're stuck with a script that prevents them from firing on all cylinders . 
0	self-consciously flashy camera effects , droning house music and flat , flat dialogue 
1	his impressions of life and loss and time and art with us 
1	nair 's attention to detail 
1	cold , nervy and memorable 
0	ultimately it 's undone by a sloppy script 
0	misleading 
0	'll be wistful for the testosterone-charged wizardry of jerry bruckheimer productions , especially because half past dead is like the rock on a wal-mart budget . 
1	has thankfully ditched the saccharine sentimentality of bicentennial man in favor of an altogether darker side 
0	just plain bad 
1	for most of the characters 
1	full-bodied wit 
1	its ability to shock and amaze 
0	affair 
1	a movie star 
0	is to see two academy award winning actresses ( and one academy award winning actor ) succumb to appearing in this junk that 's tv sitcom material at best 
1	historically significant work 
1	hugely enjoyable in its own right though 
0	dragons 
1	equally impressive 
1	worldly knowledge 
1	an enjoyably 
1	, what an idea , what a thrill ride . 
1	you feel fully embraced by this gentle comedy 
0	say nothing of boring 
0	one sloughs one 's way through the mire of this alleged psychological thriller in search of purpose or even a plot . 
1	swept away ' 
1	the word that comes to mind , while watching eric rohmer 's tribute to a courageous scottish lady 
1	intriguing and honorable 
1	juliette binoche 's sand is vivacious , but 
1	films about loss , grief and recovery are pretty valuable these days . 
0	he has no clue about making a movie 
1	of pre-9 / 11 new york and onto a cross-country road trip of the homeric kind 
0	is too steeped in fairy tales and other childish things to appeal much to teenagers 
1	a very talented but underutilized supporting cast 
1	offbeat thriller 
1	killer website movie 
1	though her fans will assuredly have their funny bones tickled 
1	is still worth hearing 
0	an undistinguished attempt to make a classic theater piece 
0	it 's not a motion picture ; 
0	is like reading a research paper 
1	, it 's an adventure story and history lesson all in one . 
1	a heart , mind or humor of its own 
0	run for your lives ! 
1	than to show us a good time 
0	particularly joyless , and 
1	some of the most ravaging , gut-wrenching , frightening war scenes since `` saving private ryan '' have been recreated by john woo in this little-known story of native americans and their role in the second great war . 
0	in addition to the overcooked , ham-fisted direction , which has all the actors reaching for the back row 
1	deceptively amusing 
1	a stylistic romp that 's always fun to watch . 
0	hate it because it 's lousy 
0	it 's not even a tv special you 'd bother watching past the second commercial break 
1	humorous and heartfelt , douglas mcgrath 's version of ` nicholas nickleby ' left me feeling refreshed and hopeful . 
1	candid , archly funny and 
0	to see how far herzog has fallen 
1	sneaks up on the viewer 
0	rehashes to feed to the younger generations 
1	delectable 
0	how well the schmaltz is manufactured -- to assess the quality of the manipulative engineering 
0	disgusting to begin with 
1	asian neo-realist treasure . 
1	, french director anne fontaine delivers an inspired portrait of male-ridden angst and the emotional blockage that accompanies this human condition 
0	missed opportunity 
1	paints a grand picture of an era and 
0	will no doubt rally to its cause , trotting out threadbare standbys like ` masterpiece ' and ` triumph ' and all that malarkey , but rarely does an established filmmaker so ardently waste viewers ' time with a gobbler like this . 
1	nicks refuses to let slackers be seen as just another teen movie , which means he can be forgiven for frequently pandering to fans of the gross-out comedy . 
0	their computer-animated faces 
0	that is not even as daring as john ritter 's glory days on three 's company 
1	part of the charm of satin rouge is that it avoids the obvious with humor and lightness . 
1	efficiency and 
1	the book 's irreverent energy , 
1	candy-coat with pat storylines , precious circumstances and beautiful stars 
1	an avid interest in the subject 
1	their seats 
1	deserves more than a passing twinkle 
0	's lacking a depth in storytelling usually found in anime like this 
1	compassionate 
1	with strong themes of familial ties and spirituality that are powerful and moving without stooping to base melodrama 
1	auteil 's less dramatic but equally incisive performance 
1	the trees hooting it 's praises 
0	riding with the inherent absurdity of ganesh 's rise up the social ladder 
0	not as outrageous or funny 
0	drain 
1	connoisseurs of chinese film will be pleased to discover that tian 's meticulous talent has not withered during his enforced hiatus . 
1	the unbearable lightness of being 
1	unpredictable comedy 
0	the movie itself appears to be running on hypertime in reverse as the truly funny bits get further and further apart . 
1	what bubbles up out of john c. walsh 's pipe dream is the distinct and very welcome sense of watching intelligent people making a movie 
0	it lacks the utter authority of a genre gem 
0	nary a glimmer of self-knowledge 
1	a lot of the smaller scenes 
0	too neat and new pin-like 
1	, the film is , arguably , the most accomplished work to date from hong kong 's versatile stanley kwan . 
1	of jim brown , a celebrated wonder in the spotlight 
0	for no one 
1	are first-rate 
1	do n't judge this one too soon 
0	, like me , think an action film disguised as a war tribute is disgusting to begin with 
1	watch with kids and use to introduce video as art 
0	though there 's a clarity of purpose and even-handedness to the film 's direction , the drama feels rigged and sluggish . 
1	the price 
1	death to smoochy is often very funny , but what 's even more remarkable is the integrity of devito 's misanthropic vision . 
1	the bodily function jokes are about what you 'd expect , but there are rich veins of funny stuff in this movie 
1	has a bracing truth that 's refreshing after the phoniness of female-bonding pictures like divine secrets of the ya-ya sisterhood 
1	i 've never seen or heard anything quite like this film , and i recommend it for its originality alone 
1	above-average thriller 
1	are so few films about the plight of american indians in modern america that skins comes as a welcome , if downbeat , missive from a forgotten front . 
1	a fascinating case study of flower-power liberation -- 
0	, lacks fellowship 's heart 
1	but a mood in which an ominous , pervasive , and unknown threat lurks just below the proceedings and adds an almost constant mindset of suspense 
1	infatuation 
1	, stuart little 2 manages sweetness largely without stickiness . 
0	a real shame 
0	has stopped challenging himself 
0	they 're merely signposts marking the slow , lingering death of imagination . 
0	a tawdry b-movie scum 
0	it is not the first time that director sara sugarman stoops to having characters drop their pants for laughs and not the last time she fails to provoke them . 
1	courage and happiness 
1	some intelligent observations 
0	is unable to project either esther 's initial anomie or her eventual awakening 
1	of faith 
0	the makers of this ` we 're - doing-it-for - the-cash ' sequel were 
0	until it goes off the rails in its final 10 or 15 minutes 
1	a delightful lark for history buffs 
1	is a dazzling conceptual feat 
1	a servicable world war ii drama 
0	because the cast is so engagingly messing around like slob city reductions of damon runyon crooks 
0	is really closer to porn than a serious critique of what 's wrong with this increasingly pervasive aspect of gay culture . 
1	a captivatingly quirky hybrid of character portrait , romantic comedy and beat-the-clock thriller . 
0	short on larger moralistic consequences 
0	's just another cartoon with an unstoppable superman . 
1	the irwins ' scenes are fascinating 
1	nervy and memorable 
1	intelligent screenplay 
1	the beauty and power of the opera 
1	the level of intelligence and visual splendor that can be seen in other films 
1	diverse and astonishingly articulate 
1	it 's an entertaining movie 
1	achieve the popularity of my big fat greek wedding 
0	has no snap to it , no wiseacre crackle or hard-bitten cynicism . 
1	for laughs 
1	whom the 
0	straining to get by on humor that is not even as daring as john ritter 's glory days on three 's company . 
1	there 's a lot of tooth in roger dodger . 
1	more because you 're one of the lucky few who sought it out 
1	it seems impossible that an epic four-hour indian musical about a cricket game could be this good , but it is . 
0	a glorified sitcom , and 
0	is a matter of plumbing arrangements and mind games , of no erotic or sensuous charge 
0	is more interesting than the screenplay , which lags badly in the middle and lurches between not-very-funny comedy , unconvincing dramatics and some last-minute action strongly reminiscent of run lola run 
1	a romantic crime comedy that turns out to be clever , amusing and unpredictable 
0	as if the movie is more interested in entertaining itself than in amusing us 
0	loser 
0	grand a failure 
0	made all too clear in this schlocky horror/action hybrid 
0	limited and so embellished by editing that there 's really not much of a sense of action or even action-comedy 
0	it includes a fair share of dumb drug jokes and predictable slapstick 
1	nice album 
0	behave like kids 
0	this sneaky feel to it -- as if the director is trying to dupe the viewer into taking it all as very important simply because the movie is ugly to look at and not a hollywood product 
0	the biggest disappointments 
1	fun for kids of any age 
1	an especially well-executed television movie 
0	's plenty to offend everyone ... 
1	directed with verve 
1	an inventive 
0	of boredom to the point of collapse , turning into a black hole of dullness , from which no interesting concept can escape 
1	so perfect for a ballplayer 
1	for the best of hollywood 's comic-book 
0	with no obvious escape 
0	even that 's too committed . 
1	ingenious fun 
1	a ray of hope 
1	, astonish and entertain 
0	the script assumes that not only would subtlety be lost on the target audience , but that it 's also too stupid to realize that they 've already seen this exact same movie a hundred times 
0	the movie is undone by a filmmaking methodology that 's just experimental enough to alienate the mainstream audience while ringing cliched to hardened indie-heads . 
0	unassuming , subordinate 
1	character portrait , romantic comedy and beat-the-clock thriller 
1	great character interaction . 
1	first-rate 
1	the rich performances 
0	been leavened by a charm that 's conspicuously missing from the girls ' big-screen blowout 
1	a live-wire film that never loses its ability to shock and amaze . 
1	came handed down from the movie gods on a silver platter 
1	a movie in which laughter and self-exploitation merge into jolly soft-porn 'em powerment . ' 
1	, revolution # 9 proves to be a compelling 
1	ballistic : 
1	laugh riot 
0	superficial and unrealized 
1	's the image that really tells the tale 
1	otherwise excellent film 
1	to be ( tsai 's ) masterpiece 
1	original and highly cerebral 
1	the tragedy beneath it 
1	, the film unfolds with all the mounting tension of an expert thriller , until the tragedy beneath it all gradually reveals itself . 
1	the enjoyable undercover brother , a zany mix of saturday night live-style parody , '70s blaxploitation films and goofball action comedy gone wild , 
0	absurdly simplistic picture 
1	quality band 
1	like something wholly original 
1	, dancing , singing , and unforgettable characters 
0	beginning with the minor omission of a screenplay 
0	a straight-to-video movie 
0	'll find in this dreary mess . 
0	bean drops the ball too many times ... hoping the nifty premise will create enough interest to make up for an unfocused screenplay . 
0	for a guy who has waited three years with breathless anticipation for a new hal hartley movie to pore over , no such thing is a big letdown . 
1	a captivating and intimate study about dying and loving 
0	more repulsive 
0	an artful yet depressing film that makes a melodramatic mountain out of the molehill of a missing bike . 
1	a therapeutic zap of shock treatment 
1	the mood , look and tone of the film fit the incredible storyline to a t. 
1	wind up remembering with a degree of affection rather than revulsion 
1	capturing the opera 's drama and lyricism 
0	nearly impossible to care about 
0	'' will leave you wanting to abandon the theater . 
0	worst harangues 
0	a cross between blow and boyz n the hood , this movie strives to be more , but does n't quite get there . 
0	flatula 
1	a nation whose songs spring directly from the lives of the people 
0	too predictably 
0	look so bad in a major movie 
1	very funny as you peek at it through the fingers in front of your eyes 
1	watching these eccentrics is both inspiring and pure joy . 
0	time waster ' 
0	beneath it 
1	the sweet , melancholy spell 
1	got to hand it to director george clooney for biting off such a big job the first time out 
0	a matter of plumbing arrangements and mind games , of no erotic or sensuous charge 
0	a total misfire 
0	fails to entertain 
0	a remake by the numbers 
0	to know your ice-t 's from your cool-j 's to realize that as far as these shootings are concerned , something is rotten in the state of california 
0	a bunch of typical late-twenty-somethings natter on about nothing 
1	sweet , melancholy spell 
1	you 've endured a long workout without your pulse ever racing 
0	made every effort to disguise it as an unimaginative screenwriter 's invention 
1	an encouraging new direction 
0	as tiresome as 9 
1	mixes in as much humor as pathos to take us on his sentimental journey of the heart 
1	`` brown sugar '' admirably aspires to be more than another `` best man '' clone by weaving a theme throughout this funny film . 
1	that 's apparently just what ( aniston ) has always needed to grow into a movie career 
1	of a valentine sealed with a kiss 
1	to like 
0	the story is lacking any real emotional impact , and the plot is both contrived and cliched . 
1	's also nice 
1	characters that bring the routine day to day struggles of the working class to life 
0	shockingly manages to be even worse than its title 
0	the slightly flawed ( and fairly unbelievable ) finale 
1	until you feel fully embraced by this gentle comedy 
0	splatter 
1	is unusual , food-for-thought cinema that 's as entertaining as it is instructive 
0	overwrought , melodramatic bodice-ripper . 
1	to a superior crime movie 
1	best irish sense 
1	a successful example of the lovable-loser protagonist 
1	end all chases 
1	splashed with bloody beauty as vivid 
0	yet curiously tepid and choppy recycling in which predictability is the only winner 
0	may be disappointed . 
1	it 's also nice to see a movie with its heart so thoroughly , unabashedly on its sleeve 
1	action-packed film 
1	contribute to a mood that 's sustained through the surprisingly somber conclusion 
0	they presume their audience wo n't sit still for a sociology lesson , however entertainingly presented , so they trot out the conventional science-fiction elements of bug-eyed monsters and futuristic women in skimpy clothes 
1	there 's just something about watching a squad of psychopathic underdogs whale the tar out of unsuspecting lawmen that reaches across time and distance . 
1	a deeply moving effort to put a human face on the travail of thousands of vietnamese 
1	manages , with terrific flair , to keep the extremes of screwball farce and blood-curdling family intensity on one continuum . 
1	riveting 
0	a grim future that does n't come close to the level of intelligence and visual splendor that can be seen in other films 
1	accomplished work 
0	waterlogged script 
1	're at the right film 
0	boiling point 
0	struggle 
1	a very moving and revelatory footnote 
0	dry the undead action flick formula 
1	with universal appeal 
0	predictable storyline 
1	ozpetek 's effort has the scope and shape of an especially well-executed television movie . 
1	liking showgirls 
1	it has some cute moments , funny scenes , and hits the target audience ( young bow wow fans ) - with nothing but net 
1	postcard perfect , 
0	amnesiac 
1	invited to the party 
0	to old movies , when you could just rent those movies instead , let alone seek out a respectable new one 
0	lost on the target audience 
0	allegiance to chekhov , which director michael cacoyannis displays with somber earnestness in the new adaptation of the cherry orchard , is a particularly vexing handicap . 
1	that most frightening of all movies 
1	abridged edition 
1	charming and witty , it 's also somewhat clumsy . 
0	is derived from a lobotomy , having had all its vital essence scooped out and discarded 
0	dispassionate 
0	repellent to fully endear itself to american art house audiences , 
1	accomplished oscar winners susan sarandon , dustin hoffman and holly hunter , yet newcomer ellen pompeo pulls off the feat with aplomb 
0	's already been too many of these films ... 
0	a cheap , ludicrous attempt at serious horror . 
1	apart is the vision that taymor , the avant garde director of broadway 's the lion king and the film titus , brings . 
0	really horrible 
1	intelligent and 
1	gets under your skin and , some plot blips aside 
1	proves once again he has n't lost his touch , bringing off a superb performance in an admittedly middling film 
0	into sugary sentiment and withholds delivery on the pell-mell 
1	one of the movies you 'd want to watch if you only had a week to live 
0	breaks its little neck trying to perform entertaining tricks 
1	propels her into the upper echelons of the directing world 
1	likable story 
1	are few things in this world more complex -- and , as it turns out , more fragile 
1	a feel-good movie 
1	ca n't help but feel ` stoked . 
1	courageousness 
0	of randomness usually achieved only by lottery drawing 
1	with an expressive face reminiscent of gong li and a vivid personality like zhang ziyi 's , dong stakes out the emotional heart of happy . 
1	the stomach-knotting suspense of a legal thriller 
1	of good-natured fun found in films like tremors 
1	the least bit ashamed in admitting that my enjoyment came at the expense of seeing justice served , even if it 's a dish that 's best served cold 
1	wild , endearing , masterful 
1	makes the heart soar 
1	disney 
1	by flashes of mordant humor 
1	even-flowing tone 
1	as cleverly plotted as the usual suspects 
1	canada 
1	as one of the most interesting writer/directors working today 
0	too crazy 
0	picked not for their acting chops , but for their looks 
1	a marvelous performance by allison lohman as an identity-seeking foster child . 
1	to see a feature that concentrates on people , a project in which the script and characters hold sway 
1	enthusiasm , sensuality and a conniving wit 
1	a first-class , thoroughly involving b movie that effectively combines two surefire , beloved genres -- 
1	humor and 
0	that falls far short of the peculiarly moral amorality of ( woo 's ) best work 
1	significantly different ( and better ) 
0	is to reduce everything he touches to a shrill , didactic cartoon 
1	the final day of the season 
1	helps keep the proceedings as funny for grown-ups as for rugrats 
1	, introspective and entertaining 
1	intricately structured and well-realized 
0	, unlikable characters 
1	it 's about family 
0	is of brian de palma 's addiction to the junk-calorie suspense tropes that have all but ruined his career 
1	cleverly written 
1	fans will undoubtedly enjoy it , 
1	should jolt you out of your seat a couple of times , give you a few laughs , and leave you feeling like it was worth your seven bucks , even though it does turn out to be a bit of a cheat in the end 
0	might just be better suited to a night in the living room than a night at the movies 
1	when a movie has stuck around for this long 
1	both hugely entertaining and uplifting 
1	as rogue cia assassins working for chris cooper 's agency boss close in on the resourceful amnesiac 
0	is akin to a reader 's digest condensed version of the source material 
0	it 's so devoid of joy and energy it makes even jason x ... look positively shakesperean by comparison . 
1	a genial romance that maintains a surprisingly buoyant tone throughout , notwithstanding some of the writers ' sporadic dips into pop freudianism 
1	a heartbreakingly thoughtful minor classic 
0	gasp , shudder 
1	salma hayek has a feel for the character at all stages of her life 
1	i do n't feel the least bit ashamed in admitting that my enjoyment came at the expense of seeing justice served , even if it 's a dish that 's best served cold . 
0	viewers out in the cold and undermines some phenomenal performances 
1	ingenious and 
1	a very good time 
1	joe dante 's similarly styled gremlins 
0	scathing 
1	is as visceral as a gut punch 
1	last year 's kubrick-meets-spielberg exercise 
1	sets this romantic comedy apart from most hollywood romantic comedies 
1	comedy genre 
1	win you over , in a big way 
0	the haphazardness of evil 
1	high drama , disney-style - a wing and a prayer and a hunky has-been pursuing his castle in the sky 
1	despite an overwrought ending , the film works as well as it does because of the performances . 
1	girl entry 
1	a fine , 
0	very shapable but largely unfulfilling 
0	not engaging 
0	stereotypes that gives the ( teen comedy ) 
1	artful 
0	feel my eyelids ... getting ... very ... heavy 
0	gay s/m fantasy 
1	take his smooth , shrewd , powerful act abroad 
1	holds the screen like a true star . 
1	in a movie full of surprises 
1	defuses this provocative theme by submerging it in a hoary love triangle . 
0	cold porridge with only the odd enjoyably chewy lump 
0	know about rubbo 's dumbed-down tactics 
0	awful as some of the recent hollywood trip tripe 
0	timid and soggy 
1	complex portrait of a modern israel 
0	has been overexposed 
1	the robust middle of this picture 
1	not a strike 
0	this poor remake 
0	acting , poorly dubbed dialogue and murky cinematography 
1	a big , tender hug 
0	do we have that same option to slap her creators because they 're clueless and inept 
0	lawrence unleashes his trademark misogyny -- er , comedy -- like a human volcano or an overflowing septic tank 
1	immersed in a foreign culture only 
1	a fluid , no-nonsense authority 
1	catch it ... if you can ! 
0	the film has a laundry list of minor shortcomings , but 
0	thing to do with these characters except have them run through dark tunnels , fight off various anonymous attackers , and evade elaborate surveillance technologies 
1	campanella 's competent direction and his excellent cast overcome the obstacles of a predictable outcome and a screenplay that glosses over rafael 's evolution . 
0	the dutiful precision of a tax accountant 
1	saucy 
1	a 60-second homage 
0	its critical backlash 
0	completely serviceable and quickly forgettable 
1	of invention 
1	it with ring , an indisputably spooky film 
1	have to give them credit for : the message of the movie 
1	deeply pessimistic or 
0	the worst sense of the expression 
0	does too much meandering , norton has to recite bland police procedural details , fiennes wanders around in an attempt to seem weird and distanced , hopkins looks like a drag queen . 
1	, `` far from heaven '' is a masterpiece . 
0	of a frustrating misfire 
0	loud , low-budget and tired formula film 
1	quite enough of them 
1	byron and luther 
1	clearly see the world of our making . 
1	it chiefly inspires you to drive a little faster 
0	for frequently pandering to fans of the gross-out comedy 
1	there is a great deal of fun . 
1	realized on the screen 
0	does a disservice 
1	flamboyant 
1	elegant technology 
0	made but uninvolving 
0	, flat dialogue 
1	famous moments 
0	silences 
1	slick 
1	any enjoyment will be hinge from a personal threshold of watching sad but endearing characters do extremely unconventional things . 
1	william james once called ` the gift of tears 
1	it 's as comprehensible as any dummies guide , something even non-techies can enjoy . 
0	wishing that you and they were in another movie 
1	arty and jazzy 
0	, sterile and lacking 
1	, duty and friendship 
1	enjoy its own transparency 
0	overlong documentary about ` the lifestyle . 
1	this is grand-scale moviemaking for a larger-than-life figure , an artist who has been awarded mythic status in contemporary culture . 
1	reminds us that , in any language , the huge stuff in life can usually be traced back to the little things . 
0	though impostor deviously adopts the guise of a modern motion picture , it too is a bomb . 
0	a summary of the plot does n't quite do justice to the awfulness of the movie , for that comes through all too painfully in the execution . 
1	all its brilliant touches 
1	the hype , the celebrity , 
0	, director chris columbus takes a hat-in-hand approach to rowling that stifles creativity and allows the film to drag on for nearly three hours . 
0	watch people doing unpleasant things to each other and themselves 
1	precise 
1	film a must for everyone 
1	great 
1	swept away '' is the one hour and thirty-three minutes 
1	understated piece 
0	while the performances are often engaging , this loose collection of largely improvised numbers would probably have worked better as a one-hour tv documentary . 
1	piercingly affecting ... while clearly a manipulative film , emerges as powerful rather than cloying . 
0	like a sucker 
0	vile 
1	franchise possibilities 
0	the pale script 
0	memorable for a peculiar malaise that renders its tension flaccid and , by extension , its surprises limp and its resolutions ritual 
0	his sense of story and his juvenile camera movements smack of a film school undergrad 
1	the earmarks 
1	of that delicate canon 
0	does little 
1	in all its strange quirks 
1	imaginatively 
1	emphasizes the well-wrought story and 
1	a crowd-pleaser , but then , so 
1	the highest power 
1	comprehensible 
1	elegance 
1	as chilling and fascinating as philippe mora 's modern hitler-study 
1	warm , fuzzy 
0	another gross-out college comedy -- 
1	neat trick 
1	in the way they help increase an average student 's self-esteem 
1	early laughs 
1	's insecure in lovely and amazing , a poignant and wryly amusing film about mothers , daughters and their relationships . 
0	( the kid 's ) just too bratty for sympathy , and 
0	one thing 's for sure -- if george romero had directed this movie , it would n't have taken the protagonists a full hour to determine that in order to kill a zombie you must shoot it in the head . 
0	accident-prone 
1	this a moving experience for people who have n't read the book 
1	as an introduction to the man 's theories and influence , derrida is all but useless ; as a portrait of the artist as an endlessly inquisitive old man , however , it 's invaluable 
1	a pleasant and engaging enough sit 
1	for easy , seductive pacing 
1	but once the falcon arrives in the skies above manhattan , the adventure is on red alert . 
0	so sloppy , 
0	often it 's meandering , low on energy , and too eager to be quirky at moments when a little old-fashioned storytelling would come in handy 
0	jaw-droppingly superficial , straining to get by on humor that is not even as daring as john ritter 's glory days on three 's company . 
1	deeply affecting film 
1	( assayas ' ) homage to the gallic ` tradition of quality 
1	mind , while watching eric rohmer 's tribute 
1	amused 
0	loose , unaccountable direction 
1	the performers are so spot on , it is hard to conceive anyone else in their roles . 
0	is enough to save oleander 's uninspired story . 
0	violent , vulgar and forgettably 
1	the saturday morning cartoons 
1	about one of cinema 's directorial giants 
1	eardrum-dicing gunplay , screeching-metal smashups , 
1	director roger kumble offers just enough sweet and traditional romantic comedy to counter the crudity . 
1	seems so larger than life and yet so fragile 
0	of ` should have been a sketch on saturday night live 
0	done , so primitive in technique , 
1	hefty thematic material 
1	amusing and unexpectedly insightful 
1	does n't become smug or sanctimonious towards the audience 
0	assume he had a bad run in the market or a costly divorce , because there is no earthly reason other than money why this distinguished actor would stoop so low 
1	is its utter sincerity . 
1	that trademark grin 
1	passionate , tumultuous affair 
1	of humor about itself , a playful spirit and a game cast 
1	a wonderful tale of love and destiny 
1	sugar '' admirably 
0	to this film that may not always work 
1	beautifully acted and directed , it 's clear that washington most certainly has a new career ahead of him if he so chooses . 
1	the gentle comic treatment of adolescent sturm und drang 
1	klein , charming in comedies like american pie and dead-on in election , 
0	the entire point of a shaggy dog story , of course , is that it goes nowhere , and 
0	you might to scrutinize the ethics of kaufman 's approach 
0	that 's because relatively nothing happens . 
1	look at morality , family , and social expectation through the prism of that omnibus tradition called marriage 
0	too overdone 
1	self-determination 
0	it feels much longer 
1	heroic deserves a look 
1	so integrated with the story 
0	what should have been a cutting hollywood satire is instead about as fresh as last week 's issue of variety . 
0	laden with plenty of baggage 
1	an intelligent romantic thriller 
1	is n't in this film , which may be why it works as well as it does . 
1	`` red dragon '' never cuts corners . 
0	an overstylized , puréed mélange of sex , psychology , drugs and philosophy 
1	nicole holofcener 's lovely and amazing , from her own screenplay , jumps to the head of the class of women 's films that manage to avoid the ghetto of sentimental chick-flicks by treating female follies with a satirical style . 
1	warm water under a red bridge is a celebration of feminine energy , a tribute to the power of women to heal . 
0	, `` rollerball '' 2002 may go down in cinema history as the only movie ever in which the rest of the cast was outshined by ll cool j. 
1	this chicago has hugely imaginative and successful casting to its great credit , as well as one terrific score and attitude to spare . 
0	... a sour little movie at its core ; an exploration of the emptiness that underlay the relentless gaiety of the 1920 's ... the film 's ending has a `` what was it all for ? '' 
1	as good as the full monty , but a really strong second effort . 
1	is doing something of a public service -- shedding light on a group of extremely talented musicians who might otherwise go unnoticed and underappreciated by music fans . 
0	trashy 
0	limited 
0	lacks the skill or presence to regain any ground 
1	engaging diatribes 
1	at its visual delights 
1	splashy and 
1	it will do so in a way that does n't make you feel like a sucker 
1	perfectly 
1	enjoyable family 
1	good taste 
1	few will argue that it ranks with the best of herzog 's works 
1	funny look 
1	the chateau is a risky venture that never quite goes where you expect and often surprises you with unexpected comedy . 
0	mothers , 
1	a movie that will make you laugh 
0	sorvino makes the princess seem smug and cartoonish , and the film only really comes alive when poor hermocrates and leontine pathetically compare notes about their budding amours . 
1	far more meaningful story 
1	, the film operates nicely off the element of surprise , 
1	michel 
1	pushed to their most virtuous limits , lending the narrative an unusually surreal tone 
0	sad to say 
0	obnoxious comedy 
0	been this odd , inexplicable and unpleasant 
0	feces 
0	offers no new insight on the matter 
0	walked away not really know who `` they '' were , what `` they '' looked like 
1	appropriately cynical social commentary 
1	that manages to show the gentle and humane side of middle eastern world politics 
1	is that rare animal known as ' a perfect family film , 
0	mawkish dialogue 
1	increasingly important film industry 
0	the junk-calorie suspense tropes 
1	historically significant , and personal , episode 
0	is no earthly reason other than money why this distinguished actor would stoop so low 
0	add up to more than body count 
1	live happily ever after 
1	is its surreal sense of humor and technological finish . 
1	which are such that we 'll keep watching the skies for his next project 
1	to mention absolutely refreshed . 
1	was reading the minds of the audience . 
1	the qualities 
0	a side dish of asparagus 
1	their perceptiveness about their own situations 
1	so insatiable 
1	some laughs and 
1	imaginative as one might have hoped 
1	late marriage is an in-your-face family drama and black comedy that is filled with raw emotions conveying despair and love . 
1	can gasp , shudder and even tremble without losing his machismo 
1	waydowntown may not be an important movie , or even a good one , but it provides a nice change of mindless pace in collision with the hot oscar season currently underway . 
0	we 're left thinking the only reason to make the movie is because present standards allow for plenty of nudity 
1	finely crafted 
1	scenery , vibe and all 
1	for the most part he makes sure the salton sea works the way a good noir should , keeping it tight and nasty 
0	of an ordeal than an amusement 
1	probably the best case for christianity since chesterton and lewis . 
0	of the whole slo-mo , double-pistoled , ballistic-pyrotechnic hong kong action aesthetic 
1	playful paranoia 
0	, trouble every day is a plodding mess . 
1	decides 
0	was being attempted here that stubbornly refused to gel 
0	a screwed-up man who dared to mess with some powerful people 
1	a solid cast 
1	wonderful fencing scenes 
1	wickedly fun 
1	an intelligent romantic thriller of a very old-school kind of quality 
0	a listless sci-fi comedy in which eddie murphy deploys two guises and elaborate futuristic sets to no particularly memorable effect . 
1	yet in its own aloof , unreachable way it 's so fascinating you wo n't be able to look away for a second . 
1	the brain is engaged 
0	leaves a lot to be desired . 
1	cannibal lust above the ordinary 
0	gross-out flicks , college flicks , or 
1	honesty that is tragically rare in the depiction of young women in film 
1	marshall keeps the energy humming , and 
1	beautiful 
1	a delightful , if minor , pastry of a movie . 
0	conjure proper respect for followers of the whole dead-undead genre , who deserve more from a vampire pic than a few shrieky special effects 
0	feels so distant you might as well be watching it through a telescope 
0	to believe that a life like this can sound so dull 
0	of hollywood heart-string plucking 
0	it forces you to watch people doing unpleasant things to each other and themselves , and 
1	witch project real-time roots 
1	undeniable social realism 
1	has the screen presence to become a major-league leading lady , ( but ) 
1	the ambiguous welcome 
1	allowing us to find the small , human moments , and 
0	tired old 
1	laugh their *** off for an hour-and-a-half 
0	the movie is hardly a masterpiece , 
1	satisfies 
1	exceeds expectations 
0	it 's not only dull because we 've seen ( eddie ) murphy do the genial-rogue shtick to death , but because the plot is equally hackneyed . 
0	, the movie 's wildly careening tone and an extremely flat lead performance do little to salvage this filmmaker 's flailing reputation . 
1	make creative contributions to the story and dialogue 
0	luridly graphic and 
1	is brilliant , really 
0	90 punitive minutes of eardrum-dicing gunplay , screeching-metal smashups , and flaccid odd-couple sniping . 
0	appalling , 
1	love-struck 
1	if anything , the film is doing something of a public service -- shedding light on a group of extremely talented musicians who might otherwise go unnoticed and underappreciated by music fans . 
1	proves it 's never too late to learn . 
1	's a wonderful , sobering , heart-felt drama 
1	nice piece 
0	nothing sticks , really , except a lingering creepiness one feels from being dragged through a sad , sordid universe of guns , drugs , avarice and damaged dreams . 
1	are worth the price of admission ... if `` gory mayhem '' is your idea of a good time 
0	their story is predictable 
1	is nevertheless efficiently amusing for a good while . 
0	, this cinderella story does n't have a single surprise up its sleeve . 
1	wondering why lee 's character did n't just go to a bank manager and save everyone the misery 
1	a flair for dialogue comedy 
1	blessed 
1	manages to sustain a good simmer for most of its running time 
1	literal 
1	fluidity and sense 
0	bears about as much resemblance to the experiences of most battered women as spider-man does to the experiences of most teenagers . 
1	destined to fill the after-school slot at shopping mall theaters across the country . 
0	... most viewers will wish there had been more of the `` queen '' and less of the `` damned . '' 
1	zhuangzhuang creates delicate balance of style , text , and subtext that 's so simple and precise that anything discordant would topple the balance , but against all odds , nothing does 
1	with liberal doses of dark humor , gorgeous exterior photography , and a stable-full of solid performances 
0	tiresome cliché 
1	this charming , thought-provoking new york fest 
1	ferrara 's best film in years . 
0	tosses around sex toys and offers half-hearted paeans to empowerment that are repeatedly undercut by the brutality of the jokes , most at women 's expense . 
1	teaming 
1	of the few ` cool ' actors who never seems aware of his own coolness 
0	shoplifts 
1	it 's the type of film about growing up that we do n't see often enough these days : realistic , urgent , and not sugarcoated in the least 
1	odd but ultimately satisfying 
0	at best , i 'm afraid . 
1	its writer-director 's heart is in the right place , his plea for democracy and civic action laudable . 
1	does n't drag an audience down 
1	smart and fun , but far more witty 
1	the pitch-perfect forster 
1	been more geeked when i heard that apollo 13 was going to be released in imax format 
1	bring the routine day to day struggles of the working class to life 
0	such as skateboarder tony hawk or bmx rider mat hoffman , are about a half dozen young turks angling to see how many times they can work the words `` radical '' or `` suck '' into a sentence . 
1	emerge with unimpeachable clarity 
0	lacks balance ... and fails to put the struggle into meaningful historical context . 
1	the chilled breath of oral storytelling frozen onto film 
0	to recite bland police procedural details , fiennes wanders around in an attempt 
1	the be-all-end-all of the modern-office anomie films 
1	the baseball-playing monkey 
0	has nothing 
0	doubt the filmmakers ' motives 
1	detailing 
1	two ideas 
1	'd expect to see on showtime 's ` red shoe diaries 
1	, rapid-fire delivery 
1	a leap from pinnacle to pinnacle 
1	, much ado about something is an amicable endeavor . 
0	've grown tired of going where no man has gone before 
1	succeeds as an emotionally accessible , almost mystical work 
0	balance all the formulaic equations in the long-winded heist comedy 
1	strikes a tone that 's alternately melancholic , hopeful and strangely funny 
0	speaks more of the season than the picture 
1	, inescapably gorgeous , 
1	pleasing the crowds 
1	undisputed 
0	expands the horizons of boredom to the point of collapse , turning into a black hole of dullness , from which no interesting concept can escape . 
0	is unusual but unfortunately also irritating . 
1	pedestrian 
0	screams 
1	comedy that is warm , inviting , and surprising 
1	with energy , intelligence and verve , enhanced by a surplus of vintage archive footage 
0	talky , artificial and opaque ... an interesting technical exercise , but a tedious picture . 
1	sign 
1	another masterpiece 
1	for large-scale action and suspense 
1	like shiner 's organizing of the big fight , pulls off enough 
1	go see this delightful comedy . 
0	of dead-end distaste 
0	drags , underscoring the obvious 
0	the dialogue is very choppy and monosyllabic despite the fact that it is being dubbed . 
0	stop eric schaeffer before he makes another film 
1	manages to be compelling , amusing and unsettling at the same time 
1	thoughtful movie 
1	immensely ambitious , different than anything that 's been done before and amazingly successful in terms of what it 's trying to do 
1	of masterpiece 
0	find an escape clause 
1	driven by a fantastic dual performance from ian holm ... 
0	it the adventures of direct-to-video nash 
1	proves to be a good match of the sensibilities of two directors . 
0	of a pregnant premise being wasted by a script that takes few chances and manages to insult the intelligence of everyone in the audience 
1	walked away from this new version of e.t. just as i hoped i would -- with moist eyes . 
0	without a conclusion or pay off 
1	most pleasurable expressions 
0	the pretensions -- and disposable story -- 
0	this is lightweight filmmaking , to be sure 
0	is n't scary 
0	honestly , i do n't see the point 
0	bloodwork is n't a terrible movie , just a stultifyingly obvious one -- an unrewarding collar for a murder mystery . 
0	like a grinning jack o ' lantern , its apparent glee is derived from a lobotomy , having had all its vital essence scooped out and discarded . 
1	with love for the movies of the 1960s 
0	in a superficial way , while never sure 
1	a gorgeously strange movie 
1	, she 's appealingly manic and energetic . 
0	this is n't even a movie we can enjoy as mild escapism ; 
1	an engrossing portrait of a man whose engaging manner and flamboyant style made him a truly larger-than-life character 
0	spied with my little eye ... a mediocre collection of cookie-cutter action scenes 
0	... the good and different idea ( of middle-aged romance ) is not handled well and , except for the fine star performances , there is little else to recommend `` never again . '' 
1	fascinating , bombshell documentary 
1	, tragedy , bravery , political intrigue , partisans and sabotage 
0	about the benjamins evokes the bottom tier of blaxploitation flicks from the 1970s . 
1	the acting in pauline and paulette is good all round , but what really sets the film apart is debrauwer 's refusal to push the easy emotional buttons . 
0	low on both suspense and payoff 
0	one strike 
1	boredom never takes hold . 
1	infuses the movie with much of its slender , 
0	virtually no aftertaste 
0	this is not an easy film . 
1	it uses very little dialogue , making it relatively effortless to read and follow the action at the same time . 
1	are n't too many films that can be as simultaneously funny , offbeat and heartwarming ( without a thick shmear of the goo , at least ) 
1	hugely entertaining from start to finish , featuring a fall from grace that still leaves shockwaves 
0	monotony 
0	routine is offensive , puerile and unimaginatively foul-mouthed if it was at least funny 
1	even when there are lulls , the emotions seem authentic , and the picture is so lovely toward the end ... you almost do n't notice the 129-minute running time . 
0	is why film criticism can be considered work 
0	an entertainment so in love with its overinflated mythology that it no longer recognizes the needs of moviegoers for real characters and compelling plots . 
1	arrive early and stay late , 
0	provide much more insight than the inside column of a torn book jacket 
0	made to be jaglomized is the cannes film festival , the annual riviera spree of flesh , buzz , blab and money . 
1	most good-hearted yet sensual 
0	not a strike against yang 's similarly themed yi yi , but i found what time ? 
1	satin rouge is not a new , or inventive , journey , but it 's encouraging to see a three-dimensional , average , middle-aged woman 's experience of self-discovery handled with such sensitivity 
0	boasts eye-catching art direction but has a forcefully quirky tone that quickly wears out its limited welcome . 
0	to imagine acting that could be any flatter 
1	this wild welsh whimsy 
0	in the end , the movie bogs down in insignificance , saying nothing about kennedy 's assassination and revealing nothing about the pathology it pretends to investigate . 
1	soulful , 
0	formula mercilessly 
1	satisfyingly unsettling ride 
0	it takes a really long , slow and dreary time to dope out what tuck everlasting is about . 
0	offend viewers not amused by the sick sense of humor 
0	essentially ruined -- or , rather , 
0	it might not be 1970s animation , 
1	who has been awarded mythic status in contemporary culture 
1	any stylish sizzle 
1	his beautiful , self-satisfied 22-year-old girlfriend and an equally beautiful , self-satisfied 18-year-old mistress 
0	derived from far less sophisticated and knowing horror films 
0	could use a little more humanity , 
0	, he has no clue about making a movie 
1	's a feel-good movie about which you can actually feel good 
0	flimsy flicks 
1	full circle 
1	action scenes 
1	mr. schnitzler proves himself a deft pace master and stylist . 
0	is a paper bag to wear over his head when he goes out into public , to avoid being recognized as the man who bilked unsuspecting moviegoers . 
1	fanciful direction 
0	very meticulously but without any passion 
1	is terrific , 
1	unabashedly romantic picture 
0	as if de palma spent an hour setting a fancy table and then served up kraft macaroni and cheese 
1	with unblinking candor 
1	get caught up in the thrill of the company 's astonishing growth 
0	even those with an avid interest in the subject will grow impatient 
1	appealing enough 
0	thoughtless , 
1	a gorgeous and deceptively minimalist cinematic tone poem 
1	that is revelatory 
1	an engaging and exciting narrative 
0	the movie is a lumbering load of hokum but ... 
1	, it 's a film that affirms the nourishing aspects of love and companionship . 
1	a skillfully assembled , highly polished and professional adaptation ... just about as chilling and unsettling as ` manhunter ' 
0	that van wilder does little that is actually funny with the material 
1	a torn book jacket 
0	does little here 
1	with a great premise 
1	like brosnan 's performance 
0	a banal spiritual quest 
1	more than you can say for plenty of movies that flow through the hollywood pipeline without a hitch 
0	coma 
1	a scathing portrayal of a powerful entity strangling the life out of the people who want to believe in it the most 
0	succumbing to sentimentality 
1	an exceptionally 
1	intrepid in exploring an attraction that crosses sexual identity 
1	an interesting bit 
1	a serious movie with serious ideas . 
0	guy gets girl , guy loses girl , audience falls asleep 
1	makes it worth a recommendation 
1	add up to a satisfying crime drama 
1	come from philippe , who makes oliver far more interesting than the character 's lines would suggest , and sarandon , who could n't be better as a cruel but weirdly likable wasp matron . 
0	is cheap junk and an insult to their death-defying efforts 
0	a large dose of painkillers 
1	grandeur ' shots 
0	marginal intelligence 
0	an underachiever , 
0	work because there is no foundation for it 
1	a twist -- far better 
0	without a fresh infusion of creativity 
1	a tradition-bound widow who is drawn into the exotic world of belly dancing 
0	nothing really happens 
0	plays like a student film by two guys who desperately want to be quentin tarantino when they grow up 
0	if it 's not entirely memorable 
0	has to recite bland police procedural details , fiennes wanders around in an attempt 
0	would have saved this film a world of hurt . 
1	exquisite craftsmanship 
1	portrayed with almost supernatural powers 
0	does n't make for great cinema 
1	to grow boring ... which proves that rohmer still has a sense of his audience 
1	's ) a clever thriller with enough unexpected twists to keep our interest . 
1	revolutionary spirit 
1	of the expressive power of the camera 
0	get lost in the murk of its own making 
0	a disastrous ending 
1	exciting plot 
1	clever 
0	a rude black comedy about the catalytic effect a holy fool has upon those around him in the cutthroat world of children 's television . 
1	any less entertaining 
0	useless actioners 
0	it is n't that funny 
1	splendid actors 
1	the movie is ingenious fun . 
1	in a new way 
0	is that i ca n't remember a single name responsible for it 
0	this interminable , shapeless documentary 
1	charlie hunnam has the twinkling eyes , repressed smile and determined face needed to carry out a dickensian hero . 
1	innovative ' and ` realistic ' 
0	90 punitive minutes of eardrum-dicing gunplay , screeching-metal smashups , and flaccid odd-couple sniping 
1	to be the best espionage picture to come out in weeks 
0	well , i 'm not exactly sure what -- and has all the dramatic weight of a raindrop 
1	is that i ca n't wait to see what the director does next . 
0	the bad sound , the lack of climax and , worst of all 
1	captivating 
0	, pointless , stupid 
0	too much kid-vid 
0	suffocating rape-payback horror 
1	's a delightfully quirky movie to be made from curling 
0	vile enough 
1	absolute delight 
1	with great sympathy and intelligence 
1	like all of egoyan 's work , ararat is fiercely intelligent and uncommonly ambitious . 
0	not even solondz 's thirst for controversy , sketchy characters and immature provocations can fully succeed at cheapening it . 
1	phenomenal 
0	unable 
0	we never feel anything for these characters , and as a result the film is basically just a curiosity . 
0	aims so low 
1	recognize it 
1	one of the very best movies 
1	who are capable of anteing up some movie star charisma when they need it to sell us on this twisted love story , but who can also negotiate the movie 's darker turns 
1	jolt you out of your seat a couple of times , 
0	at best , cletis tout might inspire a trip to the video store -- in search of a better movie experience . 
0	both overplayed and exaggerated 
1	it may not be a huge cut of above the rest , but i enjoyed barbershop 
0	to slap her creators because they 're clueless and inept 
1	a middle-aged romance 
1	there is enough originality in ` life ' to distance it from the pack of paint-by-number romantic comedies that so often end up on cinema screens . 
1	been kind enough to share it 
1	a compelling piece 
0	mostly repetitive 
1	is a verbal duel between two gifted performers . 
0	morally bankrupt 
0	affected child acting to the dullest irish pub scenes 
1	breaking new ground 
1	a fine-looking film with a bouncy score and 
0	instead of contriving a climactic hero 's death for the beloved-major - character-who-shall - remain-nameless , why not invite some genuine spontaneity into the film by having the evil aliens ' laser guns actually hit something for once ? 
0	that this arrogant richard pryor wannabe 's routine is offensive , puerile and unimaginatively foul-mouthed if it was at least funny 
0	cared much about any aspect of it , from its cheesy screenplay to the grayish quality of its lighting to its last-minute , haphazard theatrical release 
0	incredibly dated and unfunny 
1	nice to see piscopo again after all these years 
1	heartfelt romance 
1	spellbinding fun and 
0	flopped as surely 
1	everyone 's 
0	manages to embody the worst excesses of nouvelle vague without any of its sense of fun or energy . 
0	, but with restraint 
1	thrillers actually thrilled 
0	rarely seem sure of where it should go 
0	's as comprehensible as any dummies guide , something 
1	this world more complex 
1	manages at least a decent attempt at meaningful cinema 
1	's better than one might expect when you look at the list of movies starring ice-t in a major role . 
1	bisset 
1	are not to be dismissed 
1	much of what we see is horrible but it 's also undeniably exceedingly clever . 
1	been worth caring about 
0	seem like a bad idea from frame one 
0	who die hideously 
1	with a sweet 
0	traps audiences in a series of relentlessly nasty situations that we would pay a considerable ransom not to be looking at . 
0	grow boring ... 
1	a very funny romantic comedy about two skittish new york middle-agers who stumble into a relationship and then 
0	the movie bogs down in insignificance , saying nothing about kennedy 's assassination and revealing nothing about the pathology it pretends to investigate . 
1	and game phenomenon 
0	succeed in producing that most frightening of all movies -- a mediocre horror film too bad to be good and too good to be bad . 
1	playwriting 
0	unholy hokum 
1	from a consummate actor incapable of being boring 
0	director tom dey demonstrated a knack for mixing action and idiosyncratic humor in his charming 2000 debut shanghai noon , but showtime 's uninspired send-up of tv cop show cliches mostly leaves him shooting blanks 
0	's not a fresh idea 
0	convoluted 
1	rounded and revealing overview 
0	plodding , poorly written , murky and weakly acted , the picture feels as if everyone making it lost their movie mojo . 
0	to smack of a hallmark hall of fame , with a few four letter words thrown in that are generally not heard on television 
0	a jumbled fantasy comedy that did not figure out a coherent game plan at scripting , shooting or post-production stages . 
0	we have a bad , bad , bad movie 
0	but the movie 's narrative hook is way too muddled to be an effectively chilling guilty pleasure . 
0	stupid americans will get a kick out of goofy brits with cute accents performing ages-old slapstick and unfunny tricks 
0	one of the most frantic , virulent and foul-natured christmas season pics ever delivered by a hollywood studio 
1	baby-faced renner is eerily convincing as this bland blank of a man with unimaginable demons within . 
1	good ear 
1	charming , 
0	too many scenes toward the end that should move quickly 
1	a compelling , gut-clutching piece of advocacy cinema that carries you along in a torrent of emotion as it explores the awful complications of one terrifying day 
1	as much as i laughed throughout the movie , i can not mount a cogent defense of the film as entertainment , or even performance art , although the movie does leave you marveling at these guys ' superhuman capacity to withstand pain . 
0	i know how to suffer ' and if you see this film you 'll know too . 
1	well-rounded 
0	a dull , simple-minded and stereotypical tale of drugs , 
1	continues her exploration of the outer limits of raunch with considerable brio 
1	perfection 
1	a fascinating , dark thriller that keeps you hooked on the delicious pulpiness of its lurid fiction . 
0	is so self-pitying 
0	an incoherent jumble 
1	in the business 
1	sweetness , clarity and emotional openness 
0	one of the most highly-praised disappointments i 've had the misfortune to watch in quite some time . 
0	play like the worst kind of hollywood heart-string plucking 
0	suffers from over-familiarity since hit-hungry british filmmakers 
1	have viewers guessing just who 's being conned right up to the finale 
0	an unsympathetic character and someone 
0	low , very low , very 
1	diane lane works nothing short of a minor miracle in unfaithful . 
1	's ... worth the extra effort to see an artist , still committed to growth in his ninth decade , change while remaining true to his principles 
1	of good acting 
1	world traveler might not go anywhere new , or arrive anyplace special , but it 's certainly an honest attempt to get at something . 
1	should be themselves 
1	, director/co-writer jacques audiard , though little known in this country , belongs in the very top rank of french filmmakers 
0	, overnight , is robbed and replaced with a persecuted `` other 
1	layers 
1	it 's a fairy tale that comes from a renowned indian film culture that allows americans to finally revel in its splendor . 
0	combined with the misconceived final 5 
1	delightfully charming 
1	pause and think of what we have given up to acquire the fast-paced contemporary society 
1	rewarding 
1	all-powerful , a voice for a pop-cyber culture that feeds on her bjorkness 
0	eventually the content is n't nearly as captivating as the rowdy participants think it is . 
0	distracted 
0	some like it hot on the hardwood proves once again that a man in drag is not in and of himself funny . 
1	it is a funny ( sometimes hilarious ) comedy with a deft sense of humor about itself , a playful spirit and a game cast 
1	to bowling you over 
0	had a serious urge to grab the old lady at the end of my aisle 's walker and toss it at the screen in frustration 
1	chaiken ably balances real-time rhythms with propulsive incident . 
0	that started with a great premise and then just fell apart 
1	this very compelling tale 
0	it 's provocative stuff , but the speculative effort is hampered by taylor 's cartoonish performance and the film 's ill-considered notion that hitler 's destiny was shaped by the most random of chances 
0	stands for milder is n't better 
0	the most repugnant adaptation of a classic text since roland joffé and demi moore 
0	aimless , arduous 
1	this makes it not only a detailed historical document , but an engaging and moving portrait of a subculture 
1	a light , yet engrossing piece 
0	clichés and borrowed images 
1	thrillingly 
0	induces headaches more slowly 
0	does n't really believe in it , 
1	let crocodile hunter steve irwin do what he does best 
1	, to find a place among the studio 's animated classics 
1	style and mystification 
0	its awkward structure and a final veering 
0	represents the depths to which the girls-behaving-badly film has fallen 
0	failed jokes , twitchy acting , and 
1	reassuringly familiar 
0	a waterlogged version of ` fatal attraction ' for the teeny-bopper set ... 
1	despite the opulent lushness of every scene 
0	folks , it does n't work . 
0	pale successor 
1	fantastically vital movie 
0	for it other than its exploitive array of obligatory cheap 
0	doofus 
1	heard before 
0	strangely 
0	an awful movie 
0	to be prescribed than recommended -- as visually bland as a dentist 's waiting room , complete with soothing muzak and a cushion of predictable narrative rhythms 
0	about morality and the choices we make underneath such a mountain of clichés and borrowed images 
0	phony 
1	halfway intriguing plot 
0	the bottom line with nemesis is the same as it has been with all the films in the series : fans will undoubtedly enjoy it , and the uncommitted need n't waste their time on it 
0	nothing happens , 
1	the cinema world 's great visual stylists 
1	before it takes a sudden turn and devolves into a bizarre sort of romantic comedy , steven shainberg 's adaptation of mary gaitskill 's harrowing short story ... is a brilliantly played , deeply unsettling experience . 
0	snapping it might have held my attention , but as it stands i 
0	releasing a film with the word ` dog ' in its title in january lends itself to easy jokes and insults , and snow dogs deserves every single one of them 
1	anteing up some movie star charisma 
1	good time 
0	pick your nose instead because you 're sure to get more out of the latter experience 
0	pummel us with phony imagery or music 
0	subjective 
1	one of our best actors 
0	most repugnant adaptation 
1	has made tucker a star 
0	to suffer ' 
1	show-stoppingly hilarious , but 
0	even as the hero of the story rediscovers his passion in life , the mood remains oddly detached . 
1	a climax 
0	result in a movie that works against itself 
1	uniformly superb 
1	the early and middle passages 
1	acted and directed , it 's clear that washington most certainly has a new career ahead of him 
0	seem barely in the same movie 
0	the metaphors are provocative , but too often , the viewer is left puzzled by the mechanics of the delivery . 
1	( and lovely 
1	that will have you at the edge of your seat for long stretches 
0	that was inexplicably rushed to the megaplexes before its time 
0	the script ? 
1	the gentle comic treatment of adolescent sturm und drang should please fans of chris fuhrman 's posthumously published cult novel . 
1	takes every potential laugh and 
0	will be on video long before they grow up and you can wait till then 
1	real poignancy 
1	an enjoyable feel-good family comedy regardless of race . 
1	deliberately and devotedly constructed 
1	filled with honest performances and exceptional detail 
0	snoots will no doubt rally to its cause , trotting out threadbare standbys like ` masterpiece ' and ` triumph ' and all that malarkey , but rarely does an established filmmaker so ardently waste viewers ' time with a gobbler like this . 
0	works its way up to merely bad rather than painfully awful 
1	more playful 
0	viscerally repellent 
0	loud , chaotic and 
0	analyze that '' is one of those crass , contrived sequels that not only fails on its own , but makes you second-guess your affection for the original . 
1	the work of an artist tormented by his heritage , using his storytelling ability to honor the many faceless victims . 
1	brilliantly employ their quirky and fearless ability to look american angst in the eye and end up laughing 
0	of embarrassment 
1	sure , it 's contrived and predictable , but its performances are so well tuned that the film comes off winningly , even though it 's never as solid as you want it to be . 
0	in gross romanticization of the delusional personality type 
0	a rude black comedy 
1	, the 1960 version is a far smoother ride . 
1	sillier , cuter , 
1	tremendously moving 
1	love and compassion 
1	about an artist of 90-plus years taking the effort to share his impressions of life and loss and time and art with us 
1	coen brothers 
1	doing its namesake proud 
1	the unique way shainberg 
1	a moving and important film . 
1	the intensity 
1	operatic 
1	to the familiar topic of office politics 
1	that between the son and his wife , and the wife and the father , and between the two brothers , with incredible subtlety and acumen 
0	is ultimately scuttled by a plot that 's just too boring and obvious 
1	a fast paced and suspenseful argentinian thriller about the shadow side 
1	a film about something , one that attempts and often achieves a level of connection and concern 
0	, compulsive life 
1	this story of a determined woman 's courage to find her husband in a war zone 
0	shallow styles 
0	to the world trade center tragedy 
0	tepid genre offering 
1	two fine actors , morgan freeman 
0	your least favorite 
1	has crafted here a worldly-wise and very funny script . 
0	unleashes his trademark misogyny -- er , comedy -- 
1	stanley kwan has directed not only one of the best gay love stories ever made 
1	this filmed tosca -- not the first , by the way -- is a pretty good job , if it 's filmed tosca that you want . 
1	's not to like about a movie with a ` children 's ' song that includes the line ` my stepdad 's not mean , he 's just adjusting ' 
0	sitting through this one 
0	is both a snore and utter tripe 
0	like a soft drink that 's been sitting open too long 
1	chris 
0	saved if the director , tom dey , had spliced together bits and pieces of midnight run and 48 hours ( and , for that matter , shrek ) 
1	enticing and often funny documentary . 
1	genteel and 
1	the promise of digital filmmaking 
0	the mothman prophecies , which is mostly a bore , 
1	an otherwise excellent film 
1	is funny , insightfully human and a delightful lark for history buffs 
1	perfect performance 
0	maudlin ending 
0	limp biscuit 
1	friends 
0	heroes would be a film that is n't this painfully forced , false and fabricated 
0	, eventually the content is n't nearly as captivating as the rowdy participants think it is . 
1	endearing cast 
1	high-wattage 
0	much of what we see is horrible 
0	just that it 's so not-at-all-good 
1	in the midwest that held my interest precisely because it did n't try to 
0	one of those ` alternate reality ' 
1	just about more stately than any contemporary movie this year ... a true study , a film with a questioning heart 
1	a distinct rarity 
1	, deeply absorbing piece 
0	that years and years of costly analysis could never fix 
0	left with a sour taste in your mouth 
0	the ways in which extravagant chance can distort our perspective and throw us off the path of good sense 
1	consistently funny , in an irresistible junior-high way , 
1	timeless spectacle 
0	( a ) mess 
1	decent draft 
1	the magic ( and original running time ) of ace japanimator hayao miyazaki 's spirited away 
0	simply stupid , irrelevant and 
1	his characters stage 
0	ai n't art , 
1	gradually makes us believe she is kahlo 
0	hypermasculine 
1	was immensely enjoyable thanks to great performances 
0	unaware that it 's the butt of its own joke 
0	underdone 
0	's a bargain-basement european pickup . 
0	is the kind of movie during which you want to bang your head on the seat in front of you , at its cluelessness , at its idiocy , at its utterly misplaced earnestness . 
1	admirably 
1	there 's no conversion effort , much of the writing is genuinely witty and both stars are appealing enough to probably have a good shot at a hollywood career , if they want one . 
1	americans 
0	contentious configurations 
0	momentum and its position remains mostly undeterminable 
1	if you have the patience for it , you wo n't feel like it 's wasted yours 
1	the perfect material 
1	less for its story of actorly existential despair than for its boundary-hopping formal innovations and glimpse into another kind of chinese 
0	been there , done that , liked it much better the first time around - when it was called the professional . 
1	entertainingly reenacting a historic scandal 
1	is all but washed away by sumptuous ocean visuals and the cinematic stylings of director john stockwell 
1	idiosyncratic enough to lift the movie above its playwriting 101 premise 
1	love and familial 
0	like a drunken driver 
1	a small gem from belgium . 
1	is reliable 
1	new york metropolitan area 
1	are actually fascinating 
0	if only merchant paid more attention the story . 
1	could be looking at his 12th oscar nomination by proving that he 's now , more than ever , choosing his roles with the precision of the insurance actuary 
0	every bad action-movie line 
0	standard formula 
0	restage the whole thing 
1	bluer than the atlantic and more biologically detailed than an autopsy , the movie 
1	'd take ( its ) earnest errors and hard-won rewards over the bombastic self-glorification of other feel-good fiascos like antwone fisher or the emperor 's club any time 
0	get on a board and , uh , shred , 
1	, kinetically-charged spy flick worthy 
0	scandal 
1	it 's a spectacular performance - ahem 
0	they will have a showdown , but , by then , your senses are as mushy as peas and 
1	career-best performances 
0	it has no affect on the kurds , but it wore me down . 
0	a poor fit with kieslowski 's lyrical pessimism 
1	a plethora of engaging diatribes 
0	its rather slow beginning 
0	seem graceless and ugly 
0	uni-dimensional 
0	seemed bored , cheering the pratfalls but little else 
0	scratching your head in amazement over the fact that so many talented people could participate in such an 
1	while retaining an integrity and refusing to compromise his vision 
0	with guardian hack nick davies 
0	the climactic burst of violence 
0	also comes with the laziness and arrogance of a thing that already knows it 's won . 
1	goosebumps 
1	spiced with humor ( ' i speak fluent flatula , ' advises denlopp after a rather , er , bubbly exchange with an alien deckhand ) 
0	flaws , 
1	pays earnest homage to turntablists and beat jugglers , old schoolers and current innovators 
1	the testosterone-charged wizardry of jerry bruckheimer productions 
0	it 's a strange film , one that was hard for me to warm up to . 
0	` fatal attraction ' for the teeny-bopper set 
1	more fascinating 
0	to the annoying score 
0	it has the air of a surprisingly juvenile lark , a pop-influenced prank whose charms are immediately apparent and wear thin with repetition . 
1	one the public 
1	some laughs 
0	can only provide it with so much leniency . 
0	is flat . 
0	it makes absolutely no sense 
1	naomi watts is terrific as rachel 
1	perfect medium 
1	has created a brilliant motion picture 
1	fun and nimble 
0	below is well below expectations . 
1	respects the material without sentimentalizing it 
0	it 's got the brawn , but not the brains . 
1	is a strong directorial stamp on every frame of this stylish film that is able to visualize schizophrenia but is still confident enough to step back and look at the sick character with a sane eye . 
0	mild hallucinogenic buzz 
1	a good alternative 
1	enjoying himself immensely 
1	are faithful to melville 's plotline , they 
0	, it 'll probably be in video stores by christmas , and it might just be better suited to a night in the living room than a night at the movies . 
1	that should have been the ultimate imax trip 
1	a fairly revealing study 
1	a captivating coming-of-age story that may also be the first narrative film to be truly informed by the wireless 
1	opportunity to embrace small , sweet ` evelyn 
0	in formula crash-and-bash action 
1	an epic four-hour indian musical about a cricket game 
0	appalling , shamelessly manipulative and contrived , and totally lacking in conviction 
0	grossly 
1	you have figured out the con and the players in this debut film by argentine director fabian bielinsky 
1	feel-good family comedy 
0	overproduced piece 
0	undistinguished rhythm 
0	it 's unlikely to inspire anything more than a visit to mcdonald 's , let alone some savvy street activism 
0	is a negligible work of manipulation , an exploitation piece doing its usual worst to guilt-trip parents 
0	may indeed have finally aged past his prime ... and , perhaps more than he realizes 
1	an intelligently made ( and beautifully edited ) picture that at the very least has a spark of life to it -- more than you can say for plenty of movies that flow through the hollywood pipeline without a hitch . 
0	ridicule factor 
1	ineffable 
0	a terrible story 
0	bordering on offensive , waste of time , money and celluloid . 
0	low-budget 
0	creeping 
1	a kick 
1	makes for one of the most purely enjoyable and satisfying evenings at the movies i 've had in a while 
0	where the characters ' moves are often more predictable than their consequences 
1	though its story is only surface deep , the visuals and enveloping sounds of blue crush make this surprisingly decent flick worth a summertime look-see . 
0	the film does n't manage to hit all of its marks 
1	affecting story about four sisters who are coping , in one way or another , with life 
1	sincere and artful 
0	fails to fascinate 
1	oozes craft 
1	delivered in grand passion by the members of the various households . 
0	with a sour taste in one 's mouth , and little else 
1	to keep upping the ante on each other , just as their characters do in the film 
1	played and smartly directed . 
1	it arrives 
1	will undoubtedly enjoy it 
1	is worth your time , especially 
1	engrossing entertainment 
1	he can outgag any of those young whippersnappers making moving pictures today 
1	are beautifully 
1	is somewhat satisfying 
0	make a film in which someone has to be hired to portray richard dawson 
1	a rare and lightly entertaining look behind the curtain that separates comics from the people laughing in the crowd . 
0	dumb fart 
1	even a story immersed in love , lust , and sin 
0	here ... not that i mind ugly ; the problem is he has no character , loveable or otherwise . 
0	at once overly old-fashioned in its sudsy plotting and heavy-handed in its effort to modernize it with encomia to diversity and tolerance 
1	's all-powerful , a voice for a pop-cyber culture that feeds on her bjorkness . 
1	as sexy 
1	wild-and-woolly , wall-to-wall good time 
0	entry number twenty the worst of the brosnan bunch 
0	nelson 's intentions are good , but the end result does no justice to the story itself 
1	peculiar and always entertaining costume drama 
0	less compelling than the circumstances of its making 
0	drunken 
0	a case of two actors who do everything humanly possible to create characters who are sweet and believable , and are defeated by a screenplay that forces them into bizarre , implausible behavior 
0	and diesel is n't the actor to save it . 
1	exuberance and passion 
1	vibrant , colorful , semimusical 
0	occasionally interesting 
1	's waltzed itself into the art film pantheon 
1	conveying the way tiny acts of kindness make ordinary life survivable 
1	in world cinema 
0	can be made on the cheap 
1	who , in spite of all that he 's witnessed , remains surprisingly idealistic 
1	genius 
0	anyone not into high-tech splatterfests is advised to take the warning literally , and log on to something more user-friendly . 
0	in which the kids in the house will be gored 
1	( has ) an immediacy and an intimacy that sucks you in and dares you not to believe it 
1	a happy , heady jumble 
1	dramatic and emotional 
1	influenced by some of the filmmakers who have directed him , especially the coen brothers and steven soderbergh 
1	two central performances 
0	, it 's icky . 
1	an energetic , violent movie with a momentum that never lets up . 
0	deaths 
1	exceedingly memorable one for most people 
0	at hostile odds with one another 
0	the writing is indifferent , and jordan brady 's direction is prosaic 
1	gets vivid , convincing performances from a fine cast , and 
1	own quirky hipness 
1	country 
0	bray is completely at sea ; with nothing but a savage garden music video on his resume , he has no clue about making a movie . 
0	going on to other films that actually tell a story worth caring about 
1	marveled at disney 's rendering of water , snow , flames and shadows 
0	cassavetes thinks he 's making dog day afternoon with a cause , but all he 's done is to reduce everything he touches to a shrill , didactic cartoon . 
0	mckay seems embarrassed by his own invention and tries to rush through the intermediary passages , apparently hoping that the audience will not notice the glaring triteness of the plot device 
0	cheap junk 
1	would be an unendurable viewing experience for this ultra-provincial new yorker if 26-year-old reese witherspoon were not on hand to inject her pure fantasy character , melanie carmichael , with a massive infusion of old-fashioned hollywood magic . 
0	which ones shtick 
0	's indicative of how uncompelling the movie is unless it happens to cover your particular area of interest 
0	have been right at home as a nifty plot line in steven soderbergh 's traffic fails to arrive at any satisfying destination 
0	nowheresville 
1	family , forgiveness and love 
1	wickedly funny , visually engrossing , never boring , 
1	is the stuff that disney movies are made of . 
0	it 's provocative stuff , but the speculative effort is hampered by taylor 's cartoonish performance and the film 's ill-considered notion that hitler 's destiny was shaped by the most random of chances . 
1	knows everything and answers all questions , is visually smart , cleverly written , 
0	this dreary mess 
1	masters of both 
0	misanthropic 
0	its own clichés 
1	are simply dazzling 
1	an appealing veneer 
1	hot topics 
1	an intoxicating 
1	wedding 
1	are the hallmark of this bittersweet , uncommonly sincere movie that portrays the frank humanity of ... emotional recovery . 
1	for genre fans 
1	a terrific performance 
0	, brooding and slow 
0	guilty of the worst sin of attributable to a movie like this : it 's not scary in the slightest . 
1	derivative elements into something that is often quite rich and exciting , and always 
1	like a splendid meal 
1	of suspense , intriguing characters and bizarre bank robberies , plus a heavy dose of father-and-son dynamics 
1	more emotional 
1	an invaluable historical document thanks to the filmmaker 's extraordinary access to massoud , whose charm , cultivation and devotion to his people are readily apparent . 
0	ardently waste viewers ' time with a gobbler like this 
1	is just too original to be ignored . 
1	works nothing short of a minor miracle in unfaithful . 
1	another best of the year selection . 
1	by proving that he 's now , more than ever , choosing his roles with the precision of the insurance actuary 
0	ridiculous and 
0	no film could possibly be more contemptuous of the single female population . 
1	teenage sex comedy 
0	overmanipulative hollywood practices 
0	plots that never quite gel 
1	allows his cast the benefit of being able to give full performances 
1	cool stuff packed into espn 's ultimate x. 
1	solidly constructed , entertaining thriller 
1	present brown as a catalyst for the struggle of black manhood in restrictive and chaotic america ... sketchy but nevertheless gripping portrait of jim brown , a celebrated wonder in the spotlight 
1	resulted in a smoother , more focused narrative without sacrificing any of the cultural intrigue 
1	spielberg presents a fascinating but flawed look at the near future . 
0	pity anyone who sees this 
0	that one eventually resents having to inhale this gutter romancer 's secondhand material 
0	was once an amoral assassin just like the ones who are pursuing him 
1	keep this nicely wound clock not just ticking , but humming 
1	integrates thoughtfulness and pasta-fagioli comedy 
1	with results that are sometimes bracing , sometimes baffling and quite often , 
0	farm melodrama . 
0	carrying this wafer-thin movie 
0	meandering and pointless 
1	enough energy and excitement 
1	of a beautifully sung holiday carol 
0	i 'm sure there 's a teenage boy out there somewhere who 's dying for this kind of entertainment . 
1	boasts enough funny dialogue and sharp characterizations to be mildly amusing . 
0	not in order to excuse him but rather to demonstrate that his pathology evolved from human impulses that grew hideously twisted 
1	a patient viewer 
0	you could easily mistake it for a sketchy work-in-progress that was inexplicably rushed to the megaplexes before its time . 
1	with the inescapable conclusion 
1	holm does his sly , intricate magic , 
0	here , common sense flies out the window , along with the hail of bullets , none of which ever seem to hit sascha . 
0	little action , almost no suspense or believable tension , 
0	a low-budget hybrid of scarface 
1	an original talent 
1	no doubt that krawczyk deserves a huge amount of the credit for the film 's thoroughly winning tone 
0	threw medical equipment at a window ; not because it was particularly funny 
1	gets under our skin and draws us in long 
1	rocks . 
0	am more offended by his lack of faith in his audience than by anything on display 
0	affected child acting to the dullest irish pub scenes ever filmed 
1	will lead when given the opportunity 
1	the movie is hardly a masterpiece , but it does mark ms. bullock 's best work in some time 
0	crime 
1	` realistic ' 
1	here 's a fun one . 
0	come up with an adequate reason why we should pay money for what we can get on television for free 
1	a clever pseudo-bio that manages to have a good time as it doles out pieces of the famous director 's life 
1	bowling for columbine '' remains a disquieting and thought-provoking film ... 
0	absurdly inappropriate ` comedy ' scenes 
0	curse 
1	performances 
1	friendship , love , and 
1	feel that we truly know what makes holly and marina tick 
1	stereotypes in good fun , 
0	is a festival film that would have been better off staying on the festival circuit . 
0	stiletto-stomps the life out 
0	might not have gotten him into film school in the first place 
1	is intriguing , provocative stuff 
1	clear and reliable 
1	a hilarious kenneth branagh 
0	why he keeps being cast in action films when none of them are ever any good 
1	short of true inspiration 
1	please the eye 
0	it will make you wish you were at home watching that movie instead of in the theater watching this one . 
1	hughes comedy 
1	a much funnier film with a similar theme 
1	nurtures the multi-layers of its characters , 
0	find an escape clause and avoid seeing this trite , predictable rehash . 
0	, the viewer is left puzzled by the mechanics of the delivery 
0	idiots 
0	, it 's also somewhat clumsy . 
0	the real issues tucked between the silly and crude storyline 
1	can comfortably hold 
1	climactic 
1	showing off his doctorate 
0	that tries to grab us , only to keep letting go at all the wrong moments 
0	gooeyness 
1	from bill plympton , the animation master , 
0	perhaps the grossest movie 
0	jumble that 's not scary , not smart and not engaging 
1	a lot smarter and more unnerving than the sequels 
1	a fascinating study of isolation and frustration 
0	bang your head on the seat in front of you , at its cluelessness 
1	aims to be funny , uplifting and moving , sometimes all at once 
0	desperate for attention it nearly breaks its little neck trying to perform entertaining tricks 
1	chilling and heart-warming 
1	's an ambitious film 
1	at once both refreshingly different 
0	'' is a big time stinker . 
0	which to hang broad , mildly fleshed-out characters that seem to have been conjured up only 10 minutes prior to filming 
1	the unique niche of self-critical , behind-the-scenes navel-gazing kaufman has carved from orleans ' story 
1	moving and important 
1	it earns extra points by acting as if it were n't 
0	for industrial-model meat freezers 
0	stretched out to feature length 
1	wendigo , larry fessenden 's spooky new thriller , is a refreshingly smart and newfangled variation on several themes derived from far less sophisticated and knowing horror films . 
1	throws away 
1	lively songs 
1	willie would have loved it 
1	with taking insane liberties and doing the goofiest stuff out of left field 
1	a journey spanning nearly three decades of bittersweet camaraderie and history , in which we feel that we truly know what makes holly and marina tick , and our hearts go out to them as both continue to negotiate their imperfect , love-hate relationship . 
1	is interesting to see where one 's imagination will lead when given the opportunity 
0	dip into your wallet , swipe 90 minutes of your time , 
0	to make their way through this tragedy 
1	all movies 
1	all the earmarks of french cinema at its best 
1	, sticking its head up for a breath of fresh air now and then . 
1	serry 's ability to take what is essentially a contained family conflict and put it into a much larger historical context 
0	if the poor quality of pokemon 4 ever is any indication 
1	fresh good looks and 
1	deft and subtle 
0	shot like a postcard and overacted with all the boozy self-indulgence that brings out the worst in otherwise talented actors 
1	unfolds as one 
1	fresh , sometimes funny 
1	both convincing and radiant 
1	their largest-ever historical canvas 
0	moldy-oldie , not-nearly - as-nasty - as-it 
1	's unlikely we 'll see a better thriller this year . 
1	beautiful scene 
1	love song 
0	brazenly misguided project 
1	made the full monty a smashing success ... 
0	... tara reid plays a college journalist , but she looks like the six-time winner of the miss hawaiian tropic pageant , so i do n't know what she 's doing in here ... 
1	does cathartic truth telling 
1	putting together any movies of particular value or merit 
1	memorable for a peculiar malaise that renders its tension 
0	capitalizes on this concept and opts for the breezy and amateurish feel of an after school special on the subject of tolerance . 
1	greatest natural sportsmen 
1	can still turn out a small , personal film with an emotional wallop 
1	celebrates the human spirit 
0	almost bergmanesque intensity 
0	off his game 
0	, i.e. peploe 's , it 's simply unbearable 
1	goes a long way toward keeping the picture compelling 
0	overburdened with complicated plotting and banal dialogue 
1	speaks volumes 
1	a timely , tongue-in-cheek profile 
0	is it really an advantage to invest such subtlety and warmth in an animatronic bear when the humans are acting like puppets ? 
0	the thrown-together feel of a summer-camp talent show : hastily written 
0	the , yes , snail-like pacing and lack of thematic resonance 
1	quirky , slightly strange french films 
1	the ambiguous welcome extended by iran to the afghani refugees who streamed across its borders , desperate for work and food 
0	miserable 
1	the double-cross that made mamet 's `` house of games '' and last fall 's `` heist '' so much fun 
1	brought off with considerable wit 
0	pretentious in a way that verges on the amateurish 
1	` anyone with a passion for cinema , and indeed sex , should see it as soon as possible . ' 
0	that the material is so second-rate 
0	family togetherness takes a back seat to inter-family rivalry and workplace ambition ... whole subplots have no explanation or even plot relevance . 
1	clint eastwood 's blood work is a lot like a well-made pb & j sandwich : familiar , fairly uneventful and boasting no real surprises -- but still quite tasty and inviting all the same . 
1	of gritty realism , crisp storytelling and radiant compassion that effortlessly draws you in 
0	impudent 
0	their lack of chemistry 
0	can not recommend it , because it overstays its natural running time 
0	a script ( by paul pender ) made of wood 
1	fits into a genre that has been overexposed , redolent of a thousand cliches , and yet remains uniquely itself , vibrant with originality 
1	as original and insightful 
1	of the greatest natural sportsmen of modern times 
0	, steven soderbergh 's space opera emerges as a numbingly dull experience . 
0	recommended -- as visually bland as a dentist 's waiting room , complete with soothing muzak and a cushion of predictable narrative rhythms 
0	like some futile concoction that was developed hastily after oedekerk 
1	moderately successful 
0	do n't manage an equally assured narrative coinage 
0	will forgive any shoddy product as long as there 's a little girl-on-girl action 
0	the humor , characterization , poignancy , and intelligence of a bad sitcom 
1	, imaginative 
0	what could have been right at home as a nifty plot line in steven soderbergh 's traffic fails to arrive at any satisfying destination . 
1	magical enough to bring off this kind of whimsy 
1	the border collie is funny 
0	to realize that as far as these shootings are concerned , something is rotten in the state of california 
1	the real star of this movie is the score , as in the songs translate well to film 
1	about a family 's joyous life 
0	although purportedly a study in modern alienation , it 's really little more than a particularly slanted , gay s/m fantasy , enervating and deadeningly drawn-out . 
0	summer-camp talent show 
1	win you over , 
1	at their noble endeavor 
0	insanely violent 
0	no means a slam-dunk 
1	to show us why it 's compelling 
1	snagged an oscar nomination 
0	in all the annals of the movies , few films have been this odd , inexplicable and unpleasant . 
0	contrived pastiche of caper clichés . 
0	be influenced chiefly by humanity 's greatest shame 
0	the credits roll across the pat ending 
1	the silliness 
0	would do better elsewhere . 
0	the movie 's sentimental , hypocritical lessons 
0	derailed by bad writing and 
0	slapped together . 
1	a no-holds-barred cinematic 
0	abrasive 
1	a small star with big heart 
0	fragmentary 
1	a great piece 
1	presents a frightening and compelling ` what if ? 
1	thoughtful and 
1	with an unflappable '50s dignity somewhere between jane wyman and june cleaver 
0	other words , about as bad a film 
1	maybe not a classic , but a movie the kids will want to see over and over again . 
1	most wondrous 
1	off the hook 
1	best actor 
0	would be rendered tedious by avary 's failure to construct a story with even a trace of dramatic interest . 
1	is enticing 
0	the middle and lurches between not-very-funny comedy , unconvincing dramatics 
1	engaging than the usual fantasies hollywood produces 
1	a beautiful paean to a time long past 
0	goes straight to video 
0	too textbook to intrigue 
1	was only a matter of time before some savvy producer saw the potential success inherent in the mixture of bullock bubble and hugh goo 
1	... a solid , well-formed satire . 
0	one of the most plain , unimaginative romantic comedies i 
1	unique culture 
0	sophomore effort 
0	hormonal melodrama 
0	too much time 
1	keeping the picture compelling 
0	flat 
0	the misery 
1	this nicholas nickleby finds itself in reduced circumstances -- and , also like its hero , it remains brightly optimistic , coming through in the end 
0	in the tries-so-hard-to-be-cool `` clockstoppers 
1	of sophisticated intrigue and human-scale characters 
1	unparalleled proportions 
1	made a remarkable film that explores the monster 's psychology not in order to excuse him but rather to demonstrate that his pathology evolved from human impulses that grew hideously twisted 
0	is little else to recommend `` never again . 
1	super-dooper-adorability 
0	too dark to be decipherable 
1	is smart writing , skewed characters , and the title performance by kieran culkin . 
0	none of this sounds promising and , 
1	a work that , with humor , warmth , and intelligence , captures a life interestingly lived 
1	much interest 
0	is nothing but boilerplate clichés from start to finish 
1	splendor 
0	of the character dramas , which never reach satisfying conclusions 
1	there are deeply religious and spiritual people in this world who would argue that entering a church , synagogue or temple does n't mean you have to check your brain at the door . 
1	from his actors ( improvised over many months ) and for conveying the way tiny acts of kindness make ordinary life survivable 
0	with tension 
1	laughs 
1	an emotionally strong and politically potent piece of cinema . 
0	barely shocking , 
0	is a step down 
1	bloody sunday has the grace to call for prevention rather than to place blame , making it one of the best war movies ever made . 
1	ca n't wait to see what the director does next 
1	substance and soul 
0	exploitative and 
1	in a class with spike lee 's masterful 
1	brought something fresher 
1	the only possible complaint you could have about spirited away is that there is no rest period , no timeout 
0	singing and finger snapping it might have held my attention , but as it stands i kept looking for the last exit from brooklyn . 
0	for wrapping the theater in a cold blanket of urban desperation 
0	after several scenes of this tacky nonsense , you 'll be wistful for the testosterone-charged wizardry of jerry bruckheimer productions , especially because half past dead is like the rock on a wal-mart budget . 
1	does an impressive job of relating the complicated history of the war and 
0	weak script 
0	one of the most depressing movie-going experiences i can think of 
1	a film with contemporary political resonance 
0	as with most late-night bull sessions , eventually the content is n't nearly as captivating as the rowdy participants think it is . 
0	the numerous scenes of gory mayhem 
0	castrated 
0	the characters are paper thin and the plot is so cliched and contrived that it makes your least favorite james bond movie seem as cleverly plotted as the usual suspects 
1	artfully 
1	genuine dramatic impact 
1	dave barry 's 
1	are rendered with such clarity that it 's as if it all happened only yesterday 
0	fails so fundamentally on every conventional level that it achieves some kind of goofy grandeur . 
0	, it would be rendered tedious by avary 's failure to construct a story with even a trace of dramatic interest . 
1	predictably efficient 
0	could be a single iota worse ... 
1	the unusual power of thoughtful , subjective filmmaking 
1	a high enough level 
1	an often intense character study about fathers 
1	is a lot like a well-made pb & j sandwich : familiar , fairly uneventful and boasting no real surprises -- but still quite tasty and inviting all the same 
1	liveliness 
1	his most ardent fans 
1	kouyate elicits strong performances from his cast , and 
0	laugh-free lecture 
1	clearly well-intentioned 
1	interview with the assassin is structured less as a documentary and more as a found relic , and 
0	feels strangely hollow at its emotional core 
0	all hollywood fantasies 
0	a bad sign 
0	of stale gags 
0	) story becomes a hopeless , unsatisfying muddle 
1	peril 
1	the actors are fantastic . 
0	it 's an odd show , pregnant with moods , stillborn except as a harsh conceptual exercise . 
0	cliched and 
0	although sensitive to a fault , it 's often overwritten , with a surfeit of weighty revelations , flowery dialogue , and nostalgia for the past and roads not taken . 
0	is of brian de palma 's addiction to the junk-calorie suspense tropes that have all but ruined his career . 
1	passion and energy 
0	-- if predictable -- 
0	no charm 
1	it could become a historically significant work as well as a masterfully made one 
0	comes closer to the failure of the third revenge of the nerds sequel 
1	makes shanghai ghetto move beyond a good , dry , reliable textbook 
0	a whole segment of pop-music history has been allowed to get wet , fuzzy and sticky 
0	'll wait in vain for a movie to happen 
0	of emotional desperation 
1	, payami graphically illustrates the problems of fledgling democracies , but also the strength and sense of freedom the iranian people already possess , with or without access to the ballot box . 
1	an inspired portrait of male-ridden angst and 
1	poignant and wryly amusing 
0	disconcertingly slack 
1	because , unlike so many other hollywood movies of its ilk , it offers hope 
1	gorgeous visuals 
1	is a movie that is what it is : a pleasant distraction , a friday night diversion , an excuse to eat popcorn . 
0	wo n't have you swinging from the trees hooting it 's praises 
0	a sluggish pace and lack of genuine narrative 
0	being lectured to by tech-geeks , if you 're up for that sort of thing 
1	my enjoyment came at the expense of seeing justice served , even if it 's a dish that 's best served cold 
1	transforms that reality into a lyrical and celebratory vision 
0	feel cheated by the high infidelity of unfaithful 
0	with a lot of static set ups , not much camera movement , and most of the scenes 
0	chris rock , ' ` anthony hopkins ' and ` terrorists ' into some univac-like script machine 
1	hip hop beat 
0	it can be a bit repetitive 
1	the best actor 
0	much of the film with a creepy and dead-on performance 
1	much of it is funny , 
0	childlike dimness 
1	please history fans 
0	that a life like this can sound so dull 
0	racist portraits 
0	like bad cinema 
0	the usual movie rah-rah 
0	quickly forgettable 
0	, the film would be a total washout . 
1	assembles a fascinating profile of a deeply humanistic artist who , in spite of all that he 's witnessed , remains surprisingly idealistic , and retains an extraordinary faith in the ability of images to communicate the truth of the world around him 
0	, it 's a rather listless amble down the middle of the road , where the thematic ironies are too obvious and the sexual politics too smug . 
1	stopped thinking about how good it all was , and started doing nothing but reacting to it - feeling a part of its grand locations , thinking urgently as the protagonists struggled , feeling at the mercy of its inventiveness , gasping at its visual delights 
0	movie rapes 
0	do n't really care too much about this love story 
0	well , it probably wo n't have you swinging from the trees hooting it 's praises , but 
1	it 's just as wonderful on the big screen . 
1	while the material is slight , the movie is better than you might think . 
1	really , really good things 
1	do with the casting of juliette binoche as sand , who brings to the role her pale , dark beauty and characteristic warmth 
1	nicely combines the enigmatic features of ` memento ' with the hallucinatory drug culture of ` requiem for a dream . ' 
0	comes off like a particularly amateurish episode of bewitched that takes place during spring break . 
1	, history , memory , resistance and artistic transcendence 
0	plays out like a flimsy excuse to give blade fans another look at wesley snipes ' iconic hero doing battle with dozens of bad guys -- at once 
1	it 's coherent , well shot , and tartly acted 
0	as morose as teen pregnancy , rape and suspected murder 
1	daft by half ... but supremely good natured . 
1	the subtlest and most complexly evil uncle ralph 
0	, flawed humanity 
0	... stale and uninspired . 
0	drags during its 112-minute length 
0	is ) the comedy equivalent of saddam hussein 
1	's quite an achievement 
1	been deemed important enough to make a film in which someone has to be hired to portray richard dawson 
1	extravagant 
0	shrewd 
1	is sure to give you a lot of laughs in this simple , sweet and romantic comedy . 
1	believable 
0	becomes a chore to sit through -- despite some first-rate performances by its lead 
0	plain old 
1	richard pryor mined his personal horrors and came up with a treasure chest of material , but 
0	unfilmable '' novels 
1	it 's an entertaining movie , and the effects , boosted to the size of a downtown hotel , will all but take you to outer space . 
1	half past dead is just such an achievement . 
1	the charisma of hugh grant and sandra bullock 
0	a plot as musty as one of the golden eagle 's carpets 
1	exciting new filmmaker 
0	there are n't many conclusive answers in the film 
0	the director seems to take an unseemly pleasure in ( the characters ' ) misery and at the same time to congratulate himself for having the guts to confront it . 
1	impressed 
0	given it a one-star rating 
1	for proof of that on the cinematic front , look no further than this 20th anniversary edition of the film that spielberg calls 
1	what once was conviction 
1	making kahlo 's art a living , 
1	as a workable primer for the region 's recent history 
0	provides an invaluable service 
1	give it considerable punch 
1	its cutesy reliance 
0	going nowhere fast 
1	the comic effects 
1	sweaty-palmed fun 
0	is sentimental but feels free to offend , is analytical and then surrenders to the illogic of its characters 
1	own cuteness 
0	is clearly not zhang 's forte 
1	to accomplish 
1	makes us see familiar issues , like racism and homophobia , in a fresh way . 
1	capable thriller 
0	it is dark , brooding and slow , and takes its central idea way too seriously . 
1	meaty subject 
1	silly comedy 
0	what with all the blanket statements and dime-store ruminations on vanity 
1	sounds , and feels more like an extended , open-ended poem than a traditionally structured story 
1	, this is the kind of movie that deserves a chance to shine . 
1	that we believe that that 's exactly what these two people need to find each other 
1	that krawczyk deserves a huge amount of the credit for the film 's thoroughly winning tone 
0	awfully hard 
1	romantic and serenely 
1	a smart , nuanced look at de sade and what might have happened at picpus 
1	manages to be pleasant in spite of its predictability 
1	injects just enough freshness 
1	is an exercise in chilling style , and twohy films the sub , inside and out , with an eye on preserving a sense of mystery 
0	intimidated by both her subject matter 
0	weak and ineffective 
0	to blow it 
1	devos and cassel have tremendous chemistry 
1	good-natured 
0	inept and 
0	you come away thinking not only that kate is n't very bright , but that she has n't been worth caring about and that maybe she , janine and molly -- an all-woman dysfunctional family -- deserve one another . 
0	vulgar 
1	ever knew about generating suspense 
1	succumbs to sensationalism 
0	this starts off with a 1950 's doris day feel and it gets very ugly , very fast . 
0	, deceit and murder 
1	in its attempts 
0	derived from a lobotomy , having had all its vital essence scooped out and discarded 
0	brought down 
1	uncomfortably timely , relevant 
1	a heartwarming , nonjudgmental kind of way 
0	a stab at soccer hooliganism , a double-barreled rip-off of quentin tarantino 's climactic shootout -- 
0	is so slight 
1	to the fore for the gifted but no-nonsense human beings they are and for the still-inestimable contribution they have made to our shared history 
0	incompetent cops 
1	knockout 
0	the actors try hard but come off too amateurish and awkward . 
1	sentimental but entirely irresistible 
1	are forced to reflect that its visual imagination is breathtaking 
1	commercialism all in the same movie ... without neglecting character development for even one minute 
1	as one of the great submarine stories 
0	a complete shambles of a movie so sloppy , so uneven , so damn unpleasant that i ca n't believe any viewer , young or old , 
0	about a pair of squabbling working-class spouses 
1	cultural and personal self-discovery and a picaresque view 
1	the modern day 
0	inadequately motivated 
1	the arduous journey of a sensitive young girl through a series of foster homes and 
0	mired in stasis 
1	more attuned to the anarchist maxim that ` the urge to destroy is also a creative urge ' , or more willing to see with their own eyes , will find morrison 's iconoclastic uses of technology to be liberating . 
1	makes it all the more compelling . 
1	a middle-aged romance pairing clayburgh and tambor 
0	is a bowser 
0	that this noble warlord would be consigned to the dustbin of history 
1	best brush 
1	a knack for casting , often resurrecting performers who rarely work in movies now ... and drawing flavorful performances from bland actors 
1	hawaiian setting 
0	that it could have been a hoot in a bad-movie way if the laborious pacing and endless exposition had been tightened 
0	bores 
1	great fun both for sports aficionados and for ordinary louts whose idea of exercise is climbing the steps of a stadium-seat megaplex . 
1	to be released in imax format 
0	is a cinematic misdemeanor 
1	keen insights 
0	boils down to a transparently hypocritical work that feels as though it 's trying to set the women 's liberation movement back 20 years 
1	what a great way to spend 4 units of your day . 
1	his best screen 
1	surefire casting 
0	've seen in a while , a meander through worn-out material 
1	lush and beautifully photographed ( somebody suggested the stills might make a nice coffee table book ) 
1	an indispensable peek at the art and the agony of making people 
0	like a cruel deception carried out by men of marginal intelligence , with reactionary ideas about women and a total lack of empathy 
1	take any 12-year-old boy to see this picture , and he 'll be your slave for a year . 
0	of any film more challenging or depressing 
1	directed with purpose and finesse by england 's roger mitchell , who handily makes the move from pleasing , relatively lightweight commercial fare such as notting hill to commercial fare with real thematic heft . 
1	it takes you somewhere you 're not likely to have seen before , but beneath the exotic surface ( and exotic dancing ) it 's surprisingly old-fashioned . 
0	the action is stilted and 
0	having sucked dry the undead action flick formula 
1	director peter kosminsky gives these women a forum to demonstrate their acting ` chops ' and 
1	this quiet , introspective and entertaining independent 
1	frothy ` date movie ' ... 
1	is thought-provoking 
0	rhetoric and cliché 
0	another boorish movie from the i-heard-a-joke 
0	are so unmemorable 
1	to the experience 
1	constantly flows forwards and back , weaving themes among three strands which allow us to view events as if through a prism 
1	, beyond the astute direction of cardoso and beautifully detailed performances by all of the actors , is a note of defiance over social dictates . 
1	the precious trappings of most romantic comedies , infusing into the story 
1	is commentary enough 
1	more valuable 
1	from a scene where santa gives gifts to grownups 
0	auto focus feels so distant you might as well be watching it through a telescope . 
1	bravura performance 
0	is that , by the end , no one in the audience or the film seems to really care 
1	exquisite trappings 
1	is a tribute 
1	dishes out a ton of laughs that everyone can enjoy . 
1	as splendid-looking as this particular film 
1	lifts the film high above run-of-the-filth gangster flicks 
1	to the core of what it actually means to face your fears , to be a girl in a world of boys , to be a boy truly in love with a girl , and 
1	elaborate continuation 
0	combined with indoctrinated prejudice 
0	as ugly as the shabby digital photography and 
1	it can be safely recommended as a video/dvd babysitter . 
0	( carvey 's ) characters are both overplayed and exaggerated , but then again , subtlety has never been his trademark . 
0	somnambulant exercise 
1	the picture uses humor and a heartfelt conviction to tell a story about discovering your destination in life 
0	designed equilibrium becomes a concept doofus 
0	the pacing is deadly 
1	a gripping documentary 
1	when cares melted away in the dark theater 
0	shallow 
0	, a routine crime thriller remarkable only for its lack of logic and misuse of two fine actors , morgan freeman and ashley judd . 
1	promises offers an unexpected window into the complexities of the middle east struggle and into the humanity of its people . 
0	like one long 
0	visual hideousness 
0	the jokes are flat , and the action looks fake . 
0	mind ugly 
1	with square conviction 
1	some delightful work on indie projects 
1	curious 
0	same easy targets 
1	as he creates 
1	ol' 
0	really awful 
1	staring 
1	special walk 
1	it will gratify anyone who has ever suspected hollywood of being overrun by corrupt and hedonistic weasels . 
1	looks genuinely pretty . 
1	whose achievements -- and complexities -- reached far beyond the end zone 
1	strangely liberating 
0	too many pointless situations 
1	a detailed historical document , 
0	a cheap thriller , a dumb comedy 
0	the abiding impression , despite the mild hallucinogenic buzz , is of overwhelming waste -- the acres of haute couture ca n't quite conceal that there 's nothing resembling a spine here . 
1	makes minority report necessary viewing for sci-fi fans , 
1	a little more humanity 
0	unlikable , uninteresting , unfunny , and completely 
1	is so fine 
0	has the thrown-together feel of a summer-camp talent show : hastily written , underrehearsed 
0	fake backdrops 
1	a must-see for fans of thoughtful war films and those interested in the sights and sounds of battle . 
0	has little insight 
0	convince the audience that these brats will ever be anything more than losers 
1	( it 's ) a clever thriller with enough unexpected twists to keep our interest . 
0	their time ( including mine ) on something very inconsequential 
1	which is worth seeing 
1	a forceful drama 
1	breathtaking mystery 
1	sell it 
1	an impeccable study in perversity . 
0	virtually joyless 
0	intense , claustrophobic 
0	being `` in the mood '' to view a movie as harrowing and 
0	the same easy targets 
0	exhaustion , from watching a movie that is dark ( dark green , to be exact ) , 
0	bother with a contemptible imitator starring a `` snl '' has-been acting like an 8-year-old channeling roberto benigni ? 
1	less by wow factors than by its funny , moving yarn that holds up well after two decades 
0	by the pathetic idea 
0	tolerable-to-adults lark of a movie 
0	is a disaster 
1	simple , sweet and romantic comedy 
0	plodding action sequences 
1	it looks good , sonny 
0	what madonna does here ca n't properly be called acting -- more accurately , it 's moving and it 's talking and it 's occasionally gesturing , sometimes all at once 
0	bitten off more than he or anyone else could chew 
0	pathetic acting , poorly dubbed dialogue and murky cinematography 
1	paul bettany is good at being the ultra-violent gangster wannabe , 
1	... standard guns versus martial arts cliche with little new added . 
1	a cultural wildcard experience 
1	feel good about 
1	's mildly interesting 
0	's hard to believe these jokers are supposed to have pulled off four similar kidnappings before . 
0	, provocative and vainglorious 
0	shame americans , 
0	makes the grade as tawdry trash . 
0	is bad 
0	queen of the damned as you might have guessed , makes sorry use of aaliyah in her one and only starring role -- she does little here but point at things that explode into flame 
1	graceful dual narrative 
1	bright , intelligent , and humanly funny film . 
1	that serves as a painful elegy and sobering cautionary tale 
1	clearly evident quality 
1	follow-your-dream 
1	it forces you to ponder anew what a movie can be 
0	nothing more than an hour-and-a-half-long commercial for britney 's latest album 
0	the way adam sandler 's new movie rapes 
1	glaring and unforgettable 
0	the director is trying to dupe the viewer into taking it all as very important simply because the movie is ugly to look at and not a hollywood product 
1	inimitable diaz 
1	could easily be dealing with right now in your lives 
1	to feel-good , follow-your-dream hollywood fantasies 
0	a terrible adaptation 
1	for a few comic turns 
1	noyce has worked wonders with the material . 
1	digital 
0	critical and commercial disaster 
1	the pleasures of a well-made pizza 
1	put away the guitar , 
0	sc2 is an autopilot hollywood concoction lacking in imagination and authentic christmas spirit 
0	lucy liu never comes together 
1	smart , compelling 
1	great piece 
0	too much of nemesis has a tired , talky feel . 
0	can be a bit repetitive 
1	a powerful and deeply moving example of melodramatic moviemaking 
0	drowns in a sea of visual and verbal clichés 
1	witty feature 
1	an arcane area of popular culture 
0	will only satisfy the most emotionally malleable of filmgoers . 
1	's the sweet cinderella story 
1	constructs a hilarious ode to middle america and middle age with this unlikely odyssey , featuring a pathetic , endearing hero who is all too human 
1	moments of spontaneous creativity and authentic co-operative interaction 
0	change hackneyed concepts when it comes to dreaming up romantic comedies 
0	dumb and cheesy 
1	by way of a valentine sealed with a kiss 
0	is that it stinks 
1	they succeed merrily at their noble endeavor . 
0	, much about the film , including some of its casting , is frustratingly unconvincing . 
0	chronically mixed signals 
0	unbearably lame . 
1	honestly 
1	drooling over michael idemoto as michael 
0	, the movie winds up feeling like a great missed opportunity . 
1	most jaded 
1	can not help be entertained by the sight of someone getting away with something 
1	not about scares but a mood in which an ominous , pervasive , and unknown threat lurks just below the proceedings and adds an almost constant mindset of suspense 
0	the emphasis on self-empowering schmaltz and 
1	mazel tov to a film about a family 's joyous life acting on the yiddish stage . 
0	watch witherspoon 's talents wasting away inside unnecessary films like legally blonde and sweet home abomination 
0	is to ponder how a whole segment of pop-music history has been allowed to get wet , fuzzy and sticky . 
1	interesting than any of the character dramas , which never reach satisfying conclusions 
1	a work of deft and subtle poetry 
0	to pity the ` plain ' girl who becomes a ravishing waif after applying a smear of lip-gloss 
0	been nice if the screenwriters had trusted audiences to understand a complex story , and left off the film 's predictable denouement 
0	humdrum 
1	epic treatment 
0	wastes its time on mood rather than 
1	not all of the stories work and the ones that do are thin and scattered , but the film works well enough to make it worth watching 
1	is right at home in this french shocker playing his usual bad boy weirdo role 
0	it 's difficult to shrug off the annoyance of that chatty fish 
0	evokes a palpable sense of disconnection 
1	gets full mileage out 
1	photographed in the manner of a golden book sprung to life 
1	is a tale worth catching . 
1	the filmmakers ' eye for detail 
1	's a part of us that can not help be entertained by the sight of someone getting away with something 
0	too fast 
1	giving the movie a mournful undercurrent that places the good-time shenanigans in welcome perspective 
1	through 300 hundred years of russian cultural identity and a stunning technical achievement 
0	that ends up slapping its target audience in the face by shooting itself in the foot 
1	an experience that is richer than anticipated 
1	favor 
0	slow and 
0	in one scene , we get a stab at soccer hooliganism , a double-barreled rip-off of quentin tarantino 's climactic shootout -- and meat loaf explodes . 
0	is where ararat went astray . 
1	as pretty contagious fun 
0	nothing to show 
0	the new film is a lame kiddie flick 
0	the movie is so resolutely cobbled together out of older movies that it even uses a totally unnecessary prologue , just because it seems obligatory . 
0	boiled hollywood argot 
1	wonder of wonders -- a teen movie with a humanistic message 
1	terrific performances , great to look at , and funny . 
0	of monster truck-loving good ol' boys and peroxide blond honeys whose worldly knowledge comes from tv reruns and supermarket tabloids 
0	while something of bubba ho-tep 's clearly evident quality may end up languishing on a shelf somewhere 
1	a worthy addition to the cinematic canon , which , at last count , numbered 52 different versions . 
0	queasy infatuation and overall strangeness 
1	a decent tv outing 
0	pretend like your sat scores are below 120 and 
0	rare to see a movie that takes such a speedy swan dive from `` promising '' to `` interesting '' to `` familiar '' before landing squarely on `` stupid '' 
1	is well established 
0	fails to arrive at any satisfying destination 
1	also somewhat touched 
1	even when there are lulls , the emotions seem authentic , 
0	bo derek made the ridiculous bolero 
0	should 've been so much more even if it was only made for teenage boys and wrestling fans 
0	a depressing experience 
1	know what it wants to be 
0	populated by whiny , pathetic , starving and untalented artistes 
0	in such a lousy way , complete with some of the year 's ( unintentionally ) funniest moments , that it 's impossible to care 
1	proves to be a compelling 
1	is that there 's a casual intelligence that permeates the script . 
1	the film retains ambiguities that make it well worth watching . 
0	it gives poor dana carvey nothing to do that is really funny , and then expects us to laugh because he acts so goofy all the time . 
0	if they were coming back from stock character camp -- a drowsy drama infatuated by its own pretentious self-examination 
1	it 's refreshing to see a movie that embraces its old-fashioned themes and in the process comes out looking like something wholly original . 
1	gives it a buoyant delivery 
0	, the sum of all fears generates little narrative momentum , and invites unflattering comparisons to other installments in the ryan series . 
0	left slightly disappointed that it did n't 
1	intricate , intimate and intelligent 
1	much like a young robert deniro 
1	quirky movie to be made from curling 
1	an oddly winning portrayal 
0	a shame that stealing harvard is too busy getting in its own way to be anything but frustrating , boring , and forgettable . 
0	is too often like looking over the outdated clothes and plastic knickknacks at your neighbor 's garage sale 
1	, what a thrill ride 
0	the punch lines that miss , unfortunately , outnumber the hits by three-to-one . 
0	of the darkest variety 
0	spy action flick with antonio banderas and lucy liu never comes together 
1	as rude and profane as ever , always hilarious and , most of the time , absolutely 
1	animated by an energy that puts the dutiful efforts of more disciplined grade-grubbers 
1	will keep coming 
0	be a one-trick pony 
1	is brilliant , really . 
1	mostly honest 
1	film history 
0	to term an `` ambitious failure 
1	a winner 
0	the film , flaws and 
0	sleepless 
1	an emotionally strong and politically potent piece 
1	an exhilarating new interpretation 
0	do n't get paid enough to sit through crap like this . 
1	remains a film about something , one that attempts and often achieves a level of connection and concern . 
1	pleasantly 
1	quick-witted 
0	the problematic characters 
0	offering next to little insight into its intriguing subject 
1	a remarkable ability to document both sides of this emotional car-wreck 
0	about identity and alienation 
0	among a culture of people who sadly are at hostile odds with one another through recklessness and retaliation 
1	up being both revelatory and narcissistic , achieving some honest insight into relationships that most high-concept films candy-coat with pat storylines , precious circumstances and beautiful stars 
0	as violent , profane and exploitative as the most offensive action flick you 've ever seen . 
1	, twisty yarn 
0	just another combination of bad animation and mindless violence ... lacking the slightest bit of wit or charm 
0	, unfortunately , is a little too in love with its own cuteness 
0	a movie that is n't just offensive 
0	a fairly harmless but ultimately lifeless feature-length afterschool special 
1	does probably as good a job as anyone at bringing off the hopkins/rock collision of acting styles and onscreen personas 
1	intriguing subject 
1	at ease sharing the same scene 
1	's packed with adventure and a worthwhile environmental message 
0	scream low budget 
0	the problem with the film 
0	the kind of movie that leaves vague impressions and a nasty aftertaste but little clear memory of its operational mechanics . 
0	taken as a whole , the tuxedo does n't add up to a whole lot . 
1	young hanks and fisk , who vaguely resemble their celebrity parents , bring fresh good looks and an ease in front of the camera to the work . 
1	a chilling movie without oppressive gore . 
1	the natural affability that has made tucker a star 
1	three-hour cinema master class . 
0	gutless 
1	breathtakingly spectacular 
0	the auditorium feeling dizzy , confused , and totally disorientated 
1	enveloping sounds 
1	the creative animation work 
1	he 's one of the few ` cool ' actors who never seems aware of his own coolness . 
0	same option to slap her creators because they 're clueless and inept 
1	sexy and 
1	really , really good things can come in enormous packages 
0	the teeny-bopper set 
1	it does because ( the leads ) are such a companionable couple 
1	a fascinating , bombshell documentary 
1	bogdanovich taps deep into the hearst mystique , entertainingly reenacting a historic scandal . 
1	some of the unsung heroes of 20th century 
1	in by the sympathetic characters 
1	delivers a powerful commentary on how governments lie , 
1	to provoke them 
1	, promises offers an unexpected window into the complexities of the middle east struggle and into the humanity of its people . 
1	coordinated his own dv poetry 
0	amoral assassin 
0	, it 's the worst movie i 've seen this summer 
1	an extraordinary poignancy 
1	of the best special effects 
1	renner carries much of the film with a creepy and dead-on performance . 
0	's pauly shore awful . 
1	an irresistible blend 
1	swimming gets the details right , from its promenade of barely clad bodies in myrtle beach , s.c. , to the adrenaline jolt of a sudden lunch rush at the diner . 
0	cliched 
1	makes for unexpectedly giddy viewing 
0	well-worn situations 
1	beautiful , angry and sad 
1	this is a film that manages to find greatness in the hue of its drastic iconography . 
1	his imagination so vivid 
1	vibrance 
0	black-and-white 
0	has the thrown-together feel of a summer-camp talent show : hastily written , underrehearsed , arbitrarily plotted and 
0	the same mistake 
1	, murder hits and generally sustains a higher plateau with bullock 's memorable first interrogation of gosling . 
0	a selection of scenes in search of a movie . 
1	makes these lives count 
0	the most unpleasant things 
0	a downward narcotized spiral 
1	psychedelic devices , special effects and backgrounds , 
1	aside from rohmer 's bold choices regarding point of view , the lady and the duke represents the filmmaker 's lifelong concern with formalist experimentation in cinematic art . 
1	is a visual treat for all audiences 
1	where big stars and high production values are standard procedure 
0	's not very good either . 
0	frothing 
0	's not a single jump-in-your-seat moment 
1	gorgeous to look at 
1	a single surprise 
1	to put a lump in your throat while reaffirming washington as possibly the best actor working in movies today 
0	be occupied for 72 minutes 
0	bitchy 
1	the best possible senses of both those words 
0	, circuit is the awkwardly paced soap opera-ish story . 
1	fascinating portrait 
0	any attempts at nuance given by the capable cast 
0	forced to watch him try out so many complicated facial expressions 
1	steers refreshingly clear 
0	amounts to is a mildly funny , sometimes tedious , ultimately insignificant film 
0	mr. murray , a prolific director of music videos , stuffs his debut with more plot than it can comfortably hold . 
0	-- that the ` true story ' by which all the queen 's men is allegedly `` inspired '' was a lot funnier and more deftly enacted than what 's been cobbled together onscreen . 
1	win a wide summer audience through word-of-mouth reviews 
1	thoughtful and rewarding glimpse 
1	filmed directly 
0	slightly flawed 
0	muddled and 
0	premise , mopes through a dreary tract of virtually plotless meanderings 
0	seems to have a knack for wrapping the theater in a cold blanket of urban desperation 
0	having a nightmare about bad cinema 
1	is n't afraid to provoke introspection in both its characters and its audience 
1	may be lovely 
1	zips along with b-movie verve while adding the rich details and go-for-broke acting that heralds something special . 
1	is also a creative urge 
1	is such a sweet and sexy film 
1	you are watching them , and the slow parade of human frailty fascinates you 
0	past a child 's interest and an adult 's patience 
0	've never seen ( a remake ) do anything as stomach-turning as the way adam sandler 's new movie rapes , pillages and incinerates frank capra 's classic 
1	implicitly acknowledges and celebrates the glorious chicanery and self-delusion of this most american of businesses , and for that reason it may be the most oddly honest hollywood document of all . 
1	almost everyone growing up believes their family must look like `` the addams family '' to everyone looking in ... `` my big fat greek wedding '' comes from the heart 
1	sweet and romantic 
1	reign of fire is hardly the most original fantasy film ever made -- beyond road warrior , it owes enormous debts to aliens and every previous dragon drama -- but that barely makes it any less entertaining . 
1	is moody , oozing , chilling and heart-warming all at once ... a twisting , unpredictable , cat-and-mouse thriller . 
0	comatose ballerinas 
0	it 's also not smart or barbed enough for older viewers 
1	super 
1	the visuals and enveloping sounds of blue crush make this surprisingly decent flick worth a summertime look-see . 
0	baran is shockingly devoid of your typical majid majidi shoe-loving , crippled children . 
1	it 's fun 
1	this beautifully drawn movie 
1	instead comes far closer than many movies to expressing the way many of us live -- someplace between consuming self-absorption and insistently demanding otherness . 
1	is otherwise a sumptuous work of b-movie imagination 
1	two surefire , beloved genres 
0	lacks aspirations of social upheaval 
0	believe that resident evil is not it . 
0	that 's a liability . 
0	the day-old shelf would be a more appropriate location to store it 
1	genuinely bone-chilling tale 
1	more spirit and bite than your average formulaic romantic quadrangle 
0	cut their losses 
1	all the demographically appropriate comic buttons 
1	its sensitive handling 
0	that virtually no one is bound to show up at theaters for it 
1	enriched by an imaginatively mixed cast of antic spirits , headed by christopher plummer as the subtlest and most complexly evil uncle ralph i 've ever seen in the many film 
1	succeed merrily 
1	baroque beauty 
1	the effort is gratefully received 
1	juwanna mann 
0	an appalling ` ace ventura ' rip-off that somehow manages to bring together kevin pollak , former wrestler chyna and dolly parton . 
0	loathe him 
0	ordinary and obvious 
1	with good intentions 
0	by 86 minutes of overly-familiar and poorly-constructed comedy 
0	waste viewers ' time with a gobbler like this 
0	is : ` scooby ' do n't 
1	also heartwarming without stooping to gooeyness 
1	those exceedingly rare films 
0	terminally brain dead production 
1	sweet time building 
0	the uncanny , inevitable and seemingly shrewd facade of movie-biz farce 
1	hero performances 
0	( less a movie than ) 
0	never rises above mediocrity 
0	argue 
0	of people who sadly are at hostile odds with one another through recklessness and retaliation 
1	a couple of great actors hamming it up 
1	novel charm 
1	nothing overly original , mind you , but solidly entertaining 
0	volatile 
0	trapped wo n't score points for political correctness , 
0	the old disease-of-the-week small-screen melodramas 
1	's a perfect show of respect to just one of those underrated professionals who deserve but rarely receive it 
1	extraordinary debut from josh koury 
0	's painful to watch witherspoon 's talents wasting away inside unnecessary films like legally blonde and sweet home abomination , i mean , alabama 
0	described as sci-fi generic 
1	works its magic with such exuberance and passion 
0	with nary a glimmer of self-knowledge , ( crane ) becomes more specimen than character -- and auto focus remains a chilly , clinical lab report 
1	not too fancy , not too filling , not too fluffy , but definitely tasty and sweet 
0	just how much more grueling and time-consuming 
1	filming the teeming life on the reefs , making this gorgeous film a must for everyone from junior scientists to grown-up fish lovers 
0	make you wish you were at home watching that movie instead of in the theater watching this one 
1	serves up all of that stuff 
1	deftly setting off uproarious humor with an underlying seriousness that sneaks up on the viewer , providing an experience that is richer than anticipated . 
1	but strangely believable 
1	gives a human face to what 's often discussed in purely abstract terms . 
0	speculation , conspiracy theories or , at best , circumstantial evidence 
0	was n't one of the film 's virtues . 
0	only had a week to live 
0	a brutally dry satire of middle american numbness . 
0	under our skin 
0	an endless trailer 
0	you 'd be wise to send your regrets 
1	an astounding performance that deftly , gradually reveals a real human soul buried beneath a spellbinding serpent 's smirk . 
0	its recent predecessor miserably 
0	his character awakens to the notion that to be human 
0	too much power , not enough puff . 
1	is still quite good-natured and not a bad way to spend an hour or two 
0	nelson 's intentions are good , but the end result does no justice to the story itself . 
0	contrived , nonsensical and formulaic 
0	dry and 
1	was a deserved co-winner of the audience award for documentaries at the sundance film festival 
0	because you 're sure to get more out of the latter experience 
1	its excellent use of new york locales and sharp writing 
1	unlike many revenge fantasies , it ultimately delivers 
1	his strongest performance 
0	plays like some corny television 
0	be prescribed than recommended -- as visually bland as a dentist 's waiting room , complete with soothing muzak and a cushion of predictable narrative rhythms 
0	is hindered by a central plot that 's peppered with false starts and populated by characters who are nearly impossible to care about 
0	action sequences and some of the worst dialogue 
0	a battle of witlessness between a not-so-bright mother and daughter and an even less capable trio of criminals 
1	its hawaiian setting , the science-fiction trimmings and 
1	berry 's saucy 
1	probe questions of attraction and interdependence 
1	it 's notably better acted -- and far less crass - than some other recent efforts in the burgeoning genre of films about black urban professionals 
0	a humorless journey into a philosophical void . 
1	they fascinate in their recklessness . 
1	outright bodice-ripper 
1	graced with the kind of social texture and realism that would be foreign in american teen comedies 
1	me no lika da accents so good , but i thoroughly enjoyed the love story 
1	speaks eloquently about the symbiotic relationship between art and life . 
1	quiet , confident craftsmanship 
0	a fragile framework upon which to hang broad , mildly fleshed-out characters that seem to have been conjured up only 10 minutes prior to filming . 
1	is their resemblance to everyday children . 
0	's an utterly static picture 
0	a vanity project 
1	tavernier 's film bounds along with the rat-a-tat energy of `` his girl friday , '' maintaining a light touch while tackling serious themes . 
0	familiar and predictable , and 4/5ths of it might as well have come from a xerox machine rather than ( writer-director ) franc . 
1	refined 
1	high-powered star pedigree 
1	remains uniquely itself 
0	but it 's hardly a necessary enterprise . 
1	occasionally fun 
1	sensitive acting 
1	a worthwhile environmental message 
0	the frequent allusions to gurus and doshas will strike some westerners as verging on mumbo-jumbo 
0	narcotized 
1	10 
0	a dull , dumb and derivative horror film . 
1	alternating between facetious comic parody and pulp melodrama , this smart-aleck movie ... tosses around some intriguing questions about the difference between human and android life . 
1	music and laughter 
0	, more frantic than involving , more chaotic than entertaining . 
0	the movie does not do them justice 
1	weaving a theme throughout this funny film 
1	the rich performances by friel -- and especially williams , an american actress who becomes fully english -- round out the square edges . 
1	even if you do n't know the band or the album 's songs by heart , you will enjoy seeing how both evolve , and you will also learn a good deal about the state of the music business in the 21st century . 
0	the whole talking-animal thing is grisly . 
0	that turns me into that annoying specimen of humanity that i usually dread encountering the most 
0	foul up 
1	sweet without the decay 
1	humor and lightness 
1	resurrecting performers who rarely work in movies now ... and drawing flavorful performances from bland actors 
1	effective in all its aspects 
1	remarkable and memorable film 
1	reveals a music scene that transcends culture and race 
0	reaches 
0	stinks from start 
1	astounds . 
0	missed opportunities . 
0	awkwardly paced 
0	stops being clever and devolves into flashy , vaguely silly overkill . 
1	greatest adventure 
0	incompetent , incoherent or 
0	this poor remake of such a well loved classic 
1	uncompromising , difficult and unbearably beautiful 
1	the odd enjoyably chewy lump 
1	of the oscar wilde play 
0	the audience when i saw this one was chuckling at all the wrong times , and that 's a bad sign when they 're supposed to be having a collective heart attack 
0	utterly static 
0	through all too painfully 
1	it conjures up the intoxicating fumes and emotional ghosts of a freshly painted rembrandt 
0	visually ugly 
1	land beyond time is an enjoyable big movie primarily because australia is a weirdly beautiful place . 
1	entirely appropriately , the tale unfolds like a lazy summer afternoon and concludes with the crisp clarity of a fall dawn . 
1	the positive change in tone 
1	but every bit as filling as the treat of the title 
0	offers absolutely nothing i had n't already seen . 
0	tumbleweeds 
0	fresh and raw like a blown-out vein 
0	as those monologues stretch on and on , you realize there 's no place for this story to go but down 
0	sloppy plotting 
0	uncomfortable movie 
0	dysfunctional drama 
0	the sinister inspiration that fuelled devito 's early work is confused in death to smoochy into something both ugly and mindless . 
0	needlessly 
0	rage 
1	jeunet 
0	a huge mess 
1	tackling serious themes 
1	surprisingly touching 
1	otherwise comic 
0	by labored writing and slack direction 
0	in theory , a middle-aged romance pairing clayburgh and tambor sounds promising , but in practice it 's something else altogether -- clownish and offensive and nothing at all like real life . 
1	, and beautifully shot 
0	a sleep-inducing thriller 
1	integrating the characters in the foreground 
1	is terrific , although the actors must struggle with the fact that they 're playing characters who sometimes feel more like literary conceits than flesh-and-blood humans 
0	ugly , pointless , stupid movie 
0	no-surprise series 
0	the top and movies that do n't care about being stupid 
0	video , and so devoid of artifice and purpose 
0	that somehow manages to bring together kevin pollak , former wrestler chyna and dolly parton 
1	-- and deeply appealing -- 
0	is n't going to jell 
1	excellent performances on its side 
1	powerful , inflammatory film 
0	misguided project 
0	simplistic , silly and tedious . 
1	praises 
1	with the two leads delivering oscar-caliber performances 
0	in insignificance 
1	innocent , 
0	the movie is such a blip on the year 's radar screen that it 's tempting just to go with it for the ride . 
1	fascinating study 
0	easily dismissive 
0	's also not very good . 
1	saddled with an unwieldy cast of characters and angles , but the payoff is powerful and revelatory . 
1	if festival in cannes nails hard - boiled hollywood argot with a bracingly nasty accuracy 
1	tongue-in-cheek preposterousness has always been part of for the most part wilde 's droll whimsy helps `` being earnest '' overcome its weaknesses and parker 's creative interference ... 
1	'm giving it a strong thumbs up 
1	most fascinating stories 
1	pretty decent 
0	sappy dialogue 
1	to do that is really funny 
1	a good film with a solid pedigree both in front of and , more specifically , behind the camera . 
1	a remarkably cohesive whole 
1	riveting performances 
0	retread , hobbled by half-baked setups and sluggish pacing 
0	because the movie is ugly to look at and not a hollywood product 
1	has made its way into your very bloodstream 
1	not a film for the faint of heart or conservative of spirit , but for the rest of us -- especially san francisco lovers -- 
1	... a quietly introspective portrait of the self-esteem of employment and the shame of losing a job 
1	has all the trappings of an energetic , extreme-sports adventure , but 
0	failing 
0	, mad love looks better than it feels . 
0	i do n't blame eddie murphy but should n't 
1	succeeds 
1	elegant , witty and beneath 
0	the viewer 's patience with slow pacing and 
1	of the conflict that came to define a generation 
0	may seem disappointing in its generalities 
0	whether it wants to be a black comedy , drama , melodrama or some combination of the three 
0	demonstrates just how far his storytelling skills have eroded . 
1	a lot to recommend read my lips 
1	far more successful 
0	as if ( there 's ) a choke leash around your neck so director nick cassavetes can give it a good , hard yank whenever he wants you to feel something 
1	as the movie traces mr. brown 's athletic exploits , it is impossible not to be awed by the power and grace of one of the greatest natural sportsmen of modern times . 
1	the start -- and , refreshingly , stays that way 
1	ambitious ` what if 
1	an undeniably moving film to experience , and ultimately that 's what makes it worth a recommendation 
1	be prepared to cling to the edge of your seat , tense with suspense . 
0	lacks the spirit of the previous two , and makes all those jokes about hos and even more unmentionable subjects seem like mere splashing around in the muck 
1	be building suspense 
0	vulgarity 
1	a fascinating 
0	, another gross-out college comedy -- ugh . 
1	sincerely 
0	have been called freddy gets molested by a dog 
0	try hard but come off too amateurish and awkward . 
0	the poor and the dispossessed 
0	formula 51 promises a new kind of high but delivers the same old bad trip . 
1	greatly impressed by the skill of the actors involved in the enterprise 
0	rather thin moral 
0	stereotypical caretakers 
0	ingratiating 
1	michael moore has perfected the art of highly entertaining , self-aggrandizing , politically motivated documentary-making 
0	i hate the feeling of having been slimed in the name of high art . 
0	's still too burdened by the actor 
1	most original american productions 
1	his sly , intricate magic 
0	a film that 's barely shocking , barely interesting and most of all , barely anything 
0	lacks the inspiration of the original and has a bloated plot that stretches the running time about 10 minutes past a child 's interest and an adult 's patience 
1	a deserved co-winner 
0	sarah 's dedication to finding her husband seems more psychotic than romantic 
1	perfect 
1	a first-class , thoroughly involving b movie that effectively combines two surefire , beloved genres -- the prison flick and the fight film . 
1	rare quality 
0	water torture seem appealing 
1	subtle , and resonant 
1	fans of plympton 's shorts may marginally enjoy the film , 
0	is pushed into the margins by predictable plotting and tiresome histrionics 
1	is honestly 
1	a prolific director 
1	imagine benigni 's pinocchio becoming a christmas perennial 
1	rich and luscious 
1	fiji diver rusi vulakoro and the married couple howard and michelle hall ) 
0	featuring reams of flatly delivered dialogue and a heroine who comes across as both shallow and dim-witted . 
0	it might not be 1970s animation , but everything else about it is straight from the saturday morning cartoons -- a retread story , bad writing , and the same old silliness 
1	a high-powered star pedigree 
1	( allen ) 
0	is doomed by its smallness 
1	your toes wo n't still be tapping 
0	a very slow , uneventful ride around a pretty tattered old carousel . 
0	the shabby digital photography 
0	tedious as the chatter of parrots raised on oprah 
0	to imagine anybody ever being `` in the mood '' to view a movie as harrowing and painful as the grey zone 
0	lousy direction 
1	i will be . 
1	flat-out amusing , sometimes endearing and often fabulous 
0	the pushiness and decibel volume 
1	supporting 
0	the movie tries to make sense of its title character 
0	seems content to dog-paddle in the mediocre end of the pool , and it 's a sad , sick sight 
0	for the most part , the film is deadly dull 
0	seems more tacky and reprehensible , 
1	for us 
1	be intriguing 
0	advised to sit near the back and squint to avoid noticing some truly egregious lip-non-synching 
0	shockingly bad and absolutely unnecessary 
0	not a trace of humanity or empathy 
1	cinema master class . 
1	a fast , frenetic , funny , even punny 6 -- aimed specifically at a grade-school audience 
0	simply intrusive 
1	that rival vintage looney tunes for the most creative mayhem in a brief amount of time 
0	idiotic and ugly . 
1	's absolutely amazing how first-time director kevin donovan managed to find something new to add to the canon of chan . 
1	the film fearlessly gets under the skin of the people involved 
0	sadly , ` garth ' has n't progressed as nicely as ` wayne . ' 
1	tension , eloquence , spiritual challenge 
1	know a star 
1	defies expectation 
0	a badly edited , 91-minute trailer 
1	most elusive 
1	striking and 
0	of blaxploitation flicks 
1	with the unsettling spookiness of the supernatural 
1	muccino , who directed from his own screenplay , is a canny crowd pleaser , and the last kiss ... provides more than enough sentimental catharsis for a satisfying evening at the multiplex . 
1	have an honesty and dignity that breaks your heart . 
0	could hate it for the same reason 
0	guilty of the worst sin of attributable to a movie like this 
1	has never been more charming than in about a boy 
0	it 's often overwritten , with a surfeit of weighty revelations , flowery dialogue , and nostalgia for the past and roads not taken . 
0	little farm melodrama . 
0	as boring and 
1	what made allen 's romantic comedies so pertinent and enduring 
0	though intrepid in exploring an attraction that crosses sexual identity , ozpetek falls short in showing us antonia 's true emotions ... but 
1	vividly and 
0	director david fincher and writer david koepp ca n't sustain it . 
1	fascinating , compelling story 
1	robin tunney 
0	cautions 
1	mixes in as much humor as pathos to take us on his sentimental journey of the heart . 
1	staggeringly compelling character 
0	avoids all the comic possibilities of its situation , and becomes one more dumb high school comedy about sex gags and prom dates . 
1	that shows its indie tatters and self-conscious seams in places , but has some quietly moving moments and an intelligent subtlety 
0	you should avoid this like the dreaded king brown snake . 
1	ever seen , constantly pulling the rug from underneath us , seeing things from new sides , plunging deeper , getting more intense 
1	shimmeringly lovely coming-of-age portrait 
0	peroxide blond honeys whose worldly knowledge comes from tv reruns and supermarket tabloids 
0	posing as a real movie . 
1	that tell the best story 
0	abandon '' 
1	's a solid movie about people whose lives are anything but . 
1	a high-spirited buddy movie about the reunion of berlin 
0	druggy 
1	tsai has a well-deserved reputation as one of the cinema world 's great visual stylists 
1	to steal a movie not only from charismatic rising star jake gyllenhaal but also from accomplished oscar winners susan sarandon , dustin hoffman and holly hunter , yet newcomer ellen pompeo pulls off the feat with aplomb 
0	simply runs out of ideas 
1	buoyant delivery 
0	need to be invented to describe exactly how bad it is . 
0	moonlight mile does n't quite go the distance but 
0	snaps under the strain of its plot contrivances and its need to reassure 
1	a japan bustling 
0	a pale xerox of other , better crime movies . 
1	remarkably cohesive 
1	need a playful respite 
1	told with humor and poignancy 
1	that perfectly captures the wonders and worries of childhood 
0	queen of the damned is too long with too little going on . 
0	an acidic all-male all about eve 
0	the bottom of the barrel 
0	ill-considered notion 
1	acceptable , occasionally very enjoyable 
0	unfortunately , outnumber the hits by three-to-one . 
0	utter tripe 
1	wang xiaoshuai directs this intricately structured and well-realized drama that presents a fascinating glimpse of urban life and the class warfare that embroils two young men . 
1	have found a cult favorite to enjoy for a lifetime 
1	the film does pack some serious suspense . 
1	a vh1 behind the music special that has something a little more special behind it : music that did n't sell many records but helped change a nation 
0	is completely lacking in charm and charisma , and is unable to project either esther 's initial anomie or her eventual awakening . 
1	the power of this movie 
1	me feeling refreshed and hopeful 
0	frustration 
1	wow . 
1	us ... is a man who uses the damage of war -- far more often than the warfare itself -- to create the kind of art shots that fill gallery shows 
0	wanted to leave . 
1	anchoring performance 
1	miracles , 
0	would have been better off staying on the festival circuit 
1	do that is really funny 
0	exploitation flick 
1	warm , inviting , 
1	rare drama that offers a thoughtful and rewarding glimpse into the sort of heartache everyone 
0	lobotomy 
1	the distance 
1	transcend 
0	, the film amounts to being lectured to by tech-geeks , if you 're up for that sort of thing . 
1	if argento 's hollywood counterparts ... had this much imagination and nerve 
1	feel good 
1	, crisp storytelling 
0	a low-budget hybrid of scarface or carlito 's way 
0	pinochet 's victims 
1	more accurate than anything 
1	always destined to be measured against anthony asquith 's acclaimed 1952 screen adaptation . 
1	make ` cherish ' a very good ( but not great ) movie 
1	convincing characters 
1	is such a perfect medium for children 
1	yeah 
0	gawky actor 
1	holiday box office pie 
1	the funniest motion 
1	works more often than it does n't 
1	lends itself beautifully to filming the teeming life on the reefs , making this gorgeous film a must for everyone from junior scientists to grown-up fish lovers . 
1	a dickensian hero 
0	if there 's a heaven for bad movies 
0	fincher takes no apparent joy in making movies 
0	one of the most unpleasant things the studio has ever produced . 
1	the euphoria of growing up 
1	to set and shoot a movie at the cannes film festival 
0	is sorely lacking . 
1	` comedy ' scenes 
0	with nary a glimmer of self-knowledge , ( crane ) becomes more specimen than character 
1	something to behold 
0	's a whole heap of nothing at the core of this slight coming-of-age/coming-out tale . 
1	is a convincing one , and should give anyone with a conscience reason to pause . 
0	avoiding eye contact and 
0	the trappings of i spy are so familiar you might as well be watching a rerun . 
0	ca n't get sufficient distance from leroy 's 
0	there is plenty of room for editing , and a much shorter cut surely would have resulted in a smoother , more focused narrative without sacrificing any of the cultural intrigue . 
1	tavernier is more concerned with the entire period of history 
1	liked it because it was so endlessly , grotesquely , inventive . 
1	able to forgive its mean-spirited second half 
1	it is as uncompromising as it is nonjudgmental , and makes clear that a prostitute can be as lonely and needy as any of the clients . 
0	's a glorified sitcom , and a long , unfunny one at that . 
0	the gutless direction 
1	they so heartwarmingly motivate 
1	feels as immediate as the latest news footage from gaza and , because of its heightened , well-shaped dramas , twice as powerful 
1	's incredible the number of stories 
1	satisfyingly scarifying , fresh and 
0	the story is just too clichéd and too often strains credulity 
0	because half past dead is like the rock on a wal-mart budget 
0	dripping with cliche and bypassing no opportunity to trivialize the material . 
1	unusual biopic and document 
1	the film is a hilarious adventure and i shamelessly enjoyed it 
0	a couple of saps stuck in an inarticulate screenplay 
0	the incomprehensible anne rice novel 
1	funny and sad 
1	safe conduct is so rich with period minutiae it 's like dying and going to celluloid heaven . 
0	the glum , numb experience of watching o fantasma 
1	, this somber picture reveals itself slowly , intelligently , artfully . 
1	puts to rest any thought that the german film industry can not make a delightful comedy centering on food . 
1	that is presented with universal appeal 
1	see a movie 
1	an intensely lived time 
0	feeling this movie until it veered off too far into the exxon zone , and left me behind at the station looking for a return ticket to realism 
1	i thought the relationships were wonderful , 
0	downward 
1	wo n't feel cheated by the high infidelity of unfaithful . 
0	addition to sporting one of the worst titles in recent cinematic history 
0	spreads itself too thin 
0	as single-minded as john carpenter 's original 
1	the small moments 
1	action laudable 
0	that wore out its welcome with audiences several years ago 
1	this is one of mr. chabrol 's subtlest works , but also one of his most uncanny . 
1	survives intact in bv 's re-voiced version . 
0	if even the filmmakers did n't know what kind of movie they were making 
1	a masterful work of art of their own 
0	unbelievable naïveté and arbitrary flashbacks 
1	for the rhapsodic dialogue that jumps off the page , and for the memorable character creations 
1	in some terrific setpieces 
1	unerring respect 
0	crapulence 
0	a haunted house , 
1	sexy , surprising romance 
1	alternately hilarious and sad , aggravating and 
1	a perfectly pleasant if slightly pokey comedy 
0	what a pity ... that the material is so second-rate . 
1	joys 
0	time bombs and 
0	traffics in tired stereotypes and encumbers itself with complications 
0	little action , almost no suspense or believable tension , one-dimensional characters up the wazoo and sets that 
0	to feel like you were n't invited to the party 
0	the plot is nothing but boilerplate clichés from start to finish 
0	is so bad , 
0	is one that should be thrown back in the river 
0	dullingly 
1	very entertaining 
1	an engrossing portrait of uncompromising artists trying to create something original 
1	may be one of the most appealing movies ever made about an otherwise appalling , and downright creepy , subject -- a teenage boy in love with his stepmother 
1	make showtime the most savory and hilarious guilty pleasure of many a recent movie season . 
1	hence , storytelling is far more appealing 
1	come away with a greater knowledge of the facts of cuban music 
1	a sweet , laugh-a-minute crowd pleaser 
1	adaptation is intricately constructed and in a strange way nails all of orlean 's themes without being a true adaptation of her book 
0	exploit the familiar 
1	bullock 's memorable first interrogation of gosling 
1	good news 
1	, this is even better than the fellowship . 
1	beautifully shot , but 
1	for those who like quirky , slightly strange french films 
1	a stirring visual sequence like a surge through swirling rapids or a leap from pinnacle to pinnacle rouses us . 
0	the story does seem pretty unbelievable at times 
0	recite bland police procedural details , fiennes wanders 
1	'' is an intelligent flick that examines many different ideas from happiness to guilt in an intriguing bit of storytelling . 
1	its beautiful women 
0	a halfwit plot 
1	energetic and always surprising performance 
1	warm , 
1	is wickedly fun to watch 
1	it still works . 
1	have i seen a film so willing to champion the fallibility of the human heart 
0	unspeakable , of course , barely begins to describe the plot and its complications . 
1	, oozing , chilling and heart-warming 
1	this laughable dialogue 
1	weird and wonderful comedy 
0	an ultra-loud blast of pointless mayhem 
1	shiri is an action film that delivers on the promise of excitement , but it also has a strong dramatic and emotional pull that gradually sneaks up on the audience . 
0	the characters seem one-dimensional , and 
1	its agenda to deliver awe-inspiring , at times sublime , visuals 
0	it eventually works its way up to merely bad rather than painfully awful . 
1	look at that clever angle ! 
0	lack of a pyschological center knocks it flat 
0	but no sense of pride or shame 
1	doing nothing but reacting to it - feeling a part of its grand locations , thinking urgently as the protagonists struggled , feeling at the mercy of its inventiveness , gasping at its visual delights 
1	drug abuse , infidelity and death are n't usually comedy fare , but turpin 's film allows us to chuckle through the angst . 
1	with a creepy and dead-on performance 
0	sequel-for-the-sake 
1	very capable 
1	joyous documentary . 
1	sweet , genuine 
0	if routine action and jokes like this are your cup of tea 
1	a memorable directorial debut 
0	even the corniest and most hackneyed contrivances 
1	outstanding feature debut 
0	bad , bad movie 
1	opulent 
1	blue crush '' is the phenomenal , water-born cinematography by david hennings 
1	the high-buffed gloss and high-octane jolts 
1	to be a new yorker 
0	with a story that tries to grab us , only to keep letting go at all the wrong moments 
0	is to ponder how a whole segment of pop-music history has been allowed to get wet , fuzzy and sticky 
0	existential suffering 
1	, but director carl franklin adds enough flourishes and freak-outs to make it entertaining 
1	strong narrative 
0	unbearably 
0	'm not sure which will take longer to heal : the welt on johnny knoxville 's stomach from a riot-control projectile or my own tortured psyche 
1	merchant ivory productions 
1	the bai brothers have taken an small slice of history and opened it up for all of us to understand , 
0	cheap junk and an insult to their death-defying efforts 
1	real raw emotion 
0	barely camouflaging grotesque narcissism 
1	well-done supernatural thriller with keen insights into parapsychological phenomena and the soulful nuances of the grieving process . 
0	if george romero had directed this movie , it would n't have taken the protagonists a full hour to determine that in order to kill a zombie you must shoot it in the head 
0	confusing sexual messages 
0	fills me with revulsion . 
1	the most high-concept sci fi adventures attempted for the screen 
1	skill and determination 
0	a gut punch 
1	offers instead an unflinching and objective look at a decidedly perverse pathology 
0	though it 's not very well shot or composed or edited , the score is too insistent and 
1	sensitive ensemble performances 
1	bluto blutarsky , we miss you . 
0	of those crass , contrived sequels that not only fails on its own , but makes you second-guess your affection for the original 
1	is engaged 
0	is the kind of film that could only be made by african-americans because of its broad racial insensitivity towards african-americans 
0	( davis ) wants to cause his audience an epiphany , yet he refuses to give us real situations and characters . 
0	you could fit all of pootie tang in between its punchlines 
1	should never forget 
1	true to the essence of what it is to be ya-ya 
0	dreadfully short 
0	there 's a little violence and lots of sex in a bid to hold our attention , but it grows monotonous after a while , as do joan and philip 's repetitive arguments , schemes and treachery 
1	easily accessible stories 
0	lacks juice and delight 
0	's not a fresh idea at the core of this tale . 
0	the film does n't sustain its initial promise with a jarring , new-agey tone creeping into the second half 
1	the fantastic and the believable 
1	he script is n't up to the level of the direction 
1	mr. nachtwey has traveled to places in the world devastated by war , famine and poverty and documented the cruelty and suffering he has found with an devastating , eloquent clarity . 
1	the surprisingly somber conclusion 
1	talented , charismatic and tragically 
1	an interesting look behind the scenes of chicago-based rock group wilco ... 
0	're most likely to find on the next inevitable incarnation of the love boat 
0	can be expected from a college comedy that 's target audience has n't graduated from junior high school 
0	have all the suspense of a 20-car pileup , while the plot holes are big enough for a train car to drive through -- if kaos had n't blown them all up 
1	lively 
0	the issues are presented in such a lousy way , complete with some of the year 's ( unintentionally ) funniest moments , that it 's impossible to care . 
1	have strip-mined the monty formula mercilessly since 1997 . 
1	a different and emotionally reserved type of survival story -- a film less about refracting all of world war ii through the specific conditions of one man , and more about that man lost in its midst . 
1	reign of fire is hardly the most original fantasy film ever made -- beyond road warrior , it owes enormous debts to aliens and every previous dragon drama -- but that barely makes it any less entertaining 
0	even though i could not stand them 
1	terrific performance 
1	are of the highest and the performances attractive without being memorable . 
0	a loquacious and dreary piece of business . 
0	the stunt-hungry dimwits 
1	despite the film 's shortcomings , the stories are quietly moving . 
1	a teeth-clenching gusto 
1	catches you up in something bigger than yourself 
1	a surprisingly sweet and gentle comedy . 
1	bang-bang , shoot-em-up scene 
1	a breezy blend of art , history , esoteric musings and philosophy 
1	purports 
1	a risky venture that never quite goes where you expect and often surprises you with unexpected comedy 
0	: it 's not really funny . 
0	bad alternative music 
0	to it -- as if the director is trying to dupe the viewer into taking it all as very important simply because the movie is ugly to look at and not a hollywood product 
1	highly watchable , giggly little story 
0	afraid to show this movie to reviewers before its opening , afraid of the bad reviews they thought they 'd earn 
0	it makes my big fat greek wedding look like an apartheid drama 
0	a rambling and incoherent manifesto 
0	a travesty of a transvestite comedy 
1	maintains an appealing veneer without becoming too cute about it 
1	confident , richly 
1	is visually ravishing , penetrating , impenetrable 
0	this is a fragmented film , once a good idea that was followed by the bad idea to turn it into a movie . 
1	a better script 
0	passing twinkle 
0	one of those crazy , mixed-up films that does n't know what it wants to be when it grows up 
0	unbearable 
0	kicking undead *** 
0	's unfortunate that wallace , who wrote gibson 's braveheart as well as the recent pearl harbor , has such an irrepressible passion for sappy situations and dialogue 
1	creates a portrait of two strong men in conflict , 
1	one of those terrific documentaries that collect a bunch of people who are enthusiastic about something and then 
1	exceptional honesty 
0	generates little narrative momentum , and invites unflattering comparisons to other installments in the ryan series . 
1	simpler , leaner 
0	disease 
1	has managed to marry science fiction with film noir and action flicks with philosophical inquiry 
1	funny stuff 
1	tnt 
0	feel of a bunch of strung-together tv episodes . 
0	may not have the highest production values you 've ever seen 
0	a fascinating curiosity piece -- fascinating , that is , for about ten minutes . 
1	still has a sense of his audience 
1	fueled by the light comedic work of zhao benshan and the delicate ways of dong jie 
0	dumb gags , anatomical humor , or character cliches 
1	accents so good 
1	a family-oriented non-disney film that is actually funny without hitting below the belt 
1	its visual panache and compelling supporting characters 
0	, noisy and pretentious 
0	takes few chances and manages to insult the intelligence of everyone in the audience 
1	with a message that cautions children about disturbing the world 's delicate ecological balance 
0	it still feels like a prison stretch . 
1	amuse or entertain them 
0	creep 
1	over the years , hollywood has crafted a solid formula for successful animated movies , and ice age only improves on it , with terrific computer graphics , inventive action sequences and a droll sense of humor . 
1	its metaphors are opaque enough to avoid didacticism , and 
1	guilty-pleasure , daytime-drama sort 
0	stoops to cheap manipulation or corny conventions to do it 
0	maladjusted teens in a downward narcotized spiral . 
1	a far bigger , far more meaningful story than one 
1	a funny yet dark and seedy clash 
0	is shockingly devoid of your typical majid majidi shoe-loving , crippled children 
0	a potentially good comic premise and excellent cast are terribly wasted . 
1	where this was lazy but enjoyable 
1	intelligent flick 
1	offers a thoughtful and rewarding glimpse 
1	highly watchable stuff . 
1	put on an intoxicating show . 
1	witty , improbable romantic comedy 
1	good actors 
1	in the series 
1	a capable thriller 
1	, it has some special qualities and the soulful gravity of crudup 's anchoring performance . 
0	hard to believe that a life like this can sound so dull 
0	wasting 
1	giggles and 
0	an impenetrable and insufferable ball 
0	akin to a reader 's digest condensed version of the source material 
1	comes along only occasionally , one so unconventional , gutsy and perfectly 
0	report that it is instead a cheap cliché 
0	overplayed 
1	're gon na like this movie . 
1	is still fun and enjoyable and so aggressively silly that it 's more than a worthwhile effort . 
1	articulates 
1	offers hope 
0	loosely connected 
0	muddled , simplistic and more than a little pretentious 
1	well-done supernatural thriller with keen insights into parapsychological phenomena and the soulful nuances 
0	that ( nelson 's ) achievement does n't match his ambition 
0	a bad movie , just mediocre 
1	a jaw-droppingly beautiful work 
1	a lovely , eerie film that casts an odd , rapt spell 
1	too good to be bad 
1	held my interest precisely because it did n't try to 
0	although no pastry is violated , this nasty comedy pokes fun at the same easy targets as other rowdy raunch-fests -- farts , boobs , unmentionables -- without much success . 
1	has a great cast and a great idea . 
1	of the best ensemble casts of the year 
1	at its best 
1	only the most hardhearted scrooge could fail to respond 
0	unfortunately , it 's also not very good . 
1	the highest production values you 've ever seen 
0	begging for attention 
1	to rush to the theater for this one 
1	of fresh air 
1	with a zippy jazzy score 
1	is its personable , amusing cast . 
0	from its nauseating spinning credits sequence to a very talented but underutilized supporting cast , bartleby squanders as much as it gives out . 
0	grown tired of going where no man has gone before 
0	pure venality -- 
0	the addition of a wholly unnecessary pre-credit sequence designed to give some of the characters a ` back story 
0	from a genre -- the gangster/crime comedy -- that wore out its welcome with audiences several years ago 
0	when none of them are ever any good 
1	the action and special effects 
0	really poor 
1	welcome relief 
1	from venice beach that was a deserved co-winner of the audience award for documentaries at the sundance film festival 
0	's fitting that a movie as artificial and soulless as the country bears owes its genesis to an animatronic display at disneyland 
0	entertains not 
0	taken the protagonists a full hour to determine that in order to kill a zombie you must shoot it in the head 
0	's hard to care about a film that proposes as epic tragedy the plight of a callow rich boy who is forced to choose between his beautiful , self-satisfied 22-year-old girlfriend and an equally beautiful , self-satisfied 18-year-old mistress 
1	, you can feel the love . 
1	meditation ) 
1	worthwhile for reminding us that this sort of thing does , in fact , still happen in america 
0	mel 
1	valiant effort to understand everyone 's point of view 
0	dark areas 
1	a fascinating case study of flower-power liberation 
0	his pleas 
0	crude storyline 
0	'm left slightly disappointed that it did n't 
1	that leads up to a strangely sinister happy ending 
0	far too cliched 
0	in such odd plot 
0	also wrecks any chance of the movie rising above similar fare 
1	enjoyable film 
1	hard-won 
1	a feel-good movie can still show real heart 
1	, though goofy and lurid , 
1	is the score , as in the songs translate well to film 
1	resistance and artistic transcendence 
0	this is the kind of movie where people who have never picked a lock do so easily after a few tries and become expert fighters after a few weeks . 
0	not everything 
0	becomes lifeless and falls apart like a cheap lawn chair 
0	borstal boy represents the worst kind of filmmaking , the kind that pretends to be passionate and truthful but is really frustratingly timid and soggy . 
0	fluffy and disposible 
1	genuinely inspirational 
0	no apparent reason except 
1	exceptional thriller 
0	stunningly trite 
1	gets an exhilarating new interpretation in morvern callar . 
1	norton is magnetic as graham . 
1	the battle bots 
0	outtakes in which most of the characters forget their lines and just utter ` uhhh , ' which is better than most of the writing in the movie 
0	ozpetek falls short in showing us antonia 's true emotions 
0	inconsequential 
1	'll cheer 
1	an ideal 
1	thrusts the audience 
1	with notorious c.h.o. cho proves she has the stuff to stand tall with pryor , carlin and murphy . 
0	but overall the halloween series has lost its edge 
0	'' is one of those crass , contrived sequels that not only fails on its own , but makes you second-guess your affection for the original . 
1	gives give a solid , anguished performance that eclipses nearly everything else she 's ever done 
0	`` looking for leonard '' just seems to kinda sit in neutral , hoping for a stiff wind to blow it uphill or something . 
1	an air of dignity that 's perfect for the proud warrior that still lingers in the souls of these characters 
0	the idea of narrative logic or cohesion is an entirely foreign concept 
0	the hanukkah spirit seems fried in pork . 
1	a finely written , superbly acted offbeat thriller 
0	empire ca n't make up its mind whether it wants to be a gangster flick or an art film . 
0	a whole heap 
1	most uncanny 
0	a teenybopper ed wood film , replete with the pubescent scandalous innuendo and 
0	( and probably should have ) 
1	of masters of both 
0	does n't tell you anything except that the chelsea hotel today is populated by whiny , pathetic , starving and untalented artistes . 
0	offers nothing more than a bait-and-switch that is beyond playing fair with the audience . 
1	has you study them 
1	delightful in the central role 
0	avoid 
1	recognizes the needs of moviegoers for real characters and compelling plots 
0	start reading your scripts before signing that dotted line 
1	we were soldiers 
0	descends into such message-mongering moralism 
0	's unlikely to become a household name on the basis of his first starring vehicle . 
0	misuse 
0	predictable outcome 
0	a flawed human 
0	difficult to tell who the other actors in the movie are 
0	can be gleaned from this three-hour endurance test built around an hour 's worth of actual material 
1	captivated 
1	work in the same vein as the brilliance of animal house 
1	a stylish but steady , and ultimately very satisfying , piece 
1	it 's still a comic book , but maguire makes it a comic book with soul . 
1	damned wonderful 
1	doing battle 
1	demonstrates that werner herzog can still leave us with a sense of wonder at the diverse , marvelously twisted shapes history has taken . 
1	infectiously 
1	joy 
0	the film is static 
0	absurd finale 
0	audacious-impossible 
1	be all too familiar 
0	this is a film living far too much in its own head . 
1	a rollicking good time for the most part 
1	its overall sense of mystery 
1	you like peace 
0	out mediocre 
1	surrounding us 
0	... a movie that , quite simply , should n't have been made . 
0	it appears as if even the filmmakers did n't know what kind of movie they were making . 
0	irreconcilable 
1	secret ballot is a comedy , both gentle and biting 
1	promises is a compelling piece that demonstrates just how well children can be trained to live out and carry on their parents ' anguish . 
1	what 's most memorable about circuit is that it 's shot on digital video , whose tiny camera enables shafer to navigate spaces both large ... and small ... with considerable aplomb . 
0	there 's no excuse for following up a delightful , well-crafted family film with a computer-generated cold fish . 
1	potent exploration 
0	all the halfhearted zeal 
1	a sun-drenched masterpiece , part parlor game , part psychological case study , part droll social satire . 
0	vignettes which only prove that ` zany ' does n't necessarily mean ` funny 
1	enticing and 
1	are very expressive 
1	than the first 30 or 40 minutes 
1	infuse the rocky path to sibling reconciliation with flashes of warmth and gentle humor 
1	service of of others 
1	walk to remember a niche hit 
0	cold , gray 
0	i 'm sorry to say that this should seal the deal - arnold is not , nor will he be , back 
0	we do n't get paid enough to sit through crap like this . 
0	formulaic , its plot and pacing typical hollywood war-movie stuff , 
0	an overstylized , puréed mélange 
1	fit in any modern action movie 
0	that even the most jaded cinema audiences will leave the auditorium feeling dizzy , confused , and totally disorientated 
0	the ` ick ' in ` classic 
0	the film would have been more enjoyable had the balance shifted in favor of water-bound action over the land-based ` drama , ' but the emphasis on the latter leaves blue crush waterlogged 
0	that something hip and transgressive was being attempted here that stubbornly refused to gel 
1	beautifully read and , finally , deeply humanizing 
1	one of the most savagely hilarious social critics 
1	, a formula comedy redeemed by its stars , 
0	most offensive 
0	the film , while it 's not completely wreaked , is seriously compromised by that 
1	on the success of bollywood 
1	combined with stunning animation 
1	, and dramatically moving 
1	right direction 
0	improvise and scream their way around this movie directionless , lacking any of the rollicking dark humor so necessary 
0	leaden as the movie sputters to its inevitable tragic conclusion 
0	its lackadaisical plotting and mindless action 
0	overinflated mythology 
0	that not only blockbusters pollute the summer movie pool 
1	increasingly amused 
0	for most of the film it is hard to tell who is chasing who or why 
1	whimsicality 
0	just a string of stale gags , 
0	dismiss -- 
1	how well it holds up in an era in which computer-generated images are the norm 
1	worth the effort 
0	an ungainly movie , ill-fitting , with its elbows sticking out where the knees should be 
1	satisfaction 
1	you feel what they feel 
1	be so light-hearted 
0	's little to recommend snow dogs , unless one considers cliched dialogue and perverse escapism a source of high hilarity 
0	quickly wears out its limited welcome 
1	career-defining 
0	grueling 
0	of hype 
0	grayish quality 
0	meandering , low on energy , and too eager 
1	made swimfan anyway 
1	with passable performances from everyone in the cast 
1	it 's dark but has wonderfully funny moments ; you care about the characters ; and the action and special effects are first-rate . 
1	a pretty decent kid-pleasing , tolerable-to-adults lark of a movie 
0	ick ' 
0	, you may just end up trying to drown yourself in a lake afterwards . 
1	few films have captured the chaos of an urban conflagration with such fury , and audience members will leave feeling as shaken as nesbitt 's cooper looks when the bullets stop flying . 
0	a story which fails to rise above its disgusting source material . 
0	's hard to care about a film that proposes as epic tragedy the plight of a callow rich boy who is forced to choose between his beautiful , self-satisfied 22-year-old girlfriend and an equally beautiful , self-satisfied 18-year-old mistress . 
1	, elusive , yet inexplicably 
0	's a lousy one at that . 
0	to drag as soon as the action speeds up 
0	to be oblivious to the existence of this film 
0	seriously dumb characters , 
1	sometimes both 
1	with a treasure chest of material 
0	by the sick sense of humor 
0	, the plot 's saccharine thrust 
0	by his lack of self-awareness 
0	the efforts of its star , kline , to lend some dignity to a dumb story 
0	the problem with the bread , my sweet 
1	yet this one makes up for in heart what it lacks in outright newness . 
1	of the most exciting action films 
1	hailed as a clever exercise in neo-hitchcockianism , this clever and very satisfying picture is more accurately chabrolian . 
0	the château is never quite able to overcome the cultural moat surrounding its ludicrous and contrived plot . ' 
0	cheap , vulgar dialogue and a plot that crawls along at a snail 's pace . 
0	some kid who ca n't act , only echoes of jordan , and 
0	heavy-handed , manipulative 
1	it is an engaging and exciting narrative of man confronting the demons of his own fear and paranoia 
1	a dreadful day in irish history is given passionate , if somewhat flawed , treatment . 
1	in imax in short , it 's just as wonderful on the big screen . 
0	that neither protagonist has a distinguishable condition hardly matters because both are just actory concoctions , defined by childlike dimness and a handful of quirks . 
1	is truth 
1	's an entertaining and informative documentary . 
0	treats us to an aimless hodgepodge 
0	knucklehead 
0	with tiny little jokes and nary an original idea 
0	does n't really know or care about the characters , and 
0	, graceless , hackneyed 
1	every top-notch british actor 
1	shining with all the usual spielberg flair , expertly 
1	the mothman prophecies is best when illustrating the demons bedevilling the modern masculine journey . 
1	know the band or the album 's songs by heart 
0	too amateurish 
0	is a crime that should be punishable by chainsaw 
0	overly convenient 
1	above the rest 
1	turns the goose-pimple genre on its empty head and fills it with spirit , purpose and emotionally bruised characters who add up to more than body count 
1	mostly believable , refreshingly low-key and 
1	as rude and profane as ever , always hilarious and 
1	, cultivation and devotion 
1	shekhar kapur 
1	remains fairly light , 
0	mira sorvino 's limitations 
0	outside of burger 's desire to make some kind of film , it 's really unclear why this project was undertaken 
1	there 's real visual charge to the filmmaking , and 
1	its elegantly colorful look 
1	gritty , sometimes funny 
1	found in almost all of his previous works 
0	feminist empowerment tale thinly 
0	drown a viewer in boredom 
0	does n't offer much in terms of plot or acting 
1	draws you 
1	thurman 
1	it should be done cinematically 
0	i have n't seen such self-amused trash since freddy got fingered . 
0	nothing happens , and 
1	delicately performed 
0	strolls through this mess with a smug grin , inexplicably wearing a kilt and carrying a bag of golf clubs over one shoulder . 
1	is a winning comedy that excites the imagination and tickles the funny bone . 
0	reeking 
1	surprisingly sweet and gentle comedy 
0	unfunny comedy 
1	one of the finest 
1	manages to string together enough charming moments to work 
1	keeps the film grounded in an undeniable social realism 
1	has become the master of innuendo . 
0	lacks the wit necessary to fully exploit the comic elements of the premise , making the proceedings more bizarre than actually amusing 
1	its one good idea 
1	godfrey reggio 's career shines like a lonely beacon . 
1	more experimental 
1	has in kieran culkin a pitch-perfect holden . 
1	if the plot seems a bit on the skinny side , that 's because panic room is interested in nothing more than sucking you in ... and making you sweat . 
0	, the cartoons look almost shakespearean -- both in depth and breadth -- after watching this digital-effects-heavy , supposed family-friendly comedy . 
0	is very choppy and monosyllabic despite the fact that it is being dubbed . 
1	in this remarkable and memorable film 
0	rigor 
0	surprisingly shoddy 
0	a sour taste in your mouth 
1	once again that he 's the best brush in the business 
0	lazily 
1	into the art film pantheon 
0	allowed to use the word `` new '' in its title 
1	show-stoppingly hilarious , but scathingly witty 
1	a gift 
0	will no doubt rally to its cause , trotting out threadbare standbys like ` masterpiece ' and ` triumph ' and all that malarkey , but rarely 
1	that lifts your spirits 
1	i like all four of the lead actors a lot 
1	a movie in which laughter and self-exploitation merge into jolly soft-porn 'em powerment . 
1	uncluttered 
0	nothing more than an amiable but unfocused bagatelle that plays like a loosely-connected string of acting-workshop exercises 
1	of a genre gem 
1	realism , crisp storytelling and radiant compassion 
0	rejected must have been astronomically bad 
0	wear over his head when he goes out into public , to avoid being recognized as the man who bilked unsuspecting moviegoers 
0	one of the worst movies of one year 
0	acting horribly 
1	moving and revelatory 
1	a certain ambition 
1	human moments 
0	almost humdrum approach to character development 
1	a trenchant , ironic cultural satire instead of a frustrating misfire 
0	sneak out of the theater 
1	revolutionary 
1	very simply sets out to entertain and ends up delivering in good measure 
0	what goes on for the 110 minutes of `` panic room '' is a battle of witlessness between a not-so-bright mother and daughter and an even less capable trio of criminals . 
0	, there are side stories aplenty -- none of them memorable . 
1	the rare directors who feels acting is the heart and soul of cinema 
1	the kind of movie that deserves a chance to shine 
0	shooting itself 
1	is truly gorgeous to behold . 
1	is a success 
1	give credit to everyone from robinson down to the key grip that this bold move works . 
1	has layered , well-developed characters and some surprises . 
0	what a reckless 
1	the personal touch of manual animation 
1	fun , 
0	formuliac 
0	how funny they could have been in a more ambitious movie 
1	love this 
1	nolan 's penetrating undercurrent of cerebral and cinemantic flair lends ( it ) stimulating depth . 
0	in the media 
0	to a transparently hypocritical work that feels as though it 's trying to set the women 's liberation movement back 20 years 
1	max pokes , provokes , takes expressionistic license and hits a nerve ... as far as art is concerned , it 's mission accomplished 
0	is so insanely dysfunctional 
0	listless and 
0	by on humor that is not even as daring as john ritter 's glory days on three 's company 
1	good laughs 
0	that takes its sweet time building to a climax that 's scarcely a surprise by the time 
1	is a real filmmaker 
1	a wonderful thing 
0	most moronic 
1	inspired dialogue bits 
0	a disoriented but occasionally disarming saga 
1	funny , moving 
1	discursive but oddly riveting documentary . 
1	offers us the sense that on some elemental level , lilia deeply wants to break free of her old life . 
1	snow white 
0	makes me say the obvious : abandon all hope of a good movie ye who enter here 
1	perfectly rendered period piece 
1	elegantly balanced movie 
1	a hallucinatory dreamscape that frustrates and captivates 
1	has a funny moment or two 
0	a low-budget affair , tadpole was shot on digital video , and the images often look smeary and blurry , to the point of distraction . 
1	inviting 
1	that the director of such hollywood blockbusters as patriot games can still turn out a small , personal film with an emotional wallop 
0	may be shallow 
1	by turns touching , raucously amusing , uncomfortable , and , yes , even sexy 
0	eventually resents having to inhale this gutter romancer 's secondhand material 
1	a b-movie you can sit through , enjoy on a certain level and then forget . 
1	banter-filled comedy 
1	bothered to construct a real story this time 
0	a monster 
0	scummy ripoff 
1	has a solid emotional impact . 
1	feels uncomfortably real 
1	marvelously 
1	miyazaki 's nonstop images are so stunning , and 
1	suitably kooky which should appeal to women and 
1	searing lead performance 
1	in which a sultry evening or a beer-fueled afternoon in the sun can inspire even the most retiring heart to venture forth 
1	a perceptive , good-natured movie 
0	grinds itself 
0	in bad stage dialogue 
0	in a black man getting humiliated by a pack of dogs who are smarter than him 
0	is one big , dumb action movie 
0	is that it 's a crime movie made by someone who obviously knows nothing about crime . 
1	comedies to hit the screen in years 
0	is like cold porridge with only the odd enjoyably chewy lump 
0	aged 
1	to tear your eyes away from the images 
0	the waterlogged script 
0	a muted freak-out 
0	underdeveloped effort 
0	the most ordinary and obvious fashion 
0	the whole affair , true story or not , feels incredibly hokey ... ( it ) comes off like a hallmark commercial . 
0	to consider the unthinkable , the unacceptable , the unmentionable 
0	truly bad 
0	not to have been edited at all 
0	the script 's bad ideas and awkwardness 
0	as terrible as the synergistic impulse that created it 
1	wonderland adventure , a stalker thriller , and 
0	a routine crime thriller remarkable only for its lack of logic and misuse of two fine actors , morgan freeman and ashley judd . 
0	though jay roach directed the film from the back of a taxicab 
0	another genre exercise 
1	hard-hitting 
1	audiard successfully maintains suspense on different levels throughout a film that is both gripping and compelling . 
1	gut-wrenching examination 
1	this ready-made midnight movie probably wo n't stand the cold light of day , but under the right conditions , it 's goofy ( if not entirely wholesome ) fun 
0	hate it 
1	gets vivid , convincing performances 
1	ensures 
0	the work of an exhausted , desiccated talent who ca n't get out of his own way 
0	, a question comes to mind : so why is this so boring ? 
0	simplistic story 
0	, they 'll probably run out screaming . 
1	have made it an exhilarating 
1	a good movie ye who enter here 
1	the tale has turned from sweet to bittersweet , and when the tears come during that final , beautiful scene , they finally feel absolutely earned 
0	a boring , pretentious muddle that uses a sensational , real-life 19th-century crime as a metaphor for -- well , i 'm not exactly sure what -- and has all the dramatic weight of a raindrop 
0	's kind of sad that so many people put so much time and energy into this turkey . 
1	wrapped up in the characters 
0	by folks worthy of scorn 
1	clever script 
0	sucks , but has a funny moment or two . 
0	is as conventional as can be 
0	are more silly than scary 
1	a hugely enjoyable film 
0	're struggling to create . 
0	an obvious copy of one of the best films ever made , how could it not be ? 
1	dragon 
0	slopped ` em together here 
0	twitchy acting 
0	stoop so low 
0	if a big musical number like ` praise the lord , he 's the god of second chances ' does n't put you off 
1	toback 's deranged immediacy makes it seem fresh again . 
0	have been readily dismissed as the tiresome rant of an aging filmmaker still thumbing his nose at convention 
1	a hollywood film 
0	's not enough intelligence , wit or innovation on the screen to attract and sustain an older crowd 
1	rises ) 
0	cinema history as the only movie ever in which the rest of the cast was outshined by ll cool j. 
0	makes little attempt to give voice to the other side 
0	this tale has been told and retold ; 
0	irritating 
0	stupid characters 
0	you have to check your brain at the door 
0	we just do n't really care too much about this love story . 
0	bad film you thought was going to be really awful 
0	how much he runs around and acts like a doofus 
0	the poor quality of pokemon 4 
1	the effort is sincere and 
1	it 's a dark , gritty story but 
1	almost guaranteed that even the stuffiest cinema goers will laugh their *** off for an hour-and-a-half 
0	deeply pessimistic 
0	repressed 
0	been lost in the translation ... another routine hollywood frightfest in which the slack execution italicizes the absurdity of the premise 
1	by turns pretentious , fascinating , ludicrous , provocative and vainglorious . 
1	's refreshing that someone understands the need for the bad boy 
1	mr. koshashvili is a director to watch . 
0	deserves the hook 
0	his dependence on slapstick 
0	you 're left with a sour taste in your mouth 
1	taking your expectations and twisting them just a bit 
1	the movie 's progression 
1	resourceful hero 
1	a huge amount of the credit for the film 
0	a summer of teen-driven , toilet-humor codswallop 
0	's quite an achievement to set and shoot a movie at the cannes film festival and yet fail to capture its visual appeal or its atmosphere . 
0	hard to like a film so cold and dead 
0	listless , witless , and devoid of anything 
0	a modem that disconnects every 10 seconds 
1	romp that will have viewers guessing just who 's being conned right up to the finale 
1	sincerely crafted picture 
0	a soufflé gone wrong 
1	forget about one oscar nomination for julianne moore this year - she should get all five . 
0	a prolonged extrusion of psychopathic pulp 
1	this little $ 1.8 million charmer , which may not be cutting-edge indie filmmaking 
0	a genteel , prep-school quality that feels dusty and leatherbound 
0	the worst possibilities 
1	cinematic intoxication , a wildly inventive mixture of comedy and melodrama , 
0	this loud and thoroughly obnoxious comedy about a pair of squabbling working-class spouses is a deeply unpleasant experience . 
1	illustrated by a winning family story . 
0	essentially `` fatal attraction '' remade for viewers who were in diapers when the original was released in 1987 . 
1	into this dream hispanic role with a teeth-clenching gusto 
1	to be intimate and socially encompassing 
0	to question why somebody might devote time to see it 
1	is able to visualize schizophrenia 
1	the year 's ( unintentionally ) funniest moments 
1	brown sugar '' admirably aspires to be more than another `` best man '' clone by weaving a theme throughout this funny film . 
1	mr. murray , a prolific director of music videos 
0	hitler 
0	it appears not to have been edited at all 
0	is n't painfully bad , something to be ` fully experienced ' 
1	the gorgeously elaborate continuation of `` the lord of the rings '' trilogy 
1	a vivid , sometimes surreal , 
0	is a step down for director gary fleder . 
0	that gave people seizures 
0	slight to be called any kind of masterpiece 
0	low rent from frame one . 
1	goofy , heartfelt , mesmerizing king lear 
0	there must be an audience that enjoys the friday series , but i would n't be interested in knowing any of them personally . 
1	for all audiences 
1	mildly engaging central romance 
1	take pleasure 
1	concludes with the crisp clarity of a fall dawn 
1	humanizing 
1	more complex and honest 
1	poignant and wryly amusing film 
0	be the biggest husband-and-wife disaster since john 
1	phillip noyce and all of his actors -- as well as his cinematographer , christopher doyle -- understand the delicate forcefulness of greene 's prose , and it 's there on the screen in their version of the quiet american . 
0	's so tedious that it makes you forgive every fake , dishonest , entertaining and , ultimately , more perceptive moment in bridget jones 's diary . 
0	bags 
1	the most important and exhilarating forms of animated filmmaking since old walt 
1	educates viewers 
1	even through its flaws , revolution # 9 proves to be a compelling , interestingly told film . 
0	ritchie 's film is easier to swallow than wertmuller 's polemical allegory , but it 's self-defeatingly decorous . 
0	no point 
1	most daring , and 
0	look like cheap hysterics 
1	successful example 
0	unsympathetic 
1	audiences are advised to sit near the back and squint to avoid noticing some truly egregious lip-non-synching , but otherwise the production is suitably elegant . 
1	the exploitative , clumsily staged violence overshadows everything , including most of the actors . 
1	it is ok for a movie to be something of a sitcom apparatus , if the lines work , the humor has point and the actors are humanly engaged . 
0	vulgarities 
0	wo n't be remembered as one of ( witherspoon 's ) better films . 
1	is how well it holds up in an era in which computer-generated images are the norm 
1	ca n't miss it 
1	with the lovely hush 
0	saccharine genre 
1	is a strength of a documentary to disregard available bias , especially 
1	wallace is smart to vary the pitch of his movie , balancing deafening battle scenes with quieter domestic scenes of women back home receiving war department telegrams . 
0	with such a rah-rah , patriotic tone 
1	a certain robustness 
0	derisive 
1	the scarifying 
1	true to his principles 
1	nicest 
0	proves a lovely trifle that , unfortunately , is a little too in love with its own cuteness 
1	its poignant and uplifting story 
1	nothing wrong with performances here 
1	that 's steeped in mystery and a ravishing , baroque beauty 
1	odd purity 
0	the pacing is often way off and there are too many bona fide groaners among too few laughs 
0	stopped challenging himself 
1	make an appealing couple -- he 's understated and sardonic 
1	sylvie testud is icily brilliant . 
1	's still entertaining to watch the target practice . 
1	of a brutally honest individual like prophet jack 
1	one of the best silly horror movies of recent memory , with some real shocks in store for unwary viewers . 
0	banged their brains into the ground so frequently 
1	the saigon of 1952 is an uneasy mix of sensual delights and simmering violence , and the quiet american brings us right into the center of that world . 
0	it 's also disappointing to a certain degree . 
1	is a general air of exuberance in all about the benjamins that 's hard to resist . 
1	perfectly creepy and believable 
1	glee 
1	the most oddly honest hollywood document 
1	a sumptuous work 
1	it 's no lie 
0	a standard police-oriented drama that , were it not for de niro 's participation , would have likely wound up a tnt original . 
0	septic tank 
0	stale first act , scrooge story , blatant product placement , some very good comedic songs , strong finish , dumb fart jokes . 
1	that proves you 
1	, well-developed characters 
0	that gets a quick release before real contenders arrive in september 
1	oddly sweet 
1	quite the genre-busting film 
0	delivers one of the saddest action hero performances ever witnessed 
1	good-time 
1	when all is said and done , she loves them to pieces -- and so , i trust , will you . 
1	the best case 
0	crisp framing , edgy camera work , and wholesale ineptitude 
0	suck 
1	smart and complicated 
0	exactly what it wants to be : an atrociously , mind-numbingly , indescribably bad movie 
1	, brisk delight 
0	cheap , graceless , hackneyed sci-fi serials 
0	it 's the worst movie of 2002 
0	here are unintentional . 
0	for its rather slow beginning 
1	chilling , unnerving film 
1	handed down from the movie gods on a silver platter 
0	savagely 
0	emerges as a numbingly dull experience 
1	upbeat ending 
1	'' derrida is an undeniably fascinating and playful fellow . 
1	brady 
1	funny and light 
1	is authentic . 
0	's critic-proof , simply because it aims so low 
1	clever and unflinching in its comic barbs , slap her is a small but rewarding comedy that takes aim at contemporary southern adolescence and never lets up . 
1	's as good as you remember . 
1	intriguing questions 
0	dreadfully 
1	seeing as the film lacks momentum and its position remains mostly undeterminable , the director 's experiment is a successful one . 
1	the opulent lushness 
1	a middle-aged romance pairing clayburgh and tambor sounds promising 
0	is easily as bad at a fraction the budget 
0	tortured and 
0	like legally blonde and sweet home abomination 
0	plays like a tired tyco ad . 
0	the torments and angst 
0	an uneven look into a grim future that does n't come close to the level of intelligence and visual splendor that can be seen in other films based on philip k. dick stories . 
0	rushed 
0	shapeless documentary 
0	as unblinkingly pure as the hours 
1	palpable 
1	of nijinsky 
0	... in the pile of useless actioners from mtv schmucks who do n't know how to tell a story for more than four minutes . 
1	traditional layers of awakening and ripening and 
1	views youthful affluence not as a lost ideal but a starting point 
1	the town has kind of an authentic feel 
0	as bad as you think , and worse than you can imagine 
1	transcends the boy-meets-girl posturing of typical love stories 
1	which was shot two years ago 
0	the subject matter that ultimately defeated the film ... it was the unfulfilling , incongruous , `` wait a second 
0	realize , much to our dismay 
1	schepisi , aided by a cast that seems to include every top-notch british actor who did not appear in gosford park ( as well as one , ms. mirren , who did ) , 
1	, mr. rose 's updating works surprisingly well . 
1	ages that is n't fake fun 
1	go-for-broke 
0	none of this is very original , and it is n't particularly funny . 
1	neatly and effectively captures the debilitating grief 
0	so distant 
1	, there is a really cool bit -- the movie 's conception of a future-world holographic librarian ( orlando jones ) who knows everything and answers all questions , is visually smart , cleverly written , and nicely realized . 
1	a sharp script 
0	offers little insight into the experience of being forty , female and single . 
1	whose riveting memories are rendered with such clarity that it 's as if it all happened only yesterday 
0	( the kid 's ) just too bratty for sympathy , 
0	of teen-speak and animal gibberish 
0	strip-mined the monty formula mercilessly since 1997 
0	winds up mired in tear-drenched quicksand . 
0	alienate the mainstream audience 
0	skidding 
1	`` bowling for columbine '' remains a disquieting and thought-provoking film ... 
1	-- from its ripe recipe , inspiring ingredients , certified 
0	crafted but ultimately hollow mockumentary . 
1	this engaging film 
0	pale xerox of other , better crime movies . 
1	it 's rare to find a film to which the adjective ` gentle ' applies 
0	drags the film 
0	of cliches that shoplifts shamelessly from farewell-to-innocence movies like the wanderers and a bronx tale without cribbing any of their intelligence 
1	moviemaking for a larger-than-life figure , an artist who has been awarded mythic status in contemporary culture 
0	little more than a stylish exercise in revisionism whose point 
1	its compassionate spirit 
0	cho 's latest comic set is n't as sharp or as fresh as i 'm the one that i want ... but 
0	that illustrates why the whole is so often less than the sum of its parts in today 's hollywood 
0	the barn-burningly bad movie it promised it would be 
1	a good film 
1	a smart , provocative drama that does the nearly impossible : 
1	would be like to be smack in the middle of a war zone armed with nothing but a camera 
1	wilco fans will have a great time 
0	chelsea walls is a case of too many chefs fussing over too weak a recipe . 
0	being the ultra-violent gangster wannabe 
1	greatest date movies 
1	franco is an excellent choice for the walled-off but combustible hustler , but 
1	cinematic experience 
1	modern-day comedies 
0	's simply unbearable 
0	two signs that m. night shyamalan 's debut feature sucked up all he has to give to the mystic genres of cinema : unbreakable and signs 
1	a beautiful , timeless and universal tale of heated passions -- jealousy , betrayal , forgiveness and murder 
1	the quirky drama 
0	ultimately feels as flat as the scruffy sands of its titular community . 
1	performers who rarely work in movies now 
1	neat 
1	a slam-bang extravaganza 
1	worthwhile moviegoing experience 
1	it 's stylishly directed with verve ... 
1	passion and attitude 
0	, the film suffers from a philosophical emptiness and maddeningly sedate pacing . 
0	- greaseballs mob action-comedy . 
1	get more re-creations of all those famous moments 
0	the characterizations and dialogue lack depth or complexity , with the ironic exception of scooter . 
0	flog the dead horse of surprise as if it were an obligation 
0	` linklater fans , or pretentious types who want to appear avant-garde will suck up to this project ... ' 
0	not-very-funny 
1	a wonderful film to bring to imax 
1	crisp framing , edgy camera work 
1	just right 
1	the film buzz and whir 
1	really quite funny 
0	what an embarrassment . 
1	attractive about this movie 
0	as such the film has a difficult time shaking its blair witch project real-time roots 
1	fanciful drama 
1	offers a thoughtful and rewarding glimpse into the sort of heartache everyone 
0	soon-to-be-forgettable 
0	is that it 's a brazenly misguided project . 
1	the most edgy piece of disney animation 
1	the astute direction 
0	emaciated 
0	the movie wavers between hallmark card sentimentality and goofy , life-affirming moments straight out of a cellular phone commercial . 
0	loud and offensive , but more often 
1	his best film 
0	, virulent and foul-natured 
0	production exists only to capitalize on hopkins ' inclination to play hannibal lecter again , even though harris has no immediate inclination to provide a fourth book 
1	sets this romantic comedy apart 
1	of the idealistic kid who chooses to champion his ultimately losing cause 
0	hoary dialogue , fluxing accents , and 
0	, unsubtle and hollywood-predictable 
0	a vampire soap opera that does n't make much 
1	is a convincing one , 
1	assurance worthy 
0	that it 's not clear whether we 're supposed to shriek 
1	a touching , small-scale story 
1	is an honestly nice little film that takes us on an examination of young adult life in urban south korea through the hearts and minds of the five principals 
1	a funny , puzzling movie 
0	every cheesy scene 
1	a smart , nuanced look at de sade and 
1	first major studio production 
1	is little question that this is a serious work by an important director who has something new to say about how , in the flip-flop of courtship , we often reel in when we should be playing out . 
0	nor truly edgy -- merely crassly flamboyant and comedically labored . 
0	flinching 
0	kevin kline who unfortunately works with a two star script 
0	believe it or not , jason actually takes a backseat in his own film to special effects 
0	into this turkey 
0	manipulative claptrap , a period-piece movie-of-the-week , plain old blarney ... take your pick . 
1	in painting an unabashedly romantic picture of a nation whose songs spring directly from the lives of the people 
0	the choppy editing 
1	remarkably well 
0	that comes through all too painfully in the execution 
1	feeling refreshed and hopeful 
1	the cockettes ) provides a window into a subculture hell-bent on expressing itself in every way imaginable . ' 
0	is worse : the poor acting by the ensemble cast , the flat dialogue by vincent r. nebrida or the gutless direction by laurice guillen 
0	it could have been something special , but two things drag it down to mediocrity -- director clare peploe 's misunderstanding of marivaux 's rhythms , and mira sorvino 's limitations as a classical actress 
0	has no place to go since simone is not real 
0	talked all the way through it 
1	more than a bait-and-switch 
1	drama , conflict , tears and surprise -- 
1	peppered with witty dialogue and inventive moments . 
1	growing strange hairs , getting a more mature body 
1	those who do 
0	neither is incompetent , incoherent or just plain crap 
0	insensitivity 
0	deadeningly drawn-out 
0	to the empty stud knockabout of equilibrium 
1	that rare film whose real-life basis is , in fact , so interesting that no embellishment is 
1	for adventurous indian filmmakers toward a crossover 
1	proves that he can cross swords with the best of them and helm a more traditionally plotted popcorn thriller while surrendering little of his intellectual rigor or creative composure 
1	rife with the rueful , wry humor springing out of yiddish culture and language . 
1	simple and innocent 
0	it 's time for an absurd finale of twisted metal , fireballs and revenge 
1	honest and loving one 
1	the most politically audacious films of recent decades 
1	is at 22 a powerful young actor . 
1	an acting bond 
0	need to adhere more closely to the laws of laughter 
1	enjoyed as a work of fiction inspired by real-life events 
1	seen through the right eyes 
0	disoriented but occasionally 
1	well-made 
1	is more engaging than the usual fantasies hollywood produces . 
1	is a shrewd and effective film from a director who understands how to create and sustain a mood 
1	, illuminating study 
1	assured direction and complete lack of modern day irony 
0	far too sentimental 
1	organic 
1	debt miramax felt they owed to benigni 
1	little gem 
1	with heart and humor 
0	i suspect that there are more interesting ways of dealing with the subject . 
0	ca n't possibly be enough 
1	the film has in kieran culkin a pitch-perfect holden . 
0	hellish 
0	the lack-of-attention span 
0	scary and sad 
1	colorful , energetic and sweetly whimsical ... the rare sequel that 's better than its predecessor 
1	got to me 
1	the capability of effecting change and inspiring hope 
0	another routine hollywood frightfest 
1	the story is better-focused than the incomprehensible anne rice novel it 's based upon 
0	too slick and manufactured to claim street credibility . 
1	of life and small delights 
0	like most movies about the pitfalls of bad behavior ... circuit gets drawn into the party . 
1	the amazing film work 
0	like many such biographical melodramas , it suffers from the awkwardness that results from adhering to the messiness of true stories . 
1	you 're on the edge of your seat 
0	may as well be called `` jar-jar binks : the movie 
0	a copout 
0	break 
1	to being very funny 
1	too bad kramer 
0	and mind-numbing indifference 
0	a generic bloodbath that often becomes laughably unbearable when it is n't merely offensive . 
0	crude 
1	a provocateur 
1	of the greatest date movies in years 
1	four-star movie 
1	beautiful work 
1	lots of obvious political insights 
1	powerful and astonishingly vivid 
1	works because of the ideal casting of the masterful british actor ian holm 
0	'll be thinking of 51 ways to leave this loser . 
0	loses its overall sense of mystery 
1	creeps into your heart 
0	the plot 's contrivances are uncomfortably strained . 
0	disappointingly generic 
1	is one of those reputedly `` unfilmable '' novels that has bucked the odds to emerge as an exquisite motion picture in its own right . 
0	very hollowness 
1	the intoxicating fumes 
0	reach a truly annoying pitch 
1	p.t. anderson understands the grandness of romance and how love is the great equalizer that can calm us of our daily ills and bring out joys in our lives that we never knew were possible . 
1	that proposes as epic tragedy the plight of a callow rich boy who is forced to choose between his beautiful , self-satisfied 22-year-old girlfriend and an equally beautiful , self-satisfied 18-year-old mistress 
1	pique your interest , your imagination , your empathy or anything , 
0	s1m0ne 's satire is not subtle , but 
0	a disaster of a story , 
1	when twentysomething hotsies make movies about their lives , hard-driving narcissism is a given , but what a world we 'd live in if argento 's hollywood counterparts ... had this much imagination and nerve . 
0	of filmmaking , the kind that pretends to be passionate and truthful but is really frustratingly timid and soggy 
0	disappointed by a movie in a long time 
0	but blatantly biased . 
1	holland lets things peter out midway , but it 's notably better acted -- and far less crass - than some other recent efforts in the burgeoning genre of films about black urban professionals . 
0	the plot ( other than its one good idea ) and the movie 's inescapable air of sleaziness 
0	ugly digital video 
0	works against itself 
1	puts history in perspective 
1	marvelous first 101 minutes 
1	's great cinematic polemic 
0	skip this dreck 
1	that parker displays in freshening the play 
1	, the film ascends to a kinetic life so teeming that even cranky adults may rediscover the quivering kid inside . 
1	is clever and funny , 
0	lacks even the most fragmented charms i have found in almost all of his previous works 
0	there are many definitions of ` time waster ' but this movie must surely be one of them 
1	's weird , wonderful , and not necessarily for kids 
1	terrific film 
0	applies more detail to the film 's music than to the story line 
0	show blind date , only less 
1	its intriguing subject 
0	cheesy backdrops , ridiculous action sequences , 
0	is just lazy writing 
0	to the failure of the third revenge of the nerds sequel 
1	budding amours 
0	about in thick clouds of denial 
1	an undeniably fascinating and playful fellow 
1	the otherwise good-naturedness of mr. deeds , with its embrace of sheer goofiness and cameos of less - than-likely new york celebrities ... certainly raises the film above anything sandler 's been attached to before . 
1	contemplative 
1	an absolute delight for all audiences 
1	of mexico 's most colorful and controversial artists 
1	historically significant , 
0	made the near-fatal mistake of being what the english call ` too clever by half 
0	a disappointment for a movie that should have been the ultimate imax trip 
1	simple , sweet and romantic 
1	affectionate delight 
1	the book 's irreverent energy 
1	of bright young men -- promising , talented , charismatic and tragically 
0	when it comes to the battle of hollywood vs. woo , it looks like woo 's a p.o.w. 
0	a florid but ultimately vapid crime melodrama 
0	aims for the toilet and scores a direct hit 
0	undercuts the joie de vivre even as he creates 
1	give the transcendent performance 
0	throwaway 
1	safely recommended as a video/dvd babysitter 
0	high crimes is a cinematic misdemeanor , a routine crime thriller remarkable only for its lack of logic and misuse of two fine actors , morgan freeman and ashley judd . 
0	pretty bad 
1	most impressive 
0	and completely ridiculous 
0	the only surprise is that heavyweights joel silver and robert zemeckis agreed to produce this ; i assume the director has pictures of them cavorting in ladies ' underwear . 
0	feral and uncomfortable 
1	interesting topic 
0	of the worst movies of the year 
0	jolie 's hideous yellow 
1	a nicely 
0	disquieting 
0	puts an exclamation point on the fact that this is n't something to be taken seriously 
0	that 's as lumpy as two-day old porridge ... the filmmakers ' paws , sad to say , were all over this `` un-bear-able '' project 
1	some comic sparks 
0	mass drug-induced bowel 
0	what a reckless squandering of four fine 
0	, super troopers suffers because it does n't have enough vices to merit its 103-minute length . 
1	scope and 
1	is a fine , understated piece of filmmaking . 
1	the awe 
0	a loud , witless mess 
1	nicely mixes in as much humor as pathos to take us on his sentimental journey of the heart . 
0	of exploiting molestation for laughs 
1	for on-screen chemistry 
1	does sound promising in theory 
1	a deft , delightful mix of sulky teen drama and overcoming-obstacles sports-movie triumph . 
1	a great american adventure and a wonderful film to bring to imax 
1	very real and amusing give-and-take 
0	an uneven mix 
1	the recent argentine film son of the bride reminded us that a feel-good movie can still show real heart 
1	unique 
1	are certainly welcome 
0	it may not be particularly innovative , 
1	get you 
0	mention inappropriate and wildly undeserved 
0	how it washed out despite all of that is the project 's prime mystery . 
1	a definitive account 
1	far more energy 
1	a delightfully unpredictable , hilarious comedy 
0	is not the first time that director sara sugarman stoops to having characters drop their pants for laughs and not the last time 
1	the power of shanghai ghetto 
0	bad to be good 
0	the experience of actually watching the movie is less compelling than the circumstances of its making . 
0	is a decomposition of healthy eccentric inspiration and ambition -- wearing a cloak of unsentimental , straightforward text -- when it 's really an exercise in gross romanticization of the delusional personality type 
1	like ` 
1	a spoof comedy 
1	barker movie 
0	is in need of a scented bath . 
0	marginal characters 
1	a terrific effort 
0	could have used my two hours better watching being john malkovich again 
1	to conceive anyone else in their roles 
1	from a deceptively simple premise , this deeply moving french drama develops a startling story that works both as a detailed personal portrait and as a rather frightening examination of modern times . 
0	noyce 's greatest mistake is thinking that we needed sweeping , dramatic , hollywood moments to keep us 
1	an inspiring tale of survival wrapped in the heart-pounding suspense of a stylish psychological thriller 
1	the film occasionally tries the viewer 's patience with slow pacing and a main character who sometimes defies sympathy , but it ultimately satisfies with its moving story . 
1	an intelligent flick 
1	gosling creates a staggeringly compelling character , a young man whose sharp intellect is at the very root of his contradictory , self-hating , self-destructive ways . 
1	, the film is n't nearly as downbeat as it sounds , but strikes a tone that 's alternately melancholic , hopeful and strangely funny . 
1	a powerful drama with enough sardonic wit to keep it from being maudlin 
1	as you would expect from the directors of the little mermaid and aladdin 
0	you wish you had n't seen 
1	demonstrates a breadth of vision and an attention to detail that propels her into the upper echelons of the directing world . 
0	overly long and worshipful bio-doc . 
1	a heaven 
0	that it does n't even qualify as a spoof of such 
1	some cute moments , funny scenes , and 
1	is a far bigger , far more meaningful story than one in which little green men come to earth for harvesting purposes 
1	a class by itself 
0	story for those intolerant of the more common saccharine genre 
1	will certainly appeal to asian cult cinema fans and asiaphiles interested to see what all the fuss is about . 
1	beautiful 
0	dull , inconsistent , dishonest 
1	the enigmatic mika and anna mouglalis 
1	smart , steamy mix 
0	is expressly for idiots who do n't care what kind of sewage they shovel into their mental gullets to simulate sustenance 
0	nauseating 
1	's something to be said for a studio-produced film that never bothers to hand viewers a suitcase full of easy answers . 
1	enjoy as mild escapism 
1	a clever script 
0	to overcome the cultural moat surrounding its ludicrous and contrived plot 
1	the scariest movie 
0	forget 
1	most multilayered and sympathetic 
1	real 
0	once the expectation of laughter has been quashed by whatever obscenity is at hand , even the funniest idea is n't funny . 
0	the goodwill the first half of his movie generates by orchestrating a finale that is impenetrable and dull 
1	cunning 
0	fixating on its body humor and reinforcement of stereotypes 
0	a genre -- the gangster/crime comedy -- that wore out its welcome with audiences several years ago 
1	yet another sexual taboo into a really funny movie 
1	in remembrance 
0	-- and long -- for its own good 
1	who proves that elegance is more than tattoo deep 
1	that come full circle to end on a positive ( if tragic ) note 
1	the film is , at its core , deeply pessimistic or quietly hopeful 
0	can tell almost immediately that welcome to collinwood is n't going to jell . 
0	to make the film relevant today , without fully understanding what it was that made the story relevant in the first place 
0	villainous 
0	going through the motions 
0	its plot and animation offer daytime tv serviceability , but little more . 
1	can be viewed as pure composition and form -- film as music 
1	funny , sexy , devastating and incurably romantic . 
0	... post-september 11 , `` the sum of all fears '' seems more tacky and reprehensible , manipulating our collective fear without bestowing the subject with the intelligence or sincerity it unequivocally deserves . 
0	ought to pick up the durable best seller smart women , foolish choices for advice 
0	it 's like going to a house party and watching the host defend himself against a frothing ex-girlfriend . 
0	dies 
1	's a visual delight and a decent popcorn adventure 
1	think most of the people who loved the 1989 paradiso will prefer this new version 
1	the road to perdition leads to a satisfying destination 
0	hot on the hardwood proves once again that a man in drag is not in and of himself funny . 
0	is n't . 
1	road movie , coming-of-age story and 
0	no idea what in creation is going on 
0	is so intent on hammering home his message that he forgets to make it entertaining 
1	) homage 
1	who opts to overlook this goofily endearing and well-lensed gorefest 
1	it 's still a sweet , even delectable diversion . 
1	plenty of fun for all 
0	being a really bad imitation of the really bad blair witch project 
0	give i am trying to break your heart an attraction it desperately needed 
1	a complex psychological drama 
0	men in black ii achieves ultimate insignificance -- it 's the sci-fi comedy spectacle as whiffle-ball epic . 
1	a deliberative account of a lifestyle 
1	fascinate 
1	will warm your heart without making you feel guilty about it . 
0	know how to suffer ' and if you see this film you 'll know too 
1	imamura has said that warm water under a red bridge is a poem to the enduring strengths of women . 
1	with enough unexpected twists 
0	better at fingering problems than finding solutions 
1	their own mortality 
0	the viewers will feel they suffer the same fate 
1	the actresses find their own rhythm and protect each other from the script 's bad ideas and awkwardness . 
1	ambitious , unsettling psychodrama that takes full , chilling advantage of its rough-around-the-edges , low-budget constraints . 
1	an a-list director 
1	for devotees of french cinema , safe conduct is so rich with period minutiae it 's like dying and going to celluloid heaven . 
1	in fact , the best in recent memory 
0	a ragbag of cliches 
0	loathsome movie 
0	slather clearasil over the blemishes of youth 
0	bogs down in a surfeit of characters and 
1	takes your breath 
1	you expect of de palma , but what makes it transporting is that it 's also one of the smartest 
1	, daydreams , memories and one fantastic visual trope 
1	most deceptively amusing comedies of the year 
1	colorful 
0	whether it 's the worst movie of 2002 , i ca n't say for sure : memories of rollerball have faded , and i skipped country bears . 
0	just about everyone involved here seems to be coasting . 
1	alone will keep you watching , as will the fight scenes . 
0	a low-rent retread 
1	right 
1	a sweet , tender sermon about a 12-year-old welsh boy more curious 
0	seriously , rent the disney version . 
0	devoid of wit and humor 
0	soap opera that tornatore was right to cut 
1	that throws a bunch of hot-button items in the viewer 's face and asks to be seen as hip , winking social commentary 
0	may not always work 
1	gives it that extra little something that makes it worth checking out at theaters , especially if you 're in the mood for something more comfortable than challenging . 
0	is without doubt an artist of uncompromising vision , but that vision is beginning to feel , 
1	heart-warming 
1	deeply meditative picture 
0	singularly off-putting romantic comedy . 
1	overwhelming pleasure 
0	it is derivative 
1	it 's dark but has wonderfully funny moments ; you care about the characters ; 
0	exhibits the shallow sensationalism characteristic of soap opera 
0	as my friend david cross would call it , ` hungry-man portions of bad ' 
0	a story already overladen with plot conceits 
0	a loathsome movie 
0	feels at times like a giant commercial for universal studios , where much of the action takes place . 
1	eager to please 
0	nothing funny in this every-joke-has - been-told-a 
1	argento 
1	leaves you giddy 
0	mr. goyer 's loose , unaccountable direction 
1	of a sleeper success 
1	biggest names 
1	a gently funny , sweetly adventurous film that makes you feel genuinely good , that is to say , 
0	are still looking for a common through-line 
0	it sticks rigidly to the paradigm , rarely permitting its characters more than two obvious dimensions and repeatedly placing them in contrived , well-worn situations . 
0	the storytelling , which undercuts the devastatingly telling impact of utter loss personified in the film 's simple title 
0	think it 's in danger of going wrong 
0	, especially with the weak payoff 
0	that it 's hardly watchable 
1	builds its multi-character story with a flourish 
0	the film runs on a little longer than it needs to -- muccino either does n't notice when his story ends or just ca n't tear himself away from the characters -- 
1	more appealing 
0	does n't even in passing mention political prisoners , poverty and the boat loads of people who try to escape the country 
1	keep the film entertaining 
0	the kind of film that could only be made by african-americans because of its broad racial insensitivity towards african-americans 
0	to be a hollywood satire but winds up as the kind of film that should be the target of something 
1	considerable 
0	a complete mess 
1	to accommodate to fit in and gain the unconditional love she seeks 
1	kinnear 's performance is a career-defining revelation . 
1	love it , too 
0	blimp 
0	frustrating 
1	rude , scarily funny , sorrowfully sympathetic to the damage it surveys 
0	intolerable levels 
1	the characters are complex and quirky , but entirely believable as the remarkable ensemble cast brings them to life . 
0	's been hyped to be because it plays everything too safe 
0	's too loud , too goofy and too short of an attention span 
0	illogic 
1	even when he 's not at his most critically insightful 
0	juvenile delinquent ' paperbacks 
1	of the year 's most intriguing movie experiences 
1	'd want to watch if you only had a week to live 
1	an engaging storyline , which also is n't embarrassed to make you reach for the tissues 
1	with fondness and respect 
1	familiar road 
1	serial murders 
0	that such a horrible movie could have sprung from such a great one is one of the year 's worst cinematic tragedies . 
1	one of the greatest films 
0	, folks , it does n't work . 
0	if the suspense never rises to a higher level 
0	overall tomfoolery like this is a matter of taste . 
1	coolness 
1	the good and different 
1	, this film should not be missed . 
1	invulnerable as its trademark villain 
1	is deceptively simple , deeply satisfying . 
0	passes for sex in the movies look like cheap hysterics 
1	it 's packed with adventure and a worthwhile environmental message , 
0	prove too convoluted 
1	its gender politics , genre thrills 
0	crass , contrived sequels 
0	pryor wannabe 
1	an exquisite , unfakable sense 
0	cop flick cliches 
0	is little else 
0	its lack of logic and misuse of two fine actors , morgan freeman and ashley judd 
1	well-thought stunts or a car chase 
0	sentimental ooze 
0	is sandler running on empty , repeating what he 's already done way too often . 
0	a culture of people who sadly are at hostile odds with one another through recklessness and retaliation 
0	sillier 
0	bad trip 
0	a few hours after you 've seen it , you forget you 've been to the movies . 
1	an example of quiet , confident craftsmanship that tells a sweet , charming tale of intergalactic friendship 
0	vague without any of its sense of fun or energy 
0	falls into the trap of pretention 
0	can tell you that there 's no other reason why anyone should bother remembering it . 
0	are simultaneously buried , drowned and smothered in the excesses of writer-director roger avary 
1	a solidly constructed , entertaining thriller that stops short of true inspiration . 
1	intimate feeling 
0	, the film never recovers from the clumsy cliché of the ugly american abroad , and the too-frosty exterior ms. paltrow employs to authenticate her british persona is another liability . 
1	a collectively stellar performance 
0	any of the character dramas , which never reach satisfying conclusions 
0	, kung pow sets a new benchmark for lameness . 
0	i wo n't be sitting through this one again 
1	a canny crowd pleaser , and 
0	, uneventful 
0	this broken character study 
0	up offering nothing more than the latest schwarzenegger or stallone flick 
0	does n't deserve the energy it takes to describe how bad it is 
0	to cram earplugs 
0	dips key moments from the film 
1	truly edgy -- 
1	one of the funnier movies in town . 
0	was as superficial as the forced new jersey lowbrow accent uma had 
1	originality , humor and pathos 
0	excruciating end 
0	not scary , not smart and not engaging 
1	based on theory , sleight-of-hand , and ill-wrought hypothesis 
1	spirit is a visual treat , and it takes chances that are bold by studio standards , but it lacks a strong narrative . 
0	it almost loses what made you love it 
0	( lin chung 's ) voice is rather unexceptional , even 
1	to make a splash even greater than arnold schwarzenegger , jean-claud van damme or steven segal 
1	to accomplish what few sequels can 
0	yet not as hilariously raunchy as south park , this strangely schizo cartoon seems suited neither to kids or adults . 
1	neatly 
1	a splendid meal 
1	this is a movie full of grace 
1	that never quite goes where you expect and often surprises you with unexpected comedy 
1	, doing its namesake proud 
0	he 's not good with people . 
0	saw that was written down 
1	makes oliver far more interesting 
0	a kind of perpetual pain 
1	that it looks neat 
1	of a callow rich boy who is forced to choose between his beautiful , self-satisfied 22-year-old girlfriend and an equally beautiful , self-satisfied 18-year-old mistress 
0	loneliest dark spots 
1	like i already mentioned ... it 's robert duvall ! 
1	graphic treatment 
1	the dry humor that first made audiences on both sides of the atlantic love him 
0	portrayals 
1	an eloquent , reflective and beautifully acted meditation on both the profoundly devastating events of one year ago and the slow , painful healing process that has followed in their wake . 
0	his contradictory , self-hating , self-destructive ways 
1	's a pretty good execution of a story that 's a lot richer than the ones hollywood action screenwriters usually come up with on their own 
0	may leave you rolling your eyes in the dark 
1	this gender-bending comedy is generally quite funny . 
1	a delightful entree in the tradition of food movies 
1	take on a great writer and dubious human being 
0	i was expecting 
1	keep it interested 
1	fiercely clever and subtle 
0	is grossly contradictory in conveying its social message 
1	a touching , transcendent love story 
0	i 'd rather watch them on the animal planet . 
1	sucking you in ... and making you sweat 
0	, she is merely a charmless witch . 
0	is contrived , unmotivated , and psychologically unpersuasive , with an inconclusive ending . 
1	better drama 
0	does n't take a rocket scientist to figure out that this is a mormon family movie , and a sappy , preachy one at that 
1	so substantial or fresh 
1	a distinct rarity , and 
0	filmmaker yvan attal quickly writes himself into a corner 
0	white has n't developed characters so much as caricatures , one-dimensional buffoons that get him a few laughs but nothing else . 
1	miyazaki 's nonstop images are so stunning , and his imagination so vivid 
0	that plays better only for the film 's publicists or for people who take as many drugs as the film 's characters 
0	few films have been this odd , inexplicable and unpleasant . 
1	gives give a solid , anguished performance that eclipses nearly everything else she 's ever done . 
1	without the precedent of yiddish theater , whose jolly , fun-for-fun 's - sake communal spirit goes to the essence of broadway 
1	holds the film 
0	the plot has a number of holes , and 
1	scotland looks wonderful , the fans are often funny fanatics 
1	is painterly 
1	a charismatic charmer likely to seduce and conquer 
0	an unsettling sight , 
1	raised a few notches above kiddie fantasy pablum by allen 's astringent wit 
0	are odd and pixilated and 
0	a paunchy midsection , several plodding action sequences and a wickedly undramatic central theme 
1	, soderbergh 's solaris is a gorgeous and deceptively minimalist cinematic tone poem . 
1	cares 
0	bombastic and ultimately empty world war ii action 
1	miller tells this very compelling tale with little fuss or noise , expertly plucking tension from quiet . 
1	a guilty pleasure 
0	smug and convoluted action-comedy that 
1	modestly made 
1	flat-out amusing , sometimes endearing 
1	enjoy yourselves 
0	screams at the top of their lungs no matter what the situation 
1	that 's as fresh-faced as its young-guns cast 
0	becomes predictably conventional 
1	tender sermon 
1	once in the rush to save the day did i become very involved in the proceedings ; to me 
1	be seen as hip , winking social commentary 
1	are mesmerizing 
0	not be a breakthrough in filmmaking 
0	strike some westerners as verging on mumbo-jumbo 
1	of becoming a better person through love 
1	will welcome or accept the trials of henry kissinger as faithful portraiture 
1	shows excess in business and pleasure 
0	you see the movie and you think , zzzzzzzzz . 
0	a 1986 harlem that does n't look much like anywhere in new york 
1	be particularly innovative 
0	as much of a mess as this one 
1	fit the incredible storyline to a t. 
1	by a strong and unforced supporting cast 
1	able to provide insight into a fascinating part of theater history . 
1	a modestly made but 
0	fit all of pootie tang in between its punchlines 
1	an obvious rapport with her actors 
0	a word of advice to the makers of the singles ward : celebrity cameos do not automatically equal laughs . 
0	expressing the way many of us live -- someplace between consuming self-absorption and insistently demanding otherness 
0	do n't add up to much more than trite observations on the human condition . 
1	in that are generally not heard on television 
1	tight and truthful 
1	catch the pitch of his poetics , savor the pleasure of his sounds and images , and 
0	the intrigue , betrayal , deceit and murder 
0	ca n't recommend it . 
0	nothing special 
0	than home alone raised to a new , self-deprecating level 
1	( shyamalan ) turns the goose-pimple genre on its empty head and fills it with spirit , purpose and emotionally bruised characters who add up to more than body count . 
1	ambitious movie 
0	and it is n't that funny 
1	trusts the story it sets out to tell . 
0	developed hastily 
0	is a bowser . 
0	super-stupid 
1	as good a job as anyone 
0	similarly ill-timed 
1	goose-pimple 
1	although shot with little style , skins is heartfelt and achingly real . 
0	wasted nearly two hours of your own precious life 
1	despite modest aspirations its occasional charms are not to be dismissed . 
1	in a movie full of surprises , the biggest is that secret ballot is a comedy , both gentle and biting . 
1	payne has created a beautiful canvas , and nicholson proves once again that he 's the best brush in the business 
1	're drawn in by the dark luster 
0	with action confined to slo-mo gun firing and random glass-shattering 
0	she fails to provoke them . 
1	wonders , enhancing the cultural and economic subtext , bringing richer meaning to the story 's morals . 
1	grace and humor 
0	no new plot conceptions or environmental changes , just different bodies for sharp objects to rip through . 
1	for those who pride themselves on sophisticated , discerning taste , this might not seem like the proper cup of tea , however it is almost guaranteed that even the stuffiest cinema goers will laugh their *** off for an hour-and-a-half . 
0	is slow to those of us in middle age 
0	has dreamed up such blatant and sickening product placement in a movie . 
1	the stuff of lurid melodrama 
1	for its true-to-life characters , its sensitive acting , its unadorned view of rural life and the subtle direction of first-timer hilary birmingham 
1	affirms 
0	frightening war scenes 
0	worst possibilities 
0	is 75 wasted minutes of sandler as the voice-over hero in columbia pictures ' perverse idea of an animated holiday movie . 
0	loses sight of its own story 
0	it 's a bad sign when you 're rooting for the film to hurry up and get to its subjects ' deaths just so the documentary will be over , but it 's indicative of how uncompelling the movie is unless it happens to cover your particular area of interest . 
1	are especially fine 
1	kissing 
0	we get an ugly , mean-spirited lashing out by an adult who 's apparently been forced by his kids to watch too many barney videos . 
1	both a beautifully made nature film and a tribute to a woman whose passion for this region and its inhabitants still shines in her quiet blue eyes . 
1	a kind 
1	a four star performance from kevin kline who unfortunately works with a two star script 
1	is sentimental but feels free to offend , is analytical and then surrenders to the illogic of its characters , is about grief and 
1	a tone of rueful compassion ... reverberates throughout this film , whose meaning and impact is sadly heightened by current world events . 
1	to treat its characters , weak and strong , as fallible human beings , not caricatures , and 
0	as tryingly as the title 
1	screen magic 
1	's a very valuable film ... 
1	immensely ambitious 
1	in the pantheon of the best of the swashbucklers 
0	is n't very effective 
1	viewing for its courage , ideas , technical proficiency and great acting 
0	as plain and pedestrian as catsup 
1	court maneuvers 
0	to place most of the psychological and philosophical material in italics rather than trust an audience 's intelligence 
1	one of the summer 's most pleasurable movies 
1	bring fresh , unforced naturalism to their characters . 
1	jones has tackled a meaty subject and drawn engaging characters while peppering the pages with memorable zingers . 
1	's the best sequel since the empire strikes back ... a majestic achievement , an epic of astonishing grandeur and surprising emotional depth . 
0	as tiresome as 9 seconds of jesse helms ' anti- castro 
0	is plainly dull and visually ugly when it is n't incomprehensible 
0	problems and 
1	the most accomplished work to date from hong kong 's versatile stanley kwan 
1	has any sting to it 
1	extended , open-ended poem 
1	bring tissues . 
0	despite some charm and heart , this quirky soccer import is forgettable 
0	approaching even a vague reason to sit through it all 
1	begins on a high note and 
1	a rollicking adventure for you and 
1	cinema paradiso stands as one of the great films about movie love . 
0	because this movie makes his own look much better by comparison 
1	stunningly 
0	but a very handsomely produced let-down 
1	nearly as fresh or enjoyable 
0	too many story lines 
1	self-promotion ends and 
0	rarely work in movies now 
0	has thrown every suspenseful cliché in the book at this nonsensical story . 
0	not a good movie 
0	their way around this movie directionless 
0	if it pushes its agenda too forcefully 
0	's not helpful to listen to extremist name-calling , regardless of whether you think kissinger was a calculating fiend or just a slippery self-promoter . 
0	when twentysomething hotsies make movies about their lives , hard-driving narcissism is a given 
1	realizes a fullness that does not negate the subject 
0	disreputable doings and exquisite trappings are dampened by a lackluster script and substandard performances . 
0	somewhat tired 
1	was entranced 
1	engaging enough 
0	the most moronic screenplays of the year 
1	thoughtful , subjective filmmaking 
0	because the movie serves up all of that stuff , nearly subliminally , as the old-hat province of male intrigue 
1	heroic 
0	's also uninspired 
0	self-glorification and 
1	authentic account of a historical event 
1	one of those reputedly `` unfilmable '' novels that has bucked the odds to emerge as an exquisite motion picture in its own right 
0	jordan jealous 
1	elicit a chuckle 
0	of time , money and celluloid 
0	badder than bad 
1	jumps off the page , and for the memorable character creations 
1	make the stones weep -- 
1	by anne-sophie birot 
1	, shiri is a must for genre fans . 
0	it 's a frankenstein-monster of a film that does n't know what it wants to be . 
0	lacks the visual panache , the comic touch , and perhaps the budget of sommers 's title-bout features . 
1	the bottom line is the piece works brilliantly . 
0	but fails to keep it up and settles into clichés . 
1	updated dickensian sensibility 
0	is unfocused 
1	, i 'd say the film works 
0	people to whom the idea of narrative logic or cohesion is an entirely foreign concept 
1	this exciting new filmmaker has brought to the screen 
1	fascinating curiosity piece 
1	it has a genuine dramatic impact 
1	ever-watchful 
1	is an imaginative filmmaker who can see the forest for the trees 
1	a string of exotic locales 
1	is more interesting ( and funnier ) 
0	holes that will be obvious even to those who are n't looking for them 
1	a striking style behind the camera 
0	any shoddy product 
1	of that special fishy community 
0	a lame comedy . 
1	is something rare and riveting : a wild ride that relies on more than special effects . 
1	that storytelling has value can not be denied . 
0	, the picture feels as if everyone making it lost their movie mojo . 
0	thought i heard a mysterious voice , and felt myself powerfully drawn toward the light -- the light of the exit sign 
0	the gay community as an all-inclusive world where uptight , middle class bores like antonia can feel good about themselves 
0	losing its focus , point and purpose in a mess of mixed messages , over-blown drama and bruce willis 
1	it works beautifully as a movie without sacrificing the integrity of the opera . 
0	, fetishistic violence 
0	the explosion essentially ruined -- or , rather , overpowered -- the fiction of the movie for me . 
1	is a sweet treasure and something well worth your time 
1	one of the most gloriously unsubtle and adrenalized extreme shockers since the evil dead . 
0	we hate ( madonna ) within the film 's first five minutes , and she lacks the skill or presence to regain any ground . 
1	comes together as a coherent whole . 
1	shakespeare 's macbeth 
1	are worth the price of admission 
1	humanism 
0	why not invite some genuine spontaneity into the film by having the evil aliens ' laser guns actually hit something for once ? 
1	family dynamics 
0	it 's just plain lurid when it is n't downright silly . 
0	do justice to the awfulness of the movie , for that comes through all too painfully in the execution 
1	off spookily enough 
1	at the residents of a copenhagen neighborhood coping with the befuddling complications life 
0	with the dog days of august upon us , think of this dog of a movie as the cinematic equivalent of high humidity . 
0	heady jumble 
0	a retread of material already thoroughly plumbed by martin scorsese . 
1	cutes 
1	love head-on 
0	boredom to the point of collapse , 
1	unlike last year 's lame musketeer , this dumas adaptation entertains 
1	even as it pays earnest homage to turntablists and beat jugglers , old schoolers and current innovators , scratch is great fun , full of the kind of energy it 's documenting . 
0	rotten in the state of california 
0	a silly hack-and-slash flick 
0	depressingly thin and 
0	can aspire but none can equal 
1	her fans will assuredly have their funny bones tickled 
1	suspect it might deliver again and again 
0	through the audience 's meat grinder one more 
0	that loses sight of its own story 
1	a sense of real magic , perhaps . 
1	earnest moment 
1	complex , laden with plenty of baggage and tinged with tragic undertones 
1	are of the highest and the performances attractive without being memorable 
1	'll be treated to an impressive and highly entertaining celebration of its sounds 
0	mean-spirited second half 
0	to keep letting go at all the wrong moments 
1	is elevated by michael caine 's performance as a weary journalist in a changing world . 
0	is more depressing than entertaining 
0	gutter 
1	to watch too many barney videos 
0	is so clumsily sentimental and ineptly directed it may leave you speaking in tongues . 
1	a true believer 
1	prove diverting enough 
0	kung pow seems like some futile concoction that was developed hastily after oedekerk and his fellow moviemakers got through crashing a college keg party 
1	walk to remember 
1	and much better 
0	length , awash in self-consciously flashy camera effects , droning house music and flat , flat dialogue 
0	too clumsy in key moments 
0	an ugly , pointless , stupid movie 
1	it must be labeled ` hip ' , ` innovative ' and ` realistic ' 
0	and damaged dreams 
1	a fiercely clever and subtle film , 
1	it 's still quite worth seeing 
1	a side of contemporary chinese life that many outsiders will be surprised to know 
0	a strong and confident work which works so well for the first 89 minutes , but ends so horrendously confusing 
1	it 's tough to watch , but it 's a fantastic movie 
1	adrien brody -- in the title role -- helps make the film 's conclusion powerful and satisfying 
0	brutal 90-minute battle sequence 
0	this is one baaaaaaaaad movie . 
1	, more playful tone 
1	it 's a treat watching shaw , a british stage icon , melting under the heat of phocion 's attentions . 
1	most haunting about `` fence '' is its conclusion , when we hear the ultimate fate of these girls and realize , much to our dismay , that this really did happen . 
1	, he is always sympathetic . 
1	for almost the first two-thirds of martin scorsese 's 168-minute gangs of new york , i was entranced . 
1	miller , kuras and the actresses 
0	serves as auto-critique , and its clumsiness as its own most damning censure . 
1	a clear-eyed take on the economics of dealing and the pathology of ghetto fabulousness 
0	inspire anything more than a visit to mcdonald 's , let alone 
1	there 's no doubt the filmmaker is having fun with it all 
1	to be significantly different ( and better ) than most films with this theme 
1	excellent 
1	efficiently minimalist style 
1	a technical triumph and 
0	would n't have taken the protagonists a full hour to determine that in order to kill a zombie you must shoot it in the head 
0	-- is a crime that should be punishable by chainsaw . 
1	created a brilliant motion picture 
0	it must be the end of the world : 
0	its intended audience has n't yet had much science 
1	imaginative filmmaking 
1	break free of her old life 
1	a fascinating character study 
1	its emotional power 
0	stare and sniffle 
0	offended by his lack of faith in his audience 
0	given too much time to consider the looseness of the piece , the picture begins to resemble the shapeless , grasping actors ' workshop that it is . 
0	that it makes my big fat greek wedding look like an apartheid drama 
0	cathartic 
0	the storyline and its underlying themes ... finally seem so impersonal or even shallow 
0	by whiny , pathetic , starving and untalented artistes 
1	a sweet treasure and something well worth 
0	the film boasts at least a few good ideas and features some decent performances , but the result is disappointing 
0	this slender plot feels especially thin stretched over the nearly 80-minute running time . 
0	walks a tricky tightrope between being wickedly funny and just plain wicked 
0	wildly overproduced , inadequately motivated every step 
1	be based on a true and historically significant story 
1	such an achievement 
1	anachronistic phantasms haunting the imagined glory of their own pasts 
0	in other words , about as bad a film 
0	has n't progressed as nicely as ` wayne . ' 
1	we all need a playful respite from the grind to refresh our souls 
0	, do we have that same option to slap her creators because they 're clueless and inept ? 
1	his girl friday , '' maintaining a light touch while tackling serious themes 
1	funny and well-contructed 
1	is on his way to becoming the american indian spike lee 
0	the premise itself is just sooooo tired . 
1	the men and machines behind the curtains of our planet 
1	moretti ... is the rare common-man artist who 's wise enough to recognize that there are few things in this world more complex -- and , as it turns out , more fragile -- than happiness . 
0	director george hickenlooper has had some success with documentaries , but here his sense of story and his juvenile camera movements smack of a film school undergrad , and his maudlin ending might not have gotten him into film school in the first place 
0	recommended -- as visually bland as a dentist 's waiting room 
0	take place indoors in formal settings with motionless characters . 
1	it 's a funny no-brainer 
0	the cruelty and suffering 
0	appear foolish and shallow rather than , as was more likely , 
1	hoped i would -- with moist eyes 
0	its amiable jerking 
1	take credit for most of the movie 's success 
1	first real masterpiece 
1	hilarity 
1	, it 's black hawk down with more heart . 
1	a lot of stamina and vitality 
0	ranges from bad to bodacious 
0	repetitively stretched out to feature length , awash in self-consciously flashy camera effects , droning house music and flat , flat dialogue . 
0	pared down its plots and characters to a few rather than dozens 
1	into a few evocative images and striking character traits 
1	's appealingly manic and energetic . 
1	a lot of energy 
1	got a place in your heart 
1	has been 
1	to the actress , and to her inventive director 
0	true to its title , it traps audiences in a series of relentlessly nasty situations that we would pay a considerable ransom not to be looking at . 
1	even if the naipaul original remains the real masterpiece 
1	soulful gravity 
0	to do , too little time to do it in 
0	flaws 
0	it is impossible to think of any film more challenging or depressing than the grey zone 
1	remarkable yet shockingly 
0	this listless feature 
0	completely awful iranian drama ... as much fun as a grouchy ayatollah in a cold mosque . 
1	a quirky , off-beat project 
1	star performances 
0	how very bad a motion picture can truly be 
0	the film is all over the place , really . 
0	sloppy 
1	too great 
0	a clichéd and shallow cautionary tale about the hard-partying lives of gay men . 
0	inconclusive 
1	perfect quiet pace 
1	effectively chilling 
1	sounding 
1	enormously enjoyable 
0	little more than routine 
1	sirk 
0	with zero-dimensional , unlikable characters and hackneyed , threadbare comic setups 
0	is mostly a lump of run-of-the-mill profanity sprinkled with a few remarks so geared toward engendering audience sympathy that you might think he was running for office -- or trying to win over a probation officer . 
0	flat as a spoof 
0	supremely unfunny and unentertaining 
0	devotees of star trek ii : the wrath of khan will feel a nagging sense of deja vu 
1	cool visual backmasking ) 
0	exercise in sham actor workshops and an affected malaise . 
1	winning performances and some effecting moments 
1	soderbergh 's best films , 
0	there is a certain sense of experimentation and improvisation to this film that may not always work 
1	make it a great piece to watch with kids and use to introduce video as art 
0	repulse 
0	spotty 
0	it wears out its welcome as tryingly as the title character . 
1	aims to present an unflinching look at one man 's downfall , brought about by his lack of self-awareness 
1	catch this imax offering 
1	a movie that understands characters must come first 
1	, big-hearted and frequently 
0	, it has some problems 
1	gets vivid performances from her cast and pulls off some deft ally mcbeal-style fantasy sequences 
0	bargain-basement special 
1	more than make up for its logical loopholes , which fly by so fast there 's no time to think about them anyway 
1	we 're drawn in by the dark luster . 
0	so sloppy , so uneven 
0	generic drama 
1	by a gritty style and an excellent cast 
0	they are in this tepid genre offering 
0	an odd , haphazard , and inconsequential romantic comedy . 
1	entirely suspenseful , extremely 
0	been , pardon the pun , sucked out 
1	wo n't feel cheated by the high infidelity of unfaithful 
0	the worst movie i 've seen this summer 
0	see a devastating comic impersonation 
0	most charmless 
1	wonderful , imaginative 
0	no better or worse than ` truth or consequences , n.m. ' or any other interchangeable actioner with imbecilic mafia 
1	simple and precise 
0	too dry 
0	a temperamental child begging for attention , giving audiences no reason to truly care for its decrepit freaks beyond the promise of a reprieve from their incessant whining 
1	distance it from the pack of paint-by-number romantic comedies 
1	the best script that besson has written in years 
1	potentially incredibly 
1	dazzling , remarkably unpretentious 
1	an eloquent , reflective and beautifully 
1	if you like an extreme action-packed film with a hint of humor 
1	narrative grace 
1	wonderful film to bring to imax 
0	that someone other than the director got into the editing room and tried to improve things by making the movie go faster 
0	are littered with trenchant satirical jabs at the peculiar egocentricities of the acting breed 
1	encompasses many more paths 
0	skeeved out that they 'd need a shower 
1	flavors 
1	confirms lynne ramsay as an important , original talent in international cinema 
1	unexpected twists 
0	seemed wasted like deniro 's once promising career and the once grand long beach boardwalk . 
0	a choppy ending 
1	moore provides an invaluable service by sparking debate and encouraging thought . 
1	the upper echelons 
1	into something provocative , rich , and strange 
0	begins with promise , but runs aground after being snared in its own tangled plot . 
0	needs to overcome gaps in character development and story logic 
0	stale first act , scrooge story 
0	poor hermocrates and leontine 
0	for every cheesy scene 
1	efficient 
0	about hatred that offers no easy , comfortable resolution 
1	seen and debated with appropriate ferocity and thoughtfulness 
1	ladles on the local flavor with a hugely enjoyable film about changing times , clashing cultures and the pleasures of a well-made pizza 
1	maintains a surprisingly buoyant tone throughout 
0	sad nonsense , this . 
1	more accomplished 
1	the bard as black comedy -- willie would have loved it 
0	disappoint the action 
0	shreve 's graceful dual narrative gets clunky on the screen , and we keep getting torn away from the compelling historical tale to a less-compelling soap opera . 
1	a good way 
1	literate material 
1	to have a good time as it doles out pieces of the famous director 's life 
1	that collect a bunch of people who are enthusiastic about something and then 
0	hour-and-a-half-long commercial 
1	narrated by martin landau and directed with sensitivity and skill by dana janklowicz-mann 
1	role , or edit , or score , or anything , really 
0	like the work of an artist who is simply tired -- of fighting the same fights , of putting the weight of the world on his shoulders , of playing with narrative form . 
1	witty , vibrant , and intelligent . 
1	creates a fluid and mesmerizing sequence of images to match the words of nijinsky 's diaries 
1	fun 
0	their incessant whining 
1	the way tiny acts of kindness make ordinary life survivable 
1	achingly human 
1	pulls off the feat with aplomb 
0	were less densely plotted 
1	incapable of being boring 
1	woo has as much right to make a huge action sequence as any director 
1	cho 's latest comic set is n't as sharp or as fresh as i 'm the one that i want ... but it 's still damn funny stuff 
0	technically and artistically inept . 
0	as a seven rip-off 
0	hackneyed story 
0	loud , violent and mindless 
0	fondly remembered as roman coppola 's brief pretentious period before going on to other films that actually tell a story worth caring about 
0	is they have a tendency to slip into hokum 
0	in self-consciously flashy camera effects , droning house music and flat , flat dialogue 
0	a bland , obnoxious 88-minute infomercial for universal studios and its ancillary products ... 
1	a fine job of updating white 's dry wit to a new age 
1	of the director , frank novak , that keeps the film grounded in an undeniable social realism 
1	playfully profound 
1	some cute moments , funny scenes , 
1	should see this movie 
1	what results is the best performance from either in years . 
0	the big screen postcard that is a self-glorified martin lawrence lovefest 
1	then blood work is for you . 
1	a certain degree of wit and dignity 
1	dazzling 
0	coal is n't as easy to come by as it used to be and this would be a worthy substitute for naughty children 's stockings 
0	with the director taking a hands-off approach when he should have shaped the story to show us why it 's compelling 
1	twenty-first 
1	the kind of ` laugh therapy ' i need from movie comedies 
0	lax 
1	puts a refreshing and comical spin on the all-too-familiar saga of the contemporary single woman . 
1	like it 
0	baked cardboard 
0	with but they 're simply not funny performers 
1	jonathan parker 's bartleby should have been the be-all-end-all of the modern-office anomie films . 
1	energy it 's documenting 
1	a rollicking good time 
1	a compelling look 
0	been hyped to be because it plays everything too safe 
1	even the stuffiest cinema goers will laugh their *** off for an hour-and-a-half 
1	the characters are complex , laden with plenty of baggage and tinged with tragic undertones 
1	can not help but love cinema paradiso , whether the original version or new director 's cut . ' 
0	its story is only surface deep 
1	, walt becker 's film pushes all the demographically appropriate comic buttons . 
1	wants to break free of her old life 
1	outrageously creative action 
1	come to life 
1	that goes a long way toward keeping the picture compelling 
0	lack of thematic resonance 
1	coming close to bowling you over 
1	a hallmark film in an increasingly important film industry and worth the look . 
1	got it right 
0	a formula comedy 
1	best way 
1	if we 're seeing something purer than the real thing 
1	smart , provocative drama 
1	is the film roman polanski may have been born to make 
1	to a spectacular completion one 
1	commanding 
1	the timeless spectacle of people 
1	chamber of secrets 
1	create a film that 's not merely about kicking undead *** 
0	lacks in depth 
0	is a whole lot of nada . 
1	most romantic comedies 
0	female population 
1	makes an unusual but pleasantly haunting debut behind the camera . 
1	kid-empowerment 
1	the great films about movie love 
1	animated filmmaking since old walt 
1	the first place 
0	suck up 
1	most effective 
0	, there 's something creepy about this movie . 
1	of a surprisingly juvenile lark , a pop-influenced prank whose charms are immediately apparent 
0	you 've spent the past 20 minutes looking at your watch 
0	too cynical 
0	be low , very low , very very low , for the masquerade to work 
1	anchored by splendid performances 
1	thoroughly enjoyable 
1	laced with liberal doses of dark humor , gorgeous exterior photography , and a stable-full of solid performances 
1	with grace and humor and 
1	due to its rapid-fire delivery and enough inspired 
1	there is one word that best describes this film : honest . 
0	weighed down by supporting characters who are either too goodly , wise and knowing or downright comically evil 
0	a medium-grade network sitcom -- 
1	arresting 
1	should see it as soon as possible . ' 
1	is a visually stunning rumination on love , memory , history and the war between art and commerce 
1	the talented cast alone will keep you watching , as will the fight scenes . 
1	good sources , 
1	conveys the passion , creativity , and fearlessness of one of mexico 's most colorful and controversial artists -- a captivating drama that will speak to the nonconformist in us all . 
0	time stinker 
1	, achingly human 
1	less psycho 
0	too much resonance 
0	does little here but point at things that explode into flame 
1	, even after the most awful acts are committed , is an overwhelming sadness that feels as if it has made its way into your very bloodstream . 
0	fine music never heard 
0	the movie will likely set the cause of woman warriors back decades . 
0	remake sleepless in seattle again and again 
1	to `` interesting '' 
0	self-control to guide a loose , poorly structured film through the pitfalls of incoherence and redundancy 
1	film festival 
1	jaw-dropping action sequences , striking villains , a gorgeous color palette , astounding technology , stirring music and a boffo last hour 
0	mindless and boring 
1	best moments 
0	the kid 's ) just too bratty for sympathy 
0	dreary movie . 
1	smart , romantic drama 
0	the attempt to complicate the story 
1	scenes brim 
0	in a summer of clones 
1	a spoof comedy that carries its share of laughs -- sometimes a chuckle , sometimes a guffaw and , to my great pleasure , the occasional belly laugh . 
0	be rendered tedious by avary 's failure to construct a story with even a trace of dramatic interest 
0	never gets over its own investment in conventional arrangements , in terms of love , age , gender , race , and class . 
0	who enjoy moaning about their cruel fate 
0	more to be prescribed than recommended -- as visually bland as a dentist 's waiting room , complete with soothing muzak and a cushion of predictable narrative rhythms 
0	it would be great to see this turd squashed under a truck , preferably a semi . 
1	is a smart , romantic drama that dares to depict the french revolution from the aristocrats ' perspective 
1	take nothing seriously and enjoy the ride . 
1	the humor and humanity 
1	takes such a speedy swan dive 
0	unacceptable 
1	the charismatic jackie chan to even younger audiences 
0	like a badly edited , 91-minute trailer ( and ) the director ca n't seem to get a coherent rhythm going 
1	a powerful sequel and one 
0	that 's neither completely enlightening , 
1	's betting her third feature will be something to behold 
0	devoid of pleasure or sensuality 
1	the best of godard 's movies 
0	tykwer 's surface flash is n't just a poor fit with kieslowski 's lyrical pessimism ; 
1	the movie is certainly easy to watch . 
0	in the film , which gives you an idea just how bad it was 
1	the most appealing movies ever made about an otherwise appalling , and downright creepy , subject -- a teenage boy in love with his stepmother 
0	of how well-meaning patronizing masked a social injustice , at least as represented by this case 
0	undistinguished attempt to make a classic theater piece 
0	avoid the ghetto of sentimental chick-flicks 
0	than a modem that disconnects every 10 seconds 
1	encouraging effort 
0	feels less like a cousin to blade runner than like a bottom-feeder sequel in the escape from new york series . 
1	is how the film knows what 's unique and quirky about canadians 
1	holds up well 
1	a chilly , brooding but quietly resonant psychological study of domestic tension and unhappiness 
1	yarns ever 
0	disintegrating bloodsucker computer effects and jagged camera moves 
0	with its leaden acting , dull exposition and telegraphed ` surprises 
0	cruelty and suffering 
0	mired in tear-drenched quicksand 
1	if you 're as happy listening to movies as you are watching them , and the slow parade of human frailty fascinates you , then you 're at the right film . 
0	is an action movie with an action icon who 's been all but decommissioned 
1	see it . 
1	its power comes from its soul 's - eye view of how well-meaning patronizing masked a social injustice , at least as represented by this case 
0	absurd plot twists , 
1	of the double-cross that made mamet 's `` house of games '' and last fall 's `` heist '' so much fun 
0	, some things are immune to the folly of changing taste and attitude . 
1	a really strong second effort 
0	the crap 
0	to have you scratching your head than hiding under your seat . 
0	muddled , simplistic and more than a little pretentious . 
1	in which fear and frustration are provoked to intolerable levels 
1	the marvelous verdu , 
1	with morality 
0	unemployment 
1	from grace that still leaves shockwaves 
0	since freddy got fingered 
0	possess the lack-of-attention span that we did at seventeen 
0	go over the top and movies that do n't care about being stupid 
1	got as potent a topic as ever here 
1	as happy listening to movies 
0	rather bland 
0	by people to whom the idea of narrative logic or cohesion is an entirely foreign concept 
1	rock solid family fun out of the gates 
0	critical 
1	a guiltless film for nice evening out . 
1	the performances of the four main actresses bring their characters to life . 
0	bad direction 
0	as dumb and cheesy 
0	maudlin as any after-school special you can imagine 
0	his lack 
1	're touched by the film 's conviction that all life centered on that place , that time and that sport 
1	a cult favorite 
1	enticing and often 
1	into a lyrical and celebratory vision 
1	works its magic with such exuberance and passion that the film 's length becomes a part of its fun 
0	evaporates like so much crypt mist in the brain 
1	very bright 
1	may prove to be ( tsai 's ) masterpiece . 
0	making his wife look so bad in a major movie 
0	the script is a tired one , with few moments of joy rising above the stale material . 
1	a fascinating case study of flower-power liberation -- and the price that was paid for it . 
0	both sitcomishly predictable and cloying 
1	turns the goose-pimple genre on its empty head and fills it with spirit , purpose and emotionally bruised characters who add up to more than body count . 
1	marvelous series 
0	audacity 
0	's never as solid as you want it to be 
0	disguise the slack complacency of ( godard 's ) vision , any more than the gorgeous piano and strings on the soundtrack can drown out the tinny self-righteousness of his voice 
0	not quite 
1	the updated dickensian sensibility of writer craig bartlett 's story 
1	surprising highs , 
1	will find it more than capable of rewarding them 
1	is particularly impressive 
1	argue that any sexual relationship that does n't hurt anyone and works for its participants is a relationship that is worthy of our respect 
1	make this a moving experience for people who have n't read the book 
0	there is plenty of room for editing , and 
0	ca n't remember the last time i saw worse stunt editing or cheaper action movie production values than in extreme ops 
0	misanthropic stuff 
1	nicole kidman evolved from star to superstar some time over the past year , which means that birthday girl is the kind of quirkily appealing minor movie she might not make for a while . 
1	gets the details right , from its promenade of barely clad bodies in myrtle beach , s.c. , to the adrenaline jolt of a sudden lunch rush at the diner . 
1	this animated adventure 
0	to make such a worthless film 
1	a real charmer 
1	likable movie 
0	might not have noticed 
1	wit and humor 
1	in a summer of clones , harvard man is something rare and riveting : a wild ride that relies on more than special effects . 
0	the curse of blandness 
1	i 'd be lying if i said my ribcage did n't ache by the end of kung pow . 
1	is leguizamo 's best movie work so far , a subtle and richly internalized performance . 
1	the film succeeds with its dark , delicate treatment of these characters and its unerring respect for them . 
0	as those monologues stretch on and on 
1	interesting effort 
1	with every cinematic tool 
1	the early and middle passages are surprising in how much they engage and even touch us . 
0	whether jason x is this bad on purpose 
0	neo-nazism 
1	good action , good acting , good dialogue , good pace , good cinematography . 
1	with humorous observations about the general absurdity of modern life 
0	ca n't seem to get a coherent rhythm going 
0	viewers out in the cold 
0	bitter italian comedy 
0	macabre 
1	screenplay to keep the film entertaining 
1	it strikes hardest ... when it reminds you how pertinent its dynamics remain . 
1	cho 's latest comic set 
1	antwone fisher certainly does the trick of making us care about its protagonist and celebrate his victories but 
0	the biggest problem i have 
1	with so many bad romances out there , this is the kind of movie that deserves a chance to shine . 
1	the film is full of charm . 
0	does n't conjure proper respect for followers of the whole dead-undead genre , who deserve more from a vampire pic than a few shrieky special effects 
0	craziness 
0	banderas looks like he 's not trying to laugh at how bad 
0	disagreeable 
1	it 's a day at the beach -- with air conditioning and popcorn . 
1	a thought-provoking and often-funny drama about isolation 
1	easily accessible stories that resonate with profundity 
1	that satisfies , as comfort food often can 
1	been more charming than in about a boy 
0	disjointed 
1	fascinate me 
0	point at things that explode into flame 
0	fails to portray its literarily talented and notorious subject as anything much more than a dirty old man . 
0	is not more lucratively engaged in the shameless self-caricature of ` analyze this ' ( 1999 ) and ` analyze that , ' promised ( or threatened ) for later this year 
1	high-profile name 
1	perfectly executed and 
1	companion piece 
0	abandon spends 90 minutes trying figure out whether or not some cocky pseudo-intellectual kid has intentionally left college or was killed . 
1	compliment to say that the film makes the viewer feel like the movie 's various victimized audience members after a while , but it also happens to be the movie 's most admirable quality 
0	never quite justifies its own existence . 
1	the wildly popular vin diesel 
1	eerily accurate depiction of depression 
1	ringside seat 
1	great yarn 
1	but fun . 
0	, shafer and co-writer gregory hinton lack a strong-minded viewpoint , or a sense of humor . 
0	is never quite able 
0	little too ponderous to work as shallow entertainment , not remotely incisive enough to qualify as drama , monsoon wedding 
1	a vehicle to savor binoche 's skill 
0	hardhearted scrooge 
0	discomfort 
1	( ferrera ) has the charisma of a young woman who knows how to hold the screen . 
1	for a smart , nuanced look at de sade and what might have happened at picpus 
0	is paper-thin and decidedly unoriginal 
1	based on the wonderful acting clinic put on by spader and gyllenhaal 
1	the giant screen and its hyper-realistic images 
0	the movie 's wildly careening tone and an extremely flat lead performance do little to salvage this filmmaker 's flailing reputation . 
1	hard , endearing , caring , warm . 
1	a joint promotion for the national basketball association and 
1	uplifter 
1	spectacularly 
0	about as enjoyable , i would imagine , as searching for a quarter in a giant pile of elephant feces ... positively dreadful . 
0	trotting out threadbare standbys 
1	red dragon '' never cuts corners . 
0	the cadence of a depressed fifteen-year-old 's suicidal poetry 
1	weak and strong 
1	a great film noir 
0	do n't blame eddie murphy but 
1	jaw-dropping action sequences , striking villains , a gorgeous color palette , astounding technology , 
0	's depressing to see how far herzog has fallen . 
0	the story is predictable , the jokes are typical sandler fare , 
1	the movie looks genuinely pretty . 
1	revealed before about the source of his spiritual survival 
1	relieved that his latest feature , r xmas , marks a modest if encouraging return to form 
1	's still a guilty pleasure to watch 
1	in all its director 's cut glory 
0	unfocused and tediously exasperating 
0	overcooked soufflé 
1	a gracious , eloquent film that by its end offers a ray of hope to the refugees able to look ahead and resist living in a past forever lost . 
1	of light-heartedness , that makes it attractive throughout 
1	make italian for beginners worth the journey 
1	going to be everyone 's bag of popcorn 
1	however , it 's invaluable 
0	the worst sin 
0	listless and desultory affair 
1	with considerable aplomb 
1	fresh air now and then 
0	that worked five years ago but has since lost its fizz 
1	nothing can detract from the affection of that moral favorite 
0	profoundly stupid affair 
1	michel piccoli 's moving performance is this films reason for being . 
1	what it lacks in substance it makes up for in heart . 
0	dudsville 
1	his generation 's 
1	payne has created a beautiful canvas , 
0	barely register 
1	touches the heart and the funnybone thanks to the energetic and always surprising performance by rachel griffiths . 
1	the ideal casting 
1	the story has some nice twists but the ending and 
1	a straight-ahead thriller 
0	it 's such a mechanical endeavor ( that ) it never bothers to question why somebody might devote time to see it . 
0	totally past his prime 
1	steven soderbergh 's digital video experiment is a clever and cutting , quick and dirty look at modern living and movie life . 
0	there is no solace here , no entertainment value , merely a fierce lesson in where filmmaking can take us . 
1	with the same sort of good-natured fun found in films like tremors , eight legged freaks is prime escapist fare . 
1	was able to overcome his personal obstacles and become a good man 
0	the bad sound 
0	frequently misses the mark 
0	's the plot , and a maddeningly insistent and repetitive piano score that made me want to scream 
1	in the end , you feel alive - which is what they did 
1	hugely enjoyable in its own right though not really faithful 
1	aesthetic experience 
1	bill morrison 's decasia is uncompromising , difficult and unbearably beautiful . 
0	with this silly little puddle of a movie 
1	in if argento 's hollywood counterparts ... had this much imagination and nerve 
1	terrific story 
0	smacks of exhibitionism 
0	hard to be funny in a way that 's too loud , too goofy and too short of an attention span 
0	generates plot points with a degree of randomness usually achieved only by lottery drawing . 
0	it is very difficult to care about the character , and that is the central flaw of the film 
0	a snore and utter tripe 
1	natural , even-flowing tone 
1	the film sparkles with the the wisdom and humor of its subjects . 
0	when poor hermocrates and leontine pathetically compare notes about their budding amours 
0	the heroes of horror movies try to avoid 
1	about tattoos 
0	the attempt to complicate the story only defies credibility 
0	taboo 
0	historic scandal 
0	it drags during its 112-minute length 
1	carrying off a spot-on scottish burr 
1	what begins brightly 
1	that ` alabama ' manages to be pleasant in spite of its predictability and occasional slowness is due primarily to the perkiness of witherspoon ( who is always a joy to watch , even when her material is not first-rate ) ... 
0	inexpressible and drab wannabe 
1	its visual imagination 
0	( a ) painfully flat gross-out comedy ... 
1	suspenseful enough for older kids but not too scary 
1	it actually improves upon the original hit movie 
0	too long and 
0	a fat man 's navel 
0	frustrated and detached 
0	was n't at least watchable 
1	sophisticated intrigue and human-scale characters 
1	awfully good , achingly human picture 
0	in a downward narcotized spiral 
0	bang your head on the seat in front of you , at its cluelessness , at its idiocy , at its utterly misplaced earnestness 
1	what a dumb , fun , curiously adolescent movie this 
0	hard as this may be to believe , here on earth , a surprisingly similar teen drama , was a better film . 
1	director douglas mcgrath 
0	it 's a hellish , numbing experience to watch , and 
0	as earnest as a community-college advertisement 
0	for the future , one hopes mr. plympton will find room for one more member of his little band , a professional screenwriter . 
1	perfectly acceptable , occasionally very enjoyable children 's entertainment 
1	be funny , uplifting and moving 
0	the worst movies 
1	i thought the relationships were wonderful , the comedy was funny , and 
0	pile up , undermining the movie 's reality and stifling its creator 's comic voice 
1	brash , intelligent and erotically perplexing , haneke 's portrait of an upper class austrian society and the suppression of its tucked away demons 
1	great way 
1	nohe 's documentary about the event is sympathetic without being gullible : he is n't blind to the silliness , but also captures moments of spontaneous creativity and authentic co-operative interaction 
1	shows the promise of digital filmmaking 
0	dahmer resorts to standard slasher flick thrills when it should be most in the mind of the killer 
0	, derrida is all but useless 
0	have a résumé loaded with credits like `` girl in bar # 3 
0	targeted to the tiniest segment of an already obscure demographic 
1	, the film has in kieran culkin a pitch-perfect holden . 
1	is enough originality in ` life ' to distance it from the pack of paint-by-number romantic comedies that so often end up on cinema screens . 
1	of freshness , imagination and insight 
0	sinks into by-the-numbers territory . 
0	none of the visual wit of the previous pictures 
0	after drinking twelve beers 
0	grow boring ... which proves that rohmer still has a sense of his audience 
1	keep the viewer wide-awake all the way through . 
0	are never more than sketches ... which leaves any true emotional connection or identification frustratingly out of reach . 
1	the girls ' amusing personalities 
0	would be great to see this turd squashed under a truck , preferably a semi . 
0	i found the movie as divided against itself as the dysfunctional family it portrays . 
0	lacks balance ... and fails to put the struggle into meaningful historical context 
0	sentiment and withholds delivery 
1	is a finely written , superbly acted offbeat thriller 
0	it 's impossible to even categorize this as a smutty guilty pleasure . 
1	ambitious ` 
0	show more of the dilemma , rather than 
1	with leonine power 
1	satire lucky break 
0	made , on all levels , that it does n't even qualify as a spoof of such 
1	constructed to convey a sense of childhood imagination 
1	a different and emotionally reserved type of survival story -- a film less about refracting all of world war ii through the specific conditions of one man , and more about that man 
0	being surprisingly dull 
1	olivier assayas has fashioned an absorbing look at provincial bourgeois french society . 
0	ca n't stand 
0	had no effect and 
0	witlessness between a not-so-bright mother and daughter and 
1	demonstrated a knack for mixing action and idiosyncratic humor in his charming 2000 debut shanghai noon 
0	assaults on america 's knee-jerk moral sanctimony 
1	through clever makeup design 
0	the kids in the audience at the preview screening seemed bored , cheering the pratfalls but little else ; 
0	old porridge 
1	talented writer/director anderson 
1	will revel in those visual in-jokes , as in the film 's verbal pokes at everything from the likes of miramax chief harvey weinstein 's bluff personal style to the stylistic rigors of denmark 's dogma movement 
0	, the grey zone attempts to be grandiloquent , but ends up merely pretentious -- in a grisly sort of way . 
0	in practically every facet of inept filmmaking 
1	a curiously stylized , quasi-shakespearean portrait of pure misogynist evil 
1	puts a suspenseful spin on standard horror flick formula 
0	that it is n't very good 
1	would make this a moving experience for people who have n't read the book 
0	ill-fitting 
1	makes an amazing breakthrough in her first starring role and eats up the screen 
1	occasional jarring glimpses 
0	herzog simply runs out of ideas 
1	the best sports movie 
1	hugely enjoyable in its own right though not really 
0	when your subject is illusion versus reality , should n't the reality seem at least passably real ? 
0	in which two not very absorbing characters are engaged in a romance 
0	a dark mood that makes the film seem like something to endure instead of enjoy 
0	carries almost no organic intrigue 
1	thought out 
0	leaves no southern stereotype unturned 
1	santa clause 2 ' is wondrously creative . 
1	having much that is fresh to say about growing up catholic or , really , anything 
1	rates as an exceptional thriller . 
1	it 's still a rollicking good time for the most part 
1	a small gem of a movie that defies classification and is as thought-provoking as it is funny , scary and sad . 
1	that it 'll probably be the best and most mature comedy of the 2002 summer season speaks more of the season than the picture 
0	of a movie saddled with an amateurish screenplay 
0	sappy situations and dialogue 
1	will worm its way there 
1	makes it work more than it probably should 
1	a taste for the quirky 
0	emphasizes every line and sag 
0	thinly sketched story 
1	atypically hypnotic 
1	darkly funny and frequently insightful 
0	the broiling sun for a good three days 
1	's most memorable about circuit 
1	beautifully crafted and cooly unsettling ... recreates the atmosphere of the crime expertly 
1	as miraculous as its dreamworks makers 
0	fights 
1	... belinsky is still able to create an engaging story that keeps you guessing at almost every turn . 
1	it goes further than both 
1	betters it 
0	mediocre one 
1	it belongs on the big screen 
0	gussied up with so many distracting special effects and visual party tricks that it 's not clear whether we 're supposed to shriek or 
0	wastes its time 
1	of a future-world holographic librarian ( orlando jones ) who knows everything and answers all questions , is visually smart , cleverly written , and nicely realized 
1	a well-done film of a self-reflexive , philosophical nature . 
1	some of the visual flourishes 
0	been conjured up only 10 minutes prior to filming 
1	it is refreshingly undogmatic about its characters . 
0	has taken quite a nosedive from alfred hitchcock 's imaginative flight to shyamalan 's self-important summer fluff . 
0	the film is way too full of itself ; it 's stuffy and pretentious in a give-me-an-oscar kind of way 
1	its exquisite acting 
1	onto the end credits 
1	to give you a lot of laughs in this simple , sweet and romantic comedy 
1	a delightfully dour , deadpan tone 
1	frailty '' leaves us with the terrifying message that the real horror may be waiting for us at home 
1	some of the visual flourishes are a little too obvious , but restrained and subtle storytelling , and fine performances make this delicate coming-of-age tale a treat . 
0	shoplifts shamelessly from farewell-to-innocence movies like the wanderers and a bronx tale 
0	a besotted and obvious drama that tells us nothing new 
1	a solid base hit . 
0	at times a bit melodramatic and even a little dated ( depending upon where you live ) 
1	standing in the shadows of motown is the best kind of documentary , one that makes a depleted yesterday feel very much like a brand-new tomorrow . 
1	to unexpected heights 
0	'd prefer a simple misfire 
1	the movie 's charm 
1	a perfect family film 
1	two fine actors , morgan freeman and 
1	a full experience , a love story and a murder mystery that expands into a meditation on the deep deceptions of innocence 
1	leaving the theater with a smile on your face 
1	pulls off enough 
0	you 'll forget about it by monday , though , 
1	remembering this refreshing visit 
0	stuck around for this long 
1	not about scares but a mood in which an ominous , pervasive , and unknown threat lurks just below the proceedings and adds an almost constant mindset of suspense . 
0	choppy recycling 
0	the last kiss will probably never achieve the popularity of my big fat greek wedding , but 
0	is a plodding mess 
1	's better than the phantom menace . 
0	than its exploitive array of obligatory cheap 
1	accomplished actress 
0	plodding , peevish and gimmicky 
1	goes by quickly 
0	promisingly but disintegrates into a dreary , humorless soap opera . 
0	no organic intrigue 
1	sure to raise audience 's spirits and leave them singing long after the credits roll 
0	, can prevent its tragic waste of life 
0	more holes 
0	general absurdity 
0	just more of the same , done with noticeably less energy and imagination 
1	margarita happy hour 
1	a moving story of determination and the human spirit . 
1	have been much better 
1	see it twice 
1	's so simple and precise that anything discordant would topple the balance 
1	even if the top-billed willis is not the most impressive player 
1	impressive in imax dimensions 
0	understatement 
1	, the film is extremely thorough . 
1	spielberg 's first real masterpiece 
1	the strength of the film lies in its two central performances by sven wollter as the stricken composer and viveka seldahl as his desperate violinist wife . 
1	is ... determined to treat its characters , weak and strong , as fallible human beings , not caricatures , and to carefully delineate the cost of the inevitable conflicts between human urges and an institution concerned with self-preservation . 
1	its characters and communicates something 
1	tremendous promise 
1	worth the concentration 
1	the best special effects 
1	a fresh infusion 
0	it makes even elizabeth hurley seem graceless and ugly . 
0	some of the back-story is a little tired 
1	it 's a cool event for the whole family . 
0	slob 
1	a film that hews out a world and carries us effortlessly from darkness to light 
1	liked it just enough 
0	a glorified episode of `` 7th heaven 
0	, he can not overcome the sense that pumpkin is a mere plot pawn for two directors with far less endearing disabilities . 
1	impressive hybrid . 
1	embraces it , energizes it and takes big bloody chomps out of it 
1	bittersweet contemporary comedy 
1	beautifully shaped 
1	rodrigues 's 
1	college 
0	a preposterous , prurient whodunit . 
1	it deserves to be seen everywhere . 
0	's rarely as entertaining as it could have been 
1	amusing , but ultimately so 
1	an uplifting , near-masterpiece . 
0	of college dorm rooms , a subtlety that makes the silly , over-the-top coda especially disappointing 
0	the only surprise is that heavyweights joel silver and robert zemeckis agreed to produce this 
0	limps along on a squirm-inducing fish-out-of-water formula that goes nowhere and goes there very , very slowly 
0	feel like it 's wasted yours 
0	the worst film of the year . 
1	given passionate , if somewhat flawed , treatment 
1	which should appeal to women 
1	the astute direction of cardoso 
1	thoughtful , unapologetically raw 
1	unique director 's 
0	uninspired story 
0	the troubling thing 
1	masterfully calibrated psychological thriller 
1	is refreshingly undogmatic about its characters . 
1	allows it to rank with its worthy predecessors 
0	one is left with a sour taste in one 's mouth , and little else . 
1	that 's best served cold 
1	the fluid motion is astounding on any number of levels 
0	a depressing story 
1	- i also wanted a little alien as a friend ! 
0	of impossible disappearing/reappearing acts 
1	wonder why paul thomas anderson ever had the inclination to make the most sincere and artful movie in which adam sandler will probably ever appear 
0	-- and not in a good way 
1	we admire this film for its harsh objectivity and refusal to seek our tears , our sympathies . 
1	throw elbows when necessary 
1	on an irresistible , languid romanticism 
1	delight your senses and crash this wedding 
1	spectacular performance - ahem 
0	freakshow 
1	really work 
1	worth seeing 
1	her own screenplay , jumps to the head of the class of women 's films that manage to avoid the ghetto of sentimental chick-flicks by treating female follies with a satirical style 
1	the filmmakers ' post-camp comprehension of what made old-time b movies good-bad that makes eight legged freaks a perfectly entertaining summer diversion 
1	a zinger-filled crowd-pleaser that open-minded elvis fans ( but by no means all ) 
1	sometimes endearing 
1	( no more racist portraits of indians , for instance ) 
1	some quietly moving moments and an intelligent subtlety 
1	exuberant 
0	using them as punching bags 
1	the film is a hilarious adventure and 
1	a moving essay about the specter of death , especially suicide . 
0	the chateau has one very funny joke and a few other decent ones , but all it amounts to is a mildly funny , sometimes tedious , ultimately insignificant film 
0	extremely unpleasant film 
1	as a film director , labute continues to improve . 
1	that powerhouse 
0	's clotted with heavy-handed symbolism , dime-store psychology and endless scenic shots that make 105 minutes seem twice as long 
1	a radiant character portrait 
0	tumbleweeds blowing through the empty theaters 
1	a strange urge to get on a board and , uh , shred , dude 
0	no charm , no laughs , 
0	a depressing story that throws a bunch of hot-button items in the viewer 's face and asks to be seen as hip , winking social commentary 
0	great to see this turd squashed under a truck , preferably a semi 
1	the light-footed enchantment 
1	so vividly 
1	to be a hip-hop fan to appreciate scratch 
0	would choose the cliff-notes over reading a full-length classic 
0	his characters -- if that 's not too glorified a term -- 
1	another best of the year selection 
1	in the utter cuteness of stuart and margolo 
0	something about how lame it is to try and evade your responsibilities 
1	simone is not a bad film . 
0	was that movie nothing more than a tepid exercise in trotting out a formula that worked five years ago but has since lost its fizz ? 
1	are anguished , bitter and truthful 
0	never 
0	blood work is laughable in the solemnity with which it tries to pump life into overworked elements from eastwood 's dirty harry period . 
1	best man '' 
1	a sincerely crafted picture that deserves to emerge from the traffic jam of holiday movies 
1	about telling what at heart is a sweet little girl 
1	wiseman is patient and uncompromising , letting his camera observe and record the lives of women torn apart by a legacy of abuse 
1	it 's excessively quirky and a little underconfident in its delivery , but otherwise this is the best ` old neighborhood ' project since christopher walken kinda romanced cyndi lauper in the opportunists . 
1	the silver screen 
0	who ca n't quite distinguish one sci-fi work from another 
1	via kirsten dunst 's remarkable performance , he showcases davies as a young woman of great charm , generosity and diplomacy 
1	small ... with considerable aplomb 
1	its heart 
1	awe and affection 
1	bright 
1	to confront their problems openly 
0	plain , unimaginative 
0	a holy fool 
1	casts attractive and talented actors 
0	school experience that plays better only for the film 's publicists or for people who take as many drugs as the film 's characters 
1	enjoyable 100 minutes 
1	to be a monster movie for the art-house crowd 
1	successfully blended satire , high camp and yet another sexual taboo into a really funny movie 
1	the modern masculine journey 
1	better film 
1	please eastwood 's loyal fans 
1	call the ` wow ' factor 
0	as it explores the awful complications of one terrifying day 
1	recharged 
1	an imaginative teacher of emotional intelligence in this engaging film about two men who discover what william james once called ` the gift of tears 
0	tedious 
0	infamy 
1	must indeed be good to recite some of this laughable dialogue with a straight face . 
0	imagine any recent film , independent or otherwise , that makes as much of a mess as this one 
0	is just sooooo tired . 
0	designed to make you feel guilty about ignoring what the filmmakers clearly believe 
1	buy is an accomplished actress , and this is a big , juicy role . 
1	fact , 
0	half-baked setups 
0	like horrible poetry 
1	the most consistently funny of the austin powers films 
0	it 's as if solondz had two ideas for two movies , could n't really figure out how to flesh either out , 
0	a lump of run-of-the-mill profanity 
1	's got as potent a topic as ever here 
1	of the year 's best 
1	by movies ' end you 'll swear you are wet in some places and feel sand creeping in others 
1	the filmmakers ' eye for detail and the high standards of performance convey a strong sense of the girls ' environment . 
0	it 's hard to care about a film that proposes as epic tragedy the plight of a callow rich boy who is forced to choose between his beautiful , self-satisfied 22-year-old girlfriend and an equally beautiful , self-satisfied 18-year-old mistress . 
1	its love of life and beauty 
0	clotted with heavy-handed symbolism , dime-store psychology and endless scenic shots that make 105 minutes seem twice as long 
0	's , it 's simply unbearable 
0	hide a weak script 
0	was painful 
1	oh , look at that clever angle ! 
1	often-hilarious 
0	another tired old vision 
1	a movie that both thrills the eye and , in its over-the-top way , touches the heart . 
1	with enough action 
1	modern master 
0	no . 
1	most thrillers send audiences out talking about specific scary scenes or startling moments ; `` frailty '' leaves us with the terrifying message that the real horror may be waiting for us at home . 
1	feature-length running time 
0	come up with a better script 
1	brave and 
0	though harris is affecting at times , he can not overcome the sense that pumpkin is a mere plot pawn for two directors with far less endearing disabilities . 
1	the rare imax movie that you 'll wish was longer than an hour . 
0	overacted 
0	horrible '' and `` terrible 
0	it suffers from the awkwardness that results from adhering to the messiness of true stories . 
1	it 's a masterpeice . 
1	by the shadowy lighting 
1	to develop her own film language with conspicuous success 
1	engages less for its story of actorly existential despair than for its boundary-hopping formal innovations and glimpse into another kind of chinese ` cultural revolution . ' 
1	road to perdition does display greatness , and 
1	with every painful nuance , unexpected flashes of dark comedy and the character 's gripping humanity 
1	for serious film buffs 
1	although it includes a fair share of dumb drug jokes and predictable slapstick , `` orange county '' is far funnier than it would seem to have any right to be . 
1	hand it to director george clooney for biting off such a big job the first time out 
0	reminds at every turn of elizabeth berkley 's flopping dolphin-gasm 
0	in the `` soon-to-be-forgettable '' section of the quirky rip-off prison 
0	a film so graceless and devoid 
1	still rapturous after all these years 
1	a series of perfect black pearls clicking together to form a string 
1	... is inspiring , ironic , and revelatory of just how ridiculous and money-oriented the record industry really is . 
0	a little fleeing of its own 
0	a woefully dull , redundant concept that bears more than a whiff of exploitation , despite iwai 's vaunted empathy 
1	's clear that washington most certainly has a new career ahead of him 
1	cinematic 
0	viewers will wish there had been more of the `` queen '' and less of the `` damned . '' 
1	be funny , uplifting and moving , 
0	to the overcooked , ham-fisted direction , which has all the actors reaching for the back row 
0	the execution 
0	terminally bland 
1	turturro is fabulously funny and over the top as a ` very sneaky ' butler who excels in the art of impossible disappearing/reappearing acts 
0	low-brow 
1	to blue hilarity 
1	nicely done 
1	first-rate performances 
1	be captivated , as i was , by its moods , and by its subtly transformed star , and still wonder why paul thomas anderson ever had the inclination to make the most sincere and artful movie in which adam sandler will probably ever appear 
1	believable and heart-wrenching 
0	rice never clearly defines his characters or gives us a reason to care about them . 
0	the franchise 's best years are long past 
1	its surprises 
1	consider it ` perfection . 
1	way cheaper ( and better ) 
0	ii experience 
1	made me unintentionally famous 
1	my greatest pictures 
0	manic 
1	vividly conveys the passion , creativity , and fearlessness of one of mexico 's most colorful and controversial artists -- a captivating drama that will speak to the nonconformist in us all . 
0	be lulled into a coma 
0	... feels as if ( there 's ) a choke leash around your neck so director nick cassavetes can give it a good , hard yank whenever he wants you to feel something . 
1	without reeking of research library dust 
0	has the potential for touched by an angel simplicity and sappiness 
1	good action , good acting , good dialogue 
0	a travesty 
1	truly distinctive and a deeply pertinent film 
1	french malapropisms 
1	has had a successful career in tv 
1	everett remains a perfect wildean actor , and 
1	picture-perfect life 
1	give all three stories life 
1	all sides 
0	try this obscenely bad dark comedy , so crass that it makes edward burns ' sidewalks of new york look like oscar wilde . 
1	entertainment adults can see without feeling embarrassed 
1	is , by itself , deserving of discussion 
0	shows that some studios firmly believe that people have lost the ability to think and will forgive any shoddy product as long as there 's a little girl-on-girl action 
1	by casting an actress whose face projects that woman 's doubts and yearnings 
1	technically proficient and 
1	have managed to pack it with enough action to satisfy the boom-bam crowd without a huge sacrifice of character and mood 
0	the film 's sopranos gags 
1	become expert fighters 
1	most likeable 
1	brilliant in this 
0	too long has ignored 
1	fun and 
1	, wistful new film 
0	their shallow styles 
1	sell many records 
1	an action icon 
0	vapid and 
1	a big-budget/all-star movie 
1	a riddle wrapped in a mystery inside an enigma 
0	just seem like a bad idea from frame one 
0	, there is little else to recommend `` never again . '' 
1	the film boasts dry humor and jarring shocks , plus moments of breathtaking mystery . 
1	a slap-happy series 
1	low , smoky and inviting 
0	worry about being subjected to farts , urine , feces , semen , or any of the other foul substances 
0	the latest gimmick from this unimaginative comedian 
0	does n't work as either 
0	uselessly redundant and 
1	is polanski 's best film 
0	less funny 
1	common sense 
1	that it 's actually watchable 
1	deftly executed 
0	is throwing up his hands in surrender , is firing his r&d people , and has decided he will just screen the master of disguise 24/7 
0	is this so boring 
0	's not very good 
0	under-inspired 
1	sensual and 
0	makes the silly , over-the-top coda especially disappointing 
1	will be pleased to discover that tian 's meticulous talent has not withered during his enforced hiatus 
1	the earnestness of its execution and skill of its cast take you down a familiar road with a few twists 
1	though intrepid in exploring an attraction that crosses sexual identity , ozpetek falls short in showing us antonia 's true emotions ... but at the very least , his secret life will leave you thinking . 
1	is not only the best date movie of the year 
0	the unacceptable , 
0	, meandering 
1	a heroine as feisty and principled as jane 
1	the historical period and 
0	swipe 90 minutes of your time 
0	which presses familiar herzog tropes into the service of a limpid and conventional historical fiction , when really what we demand of the director 
1	interesting both as a historical study and as a tragic love story 
1	, this sad , occasionally horrifying but often inspiring film is among wiseman 's warmest . 
0	who seem barely in the same movie 
0	owen wilson know a movie must have a story and a script ? 
1	it 's soulful and unslick 
1	goodies 
1	vibrant , colorful world 
0	about as much resemblance to the experiences of most battered women as spider-man 
0	corrupt 
0	devoid of joy and energy 
0	like its script , which nurses plot holes gaping enough to pilot an entire olympic swim team through , the characters in swimfan seem motivated by nothing short of dull , brain-deadening hangover . 
0	the first mistake , i suspect , 
0	irreparably drags the film down . 
1	to both people 's capacity for evil and their heroic capacity for good 
0	dialogue and a heroine who comes across as both shallow and dim-witted 
1	the fans are often funny fanatics 
1	absorbing character study by andré turpin . 
1	a vivid imagination and an impressive style 
0	watered-down 
1	suits the script 
0	a less-compelling soap opera 
0	staggers between flaccid satire and what 
1	humor 
1	freshness 
1	lathan and diggs carry the film with their charisma , and 
1	a weird and wonderful comedy . 
1	strikes a defiantly retro chord , and outpaces its contemporaries with daring and verve 
1	gentle jesus 
1	your 20th outing shows off a lot of stamina and vitality , and get this , madonna 's cameo does n't suck ! 
0	, it will probably be a talky bore . 
1	submarine movie 
1	as a real movie 
1	real emotional impact 
1	revigorates 
0	disney scrape 
1	usual intelligence and subtlety 
1	returning director rob minkoff ... and screenwriter bruce joel rubin ... have done a fine job of updating white 's dry wit to a new age . 
1	reassuring manner 
0	insipid script 
1	hugely rewarding 
0	over-indulgent tirade 
0	fails 
1	collateral 
1	's secondary to american psycho but still has claws enough to get inside you and stay there for a couple of hours . 
1	whose meaning and 
1	're as happy listening to movies as you are watching them , and the slow parade of human frailty fascinates you 
1	its strengths 
1	right tone 
0	i think it was plato who said , ' i think , therefore i know better than to rush to the theater for this one . 
0	a bit anachronistic 
1	with such clarity 
1	the most blithe exchanges gives the film its lingering tug 
0	too steeped in fairy tales and other childish things 
0	pale xerox of other , better crime movies 
0	argue that entering a church , synagogue or temple does n't mean you have to check your brain at the door 
0	humorless and 
0	's not as single-minded as john carpenter 's original 
1	of an expert thriller 
1	smart and fun , but far more witty than it is wise 
0	the only fun part of the movie is playing the obvious game . 
1	to his son 's home 
1	a funny yet dark and seedy clash of cultures and generations . 
1	she 's pretty and she can act 
0	mind crappy movies 
0	this crude 
0	lacks the charisma and ability 
1	the culture clash comedies 
1	peppering the pages with memorable zingers 
0	the achingly unfunny phonce and his several silly subplots 
1	about schmidt belongs to nicholson . 
1	emphasizes the computer and the cool 
0	paint-by-number american blockbusters like pearl harbor 
0	're left with a story that tries to grab us , only to keep letting go at all the wrong moments 
1	piercingly affecting 
1	and in the best way 
0	know if it wants to be a retro-refitting exercise in campy recall for older fans or a silly , nickelodeon-esque kiddie flick 
0	deniro 's once promising career and the once grand long beach boardwalk 
0	has never looked uglier 
1	every painful nuance , unexpected flashes of dark comedy 
1	explores all three sides of his story with a sensitivity and an inquisitiveness reminiscent of truffaut 
1	on the premise 
0	neither light nor magical enough to bring off this kind of whimsy 
1	is most remarkable not because of its epic scope , but because of the startling intimacy it achieves despite that breadth 
0	burn the negative and the script and 
1	ride for the kiddies , with enough eye candy and cheeky wit to keep parents away from the concession stand 
0	entertains not so much because of its music or comic antics , but through the perverse pleasure of watching disney scrape the bottom of its own cracker barrel . 
1	will no doubt 
1	a funny moment or two 
1	a remarkable film 
1	wry comic mayhem 
0	the only reason you should see this movie is if you have a case of masochism and an hour and a half to blow . 
1	fast-moving and cheerfully simplistic 
1	to understand what made allen 's romantic comedies so pertinent and enduring 
0	incessant use 
0	damage 
0	gag 
0	that the idea of exploiting molestation for laughs is funny , not actually exploiting it yourself 
1	the compassion , good-natured humor and the level of insight that made ( eyre 's ) first film something of a sleeper success 
0	, it 's just one that could easily wait for your pay per view dollar . 
1	pristine 
1	almost everyone growing up believes their family must look like `` the addams family '' to everyone looking in ... `` my big fat greek wedding '' comes from the heart ... 
0	feels free to offend 
0	be low , very low , very very low , 
1	when you 're a jet 
0	, the movie is so clumsily sentimental and ineptly directed it may leave you speaking in tongues . 
1	action-packed an experience as a ringside seat 
1	's defiantly and delightfully against the grain 
0	but the problem with wendigo , for all its effective moments , is n't really one of resources . 
1	a big-budget/all-star movie as unblinkingly pure as the hours 
1	are too cute 
0	exceptionally dreary and overwrought bit 
0	is one of the biggest disappointments of the year . 
1	stand tall 
1	as a vehicle to savor binoche 's skill , the film is well worthwhile . 
0	that made me want to scream 
1	the evocative imagery and gentle , lapping rhythms of this film are infectious -- it gets under our skin and draws us in long before the plot kicks into gear . 
1	should attract upscale audiences hungry for quality and a nostalgic , twisty yarn that will keep them guessing 
1	liberating ability 
1	invitingly upbeat 
1	has come to new york city to replace past tragedy with the american dream 
0	highly uneven 
0	certainly wo n't be remembered as one of ( witherspoon 's ) better films . 
0	is far-flung , illogical , and plain stupid 
1	-- every member of the ensemble has something fascinating to do -- 
0	this movie may not have the highest production values you 've ever seen 
0	that 's low on both suspense and payoff 
1	make mel brooks ' borscht belt schtick look sophisticated 
1	the beauty and power 
1	, but i suspect it might deliver again and again . 
0	( l ) ame and unnecessary . 
0	sleep-inducingly slow-paced crime drama 
1	is dicaprio 's best performance in anything ever , and easily the most watchable film of the year . 
0	those 24-and-unders looking for their own caddyshack to adopt as a generational signpost may have to keep on looking . 
0	the film would have been more enjoyable had the balance shifted in favor of water-bound action over the land-based ` drama , ' 
0	virtually absent 
1	something clever 
0	to be anything but frustrating , boring , and forgettable 
0	a bad day 
0	complete mess 
0	and choppy recycling 
0	adams just copies from various sources -- 
1	spectacular 
1	seeming at once both refreshingly different and reassuringly familiar 
1	proving that he 's now , more than ever , choosing his roles with the precision of the insurance actuary 
1	a triumph of emotionally and narratively complex filmmaking . 
0	hokey 
0	to recycle images and characters that were already tired 10 years ago 
1	adorably whimsical comedy 
1	fitting 
0	made it dull , lifeless , and irritating 
1	knows how to inflate the mundane into the scarifying 
0	the most plain , unimaginative romantic comedies i 
1	very much like life 
1	get weird , 
1	reasonably good 
1	great crimes 
1	all excited about a chocolate eclair 
1	some of its repartee is still worth hearing . 
1	grand-scale 
1	ca n't help but engage an audience 
1	is intriguing , provocative stuff . 
0	had the misfortune to watch in quite some time 
0	seemingly a vehicle to showcase the canadian 's inane ramblings 
0	one of those so-so films that could have been much better 
1	seem as cleverly plotted as the usual suspects 
0	come with the warning `` 
1	stimulating 
0	so slick and watered-down it almost loses what made you love it 
1	impeccable comic timing , 
0	exaggerated action 
1	a bold ( and lovely ) experiment 
0	though it 's not very well shot or composed or edited , the score is too insistent and the dialogue is frequently overwrought and crudely literal 
1	down-and-dirty laugher 
1	funny , 
0	a bunch of other , better movies slapped together . 
1	liked this film a lot ... 
0	pat storylines 
1	leguizamo and jones are both excellent and 
0	larded 
1	dramatic and emotional pull 
1	it manages to maintain both a level of sophisticated intrigue and human-scale characters that suck the audience in . 
1	ironic cultural satire 
1	shapes history 
1	something different 
0	a peculiar malaise 
1	become comparatively sane and healthy 
1	brilliantly 
1	is still good fun . 
1	putting together familiar themes of family , forgiveness and love in a new way -- 
1	has enough laughs to sustain interest to the end 
0	for all the time we spend with these people , we never really get inside of them . 
1	of a story that 's a lot richer than the ones hollywood action screenwriters usually come up with on their own 
0	it 's hard to figure the depth of these two literary figures , and even the times in which they lived . 
1	good fun 
1	offers copious hints along the way -- myriad signs , if you will -- that beneath the familiar , funny surface is a far bigger , far more meaningful story than one in which little green men come to earth for harvesting purposes . 
1	is pure , exciting moviemaking 
0	snoozer 
0	judd 's characters ought to pick up the durable best seller smart women , foolish choices for advice . 
1	cut through the layers of soap-opera emotion and you find a scathing portrayal of a powerful entity strangling the life out of the people who want to believe in it the most . 
1	i 'll settle for a nice cool glass of iced tea and 
0	the story is too steeped in fairy tales and other childish things to appeal much to teenagers 
0	the kind of movie that leaves vague impressions and a nasty aftertaste but little clear memory of its operational mechanics 
0	are n't 
1	it puts washington , as honest working man john q. archibald , on a pedestal , then keeps lifting the pedestal higher . 
0	own staggeringly unoriginal terms 
1	it will be well worth your time . 
1	relaxed in its perfect quiet pace and 
0	that 'll be much funnier than anything in the film ... 
1	to make creative contributions to the story and dialogue 
0	a serious urge to grab the old lady at the end of my aisle 's walker and toss it at the screen in frustration 
1	a wry , affectionate delight . 
0	in an inarticulate screenplay 
0	strip it of all its excess debris , 
1	that neatly and effectively captures the debilitating grief 
0	noyce 's greatest mistake 
0	to do with imagination than market research 
1	confidence 
0	you will have completely forgotten the movie by the time you get back to your car in the parking lot . 
1	the beauty of the piece 
0	no charm , no laughs , no fun , no reason to watch . 
0	tell you how tedious , 
1	mopping up 
0	as ugly as the shabby digital photography and muddy sound 
0	hill looks to be going through the motions , beginning with the pale script . 
1	, awe-inspiring visual poetry 
0	the worst kind of hollywood heart-string plucking 
0	by which all the queen 's men is allegedly `` inspired '' was a lot funnier and more deftly enacted than what 's been cobbled together onscreen 
1	spectacular 
1	a remarkably alluring film 
1	a successful career in tv 
0	it is n't that stealing harvard is a horrible movie -- if only it were that grand a failure ! 
1	captivatingly 
1	tom tykwer , director of the resonant and sense-spinning run lola run 
1	pays tribute 
1	though the aboriginal aspect lends the ending an extraordinary poignancy , and the story itself could be played out in any working class community in the nation . 
1	most entertaining bonds 
1	funny and touching film 
1	a thoroughly modern maiden 
1	a major director 
0	utterly painful to watch 
1	a sun-drenched masterpiece 
1	( a ) satisfying niblet . 
1	much colorful eye candy 
0	if you 're going to subjugate truth to the tear-jerking demands of soap opera 
1	flat-out amusing , sometimes endearing and often fabulous , with a solid cast , noteworthy characters , delicious dialogue and 
1	an irresistible blend of warmth and humor 
1	lux , now in her eighties , does a great combination act as narrator , jewish grandmother and subject -- taking us through a film that is part biography , part entertainment and part history . 
1	delightful mix 
1	watching a walk to remember 
1	is that its dying , in this shower of black-and-white psychedelia , is quite beautiful 
1	, i love it ... hell , i dunno . 
0	anger and frustration 
1	its surreal sense of humor and technological finish 
1	executed it takes your breath away 
0	a semi-autobiographical film that 's so sloppily written and cast that you can not believe anyone more central to the creation of bugsy than the caterer 
0	littered with celluloid garbage 
0	woefully pretentious . 
0	mindless 
1	does an impressive job of relating the complicated history of the war and of filling in the background . 
1	of interest 
0	may be the first cartoon ever to look as if it were being shown on the projection television screen of a sports bar 
1	has succeeded beyond all expectation . 
0	'' has n't much more to serve than silly fluff 
0	a not-so-divine secrets of the ya-ya sisterhood with a hefty helping of re-fried green tomatoes . 
0	the perverse pleasure of watching disney scrape the bottom of its own cracker barrel 
1	, comedy and romance 
0	comes up shorter than britney 's cutoffs . 
0	motivated by nothing 
1	fun-seeking 
1	the right to be favorably compared to das boot 
1	keeps lifting the pedestal higher 
1	most magical and most 
1	both people 's capacity 
1	... the plot weaves us into a complex web . 
0	takes every potential laugh and stiletto-stomps the life out of it . 
1	slaloming through its hackneyed elements with enjoyable ease 
1	solaris is rigid and evasive in ways that soderbergh 's best films , `` erin brockovich , '' `` out of sight '' and `` ocean 's eleven , '' never were . 
1	is that rare drama that offers a thoughtful and rewarding glimpse into the sort of heartache everyone has felt , or will feel someday 
1	genuinely unnerving . 
1	psychological 
1	earnest emotional core 
1	smart and alert , thirteen conversations about one thing is a small gem . 
1	a feature debut 
1	's like having an old friend for dinner ' 
1	zany mix 
0	's not very interesting 
1	has stepped into the mainstream of filmmaking with an assurance worthy of international acclaim and with every cinematic tool well under his control -- driven by a natural sense for what works on screen 
1	have much panache , but with material this rich it does n't need it 
1	of director abel ferrara 
0	below 
1	a minor film with major pleasures from portuguese master manoel de oliviera ... 
0	one big blustery movie 
0	the ridiculousness 
0	makes the women look more like stereotypical caretakers and moral teachers , instead of serious athletes 
0	redolent 
1	tasteful to look at 
0	why lee 's character did n't just go to a bank manager and save everyone the misery 
1	make the most of the large-screen format 
0	one not-so-small problem 
0	this latest installment of the horror film franchise that is apparently as invulnerable as its trademark villain has arrived for an incongruous summer playoff , demonstrating yet again that the era of the intelligent , well-made b movie is long gone . 
0	insipid , brutally clueless film 
0	succeed in alienating most viewers 
0	brutally dry 
1	for the character at all stages of her life 
1	an unusual but pleasantly haunting debut 
1	it has considerable charm . 
1	dependable concept 
0	disguise the fact 
0	well , in some of those , the mother deer even dies . 
1	takes hold . 
1	comes from the brave , uninhibited performances by its lead actors 
1	down-to-earth bullock 
0	overly convenient plot twists 
1	can not help but love cinema paradiso , whether the original version or new director 's cut . 
1	a pretty good execution 
0	, vaguely silly overkill 
1	with remarkable serenity and discipline 
0	painfully foolish in trying to hold onto what 's left of his passe ' chopsocky glory 
0	perpetually wasted 
1	a-list director 
0	make this a comedy or serious drama 
0	a dull , dumb and derivative horror 
0	overrun by corrupt and hedonistic weasels 
1	an old-fashioned drama of substance about a teacher 
1	's lovely and amazing , 
1	a knowing sense of humor 
0	predictable at every turn 
1	character piece 
0	mumbles his way through the movie 
0	guilty 
1	sparked by two actresses in their 50s working at the peak of their powers 
0	it 's kind of insulting , both to men and women . 
0	is never especially clever and often is rather pretentious . 
0	hard-pressed 
0	horrible , 99-minute 
0	is tedious though ford and neeson capably hold our interest , but its just not a thrilling movie 
0	a load of clams left in the broiling sun for a good three days 
0	is a total misfire 
1	a compelling film . 
0	would have been benefited from a sharper , cleaner script before it went in front of the camera 
1	blazingly alive and admirable on many levels 
1	thanks 
0	take a complete moron 
1	the reason to go see `` blue crush '' is the phenomenal , water-born cinematography by david hennings . 
1	holds promise , 
0	violent and mindless 
1	shock-you-into-laughter intensity 
1	opening up 
1	beautiful , cold , oddly colorful and just plain otherworldly , a freaky bit of art that 's there to scare while we delight in the images 
0	nothing happens 
1	writer-director juan carlos fresnadillo makes a feature debut that is fully formed and remarkably assured . 
1	fashion a brazil-like , hyper-real satire 
0	feel pissed off 
1	gives these women 
1	exceedingly clever 
1	love him 
0	irritates and saddens me 
1	directed with sensitivity and skill 
1	works - mostly due to its superior cast 
0	unfunny comedy with a lot of static set ups , not much camera movement , and most of the scenes take place indoors in formal settings with motionless characters . 
0	's a bad sign when you 're rooting for the film to hurry up and get to its subjects ' deaths just so the documentary will be over 
0	an 8-year-old channeling roberto benigni 
1	is the kind of quirkily appealing minor movie she might not make for a while 
1	it 's not bad prose 
1	it 's probably worth catching solely on its visual merits . 
0	been told and retold 
0	, irrational , long-suffering but cruel 
0	a documentary to make the stones weep -- as shameful as it is scary . 
1	delivered in grand passion 
0	will ever be anything more than losers 
1	of the best war movies ever made 
0	catastrophic collision 
0	is no psychology here , and no real narrative logic -- just a series of carefully choreographed atrocities , which become strangely impersonal and abstract 
1	will be plenty of female audience members drooling over michael idemoto as michael 
0	is painfully foolish in trying to hold onto what 's left of his passe ' chopsocky glory 
0	and mawkish dialogue 
1	a pleasant piece 
1	the cute frissons of discovery and humor between chaplin and kidman that keep this nicely wound clock not just ticking , but humming 
1	both inspiring and pure joy 
1	recommend this film 
1	buy is an accomplished actress , and 
0	think , zzzzzzzzz 
1	neil burger here succeeded in ... making the mystery of four decades back the springboard for a more immediate mystery in the present 
0	and rough-hewn vanity project 
0	it is a loose collection of not-so-funny gags , scattered moments of lazy humor 
1	who 's wise enough to recognize that there are few things in this world more complex -- and , as it turns out , more fragile -- than happiness 
1	new adaptation 
0	named the husband , the wife and the kidnapper , emphasizing the disappointingly generic nature of the entire effort 
0	like mere splashing around 
1	, it deserved all the hearts it won -- and wins still , 20 years later . 
1	good actors have a radar for juicy roles -- there 's a plethora of characters in this picture , and not one of them is flat . 
1	a smart comedy would come along to rescue me from a summer of teen-driven , toilet-humor codswallop 
1	the film is well-crafted 
0	the film 's plot may be shallow , but 
1	of the most important and exhilarating forms of animated filmmaking since old walt 
1	there 's enough cool fun here to warm the hearts of animation enthusiasts of all ages . 
1	more entertaining , 
1	is a unique , well-crafted psychological study of grief 
1	the hard-to-predict and absolutely essential chemistry between the down-to-earth bullock and the nonchalant grant proves to be sensational , and everything meshes in this elegant entertainment . 
1	making this queen a thoroughly modern maiden 
1	that eclipses nearly everything else she 's ever done 
0	standard crime drama fare ... instantly forgettable and thoroughly dull 
0	resentment 
1	elegant and sly deadpan 
0	it 's excessively quirky and a little underconfident in its delivery , but 
0	squandering 
1	never lets you off the hook . 
1	embraces life 
0	succeed at cheapening it 
1	easy to like 
1	's all-powerful , a voice for a pop-cyber culture that feeds on her bjorkness 
1	humorous and heartfelt , douglas mcgrath 's version of ` nicholas nickleby ' 
0	is n't that stealing harvard is a horrible movie -- if only it were that grand a failure ! 
1	the movie itself is far from disappointing , offering an original take on courtroom movies , a few nifty twists that are so crucial to the genre and another first-rate performance by top-billed star bruce willis . 
1	of respect to just one of those underrated professionals who deserve but rarely receive it 
1	talent 
1	enjoy a couple of great actors hamming it up 
1	things that elevate `` glory '' above most of its ilk , 
1	awe-inspiring , at times sublime , visuals 
1	go down as one of the all-time great apocalypse movies 
1	cast the magnificent jackie chan in a movie full of stunt doubles and special effects 
1	, the film works as well as it does because of the performances . 
1	often watchable , though goofy and lurid , 
0	in as flat 
1	numerous , world-renowned filmmakers 
1	such an engrossing story that will capture the minds and hearts of many 
0	overcomes its visual hideousness 
1	of filmmaking with an assurance worthy of international acclaim 
1	a world that 's often handled in fast-edit , hopped-up fashion 
0	one of the worst movies of the year 
0	a fifty car pileup 
1	with the same sort of good-natured fun found in films like tremors 
1	a film that 's destined to win a wide summer audience through word-of-mouth reviews and , not far down the line , to find a place among the studio 's animated classics 
1	will forgive the flaws and love the film 
0	stars schticky chris rock and stolid anthony hopkins , who seem barely in the same movie . 
0	pity and 
1	earns extra points 
1	it 's fun , splashy and entertainingly nasty . 
0	discerned here that producers would be well to heed 
1	liked it much better 
0	orchestrating a finale that is impenetrable and dull 
1	emotional evolution 
1	charismatic enough to make us care about zelda 's ultimate fate 
1	sustain laughs 
0	itself are little more than routine . 
1	a solid action pic that returns the martial arts master to top form 
1	a lot more smarts , but just as endearing and easy to watch 
1	succeeds primarily with her typical blend of unsettling atmospherics , delivering a series of abrasive , stylized sequences that burn themselves upon the viewer 's memory . 
0	i was feeling this movie until it veered off too far into the exxon zone , and left me behind at the station looking for a return ticket to realism . 
1	slick production values and 
1	the smarter offerings 
1	interesting social parallel and defiant aesthetic 
1	such clarity 
1	intriguing look 
1	comedy special 
0	any way of gripping what its point is 
0	grossest movie 
1	grips and holds you in rapt attention from 
0	attal 's hang-ups surrounding infidelity are so old-fashioned and 
0	, predictable rehash 
1	deliver a riveting and surprisingly romantic ride 
1	a higher plateau 
0	merely bad rather than 
0	so devoid of pleasure or sensuality that it can not even be dubbed hedonistic . 
1	solid acting and a neat premise 
1	kicks into gear 
0	dumb drug jokes and predictable slapstick 
0	shrill and 
1	soderbergh 's best films 
1	while bollywood/hollywood will undoubtedly provide its keenest pleasures to those familiar with bombay musicals , it also has plenty for those ( like me ) who are n't . 
1	leave them singing long after the credits roll 
0	mtv schmucks who do n't know how to tell a story for more than four minutes 
1	if you like peace , you 'll like promises . 
1	are kinetic enough to engross even the most antsy youngsters . 
1	funny ( sometimes hilarious ) 
0	yet another visit 
1	... the lady and the duke surprisingly manages never to grow boring ... which proves that rohmer still has a sense of his audience . 
1	the original 
0	peculiarly 
1	spider invasion comic chiller 
0	the film itself is ultimately quite unengaging . 
1	the wake of saving private ryan 
1	scored and powered 
0	is a mess . 
0	its recycled aspects , implausibility , and sags in pace 
0	this tuxedo ... should have been sent back to the tailor for some major alterations . 
0	the entire point of a shaggy dog story 
0	self-hatred and 
1	an ultra-loud blast 
0	it feels painfully redundant and inauthentic . 
0	the romance between the leads is n't as compelling or as believable as it should be . 
1	have shaped the story to show us why it 's compelling 
0	conspicuous 
1	hoffman 's performance is authentic to the core of his being . 
1	pure craft 
1	juiced with enough energy and excitement 
1	they love and make 
1	it is philosophy , illustrated through everyday events . 
1	highly watchable 
1	mr. polanski is in his element here 
1	throughout a film that is both gripping and compelling 
1	crisp psychological drama 
1	finely crafted , 
1	special 
0	does n't add up . 
0	a waterlogged version of ` fatal attraction ' for the teeny-bopper set ... a sad , soggy potboiler that wastes the talents of its attractive young leads 
0	sheridan 's take on the author 's schoolboy memoir ... is a rather toothless take on a hard young life . 
0	this trifling romantic comedy in which opposites attract for no better reason than that the screenplay demands it squanders the charms of stars hugh grant and sandra bullock . 
1	utilizes the idea of making kahlo 's art a living , breathing part of the movie , often catapulting the artist into her own work . 
1	allegedly inspiring and 
0	feels rigged and sluggish . 
1	a very ambitious project for a fairly inexperienced filmmaker 
0	pass for a thirteen-year-old 's book report 
0	the pretensions -- and disposable story -- sink the movie . 
0	this is the kind of movie that gets a quick release before real contenders arrive in september . 
1	what ( denis ) accomplishes in his chilling , unnerving film is a double portrait of two young women whose lives were as claustrophic , suffocating and chilly as the attics to which they were inevitably consigned . 
1	khouri manages , with terrific flair , to keep the extremes of screwball farce and blood-curdling family intensity on one continuum . 
0	hymn and a cruel story of youth culture 
0	skip this turd and pick your nose instead because you 're sure to get more out of the latter experience . 
0	labored and unfunny 
0	meager 
1	a love story and 
0	as a story of dramatic enlightenment , the screenplay by billy ray and terry george leaves something to be desired . 
1	not a bad way to spend an hour or two 
0	clichés and mawkish dialogue 
0	see this piece of crap 
1	you feel good 
0	jostling against farce , thoughtful dialogue elbowed aside by one-liners , and a visual style that incorporates rotoscope animation for no apparent reason except , maybe 
1	beguiling freshness 
0	darker turns 
0	abject suffering 
1	most good-hearted yet 
0	hypnotically dull , 
1	with such an engrossing story that will capture the minds and hearts of many 
0	as a director , eastwood is off his game 
0	a hokey piece of nonsense 
1	sort of loved the people onscreen , even though i could not stand them . 
0	confuses its message with an ultimate desire to please 
1	about art , ethics , and the cost of moral compromise 
0	is so poorly paced you could fit all of pootie tang in between its punchlines . 
0	old disease-of-the-week small-screen melodramas 
0	's a road-trip drama with too many wrong turns 
0	in the end , the weight of water comes to resemble the kind of soft-core twaddle you 'd expect to see on showtime 's ` red shoe diaries . ' 
1	a bittersweet contemporary comedy about benevolent deception , which , while it may not rival the filmmaker 's period pieces , is still very much worth seeing . 
1	an action cartoon that 's suspenseful enough for older kids but not too scary for the school-age crowd 
0	comedy death 
1	for words , for its eccentric , accident-prone characters , and for the crazy things that keep people going in this crazy life 
0	shoddy product 
0	to be revealed by the dispassionate gantz brothers as ordinary , pasty lumpen 
1	grownups should appreciate its whimsical humor 
0	stephen earnhart 's documentary is a decomposition of healthy eccentric inspiration and ambition -- wearing a cloak of unsentimental , straightforward text -- when it 's really an exercise in gross romanticization of the delusional personality type . 
1	offering an original 
1	to convey a sense of childhood imagination 
0	that may make you hate yourself for giving in 
1	of sexy intrigue 
1	loneliness and is n't afraid to provoke introspection in both its characters and its audience 
1	dazzling dream 
0	are in tatters 
1	into a believable mother/daughter pair 
1	a dash of the avant-garde fused with their humor 
0	a critical and commercial disaster 
1	a young woman of great charm , generosity and diplomacy 
1	a naturally funny film , home movie 
0	dim-witted pairing 
0	made to look bad 
1	holds you 
1	those underrated professionals who deserve but rarely receive it 
1	beautifully shot , 
0	is entry number twenty the worst of the brosnan bunch 
0	may be too narrow to attract crossover viewers . 
0	loses its fire midway , nearly flickering out by its perfunctory conclusion 
0	feel like running out screaming 
0	cho 's latest comic set is n't as sharp or as fresh as i 'm the one that i want ... 
1	negativity is a rare treat that shows the promise of digital filmmaking . 
1	how first-time director kevin donovan managed to find something new to add to the canon of chan 
1	were far more entertaining than i had expected 
0	the very definition of what critics have come to term an `` ambitious failure . 
0	is n't that funny 
1	intricate preciseness 
0	incoherent jumble 
1	's fun , wispy , wise and surprisingly inoffensive for a film about a teen in love with his stepmom 
1	dominant 
1	a documentary to disregard available bias 
1	an elegant visual sense 
1	these people mattered 
1	, it 's a lyrical endeavor . 
1	uses modern technology to take the viewer inside the wave 
0	a pathetically inane and unimaginative 
1	acclaim 
1	the gay '70s 
1	most of the work 
1	rises above the level of a telanovela . 
0	this is as lax and limp a comedy as i 've seen in a while , a meander through worn-out material . 
0	you 've completely lowered your entertainment standards 
0	collateral damage paints an absurdly simplistic picture . 
1	thought-provoking and even an engaging mystery 
1	runs around and 
0	meandering , low on energy , and 
1	an eloquent memorial 
0	its `` dead wife communicating from beyond the grave '' framework is even remotely new or interesting 
0	the near-fatal mistake of being what the english call ` too clever by half 
1	a genuinely funny ensemble comedy that also asks its audience -- in a heartwarming , nonjudgmental kind of way -- to consider what we value in our daily lives 
0	so uninspiring 
0	is a poster movie , a mediocre tribute to films like them ! 
1	worthy successor 
0	stale and uninspired . 
0	has the dubious distinction of being a really bad imitation of the really bad blair witch project 
0	... an incredibly heavy-handed , manipulative dud that feels all too familiar . 
0	despite playing out like a feature-length sitcom replete with stereotypical familial quandaries 
1	a powerful performance 
1	moore wonderfully 
0	works better in the conception than it does in the execution ... winds up seeming just a little too clever . 
1	both a revealing look at the collaborative process and a timely , tongue-in-cheek profile of the corporate circus that is the recording industry in the current climate of mergers and downsizing 
1	magic and whimsy 
1	are immaculate , with roussillon providing comic relief 
0	those young whippersnappers making moving pictures today 
1	esteemed 
1	was a better film 
0	crippled by poor casting . 
0	to vaporize from your memory minutes after it ends 
1	the right thing 
1	the concept is a hoot . 
0	an empty , purposeless exercise . 
1	well established 
1	... quite endearing . 
0	covered earlier and much better 
1	features what is surely the funniest and most accurate depiction of writer 's block ever . 
1	a summertime look-see 
0	ford and neeson capably hold our interest , but its just not a thrilling movie 
1	hope and magic 
1	a photographic marvel 
1	jaw-dropping action sequences , striking villains , a gorgeous color palette 
1	has improved upon the first and taken it a step further , richer and deeper 
0	laughably , irredeemably awful . 
0	slap me , i saw this movie . 
1	a fascinating documentary about the long and eventful spiritual journey of the guru who helped launch the new age . 
1	that affirms the nourishing aspects of love and companionship 
1	it has fun with the quirks of family life , 
0	decent but dull . 
0	fishy 
1	like all four of the lead actors a lot 
0	scream 
0	the suggested and the unknown 
0	that the less charitable might describe as a castrated 
1	can see without feeling embarrassed 
1	faithful without being forceful , sad without being shrill , 
0	tendency to slip into hokum 
1	are portrayed with almost supernatural powers to humble , teach and ultimately redeem their mentally `` superior '' friends , family ... 
1	informative , intriguing , observant , often touching 
1	out-to-change-the-world 
1	there is greatness here . 
1	has crafted an engaging fantasy of flavors and emotions , one part romance novel , one part recipe book . 
1	a bittersweet film , simple in form but rich with human events . 
0	we hate ( madonna ) within the film 's first five minutes 
1	hilariously , gloriously alive , 
0	's dull , spiritless , silly and monotonous 
1	dover kosashvili 's outstanding feature debut 
1	what i like about men with brooms and what is kind of special 
1	contemporary chinese life that many outsiders will be surprised to know 
1	seems to include every top-notch british actor who did not appear in gosford park ( as well as one , ms. mirren , who did ) 
0	too late 
0	is a little scattered -- ditsy 
1	pleasurable expressions 
1	the first tunisian film i have ever seen , and it 's also probably the most good-hearted yet sensual entertainment i 'm likely to see all year . 
0	do n't entirely ` get ' godard 's distinctive discourse 
1	has transformed the rhetoric of hollywood melodrama into something provocative , rich , and strange . 
0	including the assumption that `` crazy '' people are innocent , childlike and inherently funny 
1	reasonably entertaining sequel 
0	a dull , somnambulant exercise 
1	wonder . 
0	cardiac 
0	pretentious , untalented artistes who enjoy moaning about their cruel fate 
0	admittedly problematic in its narrative specifics 
1	brightly colored dreams 
0	painful to watch 
1	the most savory and hilarious guilty pleasure of many a recent movie season 
1	virtuosic 
0	bludgeoning the audience 
0	overly-familiar 
1	the artwork is spectacular and unlike most animaton from japan , the characters move with grace and panache 
1	a funny and well-contructed black comedy 
1	unfolds as sand 's masculine persona , with its love of life and beauty , takes form 
1	beneath the familiar , funny surface 
1	its floating narrative 
0	grisly 
1	while adding the rich details and go-for-broke acting that heralds something special 
0	ignore but a little too smugly superior 
0	nothing more than four or five mild chuckles surrounded by 86 minutes of overly-familiar and poorly-constructed comedy . 
0	certainly was n't feeling any of it 
1	capturing 
1	is a touching reflection on aging , suffering and the prospect of death . 
0	a nagging sense 
1	fan to appreciate scratch 
1	fresh , entertaining comedy 
0	none of this is very original 
1	its smallness 
0	to its last-minute , haphazard theatrical release 
1	first made audiences on both sides of the atlantic love him 
0	all for easy sanctimony , formulaic thrills and a ham-fisted sermon on the need for national health insurance 
1	the perfect festival film 
1	what gives human nature its unique feel is kaufman 's script 
0	succumbs to gravity and plummets to earth . 
0	version of the irresponsible sandlerian manchild , undercut by the voice of the star of road trip 
0	typical junkie opera 
0	constrictive 
1	an enthralling , 
1	the atmosphere of the crime expertly 
1	beautiful outer-space documentary space station 3d 
0	up as the worst kind of hubristic folly 
1	at meaningful cinema 
0	those willing to endure its extremely languorous rhythms , waiting for happiness 
0	plays it straight , turning leys ' fable into a listless climb down the social ladder 
1	if you like an extreme action-packed film with a hint of humor , then triple x marks the spot . 
0	otherwise appalling , and 
0	with the emphasis on self-empowering schmaltz and big-wave surfing that gives pic its title an afterthought 
1	contributions 
0	cause you to bite your tongue to keep from laughing at the ridiculous dialog or the oh-so convenient plot twists 
0	lies ... 
1	terror by suggestion , rather than the overuse of special effects 
1	most virtuous limits 
1	it 's easy to love robin tunney 
0	is off-putting , 
0	unlikable , uninteresting , unfunny , 
1	cannon 's confidence and 
0	has arrived for an incongruous summer playoff , demonstrating yet again that the era of the intelligent , well-made b movie is long gone . 
0	did they deem it necessary to document all this emotional misery ? 
0	the rest is just an overexposed waste of film 
1	take it 
0	is n't breaking new ground 
0	little action , almost no suspense or believable tension , one-dimensional characters up 
1	is prime escapist fare . 
0	devolves into the derivative , leaning on badly-rendered cgi effects . 
1	it 's equally hard to imagine anybody being able to tear their eyes away from the screen once it 's started 
1	uproarious humor with an underlying seriousness that sneaks up on the viewer , providing an experience that is richer than anticipated 
0	act weird 
1	develops into a gut-wrenching examination of the way cultural differences and emotional expectations collide 
0	, carries a little too much ai n't - she-cute baggage into her lead role as a troubled and determined homicide cop to quite pull off the heavy stuff . 
1	the more serious-minded concerns of other year-end movies 
0	it 's simply crude and unrelentingly exploitative 
0	the devastation 
1	a fresh view of an old type 
1	regret and , ultimately , finding redemption 
1	keep the story subtle and us in suspense 
1	are what makes it worth the trip to the theater 
0	so many people put so much time and energy into this turkey 
0	skirts around any scenes that might have required genuine acting from ms. spears 
0	jams too many prefabricated story elements 
0	elephant feces 
1	to adopt as a generational signpost 
1	more than enough sentimental catharsis 
1	like many western action films , this thriller is too loud and thoroughly overbearing , but its heartfelt concern about north korea 's recent past and south korea 's future adds a much needed moral weight . 
1	an oddity , to be sure , but one that you might wind up remembering with a degree of affection rather than revulsion . 
1	their consistently sensitive and often exciting treatment of an ignored people 
1	, heaven proves to be a good match of the sensibilities of two directors . 
0	just offensive 
0	tortured husband 
1	bigger than yourself 
1	, this could be a passable date film . 
0	nothing left to work with , sort of like michael jackson 's nose 
0	is neither dramatic nor comic 
1	's simultaneously painful and refreshing 
1	the group 's playful spark of nonconformity 
0	, there is almost nothing in this flat effort that will amuse or entertain them , either . 
0	than an autopsy , the movie 
0	into the modern rut of narrative banality 
0	the film 's predictable denouement 
1	in its own floundering way , it gets to you . 
1	a change in expression 
1	be pleased 
1	possibly the best actor 
0	ridiculous bolero 
1	of terrific 
0	like being trapped at a bad rock concert 
0	an inept , tedious spoof of '70s kung fu pictures , it contains almost enough chuckles for a three-minute sketch , and no more . 
1	sometimes is a gem . 
1	of awe 
1	... quite good at providing some good old fashioned spooks . 
0	this cloying , voices-from-the-other-side story 
0	is the kind of film that could only be made by african-americans because of its broad racial insensitivity towards african-americans . 
0	of stupidity , incoherence and sub-sophomoric sexual banter 
0	stale retread of the '53 original 
0	recite bland police procedural details , fiennes wanders around 
1	traditional 
1	sheridan had a wonderful account to work from , 
1	first-time writer-director dylan kidd also has a good ear for dialogue , and the characters sound like real people . 
0	nobody in the viewing audience cares 
0	overly sillified plot 
1	rediscover the quivering kid inside 
1	a journey back to your childhood 
1	rich and intelligent film 
1	intense and effective film 
1	they go to a picture-perfect beach during sunset . 
1	its best moments 
0	is concocted and carried out by folks worthy of scorn 
1	successfully blended satire , high camp and yet another sexual taboo into a really funny movie . 
0	intended for the home video market 
0	the third revenge of the nerds sequel 
1	expressive power 
0	in its committed dumbness 
1	some of the magic we saw in glitter here in wisegirls 
1	is one of this year 's very best pictures . 
0	would tax einstein 's brain 
0	sentimental , hypocritical 
0	much like robin williams , death to smoochy has already reached its expiration date . 
0	a faulty premise , 
0	of the two bewitched adolescents 
1	a wry , affectionate delight 
0	betrayed by the surprisingly shoddy makeup work 
1	a wholesome fantasy 
0	interview with the assassin is structured less as a documentary and more as a found relic , 
1	its cast full of caffeinated comedy performances more than make up for its logical loopholes , which fly by so fast there 's no time to think about them anyway . 
1	that provide its thrills and extreme emotions 
1	never wanted to leave . 
1	candid , archly funny and deeply authentic take 
1	maggie smith as the ya-ya member with the o2-tank will absolutely crack you up with her crass , then gasp for gas , verbal deportment . 
0	one of those decades-spanning historical epics that strives to be intimate and socially encompassing but fails to do justice to either effort in three hours of screen time . 
0	everything was as superficial as the forced new jersey lowbrow accent uma had . 
1	virtuoso throat-singing 
1	a revealing look at the collaborative process 
1	at least it 's a funny no-brainer 
0	may have made a great saturday night live sketch , but a great movie it is not . 
0	pact to burn the negative and the script and pretend the whole thing never existed 
0	a sub-formulaic slap in the face to seasonal cheer . 
1	another trumpet blast that there may be a new mexican cinema a-bornin ' . ' 
1	an interesting look at the life of the campaign-trail press , especially ones that do n't really care for the candidate 
0	sandra bullock and hugh grant make a great team , but this predictable romantic comedy should get a pink slip . 
0	makes my big fat greek wedding look like an apartheid drama 
0	cussing 
1	good dialogue 
0	appear foolish and shallow 
0	avoid the ghetto of sentimental chick-flicks by treating female follies with a satirical style 
0	the laziness and arrogance of a thing that already knows it 's won 
0	crass and insulting 
1	jeong-hyang lee 's film is deceptively simple , deeply satisfying . 
0	barely shocking , barely interesting and most of all , 
0	just how much more grueling and time-consuming the illusion of work is than actual work 
1	you 're definitely convinced that these women are spectacular . 
1	a tiny sense of hope 
1	an ode to unconditional love and compassion garnered from years of seeing it all , a condition only the old are privy to , and ... often misconstrued as weakness 
0	the film has ( its ) moments , but they are few and far between 
0	could have yielded such a flat , plodding picture 
1	miyazaki is one of world cinema 's most wondrously gifted artists and storytellers . 
0	the film 's thoroughly recycled plot and tiresome jokes 
1	convey a strong sense of the girls ' environment . 
1	is the only winner 
1	at least it 's better than that eponymous 1980 biopic that used soap in the places where the mysteries lingered 
1	soar . 
0	i wish it would have just gone more over-the-top instead of trying to have it both ways . 
1	satin rouge is not a new , or inventive , journey , but it 's encouraging to see a three-dimensional , average , middle-aged woman 's experience of self-discovery handled with such sensitivity . 
1	( tries ) 
0	this is a fudged opportunity of gigantic proportions -- a lunar mission with no signs of life . 
0	it overstays its natural running time 
1	lives up to the stories and faces and music of the men who are its subject 
1	the people laughing in the crowd 
0	scattered 
1	amy 's orgasm has a key strength in its willingness to explore its principal characters with honesty , insight and humor . 
0	insufferably naive . 
1	in venice 
1	indeed , the more outrageous bits achieve a shock-you-into-laughter intensity of almost dadaist proportions . 
0	are jarring and deeply out of place in what could have ( and probably should have ) been a lighthearted comedy 
1	what we call the ` wow ' factor 
1	not the great american comedy , but if you liked the previous movies in the series , you 'll have a good time with this one too . 
1	forget that they are actually movie folk 
0	far more alienating than involving 
1	good than great 
0	is in trouble 
0	death to smoochy tells a moldy-oldie , not-nearly - as-nasty - as-it - thinks-it-is joke . 
0	its one-sidedness ... flirts with propaganda . 
1	great material 
0	how ridiculous and money-oriented 
1	armed with a game supporting cast , from the pitch-perfect forster to the always hilarious meara and levy , like mike shoots and scores , doing its namesake proud . 
1	incredibly thoughtful , deeply meditative picture 
1	tosca 's intoxicating ardor 
0	jackass is a vulgar and cheap-looking version of candid camera staged for the marquis de sade set 
0	brought down by lousy direction 
0	tv sitcom material at best 
0	while some will object to the idea of a vietnam picture with such a rah-rah , patriotic tone , soldiers ultimately achieves its main strategic objective : dramatizing the human cost of the conflict that came to define a generation . 
1	of the little mermaid and aladdin 
0	it 's a hellish , numbing experience to watch , and it does n't offer any insights that have n't been thoroughly debated in the media already , back in the dahmer heyday of the mid - '90s . 
1	returns as a visionary with a tale full of nuance and character dimension 
0	of political corruption 
0	have been allowed to use the word `` new '' in its title , because there 's not an original character , siuation or joke in the entire movie 
1	, albeit a visually compelling one , 
1	see it for his performance if nothing else . 
0	this cold vacuum of a comedy to start a reaction 
1	it 's tremendously moving 
0	milking a played-out idea -- a straight guy has to dress up in drag -- that shockingly manages to be even worse than its title 
1	a gift to anyone who loves both dance and cinema 
0	having to inhale this gutter romancer 's secondhand material 
1	a kinetic life so teeming that even cranky adults may rediscover the quivering kid inside 
1	is a finely written , superbly acted offbeat thriller . 
0	most of the problems with the film do n't derive from the screenplay , but rather the mediocre performances by most of the actors involved 
1	quirky and taken with its own style 
1	infectious enthusiasm 
0	watch on video at home 
1	urban south korea 
1	a well-mounted history lesson 
1	though few will argue that it ranks with the best of herzog 's works 
1	a funny yet dark 
1	continues to do interesting work 
1	richly detailed , deftly executed 
1	sparking debate and 
1	this is a heartfelt story 
0	feel free to go get popcorn whenever he 's not onscreen . 
1	it still comes from spielberg , who has never made anything that was n't at least watchable 
1	pure craft and 
0	ca n't believe anyone would really buy this stuff . 
0	a tragedy which is somehow guessable from the first few minutes , maybe because it echoes the by now intolerable morbidity of so many recent movies 
0	have completely forgotten the movie by the time you get back to your car in the parking lot 
1	manages to keep you at the edge of your seat with its shape-shifting perils , political intrigue and brushes with calamity 
0	a boring , pretentious waste 
1	soderbergh , like kubrick before him , may not touch the planet 's skin , but understands the workings of its spirit . 
1	romantic 
1	strong themes 
1	beautiful and 
1	you watch for that sense of openness , the little surprises . 
1	schrader examines crane 's decline with unblinking candor . 
1	its adult themes of familial separation and societal betrayal are head and shoulders above much of the director 's previous popcorn work . 
1	but though he only scratches the surface , at least he provides a strong itch to explore more . 
0	as deflated as he does 
0	julia roberts wannabe 
1	's all stitched together with energy , intelligence and verve , enhanced by a surplus of vintage archive footage 
1	while the transgressive trappings ( especially the frank sex scenes ) ensure that the film is never dull 
0	overlong and not well-acted 
1	any 
0	telegraphed in the most blithe exchanges gives the film its lingering tug 
0	to be oblivious to the existence of this film would be very sweet indeed . 
0	's not funny 
1	a fine job 
1	about friendship , love , and the truth 
0	slow , predictable 
1	an interesting topic , some intriguing characters and 
0	a piece of mildly entertaining , inoffensive fluff that drifts aimlessly for 90 minutes before lodging in the cracks of that ever-growing category : unembarrassing but unmemorable . 
1	a hilarious ode to middle america and middle age with this unlikely odyssey 
0	, is n't nearly as funny as it thinks it is 
1	with the intelligence or sincerity it unequivocally deserves 
1	gleefully 
1	make the film relevant today 
1	makes an amazing breakthrough in her first starring role and 
1	, that 's because panic room is interested in nothing more than sucking you in ... and making you sweat . 
0	loud , ugly , irritating 
1	a compelling story of musical passion against governmental odds . 
0	the only thing scary about feardotcom is that the filmmakers and studio are brazen enough to attempt to pass this stinker off as a scary movie . 
1	not because of its epic scope , but because of the startling intimacy 
1	wryly amusing 
0	do anything as stomach-turning as the way adam sandler 's new movie rapes 
0	like rudy yellow lodge , eyre needs to take a good sweat to clarify his cinematic vision before his next creation and remember the lessons of the trickster spider . 
1	memorable first interrogation 
1	if you 're a comic fan , you ca n't miss it . 
0	( a ) crushing disappointment 
0	doze off during this one 
1	generational signpost 
0	worn-out 
0	mushy as peas 
0	tedious and turgid 
1	there 's something to be said for a studio-produced film that never bothers to hand viewers a suitcase full of easy answers . 
1	glows 
1	of the most entertaining monster movies in ages 
1	fresh , sometimes funny , and 
0	unfulfilling 
1	the kind of visual flair that shows what great cinema can really do 
0	is a shaky , uncertain film that nevertheless touches a few raw nerves 
1	art-house to the core , read my lips is a genre-curling crime story that revives the free-wheeling noir spirit of old french cinema . 
1	a level of young , black manhood that is funny , touching , smart and complicated 
1	draws its considerable power from simplicity . 
0	nothing special and , until the final act , 
0	's not too much of anything . 
1	absolutely , inescapably gorgeous , 
1	a good human being 
1	set in newfoundland that cleverly captures the dry wit that 's so prevalent on the rock . 
1	tits 
0	without chills 
1	the filmmaker 's extraordinary access to massoud , 
1	a marvelous performance by allison lohman as an identity-seeking foster child 
0	villains 
0	a frightful vanity film 
0	be more genial than ingenious 
0	not smart and not engaging 
0	created a monster but did n't know how to handle it . 
0	the major problem with windtalkers 
1	an engrossing story about a horrifying historical event and the elements which contributed to it 
0	does n't make much 
0	the film never recovers from the clumsy cliché of the ugly american abroad , and 
0	generally insulting 
1	one terrific story with lots of laughs 
1	deserves a huge amount of the credit for the film 's thoroughly winning tone 
1	is that its dying , in this shower of black-and-white psychedelia , is quite beautiful . 
0	these jokers are supposed to have pulled off four similar kidnappings before 
0	just another combination of bad animation and mindless violence ... lacking the slightest bit of wit or charm . 
0	foul 
1	to believe in your dreams 
1	a really cool bit -- 
1	energy and wit 
0	stiff and schmaltzy and clumsily directed . 
0	're not likely to have seen before , but beneath the exotic surface ( and exotic dancing ) it 's surprisingly old-fashioned . 
0	would have a hard time sitting through this one 
0	should be probing why a guy with his talent ended up in a movie this bad 
1	a stylish but steady , and ultimately very satisfying , piece of character-driven storytelling 
0	's still terrible ! 
1	she 's a pretty woman 
1	, '' derrida is an undeniably fascinating and playful fellow . 
1	unbelievable 
0	fill the after-school slot at shopping mall theaters across the country 
1	is an elegantly balanced movie -- every member of the ensemble has something fascinating to do -- that does n't reveal even a hint of artifice 
0	how this gets us in trouble 
0	the wounds of the tortured and self-conscious material 
0	translation : ` we do n't need to try very hard . ' 
1	blazingly 
0	feels less like a change in ( herzog 's ) personal policy than a half-hearted fluke . 
0	has you fixating on a far corner of the screen at times because your nerves just ca n't take it any more 
0	wo n't care 
0	have made a great saturday night live sketch , but a great movie it is not 
1	moving 
1	's technically sumptuous but also almost wildly alive 
0	a seriously bad film with seriously 
0	an impenetrable and insufferable ball of pseudo-philosophic twaddle 
0	endlessly superficial . 
1	this is a movie that is what it is : a pleasant distraction , a friday night diversion , an excuse to eat popcorn . 
0	it 's also not smart or barbed enough for older viewers -- 
1	, laissez-passer has all the earmarks of french cinema at its best . 
1	skilled actors 
1	this is n't exactly profound cinema , but it 's good-natured and sometimes quite funny . 
0	the nerve-raked acting , 
1	even more reassuring 
0	( soderbergh ) tends to place most of the psychological and philosophical material in italics rather than trust an audience 's intelligence , and he creates an overall sense of brusqueness 
0	all credibility flies out the window . 
0	hollywood too long has ignored 
1	beautifully shot 
1	a young boy 
0	the problem with movies about angels 
1	an infinitely wittier version 
1	fiercely intelligent 
0	reduces wertmuller 's social mores and politics to tiresome jargon 
1	an intriguing bit of storytelling 
1	funny , subtle , and resonant 
0	readily dismissed as the tiresome rant of an aging filmmaker still thumbing his nose at convention 
1	a surprisingly charming and even witty match 
0	ring hollow 
0	that will be best appreciated by those willing to endure its extremely languorous rhythms , waiting for happiness 
1	they turn out to be delightfully compatible here 
1	you-are-there immediacy 
1	drains it 
0	is the kind of production that would have been funnier if the director had released the outtakes theatrically and used the film as a bonus feature on the dvd 
0	like slob city reductions of damon runyon crooks 
0	evacuations , and none-too-funny commentary on the cultural distinctions between americans and brits 
1	play well in european markets , where mr. besson is a brand name , and in asia , where ms. shu is an institution 
1	rank as three of the most multilayered and sympathetic female characters of the year . 
1	if we sometimes need comforting fantasies about mental illness , we also need movies like tim mccann 's revolution no. 9 . 
0	to mention inappropriate and wildly undeserved 
1	well-done 
1	the audience award 
1	lifting the pedestal higher 
0	the worst film 
1	it 's a setup so easy it borders on facile , but keeping the film from cheap-shot mediocrity is its crack cast . 
0	stuffing himself into an electric pencil sharpener 
1	large-scale action and suspense 
1	are many tense scenes in trapped 
0	been made by people to whom the idea of narrative logic or cohesion is an entirely foreign concept 
0	sick 
1	steals the show 
1	's both charming and well 
1	the screenplay never lets us forget that bourne was once an amoral assassin just like the ones who are pursuing him 
0	reeked of a been-there , done-that sameness 
1	love 
1	experimentation and improvisation 
0	distasteful and downright creepy 
0	's fairly lame , making it par for the course for disney sequels . 
1	the intoxicating fumes and emotional ghosts of a freshly painted rembrandt 
1	a minimalist beauty and 
1	a stylish cast 
0	it 's a crime movie made by someone who obviously knows nothing about crime 
0	had the balance shifted in favor of water-bound action over the land-based ` drama 
0	norwegian offering which somehow snagged an oscar nomination 
1	into a fascinating part of theater history 
0	my least favorite emotions , especially when i have to put up with 146 minutes of it 
1	are ... impeccable throughout . 
1	is well crafted , and well executed 
1	american and european cinema has amassed a vast holocaust literature , 
1	of a handsome and well-made entertainment 
1	, it 's still a guilty pleasure to watch . 
0	terrorists are more evil than ever ! 
0	zoe clarke-williams 's lackluster thriller `` new best friend '' , who needs enemies 
0	too few 
1	winningly 
1	nicely understated expression 
0	, you might imagine that most every aggrieved father cliché has been unturned . 
1	leigh makes these lives count . 
0	will be adequately served by the movie 's sophomoric blend of shenanigans and slapstick , although the more lascivious-minded might be disappointed in the relative modesty of a movie that sports a ` topless tutorial service . ' 
0	own most damning censure 
1	of this slick and sprightly cgi feature 
0	after a while 
1	writer / director m. night shyamalan 's ability to pull together easily accessible stories that resonate with profundity 
0	tendentious intervention 
1	profound humanity 
0	an overflowing septic tank 
0	because we 've seen ( eddie ) murphy do the genial-rogue shtick to death , but because the plot is equally hackneyed 
1	bisset is both convincing and radiant 
1	you 've seen a movie instead of an endless trailer 
1	praises female self-sacrifice 
1	make it look as though they are having so much fun 
0	just another teen movie , 
1	sex with strangers is fascinating ... 
0	, windtalkers seems to have ransacked every old world war ii movie for overly familiar material . 
0	... an airless , prepackaged julia roberts wannabe that stinks so badly of hard-sell image-mongering you 'll wonder if lopez 's publicist should share screenwriting credit . 
0	more time appears to have gone into recruiting the right bands for the playlist and the costuming of the stars than into the script , which has a handful of smart jokes and not much else . 
1	tackled a meaty subject 
0	a shakespearean tragedy 
0	is a mormon family movie , and a sappy , preachy one at that 
0	sitting open too long 
1	actorly existential despair than for its boundary-hopping formal innovations and glimpse into another kind of chinese 
1	of veracity and narrative grace 
1	one whose view of america , history and the awkwardness of human life is generous and deep 
0	what once was conviction is now affectation 
0	like bartleby , is something of a stiff -- an extra-dry office comedy that seems twice as long as its 83 minutes . 
1	may also be the first narrative film to be truly informed by the wireless 
0	is just a little bit hard to love . 
0	then it 's the perfect cure for insomnia . 
1	honest emotions 
1	best star trek movie 
1	into the extraordinarily rich landscape 
1	the spectacle 
0	we never really get inside of them . 
1	got 
0	shows crushingly little curiosity about , 
1	quite a vision 
1	it might be ` easier ' to watch on video at home , but that should n't stop die-hard french film connoisseurs from going out and enjoying the big-screen experience . 
0	tired stereotypes 
1	invigorating 
0	is drowned out by director jon purdy 's sledgehammer sap . 
1	griffiths ' warm and winning central performance 
0	held hostage 
0	coming back from stock character camp 
0	suffer the same fate 
1	is just such an achievement . 
1	indie of the year , 
0	war movies 
0	a characteristically engorged and sloppy coming-of-age movie . 
1	the marvelous verdu 
1	be commended for illustrating the merits of fighting hard for something that really matters 
1	parapsychological phenomena and the soulful nuances 
1	emerges with yet another remarkable yet shockingly little-known perspective 
1	is masterly 
0	as if by cattle prod 
1	persuasive 
0	it drowns in sap . 
1	great submarine stories 
0	the film , while it 's not completely wreaked , 
1	a nice , harmless date film 
1	it has some of the funniest jokes of any movie this year , including those intended for adults 
1	for something entertaining 
1	a farrelly brothers-style , down-and-dirty laugher 
1	works smoothly under the direction of spielberg , who does a convincing impersonation here of a director enjoying himself immensely 
0	overly melodramatic ... 
1	the movie is hardly a masterpiece , but it does mark ms. bullock 's best work in some time . 
1	dave barry 's popular book of the same name 
1	holm does his sly , intricate magic , and 
1	that the talented cast generally 
0	the plot seems a bit on the skinny side 
1	's still a rollicking good time for the most part 
1	is itself intacto 's luckiest stroke 
1	les 
1	guessing plot and 
1	this much imagination 
1	hollywood romance 
1	tres greek writer and star nia vardalos has crafted here a worldly-wise and very funny script . 
0	slopped ` 
1	is the drama within the drama 
0	a negligible work 
0	animated drivel meant to enhance the self-image of drooling idiots . 
1	a sly female empowerment movie , 
1	max pokes , provokes , takes expressionistic license and hits a nerve ... as far as art is concerned , it 's mission accomplished . 
0	your favorite pet get buried alive 
1	one of those unassuming films that sneaks up on you and stays with you long after you have left the theater 
1	sweet , 
0	a bit cold and 
1	the story plays out slowly , but the characters are intriguing and realistic . 
1	so believable that you feel what they feel 
1	, and intelligent 
1	suspenseful enough for older kids but not 
1	it 's soulful and unslick , and that 's apparently just what ( aniston ) has always needed to grow into a movie career . 
1	there is a real subject here , and it is handled with intelligence and care . 
1	of one of the greatest natural sportsmen of modern times 
1	are fascinating 
1	however , almost makes this movie worth seeing . 
0	its awkward structure 
0	each of these stories has the potential for touched by an angel simplicity and sappiness 
1	most magical 
0	an expiration date passed a long time ago 
1	good thriller . 
1	witty and beneath 
1	trek to the ` plex predisposed to like it 
0	of the great crimes 
1	entertaining film 
0	presenting backstage bytes of information that never amount to a satisfying complete picture of this particular , anciently demanding métier 
0	on screen been so aggressively anti-erotic 
1	a wonderfully warm human drama 
0	another arnold vehicle that fails to make adequate 
0	that might have required genuine acting from ms. spears 
1	as in the songs translate well to film 
1	stylists 
1	unusual , food-for-thought cinema 
0	makes you feel like a chump 
0	the conventional science-fiction elements of bug-eyed monsters 
0	how ridiculous and money-oriented the record industry really is 
0	bean drops the ball too many times ... hoping the nifty premise will create enough interest to make up for an unfocused screenplay 
1	with this masterful 
0	only half-an-hour long or 
1	from its promenade of barely clad bodies in myrtle beach , s.c. , to the adrenaline jolt of a sudden lunch rush at the diner 
1	most consumers of lo mein and general tso 's chicken barely give a thought to the folks who prepare and deliver it , so , hopefully , this film will attach a human face to all those little steaming cartons . 
1	a wise and powerful tale of race and culture forcefully told , with superb performances throughout 
1	offers a guilt-free trip 
1	children , a heartfelt romance for teenagers and a compelling argument about death 
1	he is an imaginative filmmaker who can see the forest for the trees 
0	leave us stranded with nothing more than our lesser appetites 
1	the movie 's thesis -- elegant technology for the masses -- 
1	remarkable serenity and discipline 
0	gutless direction 
1	one of the outstanding thrillers of recent years 
1	quaid is utterly fearless as the tortured husband living a painful lie 
1	once again strands his superb performers in the same old story . 
0	improbable 
1	that leaves you wanting more 
0	is n't as weird as it ought to be . 
0	is to substitute plot for personality 
1	a rollicking 
1	the brawn , but not 
1	's as rude and profane as ever , always hilarious and , most of the time , absolutely right 
0	have to give the audience a reason to want to put for that effort 
1	overcoming-obstacles sports-movie triumph 
0	is too busy hitting all of its assigned marks to take on any life of its own . 
0	the most awful acts 
1	, very well told with an appropriate minimum of means . 
1	be cherished 
0	a woozy quality 
0	nicholas nickleby is too much like a fragment of an underdone potato . 
1	coherent 
0	someone , stop eric schaeffer before he makes another film . 
1	gadgets 
1	inspiring 
1	like a lazy summer afternoon 
0	sitting in a downtown café , overhearing a bunch of typical late-twenty-somethings natter on about nothing , 
0	( `` laissez-passer '' ) 
1	consummate actor 
1	in the film that surprises or delights 
1	a surprisingly ` solid ' achievement by director malcolm d. lee and writer john ridley 
1	rich details 
1	gifted artists 
0	spy has all the same problems the majority of action comedies have . 
0	one of the worst movies of the year . 
1	it 's sort of in-between , and it works . 
1	intriguing bit 
1	innocent 
1	in a more ambitious movie 
0	alienating 
1	it tends to remind one of a really solid woody allen film , with its excellent use of new york locales and sharp writing 
1	the politics that thump through it are as timely as tomorrow 
0	most hollywood romantic comedies 
1	laugh-out-loud lines , 
1	comedy since being john malkovich 
0	, and irritating 
1	the evocative imagery and gentle , lapping rhythms of this film are infectious -- 
0	is like having two guys yelling in your face for two hours 
0	it begins to fade from memory 
1	the year 's best films 
1	month 
0	can obscure this movie 's lack of ideas . 
0	this low-rent -- and even lower-wit -- rip-off 
1	-- a nice , harmless date film 
1	the hard-to-predict and absolutely essential chemistry between the down-to-earth bullock and the nonchalant grant proves to be sensational , and everything meshes in this elegant entertainment 
1	quite good-natured 
1	remarkably accessible and haunting 
1	belinsky is still able to create an engaging story that keeps you guessing at almost every turn . 
1	to infuse the rocky path to sibling reconciliation with flashes of warmth and gentle humor 
0	frida is n't that much different from many a hollywood romance . 
0	just does n't work 
0	plays like a student film 
1	the low-key direction is pleasingly emphatic in this properly intense , claustrophobic tale of obsessive love . 
