label	text_a
1	i go back and forth about dying and not dying i just went through a really hard breakup my ex and i are communicating which makes things more confusing hes friendly enough but i just would like to know where he stands my job is also slowly killing me i keep reading about how to commit suicide but all the methods i read about are too terrifying for me to try i want something painless but i amalso sort of scared to die as scared as i am of dying though i really am tired of living and have been for a long time i feel like i cant reach out to anyone so thats whyi amhere i guess
1	22f currently failing at life i want to kill myself 
1	who else feels like theyre only still living to spare the feelings of their family members theres nothing in my life worth living for anymore everything and everyone who brought any join into my life is gonei amdisabled in poor health i suffer abuse on a daily basis and i feel totally alone in this world it would be a relief to be able to just stop existing the only thing preventing me is the fact that i have 1 or 2 family members who i feel would be deeply affected if i were to check out on them so i suffer through each day more alone then the last in order to spare their feelings anyone else in a similar situation
1	tonight i almost overdosed on pills tomorrowi amgetting help ive been considering going to counselling for a while now just a few days ago i finally started looking at places i could go to and today i almost killed myselfi am not going to put it off any longer this wasnt my first close call but it was definitely the worst i now know that i am no longer in control of my emotions i now know that this goes beyond just a depression i now know thati amruining my relationship with my girlfriend the only thing i ever hold on to anymore i now know thati ama danger to myself and others as long as i can make it through the night i will finally go get help tomorrow i really do want to change well i have to change and hopefully this will be the first step in doing so i am a little skeptical it seems like a lot of the process is about goals and next steps which doesnt sound like it will really help i also worry i wont say the right things that i wont get my point across and fully explain the wayi amfeeling i dont think i know anything about the way i feel to be honest and in general the whole process of counselling is very intimidating to me this is probably my last hope so again heres hoping 
0	 can you not become a seperate program rather than use air air is awful and this ram leakage is bloody annoying 
1	my family would probably be better off without me 
1	what to do i have struggles with suicidal thoughts for over half my life and lately it has gotten so severe that i am scaring myself i am 24 and have severe bpd anxiety and depression i havent left my house in over a month because my anxiety has gotten so out of control little back story i have a fianc who cant keep it in his pants and cheated on me while i was out of state having a medical procedure which caused me to have a full emotional shut down i go from being completely numb to feeling everything and making a suicide plan within minutes i am unable to leave my home which caused me to lose my job and i have been alone a lot since i have been back in town after my procedure the state i live in doesnt have insurance for non working 20 somethings with mental health problems i am trying to find a way to release without hurting myself and feel thati amrunning out of options my fianc doesnt know what to do so he just ignores me and if i try to find way to make myself a tiny bit better he tells me its wrong i just want to stop thinking about these horrible things 
1	i dont deserve to livei ama shitty human being all i have ever done is caused harm wherever i go ive tried changing but i just get worse it would be in my best interest to do the world a favour and just kill myself ive tried before and i lost a lot of blood and i was permanently scarred due to my incompetence but i wont mess up this time aroundif anyone of my family finds thisi am sorry for being a horrible brother and son i hope you can forgive me eventually i know you will call me selfish and wont understand why i did what i did to my exesi am sorry for not being the man that i said i was i lied to everyone i lied about everything especially with regards to howi am doing in life if you want me to be honest noi am not okay i never have been ever dont ever think i will be and at this point in time i dont see a benefit to me continuing to be a burden to societyall i ever wanted was to be happy i guess this is the next best thing
1	i am trying to but i just cant i have everything i need but i cant do it why cant i do it i hate life i hate the way i feel i hate how money rules my life i hate doing anything nothing brings me joy or even peace i just want to end it all i hate this why cant i do it 
0	i dont get how weird people find me on here they even follow me and say f all 
1	ive come to realize that the only thing really keeping me alive is my motheri ama grown man yet the only thing thats prevented me from actually going through with anything is my mother more specifically the fact that my mother is physically disabled cant take care of herself and the fact that my father is dead and i amhelping care for her if i died id be condemning her to insanity and who knows what other horrorsi know i cant leave her like that but being miserable is still no way to live
0	i m gutted my car has been written off why can t people look when they pull out especially when my babies were in the back 
1	amgiving it ten years i guess none of yall have to take me seriously sincei am not a threat but this year has been absolute hell and part of that is because i realized that things have hell for years i just always ignored it or didnt realize what was wrong theyve been bad for my 21 years a quarter of my life so why should they get any better thats just not how my life works apparently soi amgiving it ten years if its not better by theni amout my five year plan involves getting a real job moving out of my hometown and away from the family who has caused me so much pain and getting married hopefully to my current partner five years is the goal but i amgiving it ten just to be safe id like to leave the country by the end of my ten years but i dont know if thats my deciding factor in whether or not i will off myself like i mentioned my family has absolutely ruined my life my childhood was taken away and now the prime of my life is being ruined too i hate them all except maybe my sister they cant help me my partner already listens to enough of my bitching about mental health and i know its going to push him away if i keep it up i started seeing a therapist a few weeks back but hes not really helpful progress so far has been disgustingly slowi ambetter off coping on my ownim just so sick of fightingi am so fucking tired of hoping and dreaming that one day i will be happy and then when i finally feel like things may be getting better something bad happens and its all stolen violently away i just want to be happy please fuck let me be happy if i cant be happy in ten years which is such a long time away then i dont see the point in prolonging the suffering 
1	i don t want to die i just don t want to work 40 hours i plan to end my life soon just because i can t seem to find a job that i m willing to do for the majority of my life i wouldn t mind working at most places 4 or even 6 hours a day but 8 hours just seems like more than i can handle i think that if i could find a job that payed enough for just 6 hours a day i might be able to keep going but these don t seem to exist
1	 i feel myself changing i don t even laugh the same anymore i don t smile the same or talk the same i m just so tired of everything 
1	i m on a plane and i can t decide if i want to live or die 
0	do you know when i was 16 and was ready to kill myself someone called the suicide crisis line to ask how to help me the crisis line got my information and they sent the police to stop me here s my rant 
1	jumping ive gotten so obsessed with jumping i cant go 15 minutes without thinking of jumping i just wanted to get this off my chest while i ruminate more on jumping
1	i am so sorry
0	trying to find a decent twitter photo in this one i look like i have a moustache 
1	someone else i hope someone else kills me because i m too lazy to do it myself and i m almost certain i can t buy a gun i want to move to an area where natural disasters happen too when my mother texts and drives i don t tell her to put the phone down no more point in progressing and even as i type this i push myself closer to suicide i m tired
0	is doing projects for consulting companies for free aarghh
0	i dont want to die
1	i dont think suicide is selfish i cant hang on for other people i am in too much pain i cant hang on any longer just to not make other people sad they dont have to feel my feelings day in day out
0	i want pepsi but in a glass at a restaurant where it s almost all ice i wanna be outside i m so fucking desperate to leave 
0	has a long day at work 
0	 i like taylor swift but not enough where i would pay to see her hahaha i wanna see the jo bro s 
1	mental break is going to happen i went through the askreddit thread earlier about people witnessing mental breaks and i realized halfway through that thats exactly wherei amheadingi am already starting and i knowi am going to hit it hard when it finally happens i give it a year tops lol 
1	i have decided that i am going to kill myself tomorrow monday the 18th it s 1155 pm sunday and i have decided i am going to kill myself tomorrow i m 17 i am a senior and i may change my mind so far i don t think i will but maybe tomorrow will be the best day of my life maybe tomorrow things will change maybe i will meet a new person maybe i will get help either way i wanted someone to know this not call the cops on me if anything maybe something someone says here will keep me alive one more say 
1	done with life life is just getting me down existing is just about all i do i dont have a job i only have 2 grand and i live with my parents i got my associates degree in visual art and got into a good art school i decided not to go because i started to feel like art school and art in general was not realistic and pursuing a degree in it felt like bullshit so now i havent made art or feel like its even importanti amconfused as to why i ever thought it was a good idea i just dont feel interested in it so now i dont know what to do suicide is always going through my head i wake up irritated thati am still alive ive been in treatment recently for about 6 months for depression and nothing helps i just dont find any joy in life i dont know whati amsupposed to do i just dont give a fuck about anything and nothing appeals to me i feel stupid and boring and confused as to who i really am because i dont enjoy anythingi amconsidering gambling to see if i can just hit it big
0	woke up at 6am far too earlymore coffee then
0	i ve had 200 new followers since started less than a week ago people are listening to all of us who ve raised our voices is this the hill i want to die on emphatically yes with you marvellous people by my side 
1	children of suicidal parents will you ever get over the news that one of your parents committed suicide i ve thought about it a number of times over the years but never gone through with it thinking it would be best when he got older but the more i read i see even those in their 20 s 30 s struggle with a parent s suicide now son is almost twenty but still think it s not the right time maybe leave a note for him to be told it was an accident caretc but i feel that would leave out a lot i would want to tell him via a note left from me to him at time of death i would certainly not so it at home and run the chance of him being the one to find mei was on antidepressants for a couple years discussed with doctor a couple months ago to get off of them due to side effects with erection and i noticed i would be crying more often so it is not a side effect of anti depressants that i am thinking of suicide 
0	 laterr hunn arghh hope i dont miss any tweets lolgunna be at my nans later nooo byeeee x x x
0	i ll die for eponine and cosette and i want to protect my children video game amis
0	eating steakhouseyakoya batal krn tutup 
1	i have a feeling that this year is going to be my last year i never had such feelings before i ve been depressed for more than three quarters of a decade and during this time it kept getting worse and worse recently i decided that i have had enough and i want to rest i m nothing but a failure and i drag everyone around me down i ve never been good at anything always disappointed everyone around me and i don t have real life friends haven t had any in many years i had a person i loves but she s gone and never coming back didn t work out i guess she never loved me to begin with but whateveryou get to a point where you just wonder if its all in your head or if its real i genuinely don t know if i am crazy or not fuck it i feel at peace and happy with my decision i shan t be missed or whatever c est la vie i ll be back on the day i do it to say good bye not like it matters i m a bitter asshole 
1	cant kill myself i wanna die but too much of a coward to do itstuck posting on this shitty website
1	diagnosed with glaucoma as if the banshee shrieking tinnitus wasn t enough as for the tinnitus nothing helps i tried that reddit method but it doesn t work i am 5 more cries from a bath with a razor and some aspirin what the fuck is left for me god fucking fuck fucking fuck fuck fuck i m going to lose my eyes all i ve ever wanted was to go to medical school to become a surgeon and all of that is ruined by something i have no control over no one in my who fucking family has glaucoma the doctors have no fucking idea how it happened i m an anomaly everything is ruined post script i also have two ingrown hairs that have gotten infected and i don t even shave down there in the first place also i m a faggot with a creationistneo conservative father that wants me to die there off my chest
0	 i mad that you were in cleveland and i didn t know about it very mad 
0	work oh well
0	break my heart i want to go and cry it s so sad to watch a sweet thing die
0	hang on does anyone use fax machines any more 
1	amafraid to go the my therapist in college abroad and after a week of my exam i got my results and i amdevastated luckilyi am not failing but my grades are lower than what i expectedi amjust hoping that i can manage until the end of the semester ive tried to handle the start of my college and it has been difficult the worst part is thati amafraid to go to classes because once everything crams together its going to be difficult for me to handle ive been going to my counselor frequently and i took this suicide test or something it felt kind of useless since it follows through a score or something and she advises me to schedule an appointment with a therapist or a psych the hard part is thati amafraid to hear the result thati amfilled with anxiety or even depression
0	oh no i am with you i am often the only person in the grocery store asking myself am i nuts but i don t want to infect those i love and surely don t want to die alone drowning 
0	an oracle swallowed a sun and spit out 10000 
1	last chance this will be the last chance i give to life in 2 weeks a friend will visit me and i am so afraid that she wont be able to like me anymore once she saw me in person i cant live without friends i need to know that there is someone who cares about me
1	my higher aspiration in life is not to care about my few affections to be able to kill myself without knowing that i am leaving pain how nice would it never be existed 
0	i dont want to die
1	heavy hearted 
1	ready to join the statistic just wish there was an easy wayi just want to not do anything anymore everything is a chore ive always said that sloth is my favorite sin i look at all the things i need to do i have a job and its fine but i havent been in a few weeks now i reenrolled in college again too self improvement is vital to a future but again i havent been since the first week and ok maybe you could say noone likes work or schoolthen i look at the things around me i have books to read and i just stare at them i learned years ago that i never play the games i buy on steam and stopped purchasing still so many things left untouched ive got friends who want me to go hang out or do things with them but honestly they are just searching for the me that was never real the me i created to succeed in societyi franticaly find excuse to avoid these invites to avoid anything new i hate thinking i hate feelingi amjust so desperate to stop everything in my lifei cant afford to live like this and i truly hope i can finally throw myself away tonight
1	i am not a stranger to the dark hide away they say cause we don t want your broken parts i ve learned to be ashamed of all my scars run away they say no one ll love you as you are this is me keala settle
0	this is the hill jeff sessions wants to die on i just donated to campaign 
1	dont want to be suicidal part of what i write may seem farfetched but its very real and its a crippling issue for meim 19 and in college ive had a very mediocre and unfulfilling social life and almost since elementary i can recall always feeling lonely this in turn caused me to be very shy around anyone i didnt know so i would stay cooped up at home playing video games by high school i just couldnt help but always feel shitty and lonely i had a small group of friends who id play games with but it never changed how i feel i dont know how to even properly express myself on top of all this loneliness i found out i drew the short straw below the belt all the social media jokes girls ive met who made fun of people below the built not hung has taken an even bigger tole on me because any hope i had of approaching a girl i immediately try to get out of my mind because i dont want to know what will happen if any girl i met emotionally destroyed me because of something out of my control on top of all this i cant for the life of me bring myself to enjoy anything i feel like ive grown up to just not enjoy anything but be a lazy loser i go to the gym and i am in shape but thats almost a temporary relief i also feeli amat an age where the way i am is almost set in stone soi amdoomed to be a living waste who just does nothing i just feel like people out there have much more valid reasons to want to be suicidal but here i am entertaining this idea ive already thought about what i would write where i would do it how id do it i just cannot help but feel lonely at all times and its killing me at this point
0	theres been too mich shit going onnnnnn these demons want my soul life too short to be livin in a lie there s too much pain to be living just to die 
0	wishing his cat would have let him sleep later 
1	nothing to live for again i have so much shit right now and its taking everything in me to not just end it my life almost seemed to be turning around because i was becoming less of a piece of shit and getting somewhere but that doesnt mean anything if i dont have anyone to be a better person for
0	it is monday morning i am starting a weeks holiday and it is raining 
0	i think i drove on it too long 
1	my friend from a long time ago tried to kill himself i had a best friend all my childhood but in our late teens we drifted apart he did drugs drank too much and was very pessimistic about life in fact that was true when we were friends as well but i was more tolerable to it then he has been posting extremely depressive things to facebook for the last year and a couple of months ago he told me he tried to kill himself it was a huge shock but i dont know what to do he says he has no friends left and that life is really tough at the moment also job and money wisethe thing is that and i dont know if this is selfish but i dont have the energy to hang out with him or the strength to help him i havent seen and barely talked to him in over five years he sees me as his only true friend in this world and i know that if i start to hang out with him he will be extremely clingy and desperate wanting to do things all the time when we did hang out it was pretty draining and back then he was way more stable than he is now i just dont have the energyi also know that saying this to him will probably push him over the edge i also cant ignore him because that also feels mean under the circumstanseswhat can i do
0	what no like bruh no like i wonder how many times ill say it from now to till death not like killing myself kill over or anything like that
0	maybe i could die before next prayer so i just want to do my best everyday before my next prayer hanjoo how does islam change my life new korean muslim
1	tonight i held a loaded gun to my head and my heart just to see what it felt like i felt nothing nothing that made me pull the trigger and nothing that made me scared i was completely numb i just stared at it as someone who has fired multiple different types of firearms nothing is what everyone feels when holding a firearm there is no excitement no fear just nothing it is common
0	my introvert ass might actually kill someone might need to grow up and learn how to use my voice and ask for help cuz watching and staring ain t really helping note to myself 
1	well off the the resort well my 2 week state mandated after aggressive suicide attempt at a mentality resort starts today luckily i can bring in some of my own things including my phone hell they said i can bring my guitar and while i will probably come out of there all doped up and god knows how many meds maybe i ll find a way to cope with everything
1	long story of my shitty life so this all started around 5 years ago when my great grandad died i didnt know him very well as i was around 8 or 9 at the time but when he died all i remember is my mum lying with my dogs crying her eyes out i now know this is because my mum didnt have a dad growing up so she saw him as one my great grandad dying caused my mum to become heavily depressed which soon progressed into alcoholismmy mum being an alcoholic it has been going on for around 5 years now but i will just tell you all the times i can remember that are significant first one is around 3 4 years ago my mum got shit faced and left we found her a few hours later i say we but it was my brother and dad as i was 10 and she came back and yelled then passed out second time was a repeat of 1 just around a year later it happened a few times 6th time biggest it was november 5th and my family was throwing a bonfire for some friends of theres they used to be mine but i will get to that and we made a huge bonfire behind our house in a field but we left our mum and her friend because it was cold and they didnt vcare but by the time we had gotten back my mum had drank around 34 bottles of wine the equivalent of a pint of jd and was out of it later that night there friends have gone my brother was sleeping in my room because he was scared of my mum as when me and my dad were directing our guests back as they were wattlking she had being saying things to him like do you want to die she was drunk later that night we woke up to the sound of my mum banging and yelling at my dad alan i need a fucking wee then started throwing stuff and smashing stuff so my dad called the police and she was put in a drunk ward for a 12 hours final one for now it was around june and my brothers girlfriend was around and he had bought me some csgo keys and made me a coke and rumi am14 so there was 101 coke to rum and he had left like 100ml left and it was gone so he asked my mum and she started freaking out yelling at my brother girlfriend to get the fuck out of her house and that she is not welcome and the same at my brother and sines then around 2 and a half months i have seen him once and i had to spend the night at my mums friends house and she didnt pick up her phone and knowing how she is and what she has done before i thought she had slit her wrists and died this timemoving 200 miles away after what happened my parents decided to move back to the north of england moving closer to family i see once a year and 200 miles away from friends i now have 1 friend ish and see my cousins once a week and am living with my grandma who is a compleat bitch my family are still in nottingham and the reasoni am not friends with the other family is because of moving also school here is shit and all i do really is sit in the lessons do all the work do homework at lunch and come home and eat basically my life has gone from worse to worse to worse and i truly believe there is nothing worth living for now 
1	need help for the past year my life has been a blur i have had no interests except video games video games have been the only thing stopping me from suicide i dont have any friends i am overweight and my parents are the biggest problem they are always putting me down they call me a loser a failure pathetic a disappointment a dumbass lazy every day today my mum took away my computer with all my games she said go get a life you loser videogame have been the thing keeping me together for so long now that they are gone i think i am going to do it
1	this is it i am going to kill myself it is final
0	on prod support 
1	i am an alien in my own life i cry more often than not my husband died almost three years ago my dog of 18 years shortly after himi am in a relationship now with a man i love so much i cant stop telling myself how much better hed be without mei am on about 8 medications i will bring up to my psych about howi amthinking about suicide more and more i am struggling with fertility for no known reason my dogs are assholes even though i love them my family doesnt care about me i usually just waste the day away until i can go to sleep againi have no friends the only ones i do have live far away i cant lose weight i think of all the ways i could kill myself and how many people would even fucking carei want to even check myself into a hospital but i dont want it to ever effect my future like jobs or adoptioni feel like i cant relate to anyonei ama young widow diagnosed with multiple disorders too old to be with the young crowd and childless to fit in with the moms even my reddit posts on my other account venting about my infertility got judgedplease tell me why i shouldnt end it all now
0	trending asot400 is down in the trending topics too bad asot400 asot400 is 
0	i just want somebody to die for
1	just a thoughti amcurrently in the final decision making stage ive always hated my life since i was 10 i was bullied at school for my stutter so i had no friends and still dont at this point in my life but this summer was the best and worst summer of my life for the first time i was happy i met a girl and she was everything i ever wanted but after a couple of weeks she had to move back to her country and that broke me i started to not eat not sleep and just wanted to be alone that also caused my family to hate me they wanted to help but id push them away now a month has passed by and i come to find out she has a boyfriend the thoughts of suicide were strong before but now they are even stronger for the past month ive had that feeling in my stomach of butterflies or wanting to vomit and i cant take it anymore ive cried almost every day and thoughi am going to therapy the thought of suicide keeps growing stronger i was meant to start my second year of university but i told them i need a year break because i cant get anything done ive stopped taking care of myself and i feel bad for my parents ive already written a letter to my whole family and my ex in case i were to pass away but i dont know what to do its a matter of weeksmonths now i dont see myself going past 2018i know this isnt as serious as others on this group i just wanted to say that i know it feels shit but i pray to god that something good happens in the next fee weeks i love you all and it makes me so sad seeing so many people with the thought of suicide every minute it shouldnt be this way i wish you all the best and i hope you give god a second chance and stay here with us a bit longer theres a reason why you havent done it and you need to keep on believing in yourselfi am trying my best
1	can someone tell me why i shouldnt do it its impossible to get away from feeling like a huge chunk of my life is gone forever half of me wants to be the best person i can be but that would only be for spite the other half of me wants to end it all asap
0	about to start the final volume of death note i m going to miss this series once its done 
0	has had a really bad weekend hopefully this week will be better i doubt it somehow haha
1	only reason i want to die at 27 is so i can be with you
0	140 character limit is bsit blows the whole joke if u didnt read the end 
1	pointless hello worldmy name will be kept anonymousi am13 and i amfucking done with life ive tried it out got bored wanna move on to the next thing death i only have three friends including my mother my father is dead everyone at school dislikes me and i couldnt care less if they did or notim not here to say i willi amhere to say i might so please gimme some words reddit god knows my therapist cant
0	this week just seems to get longer and longer in terms of how much i need to do and how much i m actually going to get done 
1	i cant take it anymore i am 25 and in grad school for a masters degree that i dont really want anymore my parents convinced me it would help me get a good job but i have no idea how much longer its going to take and my anxiety is only getting worse i have a history of self harm hitting myself that has relapsed since i began grad school and only he knows about it i am too afraid of pain and hurting those around me to actually commit suicide but i have had an overwhelming feeling on and off over the years that i wish i could get in a bad accident or have something bad happen to me i wish more than anything that i could drop out and just move on with life
0	more snow this morning here in the adirondacks it s covering my crocus that were coming up 
0	didn t get to play golf like i wanted oh well i guess it just wasn t meant to be
0	coursework nooooo
0	 erika i miss youi have a new person to talk to on the phone
1	the idea of death seems so peaceful i want to do it but i cant and i want it
1	i want to die but i ama coward i have been suicidal since the age of 6 but never went through with it why because i am a fucking coward i dont have the balls to do anything including killing myself the only reason that i have lived this long is becausei ama fucking pussy well ive found a way to get past all that when i get extraordinarily high in combining whatever the fuck i have on me that fear disappears all i want to do is die and i amready to do it all i have to do is pop those pills drink a ton while tripping and i amgood to pull the fucking trigger itll be quick i wont feel a damn thingi ama failure as a human being and i dont belong in the gene pool the sooner i kill myself the sooner itll all be over and nothing will matter at all by thenwhat is the fucking point of living like this
1	if i cant trust anyone then why live simply put my life has been rendered into a pile of complete chaos and bullshit the following story is just too subjective for any one of my friends to understand as theyve reached a consensus in deeming my problems irrational and my plight unrelatible this is due to the way in which i present myself i come of as a narcissistic introverted asshole with a monotone voice this is merely a front which i deviced during my adolescence as i could never quite reconcile the love i had for even the most transient person in my life and their response towards me apparently i think that if i am rude in all my remarks that then it wont matter if iam disappointed or even insulted by the other partys response because i will have in my mind deserved it so now about my life iam currently an 18 year old male attending university in the united states throughout high school i encountered many people some of which manifested into my very best friends up until my junior year this would mark an extremely negative year and turning point in my life as it was the first time i consumed lsd with my friend who i will call chris he was my role model throughout my adolescent years and more than i had hoped any friend could be i loved him like a brother our acid trip was as normal as can be expected of two people trying psychedelics for the first time that was until we got back to his place upon arriving chris entered the shower with his girlfriend at the time for what seemed like an eternity then after that moment passed he suddenly appeared between myself and the television i happened to be watching at the time restrained me to the chair and repeated over and over again life is a simulation life is a simulation life is a simulation perhaps this may seem innocent enough to the average reader but any person whos done any kindve mind altering drugs knows just how despicable this truly was shortly there after i experience what can only be described as a psychotic episode i faded in and out of conciousness for the rest of the night all that i really recal is that i ended up back at my house with chris and the rest of my so called friends hating me everyone that is except for a girl that i will charlotte she had been my friend for even longer than chris and now that he was no longer in my life i naturally gravitated towards her to make sense of it all at first for purely plutonic objectives which later blossomed into a romance we dated for 3 months she took my virginity and broke up with me after i confessed that i had always secretly loved her throughout out long friendship i now have no real friends they invite me to partys but are always walking on eggshells hoping not to ignite the ever impending bad trip that they believe resides in my head all except charlotte of course who knows what really took place that night but refuses to clarify on my behalf for fear of being ostrichized herself instead she distracts herself with the various shitty guys her words not mine that she frequently sleeps with then proceeds to complain to me about i see her frequently at these gatherings on the weekends between all of my old friends only to return to university alone at these partys i frequently feign inhebriation only to pretend to fall asleep then i subsequently spend the night either sneaking out the back to smoke or crying into my air up mattress envious of her new dipshit confidant long story short chris brain is baked from acid and is no longer capable of fending for himself i am desperately still in love with charlotte even though she betrayed me almost two years ago and iam incapable of showing myself to the outside world who hates me death is imminent all because i cant stop thinking of how much i lovechris and charlotte my two best friends who i ruined
1	want to kill myself but i am too afraid to and have no access to a gun throughout my entire life i have been in and out of depression a never ending cycle of feeling a little better and then wanting to jump out a window its exhaustingi amphysically emotionally and mentally drained all the time and i just want to be done its not going to get better ive been told it will and so ive hung on this long but in reality i know it wonti amjust so tired the thing that makes me smile the most is when i think about pulling the trigger how it will finally all be over no more waking up to nothing no more insomnia no more crying alone in the corner of my bedroom no more disappointing anyone no more saying the wrong thing no more looking ugly and most importantly no more of the feeling of emptiness that cant be filled it leaves for a little when i have a distraction but it comes back five seconds later i hate iti amjust so done i want to diei am so tired of cryingi amexhausted its time to go the biggest problem though isi am too afraid i tell myself it doesnt matteri am going to die anyway but i am too afraid of the unknown if i stay alive atleast i know what to expect pure fucking shit but atleast shit is better than nothingness or maybe it isnt thats the thing i wouldnt know if it was worse or better because the unknown i want to go but i am too afraid i also currently have no access to a gun thats the only way i will attempt least chance of failure anyone know how to get a gun unlawfully andor the best way to get over a fear of death thanks
0	i don t want anyone to die but bro we in that comment section thooo sheesh
0	 no im still herelast nite was cooli miss him what homegirl say ive loved u since i was 8 the shit wont go away lol
0	reading bible studying for chem lab working on that presentation and its beautiful outside mmk thx 
1	lost my job and dont want to be homeless and sick i dont know what to do i was homeless 14 years ago when i had cancer but the social worker from the hospital put me in a shelter that knew i was sick i dont have anything like that now i cant sleep on the sidewalk people are violent cops are violent i keep fear at bay by telling myself if i cant find something safe i will kill myself i am too sick to walk around outdoors i am diabetic and if i cant find food my mind stops working well i dont know what to do i have worn out the generosity of my friends and they are struggling themselves i came here eastern pa because a friend was going to take me in then she didnt and my money is close to being used up so i dont know any of the local resources before i was here i was on the west coast i wish i could go back id walk into the woods a little way and be done with my brain isnt working well enough for me to save myself and ive been in a downward spiral ever since i lost my real job over a year ago temping isnt going to keep me off the street i have no family they hate queer people i dont know what to do i am exhausted 
0	probably because he didn t want to die and probably because they re cops i can ask bad faith questions too why didn t your parents raise you right 
1	i am going to kill myself or at least attempt i have 2330 mg of fluoxetine which i am going to overdoes on wish me luck
0	amy lee nin i want to die dediği kısımdayım 
1	not really sure where to go from here not really sure whyi amposting maybe just to vent anyway ive been struggling for years now but always managed to keep my head just above water until recently earlier this year i lost a close friend to suicide and my first reaction was envy that he was able to go through with it when i never was i went a bit off the rails after that lost my job my drinking got out of control cheated on my boyfriend while black out drunk and eventually ended our 9 year relationship because he said he couldnt drown with me anymore i had to move back in with my family which was never going to be the best for my mental health 3 people with bipolar under one roof anyway the downward spiral continued and last night i got scared because i was ready to finally kill myself i wrote out the note and planned it all out but in a brief moment of clarity i decided to go to the hospital and try and get help one last time they werent particularly helpful i guess because i hadnt actually made an attempt so they sent me home but not before calling my mum and discussing things i assumed i had told them in confidence anyway my mum said she couldnt handle it and left and didnt come home all night and all day today when i got out of bed today a family friend was waiting for me saying that mum couldnt handle an adult child who needed her so much and that i wasnt able to live with her moving forward the family friend offered to take me in if i couldnt find anywhere else to go i was at a bit of a loss because i really dont want to live with this family friend its not the healthiest environment and its quite far away from wherei amliving now but i have nowhere else to go i called my ex for some perspective because we still have a good friendship but his reaction was to lash out at my mum for not looking after mei am so sick of feeling like everyones burden ive alienated all of my friends theyre amazing people and trying so hard to keep up with me but they just dont understand mental i willness and get frustrated that i keep repeating self destructive behaviours so one by one theyre dropping off my friends cant do it anymore my ex cant do it anymore and now my mum cant do it anymore either finding it pretty hard to find reasons not to just end it now i used to justify to myself that if i killed myself it would be too painful for my family and friends and thats what always stopped me but now i think it wouldnt be so bad to free them all of me
0	over i just yuta hates reveluv i hate them so much when i see them i just want to die i feel my blood boiling and my skin burning and my eyes watering my heart drops and i feel like fire is consuming my entire body why are they so evil and cruel i hate them i hate them so much
0	are you okay 
1	tomorrow i come back to the college and i amscared i think it will be my last period after finishing i intend to commit suicide the pain and the sadness will become very strong i do not have many friends there and i feel like a great encumbrance in my family i think it is better that i withdraw from this life the girl that i like will be there too and well we do not talk anymore she rejected me and its okay that she did it only served me to realize that i will never be able to fulfill the things that i always crave as a child classes have never been a problem for me so i would like my family to see what i could have been able to do i think my final trip starts tomorrow i just hope i can accomplish this in the end thank you for reading
1	i want to die more than anything i dont know why i feel like this every day i do not deserve to feel like this constantly i want to die so bad i hate every single thing about myself i pray to die every single day and the only time i will ever be truly happy is when i am dead there is no string of words in the entire english language to express how badly i want to stop existing i would give everything i have ever owned for someone to kill me
0	i cleaned the cpu fan and the back of my power supply lots of dust don t have a system fan at all still loud 
1	i m hella anxious 
0	i m a little nervous about it if trump had anything to do with it i am going to say no he is more interesting in fast than safe and i don t want to die 
1	why continue i have been depressed for about three years now suicidal for two for a very long time i saw no reason to live in the future i just see no point life is horrible no matter what youre always forced to do something by someone else why is money so important why is education so important you cant survive without these things i have no motivation for anything i got my first girlfriend and had my first kiss at 18 she made me not want to die before she broke my heart i am currently in love with my second girlfriend as much as i genuinely enjoy thinking about a future with her which i havent been able to do in a very very long time i just dont want to participate in this life nothing is fair everything is horrible i am so scared that i will have my heart broken again i just want to leave
1	i want to die
1	i just dont know how to feel anymore i hated my whole life ever since i started becoming conscious my life has been up and down parents always arguing always getting bullied even now in highschool people are using me and then they mock me my girlfriend and mom are probably the only persons i really care abouti am not suicidal but i need help i literally cant take it anymore i dont understand why people are like this i used to be their friend and now they do this to mei amtheir laughing dose of the day they know that if they mock me i get angry and they just laugh at me likei am lifeless
1	please it hurts i cant keep living like thisi amsuffocatingim wishing things were back to how they were just a few months agoi cant eat or sleep ive let my classes fail again already because my constant panic attacks keep me crying in my roomi have no friends she was the only one i needed i have nobody to talk to and she doesnt want to talk to me anymore i dont blame her i blame myself for not doing more for her nowi amlostin a few days i might end it but the wait until then is painfulplease dont go away from me please come back please stopi know none of this will happen but my feelings will never change and they will hurt more and more every day knowingi amfurther from you then i was yesterdayi just want to sleep sleep and not wake up please
0	still haven t recieved my backpay or have gotten any info on the progress of it and i have bills coming up that i can t pay unless i get it i honestly want to die:) :)
1	amout first of all sry for my shitty english its my third languagei have lost all hope i have not felt happy in a very long time and i feel like its time to leave earth now my life will never get better so might aswell end it while atleast some people still remember me i have saved up some money so i have thinking about going somewhere magical to die alone with no return ticket i feel very psychological unstable at the moment so going on a trip alone somewhere warm and pieceful alone and enjoying the best of earth before going is a good plan to me i might only be 21 but my life will never get better now i am sure and i dont want to become a lonely loser i have experienced alot and have had some good times with old friends who i dont see anymore and family i will be thinking about these good times before leaving i think my last thoughts will go out to the stars and whatever is out there space has always fascinated me so much good luck everybody on this ruthless miserable planeti amout
1	amjust so done hey guysi am15 i have been depressedfor almost three months now and i am just so donei amexhausted i physically achei am tired and i need a reason to keep doing this because i really really want to die its all i want to do everydayi am so exhausted i dont want to fight it anymore i need a reason to livei am so discouragededi am going through self harming withdrawals i hurti am tired i tried to kill myself ny overdose on sunday i wish i had please someone give me advicei am really lost
1	generic dramatic i wanna die titlei am not clear on the rules i want to die i mean my mind is made up i wont bore you all with my reasons but there is a method that seems appealing to me and would like some peoples takes on the matter but youre all like dogooders trying to keep traffic intolerable i mean i dont drive but i am that asshole who makes you wait an extra 20 seconds before you can take your right turn wrong place or shall we begin 
1	need motivation to clean before the end i dont want to leave behind a bunch of crap wheni amgone my family had to spend three straight months selling my grandmothers stuffi am not putting my family through that againi bought some crap in what you could call a fit of shopping therapy back when i didnt realize i eventually become this suicidal unfortunately what i bought was obscure rare stuff i cant just dump in the goodwill i went to sell it and leave behind money people can actually usethe thought of putting the energy into ebay listings and wait extended periods of times to finalize the sales makes me i will and there are several items i just want this to be over with i barely have the energy to make this post
1	i tried killing myself during a particularly bad breakup with a friend and she told me i was just trying to manipulate her into staying has anyone else ever been accused of being manipulative in your suicidal thoughts i googled it and literally all i could find was how to tell if your friend is manipulating you theres not much sympathy out there for people who are accused of manipulative behavior its lonely
0	 i wish 
0	the excitement i felt a couple of days ago has waned today with the sun shining i can t get used to the fact holidays end today 
0	 oh dear 
1	after failing once this is how i feel i wish that suicide was funded by the government i wish guns for suicide would be like condoms given to teens so if they are going to do it they do it right i wish euthansia was legal i wish that i wouldnt have to fear buying poison or a gun off the black market because if i get caught my life would get worse 
1	cannot get the courage to electrocute myself i walk past an electrical station everyday on my way to work it is surrounded by an electrical fence but i figure if i am able to get through the gate i can touch one of the towers and night night last thursday i decided to get everything else set up before i at least try i typed out an email to my mommy sister and my boss on a word doc i cleaned my tiny apartment to a shine and sold a bunch of stuff i was supposed to do it last friday i sat next to the plant for nearly three hours and went home defeated on sunday i bought my favorite rum got really drunk but still pussied out i ended up falling asleep on the street until 4 am and walked home now it is midnight and i havent decided what to do in the day i feel confident up until i get there and i can not do it is it the method that is fucking me up i am starting to think a gun is better quicker i do not want to be left a vegetable for my remaining family to find and be burdened with what should i do i am asking because i assume others on this subreddit are contemplating suicide and might have some insight ps i own only a 22 rifle is this enough to kill i am not experienced with guns and it seems just too small
0	just received bad newssyg s great grandmother had passed away todayi feel sorry for him 
1	cancer several symptoms of cancer inon my body although i wished a couple of years back to get any sicknessdisease since i was a pussy to hangcutfalldie and kill this irrelevant life the only thing encouraging me to continue is my mediocre music having no funds to afford beats copyrights and all those fantsy equipment to buy well not really mediocre but exceptionally well written tbh reviews by several people commended and even wanted me to pursue but i am too overwhelmed and rather play video games to ease my depression sigh imma wait until its stage 4 currently stage 2 guessi am an expiring bomb
0	on the way home nasty rainy day 
1	i am done my last post was how i am tired of living and the only good thing left in my life was my girlfriend but she just broke up with me and i feel so alone and hopeless i dont really feel like going on i really want to kill myself
0	slc all day 
0	 still sore comes put tomorrow though
1	i am slowly progressing towards it i am gonna do it my mind seems foggy i tried cutting my wrists but it wasnt working i need to die i have no one in my life to help me i tried suicide 4 other times in my life i have nothing to live for i am a loser at 30 who cant even get a job
1	my fourth day at university and everybody has easily found atleast 2 to 3 friends whereas i am isolated and lonely there is no end to my suffering i wish i could kill myself i feel broken and lost
0	its another gorgeous day outside i will be admiring through my office window 
1	i cant handle it anymore i have been fighting with depresiion for a while nowi am not strong enough i have been getting violent past month my temper raises fasti dont want to live i have wanted to kill myself a year ago i even attempted but failed because i was a coward a girl saved me later for trying again we ended up dating for 15 yearshe cheated i lost my only reason to live and not only lost it but got told thati ameasy to replace i cant handle it anymore i dont want to live in painoverthinking i trully hate myselfi dont want sympathy i just have noone to talk to no one suicide is selfish but i have noone else it would harm no one would care it woudnt be selfish anymore would it if no one careseven the only thing i had fun doing has stopped becoming fun gamesoverwatch and no i dont want sympathy how i will find someone else i dont want anyone else i dont want my self 
1	i am at the point of giving up because people and their crab mentality and being empty in a psychological and mental sense for quite this long is unhealthy i have already been empty on the inside for a long time now still a miracle that i have lasted for this long parents who were the source of my problems asked me once more what i wanted to do in life and thinking that they have changed told them that i wanted to go back to living a normal life now and asked them on their part to keep their word of not interfering because the damages that they had done have been alot and some are beyond repairable like the previous times i had asked them but they broke their word and i overheard them talking to each other secretly saying that for my brothers to live and to be pulled out of the rut that they made themselves my future should be sacrificed completely i have never been this quite confused and perplexed already knew what i wanted in life but people keep on pulling me down and telling me that its just a phase of mine and continue to say awful things about me towards people and such awful things happened years ago 
1	ok nowi amscared i was so certain that id be able to go to school and get into a trade and that would be a high paying job that would allow me to live my life but i totally didnt realize that for every trade you need math skills i am not mathematically inclined in facti amshit at it maybe some trades have less or simpler math than others am i doomed to fail at life because of my sheer lack of intelligence 
1	this life is a box this life is forceful in the sense of what it is i want off
0	i wish my baby would cheer up 
1	too many things out of my control hithanks for clicking my apologies for venting on the internet i just had no idea where else to go in fact i should be studying for tomorrow s exami am a upperclassman in college who has been suicidal since high school this is likely due to the fact that i suffer from depression yet there are so many impeding factors in my life that are dragging me down by the necka lot of people refer to college as the best time of their lives yet i am completely wasting it every weekend i am by myself in my room wasting time on the internet or doing homework i do not have a social life and i am so socially stunted that i do not know how to build oneacademically i am performing well for the most part unfortunately i managed to get three wds on my transcript because i refused to play the stupid game putting up with classes taught by terrible professors i refused to stay in a place where the professors were of no help i attempted a second stem major along with my current stem major because my school offers a program where i would have gone to an ivy league school for two years after my senior year i gave up on the program during my second semester in it leaving me feeling like a complete failuresleeping is difficult for me recently it has become easier but before it took such an incredibly long time for me to fall asleep at one point i resorted to hitting my head against the wall to make myself sleepyi m undocumented in the usa because of certain circumstances i cannot renew my daca and will begin accruing illegal time when march roles around i lived in this country for 17 years and there is the danger i will be kicked out of my home my parents are undocumented too if they get caught and deported while i m at college which is in a different state there will be no one left at home to take care of little siblings who are american born citizensbecause i am undocumented at a conservative college a lot of students publicly hate immigrants like me though they do not know of my status this impedes against me going out to socialize i can t go to parties because i cannot enjoy the activities without fear of getting caught arrested and deported because i am underageone way to solve my immigrant status would be to get sponsorship i have been interning at a prestigious company for two summers now and have been offered a third internship i was hoping to do well enough at this internship to get hired and later become sponsored but because my daca is expiring i will be unable work in the usa by summertimei am infatuated with an undocumented girl i cannot even attempt to build a romantic relationship with her because marriage is another way to attain a pathway to citizenship i do not want to get married for papers but for love it just sucks that i have to force myself to lose my infatuation with this girl and move one so i can eventually marry an american citizen assuming i can find someone desperate enough to marry memy life is a soap opera cliche turns out i have a halfsibling i found out about this sibling after i started college one parent cheated on the other and they were born it is possible my cheating parent is sending them money to attend the most expensive university in my home country while they study for a fucking communications majortherapy isn t helping i m currently on another type of antidepressants because the last ones failed my counselor constantly tells me about the plethora of positive qualities i possess ranging from intelligence to empathy yet every time i feel an iota of hope or positivity it quickly evaporatesi have this unnatural fear that i will be forgotten when i die this keeps me from trying anything because i keep reverting to the same thought of what s the pointto conclude i am so fucking scared of everything i do not know what my future brings if it will actually bring anything at all i find myself miserable in my home state my college state and i know i will be miserable in my home country if i get deported is there any advice or hope that someone can offer without repeating the same asinine rhetoric that gets tossed around
1	glad i didn t throw away my suicide note i don t think i could handle writing another right now
0	saw an ad on craigslist for a casting call for a female host on g4 i was totally psyched but realized it was a hoax 
0	 same here its only monday 
0	wishes he wasn t ill 
0	fuck mental health ppl are adding me on snap from my school and basically telling me to go cut myself twitter is the only platform i can be away from those ppl these two people audi and brad are making my life miserable rn dont know how long i can take before i kill one 
0	just realized im talking to no one 
0	 oh no 
0	 enjoy life remember to be grateful for the little things be kind to the people around you and follow your heart 
1	i am done with the loneliness and repetition i am not gonna sit here and say my life sucks wah i never get what i want etc but i just need to talk about this because might as well post it publically when no one thati amfriends with gives a crap so pretty much i thought that getting a job would help distract me from my depression but i think it got worse first offi amextremely lonely theres a girli aminterested in but i know for sure that even if i were to confess how i felt to her it wouldnt work out becausei ama garbage human i ve been seriously lonely for a long time and the only time ive ever had a so was in high school but then again she had autism so she most likely didnt care about me romantically then there was the other attempt i had at telling someone how i felt and she though said that she loved me left me to rot afterwards so you can see where i am getting at with being tired of being lonely all of the damn time theres that and theres also that i am an artist and thats been dragging me down lately too since i keep drawing but i never get better despite everyone telling me to practice and practice well gee nothing is getting better so it obviously isnt working i am just sick of it i dont even see a point in wanting to keep on living anymore because of my depression eating me away everyday i know i sound bitchy and whiny but i just want out i might buy myself a gun if i have to just to end it or maybe jump off the tallest bridge here in my city
0	 yeeeah dont laugh about me its well interessting d
1	stupid me thinking i was good enough 
1	i wonder i always want to ask people if they would attend my funeral it doesnt really matter if they do or not i am just curious it sounds like i am directly saying i am going to kill myself right this instant so i dont but i want to ask even when i m not feeling 100 suidical just so i know and sometimes i feel like they should know its probably going to happen someday so they should think about whether or not they would attend and come to the terms i may die someday in the near futureand if they said they would i ask them not to bring up this or that its a little bit different than wondering if they care about you especially if its people you havent talked to in a while and its not the same as asking for help either
1	passively suicidal i don t really value my life i don t believe there is anything wrong with suicide i don t believe in an afterlife with that said i m not actively suicidal but sometimes i feel i d be better off dead i have bipolar disorder i feel like a burden to others at times my ex broke up with me because she couldn t handle my i willness but mostly i don t want to live with this i willness it presents many challenges mostly to relationships which is a huge problem for me since i ve always wanted to get married and have children not to mention i could pass this i willness to my children oh god i d rather not live 
0	super mega bored sunday when there is no prospect of yum food you really suck 
1	till i die suddenly i want to die today now right this moment so i can be free 
0	my nerves are already shooting through the roof and i haven t even got there yet 
1	anybody else feel this way my thoughts have been possessed by suicide ideation whenever i mention this people say i have so much to experience i am only 14 but i dont want to not be suicidal until i ultimately find get a gun and kill myself impulsively for i believe that happy people are delusional filth suicidal thoughts are enlightenment and it is ignorant to try and get rid of them only reason i havent killed myself through a nonimpulsive way is because iwant to read on suicidea discourse on voluntary death to improve my note quality sadly my parents refuse to let me buy it does anyone agree with my sentiments or am i just crazy
0	 yesh it s a bank holiday but everyone else is working trains traffic everything screwed as usual 
1	suicide prevention 
0	is sitting in work wishing i was out in the sunshine 
1	sensations in wrist its like my body is telling me to end it
0	 hungry type feed to feed me
0	wish i could watch im out of town and only mobile _
1	i dont want to die i fucked up last night and i want to tell someone but no one i know becausei am so ashamedi had gone a few weeks without drinking but i broke my streak last night and drank a bottle of wine wanted to get drunker so i biked to the grocery store to pick up a handle i remember thinking i dont mind if i get hit and i shouldnt do this but whatever and i am so fucking alarmed with myself nowalthough i changed my tune a few blocks in from i dont care if i die tonight to actually i dont want to die but i do need milk and would like some more booze and i rode very carefully and took sidewalks for a lot of it to minimize interactions with cars so i feel like i might be overreacting but ive been lowkey suicidal for maybe 8 years now and just ended a threeyear relationship a few months ago and it had been painfully deteriorating for about a year before that and ive been feeling so fucking lost and hopeless and alone i work like 60 hours a week so i dont have to think about anything maybe its the combo of all that shit stress and alcohol and loneliness that let me get that close to it but i really dont want to be that close to itbut i feel more sure than i have in months that i really want to live i dont want to die i dont want to get that close i also dont want to get drunk alone ever again because its just stupid it makes me feel like shit and its a waste of money and i dont like that it lowered my inhibitions with suicide so much
0	in the streetz of la going to the pharmacy my lil prince is sick super mommy s on duty
1	i feel so weak and pathetic full of regret and hatred i want to die for fucks sake why cant i just die
1	how to love myself in my mind it just there how to kill my self
1	least painful method of deathi ampretty convinced that carbon monoxide is the best way to go legally anyway can any people whove attempted it this way give me any insight
1	end my life pls i hate living i just wanna be dead i dont wanna exist someone please just kill me run me over burn me shoot me drown me just whatever it takes for me to die please kill mei amdone living itll make me happy i cant wait any longer ima commit suicide next year on june or july i cant wait that long its too much time passes so slowly i hate it so much i hate living i wanna die so fucking badly
1	i feel broken and demotivated and would like to hear about someones success story of how they overcame chronic suicidal urges i just need some inspiration rn or maybe even a blueprint to go off of
1	just want someone to listen ive had thoughts of suicide since i was very very young i hang in for my mother and sister but i amfucking tired i just wanna lay some shit on the table get it out of my head off my shoulders ive tried friends family therapists maybe a stranger can hear mei am so stuck inside of my own head all the time i miss entire conversations whole days go by that i cant remember becausei amlocked in with myself i have to get outi am not begging but if someone could just fucking hear me i think id feel better 
1	end of my rope i lost my dream job in 2009 i havent been the same since ever since then things have been going downhill my wife and i stopped being intimate we basically existed and somehow continue to exist as roommates she makes more money than i do now and she takes care of 90 of the household expenses the small amount of money i do bring in goes towards my debts i have been unable to get past the job list 8 years ago i dont know why but i just cannot do it adding to that my health has gotten worse since then i refuse to go to the doctor and refuse to go to the dentist i just cant bring myself to do it instead i drink myself into a stupor nearly every night and ignore the pain in my mouth and in my chest i am now at the point where if i dont get over my reluctance to take care of myself i wont be able to get a meaningful job or make anything out of myself problem is i am so terrified of learning that something horrible is going on that i cant see past that it occupies my every thought my wife is an incredible woman she accepts my faults most of them and is incredibly patient i am failing her i have failed her in the past and if i am around for more years i will continue to fail her and fail myself i can no longer accept this i just turned 40 i dont want to turn 41 on my 40th birthday spending time with my parents and wife i looked out over the city and decided that tuesday was the day that i needed to let them all move on now it is friday and i dont feel any different family have gone home wife has a bright future i feel like i am just a roadblock to prosperity i remember when i was 19 and i was convinced that i would die before i was 21 i lived a hard life and made some bad choices back then in fact i should have died a number of times somehow i survived and prospered then things went off the rails again i guess this is what happens and at the end of the day i think tuesday was always the logical conclusion 
0	finished watching lost 514 oh faraday pity you eloise hawking is a coldhearted b
1	failure and pain one day i was a normal teen now i chronically suffer the risk of wanting my death because of choices i have made the only thing that holds me back is the fear of death and the hope i can find help this is my cry my plea and my realization that i need help right now my wrists are bleeding my shirt bloody and my tears have stopped i just want to talk and be cared about my coworkers joke about my death and i just dont care anymore it hurts me to care
0	i just ripped my tights oh no 
0	i feel like im not really here feels like im falling drowning i got no idea why i feel like this 
0	typical friday night grants tortures gus gus leaves in a quotblaze of gloryquot i m gonna miss nights like these 
0	 way to ruin a dream 
0	 i wish there wasn t any bad in this world i don t know how much more i can take before i break
1	todays the day that i kill myself ive been writing this in my head and on reddit everyday for the past few weeks i always erase it out of fear but not anymore and if by any chance this post breaks the rules i apologize with that said on to my post we go for starters i havent been able to eat all that well these past few days and have gotten quite i will because of that i actually felt okay during the initial days of my sickness what i mean is that i didnt actively plan my death as much i wouldnt mistake that for being happy though i think it was just the fact that i was too unwell to even get out of bed and i was focusing on being sickanyway i feel as though i need to go through with it today does a person typically leave a reason in their note well its a bit more complicated than that for me theres not exactly one reason to why ive decided to kill myself but i will say that each and every reason is my own fault no one elses nope its all my own however i will say that when i do die everything will inherently be so much better for all of my familypets no more living off of their hard earned funds and under their safety of their home no more destroying them with my intolerable and disgusting ways of livingi ama slob and i mean a true slobi amrather unintelligent and unattractive short and stubby overweight and unimportant perfectly describe me my own mother didnt want to have me as a child because of all of my faults i cant say i blame her thoughi amjust progressively destroying every relationship with anyone ive ever been close toi am so sorry ive come to decide that killing myself is truthfully my only option i wont go to therapy as there really isnt anything wrong with mei am looking at it from a logical standpoint everyone really is better off without me and i shouldnt burden them with my continued existencei amyounger i will admit but i am still legally an adult and in the end its my choice this is my only choice i cant change i fail every time eitheri amunbelievably lazy or i simply just cant change i know ive tried though but as of late ive given up soi am going to hang myself not this exact moment as i need to relax i feel like my heart is beating right out of my chest whether it be from me being sick or not its not a nice feeling once the feeling subsidesi am going to go through with my plan itll be today thoughi amconfident in that it has to be today no matter whether i want to die or not i have toto all of my family and pets thank you for everything youve all done for me i know that i was horrible and i am sorryi am sorry for everything i know that at first my death wont be easy but time will pass and youll see how much better it is for all of you even if you cant see it trust me its better i cant express this enough everything thats happened isnt your fault and itll never be your fault i am so sorry so sorry i love you all endlessly please forgive me
0	true it can be difficult to know how fragile of any of us could be at times and people should practice what they preach i like to reassure people that i m terrified of death so i would never kill myself but my emotional well being suffers when i get misread as a bad person 
0	 i scare you aww that hurts
0	sooo exhausted not wanting to go to work 
0	getting ready to board plane dreading meeting tonight 
1	my ex hates me wont come back i quit a job with amazing pay moved back in with my parents cant stand the stress of getting a job going nuts alone all day friends have helped but things are getting worse and talking means less and less my life isnt moving i just wanted to talk with my ex i told them i wanted to die and i needed their help they wont talk theyre not coming back and i cant deal with it now the only thing i look forward to is smoking weed and trying to fuck
1	for those with experiencei amsurei am not the only one who feels like not being able to reach the age of 30 and especially not 40 having these suicidal thoughts come up all the timei am24 now and have thought this way since i was 21for those that thought the same way and are older now possibly 30 how do you think now do you still feel you wont reach 40 or do you feel like you wont reach 50 nowthanks for any reply
0	rewriting the drafts that were lost you do not know how much this sucks wordpress blog
1	cant get up and put a mask on i have class in 1 hour and i cant do it i promised myself i wasnt going to skip class this semester but i am in so much pain and exhaustion after binge eating to the point i couldnt breathe i threw up unsuccessfully and chain smoked i hate myself i hate this i cant get out of bed and put myself together for another class and thinking about everything i need to do makes me want to end it the 5th level of the parking garage seems high enough
0	you can literally google it one just happened in 2014 with all the race problems why is it so hard to believe he was killed its ridiculous to say covid is everywhere so i ll kill myself b4 it gets to me how can they gather enough evidence in 1 night to know it was suicide
1	is it really worth it guys i m really fucking unhappy i do take the effort to try and enjoy life but it is just not happening it s just strife after hardship after tribulation and i don t reeeeally see the return in all the effort put into it it s just the logical thing to do for me just kinda wanna play games that aren t out yet or experience new music those things are probably the only thing making me hesitate
1	i have never felt lower i got dumped and i dont know why i want to die
0	 morning there mate early day for you out there in ca it should be nice least the sun is shinning rain will pour in later 
0	 how d it go really noticed the difference in keith s photos with the d700 i want one now 
0	suppose to be preparing for sm bummed cried macy s blog nothing to do soon 
1	losing hope i am 23 years old living with my mom and over 2k in debt from medical bills ive been healthy all my life until i was 22 when i was diagnosed with a fungal infection some call it a candida overgrowth and its been haunting me since january everyday has been a struggle with feeling tired and this brain fog 24 7 i am starting to get answers to cures but all the cures have potential of causing other serious health issues i dont enjoy activities like i used to and i am starting to lose my friends because it seems like i am pushing them away but in reality i just cant find the energy to hang out with them ive been having suicidal thoughts often for about 3 or 4 months now becausei am tired of the suffering on top of this i was raised by a sociopath and suffered a lot in my childhood and my biggest fear is becoming like my insane dad this brain fog ive been suffering from feels like its making me lose my mind and making me feel more open to putting a stop to my life
1	i am tired of surviving i dont feel like i have really lived this year ive just survived when my husband lost his job we survived when my baby didnt have a heartbeat anymore we just survived when my fil got diagnosed with stage 4 cancer we survived its all we have donebut now my due date is a month away and i dont think i can survive anymore i really dont everyday it hurts i should be getting ready for being a mom and insteadi amlaying in bed imagining ways to hurt myself i have to see my friends get ready to have their babies and hate that its not mei just cant any more i hate not being pregnant i hate not being a mom i hate that my baby is dead i hate that my body failed meand i hate that i have to be strong my husband is watching his farther die i cant give him more to worry about so i havent said anything to him about thisi havent told me that ive relapsed back into my eating disorder its so bad my throat aches my voice is going out my chest hurts but i cant stop purging i know its killing me and i cant stopand i want to self harm i cant because it would kill my husband but i want to just carve out all the bad stuff i just want to die i want to stop hurting so much all the time i want to stop surviving hes gone this week and i am so close to just ending iti am not living anymorei amjust surviving whats the point i hate myself for even considering it but this isnt a life 
1	i need someone to hear me i don t even know what i need people to hear i don t have anyone to talk to no one to reach out to no one to hear mei feel like i have a ball of hot lead in my chest burning me from the moment i wake till the moment i fall asleep i would say im angry but that isn t the right word if i let my guard down for even a split second my hands shake with rage im so tired of being angryangry at the world angry at the people i see angry at my job angry at my bosses angry at my family angry at my friends angry at my selfi know i have a good life i know i do i have a decent job making decent money i drive a nice car that im paying for myself i live in a nice home in a safe neighborhood i have access to clean water and food i know objectivly that i live way better than most humans on this planet that being saidi hate my life i never asked to be born if i could have i would have passed on the whole fucking thing i don t want to be here so far as i can tell life is nothing but lonely misserable pain i never asked for this i never wanted this i don t need any of thisas far back as i can remember no one not any friend colleague nor familly memeber has ever looked me in the eye and really asked me are you ok my phone doesnt ring people don t want to talk to me people don t look for me people don t care about mei think about killing myself every day i want to kill myself im done living im done fighting for my meager existancelet me take a moment part of what adds to my frustration and anger at my self is that last sentence fighting for my meager existance as ive stated before i know that i have a good life i really do and i should be gratefull and happy but im not and that just makes me even more enraged fuck i hate all of it and i don t even know whythe only reason i havn t killed myself is because of my mother she created and raised me putting forth all the time money and effort i can t repay all that by just ending my life that being said what she doesn t know can t hurt her and after she dies im gone all my other familly fucked off to other places that i can t get to none of them have called me for any reason in yearswhat does it feel like to have people love you what does it feel like to see that your friend is calling you just to talk what does it feel like to have some one tell you they love you to your face what does it feel like to hold a lover in your arms what does it feel like to have someone stop by just to see if you re ok because i havn t heard from you in a few daysi am alone i have never formed a genuine connection with anyone not my mother not my closest friend no one i feel weak and pathetic i feel like an oversensative piece of shit that just can t handle thingsi want to cry untill i can t see i want to scream untill i can t breath and pass out i want my friends to call me i want my familly to care about me i want my job to not feel like slavery i want to fuck a beautiful person i want to race my car i want to practice martial arts i want to dreami don t want to be alive any more im done being angry frustrated and ignorant im so confused and conflicted about so very many different things i feel like all i truly understand is hate rage anger frustration fear anxiety and sorrowwhat does love feel like what does happiness feel like what does it feel like to be content whats it like with no stress what does it feel like to have no hot ball of lead burning away inside your chest blackening your flesh and buring all emotions awayno one has ever really listened to me no one can tell me how to fix my problems but i know of one solutioni can kill my selfno more anger no more frustratiion no more pain no more lonliness no more confusion no more fighting no more hate no more anything no more just no moreall of it gone forever i don t know what im alive why do i keep trying why do i keep fighting so i can keep paying my bills keep being rejected by every woman i have every persued keep fighting my own way of thinking just to people will think im normalthe futility of life is immense and insurmountable i don t get it i really have nothing nothing of substance nothin that makes me happyi have nothing i am nothing i want to die i want to kill myselfat this point it feels like im keeping myself alive out of some sort of habit or compulsion like how you can hold your breath but ultimatly your going to breath again but in some strange way i can feel my will to live seeping out of me i m so confused and scared and lonely i don t know who i am what i want or where im going i am not exactly an objective observer but to me i feel like this just reads like the inept rantings of some weak willed nothingcan you hear me hearing can you comprehend comprehending can you help mesomeone anyone please
1	i have never wanted to kill myself more than in the past few weeks 
1	when you are the source of your problems most often people want to kill themselves because of problems coming to them like abuse bullying i willnesses etc but how do you cope when your problems are caused by you and only you i do cringeworthy shameful things and spill spaghetti out of my pocket way too often shame embarrassment regret and lowself worth run through my body everyday at a great intensity i dont feel any sort of direct sadness lonelines or grief so that probably makes my problems a little different from most others here i often invalidate myself because of this i feel like since every problem is caused by mei am not allowed to treat it like a problem but i am still allowed to validate my feelings this is a rational thought in my head so i guess thats a good start but i cant bring myself to feel it i still feel ashamed embarrassed regretful and of low selfworth all the timedoes anybody have any tips on how to overcome these feelings
0	seeing that i m mute i can tweet anything i want to let me start with this we all should die and allow dogs to take control ruff ruff ruff ruff ruff ruff ruff ruffruff
0	it s like they have a late aged group of teenagers who want to cut into my brain add their own brain fragments trying to help me remember the teenaged works i already completed yeah that bunch is sick with a sick bunch they can go ahead die 
0	can t believe i m still thinking about her
0	i want to die
0	woo got a superman tshirt however it does not make me flynor shoot lasers from my eyes what a ripoff
1	id rather die than divorce i love my wife but i hate being married to her her depression affects mine and vice versa we are slowly making each other miserableerbut i dont want to hurt her by asking for divorcefrankly i would rather die than hurt her that way i would prefer to just rip myself away by violence then admit to her face how she contributes to my painto be fair she is a lovely woman and a very good wife when the depression isnt eating away at her to my discredit i am not the best husband regardless of my depression i wont go into specifics but suffice to say that my failings as a husband have excacerbated my wifes already potent depressiontldr i would rather kill myself than admit to my wife how miserable i am
0	never expected chennai would lose the match ipl
0	feeling a little better but sound a whole lot worse i wonder what this is is there a doctor in the audience
1	why should i keep going i dont have any family or friends and that isnt an exaggeration i lied to the only person i have my partner about being sick so they wouldnt abandon me i confessed half a year later we still live together in a foreign country where i know no one because i would be homeless otherwise i dropped out of uni twice i am unemployable i see no more hope i have to live with them for a few more months and they remind me all the time of how i need to leave in a few months making me feel even more abandoned they tell their friends about how obsessive i am and delusional i have no one else literally no one else 
1	am going to be homeless in 2 days and will lose my animalsi amdisabled with fibromyalgiai amleaving this world i have nothing left7 i have an evil landlady who is 75 she has fiance in a prison hes a felon serving 13 yrs hes 30 yrs younger than her shes rich she does whatever he says hes a moron who found out 7i was getting ready to go to law schooli am not enrolled the law school cant help me please dont go there he was coming up for a possible judicial release and wanted to make sure he got out this nutty landlady who lives next door to me approached me 0saying he wanted my phone number in case she had a health emergency read money emergency i knew this was nonsense but she pressured me big time insinuating i needed to do this because she let me have my 2 dogs and cats here i very reluctantly agreed he wanted me to do legal research for him and write a letter to the judge on hid behelf and he wasnt nice about it it he called me all day every day he began threatening me subtley but clearly he also said i would lose my apt and my animals this woman told him every personal thing she knew about me i started losing weight i began seeing a therapist for the first time in my life i knew if i refused his calls or wouldnt help him she would evict me i cant afford another apt where i could have my animals i have no family no friends i dont know anyone herei am in a suburb of cleveland called lakewood please dont argue with me that she cant legally evict me she can an last thurs she did in oh you need no reason it was a verbal lease the hearing was a joke i didnt get to present any evidence or literally say one single word landlady knew the magistrate like they were best friends she sais i want her out the felon didnt get his judicial release shes mad at me that she wont get to marry him right i am very i will with fibromyalgia my life is nothing but pain and fatigue but i work as much as i can i have a pending ssi application but it can take 2 yrs i have 2 days i could find another place to live but i had 16 days with the animals and my i willness 16 days isnt enough time theres an agency that claims they will so help you lakewood service center theyve done virtually nothing theyve taken their sweet time and wasted what little time i had its a cruel joke i contacted one of the tv stations via their contact form but never heard back from them thise lsc is telling me i have to give up my animals not doing that i actually found a place with a family that will take me and the pets but lsc have to inspect the home they will give you 1000 for 1st mo rent and deposit if it passes muster it will but it cant be done in 2 days this really enthusiastic social worker who is supposed to do the inspecting during the day mf these people work they cant do that the public kennels here are hell holes that make you wish you were dead just going inside thats why i want to go to law school to get animals civil rights my 2 dogs and my cats are all geriatric 2 are sick they need me i cant take it i love them theyre all all i have in the worldi am59 yrs old not 23 i cant take abandoning them they will think in this hell hole itll probably kill 2 of them no they dont provide them medical care the workers hate them ive done nothing wrong nothing i have lost 50 lbs in 4 months from anxiety and seeing this coming the hardest part of all is not taking myself out its abandoning my animals they will suffer in hellish misery for 10 days to 2 wks before they put them dowm kill them gas them to death this has been my lifes work i know what they do i wish somebody could help me but i am so tired i have nothing left 2 days i would give so much for 1 real friend i could stay in someones garage but no one will help or care afteri amgone there may likely be some public discussion about how unstable i wasi am not unstable there is nothing wrong with mep but ive had enough ive been fighting this for months i have nothing lefti amleaving in a few days my dogs and cats i love with be with me
1	after i smoke the last bit of my weedi amdone goodbye reddit
1	i dont see myself getting better anymore i used to enjoy things even if i was down i could see the light and now i canti amstuck
1	i started school and its been hell for mei amhonestly debating suicide at this point i dont know what else to do ever since i started school my anxiety has just been through the roof my parents are divorcedi live with my mom my mom is not financially stable right now my dad abuses me a shit ton every time i see him i have no friends on the internet or in real life i have a bad cuttingself harm problem and ive tried multiple suicide attempts and all of them failed i really dont want to be at school because i feel so uncomfortable there and my mom wont look into doing online school or homeschool for me which pisses me off even morei hate my life and i feel like all thats left is to just fucking off myself
0	it s snowing in april ugh sometimes i hate pittsburgh i miss la 
1	i deserve it this past year has been rough i made a lot of friends and lost nearly all of them one after another for reasons ranging from disagreements about politics to someone legitimately trying to manipulate my friends into dumping me because they thought i was making everyone else depressed ever since then that person has been stalking me another person also started stalking me after they decided to end our friendship because i was being too nice to other people and he thought it was fake of me ive lost other friends countless friends throughout the years and these arent the ones that have hurt the most but theyre more in a string of bad endings to friendships that always seem to be my fault so ive been thinking i must deserve it i got up today thinking about ending my life and thats all ive been able to think about all day long my family would get over it my friends would find new friends if they havent already the people who live to torment me will probably be pleased as pie everyone can just go on without me and itll be fine the only thing stopping me right now is cowardice but i amseriously afraid that will eventually run out 
0	 because i am in chicago where it has rained for past 24 hours and not gonna stop til tuesday 
1	fuck feelings all they do is make me feel worthless and numb a l
0	i slept so terribly last nighti got no sleep i m sooo tired now zzzz
0	working on my job application and online portfolio designing for myself is hard work 
1	this is the last chance i have no hope i cant control my emotions and i know nobody understands how i feel and nobody can help me i dont want to live anymore and there isnt really anything stopping me from overdosing right now to make it stop 
1	i dont know why this is happening to me everything was going great i was really happy with life for the second time in my life the first time was 2015 summer and it felt like i was in heaven i was feeling great but something made me feel like this i used to have real problems i used to be alone at school and no one except for my few friends cared about me but now i am going to different school i left everything behind i dont have problems being alone anymore but still when i think what will happen next i just get the view of me fucking everything up and i cant cope with it anymore every time i try to think about whati am going to do i just say kill yourself the world doesnt need you anyway and i dont know why it is happening i attempted 3 times and they all ended up with me saying dont do it but i still want to do it i just need some advice on how to cope with this i cant tell this to anyone because my friends simply wouldnt care i cant sleep i cant relax i cant do anything because a lot of my life is just me thinking what i would do next and you all know what happens when i think about that
1	i dont want to die but sometimes i just wish i didnt have to wake up
0	looks like no nascar today 
1	amjust so tired ive been suicidal for a little over a decade everyday i think about killing myself without fail obviously on good daysweeks i hear that thought in my head and just shrug it off but the bad daysjust keep piling on and keep getting worse and worseim just tired tired of everything tired of continuing life because its selfish of me to end it how is it selfish of me to want this pain ive been feeling for the majority of my life to stop but not selfish of to condemn me for feeling this way because dont want me to diei cant handle this right now any of this and i just feel like everything is closing in on me this strange feeling that my life is coming to a close soon i try to try and let it all out but no matter what i can only muster up a few tears after years of suppressing emotions and tears and sadness i think i broke myself and i think the end is in sightall i ever wanted was to feel happy 
0	whitout friends 
1	 you can t see i am hurting you don t notice the pain it feels like everyone else is sitting in the sunshine while i drown in the rain 
1	am not sure where to put this but it looks like this person needs help has been posting suicidal things as of late and i dont want them to do iti amputting this here so hopefully someone can help this person out more than i can
0	i actually want to die i hate fish
1	yesterday i sat on a scaffolding today i want to go there again in the night there are no people around that place its the 6th floor and the exact place i searched for a long time its pretty much the perfect place for me to die and ive searched for it a long time yesterday i didnt jump for one single reason and nowi amdreaming of going back tonight and jump this time i wouldnt make the mistake which held me back
1	i cant keep doing this i dont care that this is on my main account now i dont want to spill out my lifes guts but i know ive struggled with severe diagnosed clinical depression and suicidal thoughts some attempts for 10 years now with a multitude of different contributing factorsive tried seeking out help ive tried various treatment methods i keep trying to look for reasons to find things that help to find my last desires to live i want to make it through i desperately want to not feel this way i hate when i cycle back to depression whenever ive been making some actual positive progress in life and with myselfam i worth coming out the other side am i worth getting through this i dont believe i can win its getting increasingly hard to pick myself up and try through each day through each moment i feel this impending doom in knowing that if i continue along this downward spiral i wont be able to find any more will or effort to make the choice to keep fighting
0	 i don t have to kill you to show you why you need to be afraid of me bonnie bennett you may think you are clever and strong but if i want you dead i can have it my way yet not today this was fun but walking away from her now leaving her to die was a no 
1	i often think i would be better dead hey so i have sa a lot of it when i think ive hurt someones feelings or done something embarrassing i just want to die now a lot of people say ohh i wanna dieee but i actually do i hate dealing with some drama i had with someone i would rather just die and not deal with it ever again but theres often times wherei am so happy in alive night car rights or hanging with friends doing whatever but ive been thinking about wanting to be dead almost everyday i wont ever do it but its getting out of hand how much sa can effect me
0	i love visiting my sister i don t want to come home and go to work tomorrow 
1	hello ive been strugling with depression for the past 3 years and ive been suicidal for 2 of those it all went ove the edge when my ex killed herself and left me and her son i was 15 atm and i amnow 19 and everyday is getting harder to get through and all night i get nightmares about either my dads abbuse the rape i went through or my exs suicide i dont know if this will do annything but i just needed to get this of my chest sorry for wasting your time and have a nice day
0	 over it 
1	ama 28 year old loser i have nothing no job no car no money all i have is school and i am still in undergrad because i worked for so long in restaurants to make money for school i hate my hair cheeks jaw nose body shape and body in general i have nothing
1	drinking habits i noticed that my drinking pattern has changed i noticed somewhat a half a year ago that i became more and more destructive by drinking more than i could handlewith this i became more prone to want to drink more especially when i felt bad and depressed2 times i remember drinking to then take my life but ended up passing out instead i dont think others have noticed since i often drink alone which is good though when i drink socially people often ask ifi amok and i respond with thati amjust tired i try to not drink but theres a strong pull towards it because i want to numb whateveri amfeeling and thinking
0	it takesss tooooo long i die when i arrive travel the swears is so hard i want to know what is this
1	i really dont want to live lets start off by sayingi ama teenager ive had moments of happiness sadness everything many times i felt suicidal but today just takes the cake recently i started high school i had one friend in the class i was in yet i decided to change the class so i could be with a friend that i was in class in middle school well i changed the class and he treats me like dust like i dont exist i cant believe this i made my situation from bad to terrible i had one friend to talk to now i have literally none all day in school alone i dont thinki amable to change the class again because you need a replacement person to take the place this really might seem like a minor thing youll make friends in the new class no i wont its full of scum and i have 4 years of this everyday in front of me i left the school early because i wanted to cry and i wasnt able to sit there any longer i had a mental breakdown today and stood on the train tracks thinking if i should end it i decided not then i go back to my house and it appears the teacher called my mom there i had an argument with her i thought that it would get better but it didnt it seems like no one cares about what i feeli amcompletely alone now and this really makes me want to put an end to this in the end we all will die so its basically like a shortcut i dont know i really dont its such a simple thing to fix just change my class back to the old one but these pieces of shit teachers dont give a single fuck about it fuck this shit man 
0	i ran more today than i have in the last 12 months 
1	last help i am a single 35 yr old woman i lost my father last year mom is in a sorry state very fragile as a child i was not the preferred one and was sidelined for my sibling brother i was led on by my bf for 8 years and now i have run out of options to settle down since i come from india i stay with my family i am not treated well i am also facing issues in my office i dont have friends it feels like not a single soul on earth really cares for me i dream of running away and ending my life every second i just needed a friend but no one cared i only see one way out of this misery and that will benefit everyone i wont be missed for sure
0	when man like rodrygo barely starts
0	off to pick up the dog doctor s note and back to work 
0	 my sunday almost over 
1	why live with a demented brain why shouldnt i kill myself i have nothing to offer just got back from the doctors office and found its likely i have cte from a neuropsych testi am25 memory scores were in the bottom 15 for most categoriesi was a gifted student in elementary school and graduated from a top university years of football will do that to you i played since i was 8 and continued playing at the collegiate level until the last concussion knocked me out and was the final blowwhy should i keep going doctors have told me by 30i ama candidate for full blown dementia and will be a nursing home at that point ifi am not already dead i just dont see the point in life
0	 you ve got me craving for sonic 
0	working all day today no sunshine enjoyment for me today 
0	 enjoy the spice of life try hotpot the shining star of sichuan cuisine
0	why do i have to go to the sitty job more often than the nice one 
1	am so worthless everyone around me is so successful everyone around me is loved me things i can doi am not great at no one truly loves me i feel so alone i feel like my existence is so worthless
1	i need help for my friend my friend is showing many signs of suicide and depression he casually brings up jokes about dying i usually try to laugh it off so it doesnt darken the mood i ve had a serious talk with him only once and it seems hes depressed because he isnt popular and doesnt talk much with other people besides me and some other people i know for sure hes suicidal because ive seen him post something like i dont want to live anymore what should i do
0	i hear thunder i don t like thunder 
0	i dont want to die
0	i dont want to die
0	so freakingg sickkk ughhh 
0	am i the only fucking person who felt nothing at the critic burnt fight if the dumb bih didn t want to fucking die he wouldn t have wandered so far from the station
0	going to school soon i dont really want to go 
0	thank you for taking the time to write this for your response i ll check out the facebook page and yes peace first just want to make sure we are supporting our aboriginal community in their grief and protecting them from the police especially in such uncertain bill 1 times 
1	i know my worth but whats the point of no one else sees it i am a really smart person i know at least a little bit about everything i dont know i ve always wanted to go to utah for some reason and watch my favourite show one last time all the way thought then put a gun in my mouth maybe watch it over 2 or 3 days in a hotel and then do it just to feel emotions one last time nothing makes me happy anymore i kicked drugs but i ve been abusing alcohol for months now do you know what it feels like to feel like you could accomplish anything but no one would acknowledge it do you know what its like to dream of something since you were a kid only to realise life passed you by because of your mental i willness
1	been postponing suicide because of mum and dad but should i really ive been contemplating suicide since the age of 20 and am 25 in november this year you can look into my posting history for more info on my situation life has improved for me but i am not sure i want to stay in this world anywayup to recently the strongest force that was holding me back from committing suicide was the idea that if i die before mum and dad theyd have to bury me and man id hate making them go through this as time went by however i became getting number to this concern oh i will be causing them pain no they caused me lots of pain by bringing me into this world oh they care about me well they dont seem to want to put any effort to keep me alive why should i put that effort for their pleasuresame goes to the method of suicide i consider which is jumping in front of the train oh will it be an inconvenience perhaps even a traumatic experience to the engineer and the passengers if they are against assisted suicide they deserve that inconvenience if they are for it my death will be a precedent they can use to advocate for assisted suicide so i will help thereso really whats there left to stop me
1	after nearly giving in i ve made myself a promise last week i drove out to a local suspension bridge its in the middle of a park which is closed for the season and doesnt receive a lot of traffic the bridge itself stands 232 feet above the waters below which would be ample distance to reach terminal velocity allowing a quick and certain death as i looked down to the river below i thought about just how many people have been where i am how many of them could use just one person to just listen not judge or tell them how to fix their lives but just listen and allow for them to spill their guts and get that god awful pain out
0	good to know you want to see how many more americans trump can impoverish kill in another 4 more years i rather not myself but i m not part of a cult that is mindlessly loyal to trump no matter what the fuck he does 
0	back from ohio i ll be gonna again in two weeks going to spend the next few days weeks months however long my mom wants me for after to help take care of my grandma 
1	amobsessed with finding out how to kill myself now since the last time i tried it felt really calming thinking i might die and i want to feel that again how do i break that mindset kudos to you that you are already wanting to break that mindset that takes something are you seeing a psychologistother then that do you want to talk about what happened to bring you here
1	amfeeling hopeless i dont really know how i ended up here but i think i needed to find this basically ive been depressed for a very long time since i was a kid i felt sad all the time my dad left when i was young and hes a bit of a dead beat so i never really see him and hes never been a part of my life my mom started drinking to cope with losing him and the father of my half siblings her husband who skipped the country and never came back the drinking got pretty bad and increasingly worse since i was bullied throughout primary school and some of secondary although the person who led it ended up becoming my best friend and had one of the most impressive and genuine character development ive ever seen i got attacked by a guy when i was 14 he slapped my ass so hard that it left a bruise pinned me down and felt me up he tried to get us to play hide and seek hed taken my phone so i couldnt contact anyone and it was only recently that i realised he was trying to get me alone and i dont want to think about what for anyway i refused which resulted in him bashing my head against a lamp post ever since then ive had horrible anxiety and my depression got a lot worse after my first break up when i was fifteen i started taking drugs to cope because i felt like everyone had let me down being so depressed caused me to lose a lot of my friends ecstasy was my drug of choice but after a year i just stopped because it wasnt making me happy and thats all i really wanted i started hurting myself too which lasted a bit longer i stopped going to school too ended up leaving in my last year i lost interest in everything i used to love when i was a kid i used to cope by reading it was something that took me to a different place when my mom drank herself into oblivion and gave me an excuse not to think about putting her to bed after shed passed out on the toilet or on the kitchen table i left home when i was 16 i moved in with my sister and my mom tried to take her own life because of what i did so i moved back home and thats where ive been since terrified to leave in case she hurts herself no future in sight i have nothing i want to do nothing to aspire to the idea of living the rest of my life stuck in a shitty job feeling the way i feel is overwhelming ive been getting help on and off since i was fifteen and ive been steadily going for a year and everything seemed like it was looking up but its not i have crippling self esteem issues horrible anxiety and no will to livei amthe closest ive ever been to taking my own lifei ammore serious about it than ive ever been i tried to get anti depressants from my doctor today kind of a last ditch effort to be happy but i guess she didnt believe me so yeah i thinki am going to take my own life by the way this whole subreddits concept is really sweeti amhappy i found it
1	amjust so tired playing another round of dont initiate a conversation or talk to anyone unless they talk to me first as a result i havent spoken to any friends or family in two weeks and counting i never realized how desperate i was for human interaction until i realizedi amthe only one keeping myself in each of my relationships as soon as i stop trying its like i never existed to themmy job is unfulfilling the sort of nightmare that first made me dread entering the workforce thati amthere for the money at the expense of my mental health the only things i can afford to spend the money on are rent bills etc its a cycle of pointlessnessi dont have health insurance and am not aware of any sliding scale type therapy options in my area i basically lived in the counseling center in college in hopes that id be better adjusted when i got out as much as they didnt like it id just make up something new to get myself back in there after my however many sessions ran out it wasnt healthy its been ten years and i amfinally realizing thati have to get up for work in two hours or i could just finally embrace the inevitable and never go to work again i thinki amready to never wake up againi am so tired
0	i dont want to die
1	there must be something wrong with me and not the world so the only solution seems to be to kill me it s simple thats not true the world is a messed up place while their may be something wrong like depression it doesnt mean we are flawed
0	 oh i am sorry to ear you miss your mom and your family 
0	i played one round of apex and someone called me a fucking squeaker and to kill myself because i was trans and chose mirage and was stealing all their kills 
0	no pls i don t want to die young :(
0	i don t want kakashis strip club to die i won t be thread famous any more and that s like a crime
1	my depression is getting better why am i still often fantasising about jumping the increased energy and motivation but not full rectification of the problem its why antidepressants have that black box warning do you think that might be it
1	kill me now
0	 too bad you couldn t wait another month or so for me to sell mine 
1	another post i literally posted like 2 minutes ago probs this wont even let me post this shit for a bat the only thing that keeps me save is really video games and the musici amworking on but they are so uselessi amhorrible at then so its not like i can make a living off of them i wish i had a talent for anything i wish i was t such a flawed product i wish another sperm would have won and i want here i am just a shut a piece of filth i dont deserve to be here so many more people who deserve to live so much more then i do but cant i wish i could make things better for people who struggle like the really ooor in africa and asia
0	i hate reveluvs i hate them so much when i see them i just want to die i feel my blood boiling and my skin burning and my eyes watering my heart drops and i feel like fire is consuming my entire body why are they so evil and cruel i hate them 
0	 i m having 1 of those days 2 amp i hate it 
0	went to the lavender ball gay prom at case western in cleveland ohio was ok me n the hubby argued but all is well now
1	i can barely stand it anymore both of my parents barely ever pay attention no me they mainly just talk and be with my older sister my depression and anxiety got the best of me a couple weeks ago and i ended up cutting my right arm kinda bad my mom only said something about my arms yesterday because i was drawing on my arm not the cuts i honestly dont know how much longer i can go on like this ii just dont know what to do anymore
0	it s such a wonderful day i don t want to revise 
1	nothings working i recently got into a new hobby that i am very interested in and i ve been able to hang out with close friends every time we get to i have a lot of fun my boyfriend and i go to different universities so we dont get to see each other often but hes been starting to visit once a week ifi amlucky all these things contribute to my happiness but its been small temporary spurts of it other days i will have thoughts of self harm or jumping in front of a car things like no one will notice me gone or if i disappear it may be easier on my family since its one less mouth to feed one less tuition to pay for or if i disappear it wont make a difference in anyones life i just have a constant voice in the back of my head that tells me i dont do good enoughi ama nuisance to others and i should kill myself ironically i am very afraid of death so i go to self harm instead its like a chickens way out i try not to do anything rough enough that it will leave marks but sometimes bruises or small scars are left 
0	about to do laundry save me
0	i m sad and i don t like it because he s not worth it 
1	i want to kill myself but i cant do it ive been considering suicide for so long its almost unbearable every time i think about it i always end up chickening out because of the consequences id leave behind killing myself would have no purpose since everything thats happened to me up to this point is all my fault i cant handle it but i cant kill myself i dont know what to do now
0	 well ive never even been on a plane before 
1	threatening emails from yelp are the best 
1	i finally figured it out i think ive been ready to die for a very very long time i can remember a time back when i was 12 years old and i was watching the 4400 with my mom and older brother there was this episodei am sorry i cant be more specific it was a decade back where people had created a shot that could be given to normals and they had exactly a 5050 shot if either getting superpowers or dropping dead both my mother and brother debated while the credits rolled each determining that even for the chance at getting some amazing powers they wouldn t want to risk losing their lives i said something along the lines of but it s a win wither way you can either join the 4400 or you don t have to live anymore i still remember the looks on their faces i think it was the first time i started to think of myself as a freaki m 23 years old and i fucking hate myself i think all people are inherently valuable from that which they bring into the world and people around them how does one measure a person by their impact and for as long as i can remember i have found myself lacking i am truly ugly a round face and dank hair and a potato of a body that trips and stumbles and brushes into other people without their consent or desire i m weak emotionally and physically couldn t fight to save my life and wouldn t have the strength of mind to do it anyhow i m manipulative so many people look at me and think that i am a good sweet thing that only smiles and offers lame jokes and loves life when in fact i detest living with every particle of my being and am able to fool everyone i know just by acting like anything matters to me when i am in fact growing more and more certain that nothin nothing nothing does at all i ve always unerringly thought myself a fine actress and the fact that no one around me known enough of my turmoil to think that my jokes about can t wait to die might just be real really proves it i m stupid and in a field where i will never bring discernible contribution to the world around me other than serving people who like myself don t give a shit about me i m sick and twisted and lost in memories and halffuckingcrazy i am a liar and a thief and some dietform of a sociopath i m grayson and i hate myself for a long time i was able to convince myself that maybe just maybe killing myself wouldn t be the best idea i tried telling myself all of the usual things my job will need me my family will be devastated my friends will miss me there are so many things to look forward to it gets better white noise in my ears anymore my job doesn t need me i love what i do and once imagined myself doing it forever but let s face it it doesn t take a genius to check people into a hotel or manage budgets or plan parties i see coworkers getting promoted all around me with less experience and less time in the industry and less or no education and it just reinforces to me over and over and over again that i m not really hot shit at my job i m not going to do anything amazing or make waves i ll just be in my entrylevel position for another three years working my ass off and still just not being good enough because desire and ambition don t make it in this world connections and talent do neither of which i have i am at the point where i have managed to convince myself that my family would understand why i did whatever it is i am going to do my father was once suicidal and he survived by the skin of his teeth and made a change for the better in his life and then he had my siblings and spawned me into this world i was never a very good daughter the kind that my mother wanted and needed but my little sister is there to help her through any loss she might feel in my death and god my little sister she s perfect beautiful and smart and kind and funny and hardworking she s going places and we all take pride in her every move i like to think that she would be understanding about what happened maybe a little sad but knowing that i am worth more to a world i am not in than one i am consistently fucking up my older brother doesn t even know me anymore hasn t been interested in me for a long long time my little brother well we love eachother but he s a very sensible person logical almost to a fault he can understand that there is no point in living if you re not going to do anything worthwhile with the gift you ve been given truthfully i think that the only ones i have any doubts about are my niece and nephew i love the hell out of them but they are so very young sweet and impressionable and innocent when i m gone it ll only take a few years before they forget auntie grayson and it will be better that way life is always better without me i have three best friends in the world one of them uses me clearly and obviously because i gratify her need for attention i d be of better use to her dead because then she can revel in being the mourning friend of that dead girl my second best friend is a strong woman married and independent and tough as nails she was fine before i came into her life and she ll be fine long after i m gone my last best friend my oldest and most important well about a year ago she booted me our of her life and told me she was better with me gone and really she was the minute i was gone she found a better job managed to get engaged and bought a house we re friends again now had a weepy reunion and all that bullshit but there s a hollowness there that was never acknowledged before i mean she clearly excelled when i was driven from her life me ducking out now can only help her further i am a bad person i am toxic and shallow and wrong i wish sometimes that someone would come and just beat the shit out of me so i could feel as if maybe just a little bit i am making headway on the punishment i need but i ve been unlucky enough to avoid anything akin to thati ve started to realize that life doesn t get better i am 23 years old have a good job and a boyfriend of more than a year that i love i am almost done with schooling and i feel nothing i google is it okay to want to die and why is my presence a blight upon this world i drink sometimes and it helps me sleep i take burning hot showers because the tingles on my skin make me feel like someone is toughing me like maybe i am being held and sub sequentially held back but nothing i keep trying to rationalize my existence i believe that everything happens for a reason and i have done some good in my life a drop in the bucket but there s really nothing more i can contribute to anyone and i feel like my death is the next step what is the point in hanging around if my purpose has been fulfilled and more to the point my life ending would benefit the people i care about a good great deal my family and friends would receive the benefit of my years of savings and frugality my brother would have a completely paidfor apartment for another year and all of my clothes and things could go to people who would actually appreciate them to people who need them and want them and care some people i think just aren t meant to be alive some of us are mistakes and we need to correct mistakes i think i ve made up my mind to kill myself it is not because i ve had a bad life or because anyone pushed me into it for once this is something i m doing all on my own and for once it is something good i feel so at peace knowing that i finally made a choice i don t know when or how though i imagine soon and i hope with a gun i ve had a living will and a life insurance policy for some time and all i really need to do is decide whether or not to leave a note i don t think i will i don t want people to remember me i m not sharing this to get advice or people telling me not to do it i just wanted to be honest just this one time and tell someone what i am really thinking what i am really feeling and god do i feel light thank you for your time better luck next time 
1	am not at a good place right now and i want out forgive me for bad punctuation but anywaysi ama 24 year old lost and broken soul off the bat i will sayi ama 100 loser and a fuck up how the hell did i let my life get to be this way ive achieved absolutely nothing except becoming a felon before the age of 20 and have all my rights taken away i got 7 felonies from 1 crime at 19 years old 3x grand larceny statutory burglary conspiracy obtaining money under false pretense and possession of a burglary tool my foot i plead guilty to all of it i did a little time for it in there i realized this does not define me at all i finished my short tenure and was released i had no idea what i was in store for i became homeless jump ahead 5 years i am still homeless since my release i still owe restitution and just cant afford to pay it payment plan or not and this unfortunately is preventing me from owning a drivers license and a car yes these are only materialistic things but in our society and especially you need wheels ive had 16 18 year olds coming up to me asking me what kind if car do i drive i feel like total loser telling them well actually ive never had a car i cant even date because most women like a guy with a car and money and confidence and a future i went to college real brief and ending up flunking out i jumped the gun on something i wasnt fully prepared for finding a job with no experience as a convicted felon forget about it ive been nothing more then a total disappointment and a failure and thats all i will ever bei amjust a statistic and pretty sooni amgonna become a statistic for something else suicide in felons you can call me a coward or tell me itll get better or say never give up but its already too late thanks for those of you who actually read this and goodbye 
0	on my way to twickenham for army vs navy rugby match stuck on the m25 though 
0	 i knoooo womp womp womp i missss everyone lol
0	shower then to workno weekend for me 
1	i fantasize all the time about how people would react if i went through with it would they be sad probably would they be angry at me for being selfish maybe will they pretend to care for a few days then go back to their normal lives never thinking of me again yeah
0	rummicube just started and i haven t put anything down 
0	 you can set your profile to private so they have to ask permission before they can follow your on your own for the other 
0	is it bad that when i die i want my grave to be graffitied
1	yes i went all the way out to this tree here so i can kill myself that s exactly how that works ohh and racism doesn t exist 
1	am i selfish sister of suicidal personi amthe younger sister of a suicidal personi am going into uni this falli am going to school out of state 5 hr plane away and my mom is actually with me rn to get me settled and stuff yesterday we had a scare when my siblings so texted my mom and said my sibling was suicidal my sibling has been in outpatient therapy for about 5 days and they said yesterday was just a bad day for them but my mom decided to come home tomorrow bc my sibling is alone at home and ofc shes worried about what theyll do i understand this and i was the one who actually convinced my mom to go home early bc i want my sibling to be safe however i really feel kinda upset about her going home early growing up my other siblings were always the ones who got all the attention and i was the one left in the dust i know theyre not doing this for attention but i cant help but feel like its never my turn i dont want to be like this bc my sibling needs all the support they can get right now am i being selfish 
1	amdone and need to do it right fucking now i have a knife a bath 18 pills of androcur 30 of progynova some posion in the freezer a high bulding in 3 kms a railway in 5 kms whats the best choice
1	since i was 9 years old i ve always been having suicidal thoughts and for the past 9 years the only thing stopping me was that s impossible to get a gun in england and i want my last moments to be painless my life s always hurt and just keeps getting worse and worse and i can t bear it anymore i spend my free time while i m not at college researching on suicide methods that i ll be able to do without arousing suspicion beforehand and i m stuck
0	i never thought that everything wud end this way you can take a blue sky and turn it grey i swore to u that i wud do my best to change 
0	i had a dream last nite that i could twitter from my fone one thing i hate bout my fone 
0	at work on saturday 
1	i was so lonely i ate my own shit as a kid first day of junior year in college and i amsitting in my dorm alone i guess i should be used to this i have friends but they all thinki amdumb they know i have issues but they think theyre so innocent they think my insecurities are about my appearance or height or difficulty talking to girls or some other normie shit and of course if i want them to be my friends i cant straight up tell them whats really on my mind i have to pretend to have other issues i have a couple friends that i pretendi amsecretly gay to another few that thinki amtrans some that thinki amjust anxious because whenever they think they figured me out i run with it becausei amterrified of anyone actually where i truly come from i have dumb friends that thinki amjust dumber than them and i have smart friends that thinki am too smart for my own good i hate that the only way i can stay sane and socialize is to pretend to be all of these stupid fucking normies and they give me all this stupid advice that i could have just gotten looking at quotes on instagram none of which btw have anything to do with accepting yourself when you literally gave up and ate shit at age 12 the ones that think i dont think about things are the hardesti am in this mess because i thought about things too much and i still do nobody has ever written a song about being so lonely and depraved as a fucking middle schooler that ate their own shit my friends think i dont really care about music because i dont bother to listen i listen i just havent heard a song that sings anything relevant even inspirational people well nobody remotely remarkables rock bottom seems to be even close to a 12 year old manufacturing their own intimacy by eating shit pro tip if you cant get normal sex just warp your budding sexuality into something that you can get then when it solidifies and becomes part of you you will never have to worry about getting off again hate yourself for it and regret it even bigger turn on since you can get off to that feelingi keep running away from people and as i get older its getting harder and harder to start over i transferred colleges before last year and honestly as much as i feel like i want to preserve my relationships and make new friends i feel so guilty that i have to lie to them and trick them into thinkingi am not a disgusting subhuman being they dont get why i act the way i do the only talent i have is writing code i fucking hate thati am so good at it that everyone assumes i must be fine like a kid who can shit out so much fucking code isnt a red flag for someone desperately trying to figure something out but everyone just keeps praising me and giving me money and i feel like i dont deserve a reward for being the most fucked up 20 year old toys will keep me entertained for a while and with plenty of money and very few friends thankfully i can afford them but i dont see the point in living if the monster that is the real me has to stay locked away i just leave a path of confused possibly hurt people the world doesnt need that 
0	someone on a villager trading group just called lucky a terrifying demon and asked how to get him to leave bitch u better realize how blessed u are to have gotten him randomly people would kill for him and i myself paid 60 nmt for him
0	i hate reveluv i hate them so much when i see them i just want to die i feel my blood boiling and my skin burning and my eyes watering my heart drops and i feel like fire is consuming my entire body why are they so evil and cruel i hate them i hate them so much 
0	 wish i could see you again when you come to torontobut i will be in ireland it makes me sad 
1	hey my life before i actually die ive lived my life to 20 ive dated my own blood and ive smiled like it was halloweeni ama guy whos a gamer just another person right this is my second time ive bit the barrel of my gun this weeki amalone just so very alone noone likes me for who i am and i have to pretend to be someonei am noti am20 and never had a gf never kissed anyone nev er hugged a non family member never cuddled never even held someones fucking hand girls all the time say or if thats flipping true then why do you stop talking to me in 12 hours everyone just ghosts on me for no freaking reason its so dumbi am so nice to people i give them everything they want i have never had anyone there for me noone ever why do i feel pain when i smile why do i cut and then i smile why do i wanna die and see if theres light why do i wanna cry instead of continuing on h this fight whats it like to actually have someone in your armsi am in virginia usai ama guy everytime i try to seek help all people do are like call these people thry will help you wanna know what suicide hotline does they track ur number and send police to your house then they put you through all this shit that then puts u in fucking debt how about instead of pushing someone off like that you freaking talk to them yourselfi ambleeding a fucking river here and legit if someone saw me bleedingto death in public theyd probably dial 911 on my phone and then walk away while i was laying there bleeding to death thats how fucked up people are legit noone out there who gives a fuck about me anymore so why the hell not end it i bet anyone who saysi amhere for you will leave within 12 hours soi am not even guna bother i will be the one to leave within 12 hours this time
0	 ahhh i was just there i miss it 
0	seth rogan can u please come save me i can t find u right now and i can t deal with this 17 year old mosh pit going on 
0	did not enjoy his movie 2 thumbs down 
1	really want to commit suicide but dont know how ok as you can tell by my title i am struggling with life massively at the moment i have literally nothing going for me i have spent the last 4 years without any friends girls despise me and i cant even look at a girl now without getting shot down i havent had a relationship in 5 years which just makes me lonely and depressedi am a 19 year old guy who is on the verge of doing something i might regret i am currently studying in a nautical college for the merchant navy i am now about to drop out because i couldnt make friends down here and am struggling massively academically i have already done a year at college and am on my second year i have been bullied by a lot of different people at different times so i dont know anymore i have been to a counsellor before but he made me worse been to the doctors but they just refered me to a counsellor and wont give me any anti depressantssometimes i think why the hell was i even born when i could give my life to someone more deserving of it than me and who would enjoy it more i know i am different got social anxiety and a whole host of problems but i pity anyone who goes through this or worse i cant describe how it feelsanyway i wish i didnt care about anything as i really want to commit suicide but there are too many things stopping me what happens if there is a hell which might be worse than earth will it be painful mess it will leave on my family i could be unsuccessful and leave me like a vegetable which would make me hate life even more i really just wish i could build up the courage to do itanyway rant over there is a bunch of other problems i have which i havent covered but i am too tired so just kept it short
1	bpd depressed and pregnant hi guys this is my first time writing here yesterday i found out i was pregnant from a guy i was seeing the funny thing is that he not only pulled out but i also took plan b the following dayi amonly 2 weeks pregnant and i amdefinitely getting an abortion the thing is ive been through so much in this life mothers death adoption weird father economic problems housing situations that i dont know if i will be able to emotionally survive i just cant understand how some people like me have such fucked up lives can somebody relate to thisthank you
0	the most boring dinner ever i hate being stuck in the house wanting nice food and not having any sulky mood coming up 
1	how do i feel better enough to do something since april ive been spiraling downward i have to finish some classes by november but i amparalyzed by depression i dont have insurance so i cant afford therapy or medication my days are completely empty i spend most of my time in bed i take sleeping pills throughout the day to sleep away my time i just cant get motivated or interested in what i have to do i feel like its a lost cause at this point that i will never get my work done i have no friends i dont want to live 
1	i wish i had a gun one bullet is alli amasking for sadly its impossible for me to get and too much of a pussy to do it any other wayi am tired of it allanyone care to talk
1	i need help but dont want iti amchris a 13 year old male who lives in floridai amhomeschooled and have no friends ive been suffering from major depression and dysthymia for about a year now and have symptoms of ocd and have told nobody ive been using weed for about the same time and it helps me cope with my anxiety i know my parents do it too but they dont know i know they have a dab pen my brother found it and invited me too do it with him but thats not the main reasoni amdeppressed anyway me and my twin were caught using it at around 3 in the morning my emotions are going crazy this was the breaking point for me i feel likei amdead inside my depression has been more than ever i started inflicting self harm my anxiety is out of control and i want too kill myself more than anything in this world i feel likei amloosing my grip of reality and i dont want help but dont know how too cope with thisi am not sure whats going on with me and i amconfused on my decision too post here this is possibly the last day i will have my phone and computer for a while soi am going too review comments as long as i have everythingi amjust looking for someone too help me though this or tell me whats going on i dont want treatment and i dont want too talk too anybody about this i have severe social anxiety and have trouble talking too people i have other secrets that i try too hide and i amhesitant to say even online my life is online i dont interact with anyone but online friends so i dont even have anyone too talk too someone help me please sorry for incorrect grammar or spelling i usually dont type on my phone at all and autocorrect can be a fag
1	amexhausted depressed and a majority of everyone i know would be loads happier if i were to end my own life i wake up every morning to at least 2 people calling me names insulting me or abusing me in some shape way or formi am tired of being called virtually useless wheni am doing everything i can and when i already do a lot i know that if i killed myself i wouldnt have to hear this any longer which is the thing that seems the best to me i am convinced that i wasnt meant to make life past high school graduation and the thing is its my senior year and i graduate in may i cant go a day without thinking about how purposeless i am i dont know whats keeping me here i have no real reason to be here ive had very little life experience i guess i wont make it in the real world i wasnt ever very social or liked or loved i know my suicide would hurt a few people but then againi amat the point where i dont really care it might be selfish to some but in my opinioni am doing a favor for myself as well as a few other people how is doing a favor selfishi feel like suicide is my last choice but i amterrified of what comes after death i dont want to fail i dont want to live after a failed suicide attempt ive failed suicide attempts before i amterrified but i just want to end it i want no more pain abuse or depression i just wanna be gone i dont know the point of me posting this here its not really serving a purpose maybe someone can relate maybe notcomforting words would be appreciatedi amat one of the lowest points in my life 
1	i survived a panic attack and feel proud of it these past 7 months have been awful since my depression came back ive been having panic attacks almost every night and its driving me nuts suicide thoughts every day for sure killing myself looked nice just to stop the panic attacks for oncehowever i faced it this time went outside took deep breaths i even downloaded this app called antistress and man this may sound stupid but it really helps and i could stop them this timeit feels so nice once you beat this shit i felt like sharing it because i know how hard this is to face depression face anxiety face panic but sometimes you just need to try a little and believe me its worth the try
1	its starting to get bad again been a few months and i amstarting to feel that way again i dont wanna go back to the hospital but damn this is hard
1	i m giving it one week as the title suggests i m giving myself one more week with the hope that things will somehow get better i have gotten to a point where it doesn t seem possible to ever be happy again i have no friends no prospects and no real reasons to live anymore i can no longer stand the constant brain fog and anxiety that comes with these feelings either i feel braindead most of the time which makes it hard to do anything at all to try and better myself even as i write this i am struggling to think of the next thing to say i have recently started going to therapy but it seems like it s more stressful than it s worth my therapist talks a lot and it s hard to get a word in sometimes i also just found out that it s going to cost more than i had initially figured and i probably won t be able to afford it anyway don t try to tell me that things will get better because i m sure they won t anytime it s seems like things are finally starting to look up these horrible feelings return and i find myself stuck in the bottomless pit of depression yet again i close myself off from the world and shut people out in my life who mean well i lose my motivation and end up no better off than when i started trying to improve i m hopeless and fucking tired of it the very fact that i am this way is also the reason i am so alone in life nobody wants to be around someone like me nothing positive can come from my existence and i think it s time to end it once and for all
0	once again you deflect because you are as dumb as an antifa member and you resort to attacking me another trait of low intelligence people i want the best for americans and i certainly do not want them to die from treatable conditions simply because they have no healthcare 
0	 i wanna go but i am only 20 
0	 yes thanks i ve just dropped my phone and the screen is smashed up 
0	just woke up and the weekend is almost over 
1	suicide keeps crossing my mind i feel like i need any form of advice from anyone please i have never been a suicidal or depressed person before in my life but this last year it just keeps crossing my mind i thought i was pretty close with my circle of friends at work but today one of them called me out on being greedy not being suitable for the mentality at the kind of work and that he doesnt want to hang out anymorei just dont understand what i have done wrong i buy rounds when we go out i invite them over for dinner at my place and i still get all the shit i must be completely delusional about my behaviour apparently hes not the only one that thinks that i just dont know how i should behave with the rest anymore should i leave them alone should i keep being friendly i just feel like shit and suicide wont leave my mindsorry for all this rambeling and if you actually read this far please help me 
0	its funny how i got anon hate clearly and directly related to his for days telling me to kill myself and yall still want to act like it totally wasnt u
0	why is it the 20th already fck 
0	 no tennis for you 
0	 i m going out of town on wednesday till next week 
1	layed on a road and got put in a mental ward in hospital it was ok at first but they really dont pay attention to you you have to scream 500 hours just so they listen to you and they dont let you outside or anything so on a 20 minute leave i ran off and i amprobably going to have to sleep on the street now and will probably jump off a building
1	i hate it when people tell me to just be happy so you think i chose to just be depressed 
1	ama fat goodfornothing i used to be anorexic but then bulimia came and i gained 60 lbs nowi amoverweight and all disgusting looking i have finished high school but i missed out on uni so now at 22i amjobless living at home with my mom i basically cant find any enjoyment in life everything seems so empty and boring therapy and meds are fucking useless they dont do shit for me when i try to eat healthy and exercise i just go back to not eating or binging for weeks i hate my body my life ive tried to kill myself before but was too much of a fuck up to actually succeed i just wish i would fucking disappear i have only one friend who supports me but i feel like he is going to leave too wouldnt be that bad though then i could finally off myself i know overdosing on meds is hell but i still feel the urge to do it maybe for my birthday as a present for my shitty self
0	if me and clayton don t start dating get married have 2 red headed children and live in a nice 2 story house with an indoor pool and a gym and host neighborhood get togethers every few weeks and both be buried next to eachother when we die i rlly don t want it
0	ok folks the weekend is over wash this mask off moisturise and then sleep time
1	for what you ve done and what you haven t you will pay the price and i will too for my weakness and so will the gods whom you re so devoted i m in pain and it will end soon for i will be with her sleeping homely in her arms farewell 
0	 what a fun day 
1	question about this site i make a post get some lovely comments then go back a few hours later and they are almost always removed is it the commenters or site moderators are comments temporary what s going on 
0	 before or after or both haha who we have totoys well there s a new one who s name i don t know can t wait for monday
1	debating on ending it i dont even know where to begin i turned 22 on aug 20th i have a wife and 2 boys under the age 2 i love them to death and i dont want them to not have a daddy but i am so close i own a glock 32 pistol and i amplanning on using it but my wife has it the glovebox of our car she will not let me have it until she knowsi amfeeling better soi amplanning to fake feeling better soon just to get the pistol then go far away from my house i suffer everyday but i kinda wanna hang in for a little bit longer but i dont know if i can i dont know if its my medicine making me feel like this or not my doc upped my dose of prozac from 10mg to 20mg and instantly i feel suicidal for the past 2 days i feel emotional numbness like i cant feel happy or really sad i feel nothing and my head feels foggy i dont feel likei amhere the only thing keeping me is my little boys faces everytime i see them i start to cry cause i think about leaving them here alone with just there mom my wife told me to come off the antidepressants but there lies another problem i started them cause i feel anxiety and panic alot i dont know if i have a depression cause whati amfeeling right now is depression id like to go back to when i was just taking 10mg of prozac for 4 weeks i felt better then when my doctor upped my dose my brain went fucking haywirei am not decreasing my dosage at alli amquiting this shiti am tired of it 
1	thats life then why live it this is the only thing people ever give me tough loveall i think of when people tell me things like its life deal with it or its your own fault or sometimes you have to deal with it and move onall i think of in my head is if this is life then why live itby giving tough love your giving me more reasons not to live which is helping me but they dont realise they are making us feel worse 
0	i ve made a series of tumblr posts of galo thymos x lio fotia moments in the movie promare and my takes on them i want to thank my friend for helping me proofread them 
0	off to work and feeling extra tired today 
1	alone depressed no control everything in my life is awful and i just want the pain of existing to stop no matter what everyone thinksi amstupid no one cares about me every one is too busy to put up with me so i want to end it all so i can stop bothering everyonenothing helpsi ampoor i cant afford helpi am not religious and dont believe any of it basicallyi amsick of people telling me it gets better because it totally doesnt ive tried getting friends or girls to like me but they all give up on me becausei am an uninteresting piece of shit i want to die so bad theres no place for me in this worldi amafraid of suicide but i almost hate living more nothing good has happened to me within months
1	am sorryi am going to do it tonight one more hour ive come here to see if maybe someone would be able to talk me out of it i dont think they will but i hope so the truth isi amscared and i dont want to do it but its the only way out for me at least thats what the demons tell me my life has gone to shiti am worthless and nobody cares
1	feeling numb hate my job i hate waking up everyday i feel nothing feel like i am on autopilot i got dumped 3 months ago almost from a 4 year relationship nothing cheers me up anymore my parents are in another state so i just can t go see them whenever i want i don t know if i could actually end it myself but i do dream of other ways like a car hitting me and killing me instantly i sometimes think of just taking a bunch of pills and letting that be it 
1	i tried goodbye
0	men and women here is some good advice ask the person who is dating you flat out if they want you to die do not date them if they want you to die i can t get over how many men date women who want them to die or vice versa 
0	 yep and it s worst because i got my husband sick too we shouldnt have shared that frosty 
0	 it really is 
0	 ooops i had a bug but i fixed it try that tiny url again
0	sick right now because of sore throat 
0	 and medon t feel bad 
1	woke up from a nap and i want to die 
1	15m i havent been diagnosed soi am not going go sit here and tell you that i am depressed the online quiz told me but i feel so sad i feel sad when sad or upsetting events happen like today my class learned about suicide in religion and everyones head turned to me immediately and i began to sweat a lot but at times like earlier today i get random tsunamis of just why do i even wake up anymore and then just try to think out life yenno i got moved to a new therapist and so far ive straight up lied about my mental wellbeing i just do not like him at all i dont like therapy and i wish i wasnt being forced into going i just want to d i e and of course as i usually tell people there is so much to live for but i have to spend so many more years in my country and high schooli am in highschool now for 4 years and its just so god damn depressingi am so lonely and my life is just a repeat of the same shit day in day out
0	i want my laptopnow dammittt
1	my small size is pushing me towards a breaking pointi ama fat young adulti am not very good at that many things but i do want to get better i know there are things in my lifestyle that i can change and am changingi ameating less food and i amworking out morei am trying bur thats not my problem ive always had self image issues being fat and alli amself conscious about every part of my body and recently ive come to the realization i have a small penis i get this might not be that big of a deal to a lot of peoole but it is to me i can change my hygiene and my weight and with enough work i can get better but i can never change whats down underi dont want to kill myself over this the more i think about it though the more i feel like my genetics are making me let down not only myself but also my parents if i get s future partner would i even be able to pass off the legacy my parents left me to another am i letting them down am i letting my partner down i get theres more than sex and how big your penis is but my penis being small means a lot to me i got a bad roll and its too late to reroll i dont know what i should do anymore but the more i thinj about it the less reasons i find for living if anyone can help please help
0	ok confession low key been a blanket burrito and trying to mentally prepare myself and schedule how to kill 35 comms so here s how imma do it gonna do 5 7 a day starting from noon till whenever i m done hopefully everything will be done by june 25th i got this w hh
0	listening to radio on my comp my fm radio keeps loseing tuning at 11 going to start ringing pubs again for more gigs
1	i can t fucking deal today nothing seems fun nothing seems entertaining i just want to sleep and not even wake up with all that s going on depression is trying to make me want this virus to die from it again
0	but it doesn t rly matter bc u feel how u feel hahaha love it oh don t worry to anyone who thinks i might kill myself i absolutely want to die but my mom would be so fucking pissed so don t worry bc gotta think of my mom 
0	 family wars begin again why can t they just shut up or divorce or something 
0	jesus died for me and i want to die for him all he asks me to do is to love him in return 
0	happy new year babes you all survived 2017 and i am very proud of you guys
0	you are right and i apologize also what does hardness sound like i want to think you heard a slide whistle 
0	i d be glad to keep helping people before i finally kill myself for those who doesnt know i can help with hormone treatment stuff if you have any question or dont know how to do it and or money if you really need to start your transition 
0	not quite 5 in the morning i might wake everybody with my sneezing 
0	 being nosy lib is only open till 5 2nite still easter hours apperently
1	suicide is an escape but it also shows us the way out of paini am not mentally stable or happy since last 8 yearsi am in depression since then i cant afford to sit idle now the only thing which is making me live is my motheri amliving struggling only because i want to take care of hershe always suggested me not to escape from any situations but nowi amsensing it is the only way out for me i have almost no friends i cant share my thoughts regrets or anything with anyone which i believe is killing me too i had given 56 interviews in last 6 days but no affirmation only thing which is killing me is my pathetic sadistic and capricious nature while i can think that i worth something most of the times i believe everyone is living their life perfectly laughing enjoying i dont know what should i do now it seems ending a life is the final option for me now 
0	 i must not have unlocked that one yet i m a slowby 
0	 omg i m so sorry to hear that at least you had fun later though 
0	hoping i don t get in trouble again for streaming at the airport again 
0	is wanting to go out in the sun 
1	no point i did something really stupid that could get me in a lot of trouble and if i do get in troublei amdefinitely overdosing intentionally id rather not get into details nothing horrible but if i get in trouble it could potentially ruin my lifeim a drug addict will be homeless in 30 days when my halfway house kicks me out ive been to like 10 psych wards and when i go i just wish i could stay there forever so i dont kill myself but they always discharge me really fast because of my drug history and act like my suicidal thoughts are normal some days i believe i should be in a mental institution for lifewhatever is after this has to be better it just has to and if i get in trouble for this it will be my excuse to go out peacefully in a heroin induced suicidei am23 and going bald from stress i imagine myself with no hair and just want to diei talk to women but i am not even interested id rather watch porn then suffer the misery i get from social interaction and having to act happy so they keep talking to meim just writing hoping things look up soon if not i have my easy option
0	 haha retro moment i m pretty certain i ll get the job it went really well meg she s fine she s dreading going back to uni 
0	how i wish i could be at bamboozle 
1	i am alone i have a gun i need a dog my husband is out of town to meet up with some of his fraternity brothers for a football game at their alma mater no pets no kids i am too ashamed of my feelings to call anyone i am okay 80 of the time but i suffer from sporadic bouts of depression that include really intense suicidal thoughtsurges there is a loaded gun in the top drawer of my nightstand for protection my kitchen is full of knives my medicine cabinet has an industrial sized bottle of ibuprofen the liquor cabinet and wine rack hold enough for more than one person i have only told my husband about these feelings once i didnt want to he was driving us to family dinner at my parents house a little ways away and i started feeling the overwhelming sense of uselessness and wishing i didnt exist while looking at the cement construction barrier to my right i was taking deep breaths to calm myself but that isnt an instant fix the tears started pouring down my face and my husband not the most observant although super loving and supportive noticed he thought hed done something wrong he was worried i told him oh its stupid sometimes i get overwhelmed with feelings of uselessness and i feel like the world would be way better without me in it i will be fine it just takes awhile for these feelings to go away he assured me loves me and he would be devastated if anything ever happened to me as would my family my friends my coworkers would miss me and for sure one of my bosses would be absolutely lost without mewhen i was a teenager i would have really vivid dreams in which i would die in some new horrible fashion every night i am not exaggerating it was worse when i would workout its no different now at 28 my mind has gotten more creative it lures me into dreams where my life is perfect then little by little like picking flaking paint off an old door with your fingernails it starts to fall apart if i have a garden the plants start to die or turn poisonous slowly infecting the ground and working its thorny vines into my perfect house and tearing apart everything inside with an agonizing slowness i can do nothing to stop the vines wrap around me and hold me as my husband opens the door i try to scream to warn him but i amchoking they stab him through the heart and slowly crush me while he slumps against the door frame dying once hes dead the vines release me only to fell me with a similar blow before i can escape i die knowing that the vines will claim anyone who comes near the house to check on things when i wont answer my phone or my husband hasnt shown up at the office or responded to clients in days its my fault i planted the garden in high school i had pets lived with my parents and two sisters and had lots of friends nearbymy family is only an hour away but i dont want to let them know whats going on my husband is out of town and i dont want him to worry i have one friend in my new city and i dont know her all that well and i dont want her to thinki amcrazy i feel like someone is sitting on my stomach with one hand on my chest and the other forcing my face to look at the nightstand while listing off all my flaws fears shortcomings and failures i know what they want i know whats in the top drawer just inches below my hand thats gripping its top i am waiting for my sanity to come save me i am typing this hoping that part of myself that wants to live and knows that there is too much to do to die right now shows up soon the part that still isnt my biggest fan but holds way too much pride to let me fail too bad the side of me that says you really shouldnt do that its so weak selfish and shameful think of your mom think of your dad what would they do would you really put them through sorting through all your shit to find some clue you didnt leave your husband would be so ashamed how could he feel okay about having people over to comfort him with all this mess you should get up and clean something this is ridiculous not to mention youre overweight what would they bury you in none of your nice things fit anymore at least lose some weight and clean the house first we can revisit this theni need a dog not even a therapy dog just a dog feeding myself is not reason enough to get out of bed taking care of myself is not enough for me to go for a walk my need and my husbands need to live in a clean and healthy home is not enough to move from our bed but i do have a friend coming over tomorrow night shell definitely think i was crazy if i didnt call or answer the door when she got here if i had a dog though i would have gotten up hours ago to feed it and let it out i am not enough to live for but i have had a dog before that dog was my life i am living to get to a point in my life where it wouldnt be irresponsible or inconsiderate to get a dog life is too busy and uncertain right now and it wouldnt be fair to the dog but i really need one right now edit i need something external to push me from this place because that gun is really close and i am having trouble talking myself out of this edit2 so woke up totally fine thanks everyone who talked to me last night hopefully i wont be back here anytime soon posting about my suicidal thoughts i plan on coming back to help others going through similar situations 
0	 iii know 
1	slitting wrists hypothetical question if someone is alone at night and no one will disturb him can he successfully slit wrists i know how to do it and i amseriously not asking for help or something lol this is a hypothetical question cant someone bleed to death for 910 hours if cutting is done correctly
0	hope she sees that tweet
0	waiting for the doctorrrr wee 
0	tw body image everytime i think about how much weight i ve gained i want to kill myself
1	i have no idea how to help this dude i dont want him to end his life please help himi amterrible at expressing my ideas and at writing in general if someone who is better at persuading someone not to end their lives could help this dude that would be the best
0	why is it that someday you look nearly good and the next day you look totally fucked up today is the next day 
0	almost midnight and its still 70 degrees i like sleeping with cool weather
1	i want help i just cant have it ive talked to therapists several in fact they all managed to make me feel worse i cant see a psychologist the nearest that takes my insurance is a 3 hour dive so 6 hours round trip i dont feel comfortable talking to a doctor all the ones i have seen havent been able to address my physical issues so i am highly doubtful in their ability to address my mental concerns i dont have family that i can trust they all are abusive or very close to other family that is abusive i dont have any friends i can talk to ive tried and one told me life is worth it because it rains and that kind of shit isnt helpful i feel trapped and like my only way out is suicide
1	i dont know why i keep going ive had depression and social anxiety for as long as i can remember i can barely function on my own but ive found i can pull myself together wheni amaround others i fall apart wheni amalone i only really talk to 5 people all of whom have other friends and lives i cant constantly be around them but these thoughts come back wheneveri amalonei am so unhappy with myself that i cant be alone without wanting to die it feels like its getting more and more serious i cant get meds or therapy its complicated i literally cant i dont know if i should even fight it any more how can i go on or should i
0	i m listening to a coding breakdown of yandere simulator and i m angry not only is the coding awful and makes me want to die because that s what 11 year old me did but also because this person doing the breakdown doesn t really know what he s talking about either 
0	i dont want to die
1	should i suicide i am 15 and my family is really poor i live in europe and i am tired to live in povetry its so depressing even though i have everything that i edd my father is about to close his meat shop and my mother is getting 250 euros a month i am good at school but who cares tell me opinions also my only passions are basketball and video games i know that i cannot be a pro basketball player and if i cant i wanna follow video game creation everyone harasses me of my economical state and i cant stand it i am literally working very hard to train myself at basketball and get my profiencecy degree at english i know that i can et it but it 180 euros and if i fail i will be very depressed because my paents will say that i wasted this much money but dont get me wrong my parents love me and my sister but in this economical state everything seems black
0	grrrr feel like putting my head in the sand 
0	how am i supposed to get through cancer while also having a borderline personality disorder will i need to increase the dose of my mood stabilizer be on clonopin literally 24 7 because ill probably try to hurt and kill myself in the process so
1	i didnt find one yet i just do not want to also i have a talent for being very bad at killing monsters i will die
1	are these suicidal thoughts so i gave birth just over a year ago and started showing signs on depression during my pregnancy was under a lot of stress in my personal life and had a traumatic birth experience i developed postpartum anxiety and ptsd and depression but have always been more anxious then depressed but the last few weeks ive felt more depressed just feeling really stuck in my job and exhausted and hopeless and overwhelmed i would never actually do it honestly i dont thinki ambrave enough too and also i love my family and usually my life and lately wheni amfeeling really exhausted and anxious about howi am going to get my shit together all of a sudden i will imagine myself drinking a bottle of bleach or swallowing a bottle of pills or getting hit by a car like id never kill muself but i wish i could escape my life sometimes almost like have something happen to me so i can escape my life and not worry about anything for awhile i work in healthcarei amjust so tired of being haunted by my birth still and always being so tired from working overnights and having a baby and a husband whos also depressed so i feel guilty ever asking him for more help or too afraid to tell him my darkest thoughts i go to therapy but ive been afraid to bring it up or not sure if i should or to my doctor i dont know 
0	i agree with your police reforms rodney king didnt die at the hands of police on may 1st 1992 he showed up at the riots and said these important words people i just want to say you know can we all get along can we all get along rodney died 6 17 12
1	i just realized how good i have it no one is dependent on me so i could die without truly fucking up anyones life i have friends and family but no kids or anyone else whod genuinely be fucked if i died and i am still a college kid so society doesnt shame me for thisthats a pretty good deal i see so many posts about people not wanting to go because of their kids or something
1	ambecoming a monster i fucked my life up so bad i dont feel a single goddamn thing anymore i dont know who i am anymore ive been calling and calling to get a therapist and no ones fucking ever available i fucking hate this shit ive cheated and treated allmy exes like shit and had numerous amounts of hookups and shit and today was my last one not only was it terrible but it really made me look back to one of my exes who i cant believe cared about me so much he did so much for me but i was blind as fuck i fucking hate myself so much right now everythings starting to fall apart and its likei amon a ride i cant get off of its scares the shit outta me i have a friend who i currently chat with long distance we dated for a bit but i ended up cheating on him twice he still wants me in his life though but i just cant trust him anymore i get paranoid hes keeping me out of spite usually when we talk he starts to berate me calling me a pussy bitch and a sluti amgay btw he told me he forgave me but i just dont see it ive broken up with him so many fucking times and he keeps coming back i feel bad for everything i did but everything is starting to pile up i got no one to talk to or anyone whod want to listen ive been trying to get therapy but idk how its gonna go cause its labor day weekend and i s2g i feel likei am going insane i cant stand feeling like this anymore i feel likei amstuck shit i cant even draw anymore cause it wont stop playing in my mind idk what to do anymoretldri amlosing myself fast and all my creativity is gone and my life is going to shit 
0	 nope 
0	i am being tortured if this doesnt end there will be nothing because i will have committed suicide you dont know how awful this pain is go attach electroshocks to your genitals for 12 out of 24 hrs a day for months straight end this before i kill myself 
1	never good enough all of my relationships end in cheating and after i break it off with them for it they eventually come back and say how much they regret it and they made a huge mistake so why the fuck does it keep taking me being gone from someones life for them to value me maybe that just means its my time not a single one of my friends texted me for my birthday just my ex who i recently found out has been shoving dicks in her mouth left and right and my momi am tired of being unappreciated and tossed aside by literally everyone but my relatives all i have the energy to do is get drunk and sometimes eat i cant do this much longer
0	how is it that if i call my sister stupid i get in trouble for it but when she tells me to run away or that i should kill myself everyone wants to act deaf the double standards are sickening i m cancelling my sister
1	some days are livable and the rest are insufferable ya i hear that i dont know you so i can only speak from my life its not that some days are livable and some are insufferable its that they are survivable i dont live i survivei am still trying to figure out why i do this i guess my hope is that if i give it enough time things will change eventually who knows maybe i will hit the lottery or maybe a buss will hit me either way i win some day the survival instinct will fade but thats not today i am 52 with not much to look forward to if youre younger give it time if youre older then your survival instinct is still strong
0	superneej morning bah car won t start waiting for the anwb 
0	is not wanting to work this weeki want a vacation 
0	 have to work on homework tmrw
1	i feel like no one cares i just want to die maybe then i d feel less lonely
1	i dont want to live but i dont want to die does anyone else feel this way me too death is an incredibly scary unknown but life is a very sad reality sleep is a great intermediary state but very few of us have the privilege of being able to sleep all of the time 
0	 tweetie is good true but nambu crashes on me shame because i really want to try that one out thanks for the message though
0	who am i fighting for 
1	numb alone and tired of fighting soi asked my best friend to let me know when in general to not tell her my mentalemotionalpsychological state when shes got something on her mind she told me i passed that point a while ago i kindadont want to live to see my birthday at all nowits 4 days away and i dont want to be here anymore i knew everyone else hated me i could deal with that but my fucking best friend told me she doesnt have the time or energy to deal with my shit ive helped her so much in life and i shouldve seen it coming when she didnt put effort into comforting me i had a couple attempts and she stopped trying to console or help me when i flat out told her my plan she ignored all of what i suggested and was so stubborn and set on not listening to me no matter what i said and now thisi am so numb i cant feel anything anymore its like i snapped inside i literally cant fucking move my body is in so much pain i give up she was my last reason to stay theres no fucking point anymore thats gone and i am tired of fighting iti amready to fucking die 
1	one step forward ten steps back everything keeps getting worse i dont know what to do i have nowhere to go i have no one to talk to i dont really have any good reasons to stick around i dont know where else to go i have nothing left
1	didn t kill myself yet i guess that is something to be proud of i had a gun but my roommate found it planning on finding a lonely bridge to end it i really want a reason to live but i just can t find one
1	dealing with too much right now feeling very depressed and anxious also nauseous and might have to vomit entire night again i dont think i ll ever be happy as much as my childhood days my head rewinds every bad thing happened in the past a lot if i had a painless and quick method i would be out already
1	i will be free this weekend i dont know whyi ameven bothering to post on here but i dont have anyone else to open up to so here i am i guess ive been depressed for 7 years now and this past year has been the worst ive never really liked who i was as a personi amfat ugly untalented socially awkward incapable of getting a girlfriendthe list just goes on i tend to stick to hobbiesthings that i feel likei amgood at but i tend to shift away from them after not too long cuz i just realize thati amcompletely shit at everything i just cant do anything right the only thingi amgood at is school at this point and i amlosing passion for the very major that made me go to schooli am in a great school top 10 in the world for my field of engineering and have a good gpa but i feel like ive given up everything to get there and i amrealizing thati am really not that smartim just good at school and not only that but being the socially awkward fuck that i am i cant really get back into being sociali ama horrible mess and i hate being methis past year has been rough because i lost my best friend long story short i ruined the friendship and shes moved on i still open her snapchat stories crying and reminiscing about how things once where she was the only one ive ever opened up to we were best friends for 6 yearsand shes gone i dont know how to live like thissorry if this is getting longim just miserablei am going to blow my brains out with a shotgun this weekend same way my father died years agoi amempty and dead inside and i miss my bestfriendi am sorry sara i know i promised you that i would never do this but i cant please forgive me
0	i just bought kat a lil present bc i want her to know i love her and id die for her
0	spring break isn t as fun as i had wished it was going to be 
1	getting harder to answer the late night question which is basically just why not i used to have things i was waiting for even if they were just things like movies i wanted to see cant think of any now running out of answers 
1	i have everything going for me i have a good job a loving wife financial stabilityyet i am so sad i remember being suicidal even in third grade walking down the playground in the winter with my head down cause i was teased and felt worthless things never got better until maybe the end of high schooli developed a problem with alcohol which i still deal with and my job sucks i really want to jump off a bridge i wont do it now but i feel like i will someday i dont know when it could be tomorrow it could be five years from now but god i dont understand why i feel so shitty i mean i guess i could think of a million reasons related mostly to my mother but that was twenty years ago i should be over it now but right now i am crying drinking and just want to be numbthanks for reading
1	worried partner my partner suffers from deep depression and is showing signs similar to previous suicide attempts but is closed off of me and their family any tips on getting them to talk about their feelings before its too late
1	finding it pointless to keep on struggling in life my life up to this point has been miserable for the most part i was born with a speech disorder so i was bullied until about 15 also being on the autism spectrem and having undiagnosed adhd made my existence almost unbearable in addition my mother most likely had borderline personality disorder and my father perhaps had narcissistic personality disorder which caused me to parent myself i was forced to start working at 11 years old to buy food clothing and other necessities i am now 21 years old attending university and am tired of struggling throughout my existence due to being hospitalized during summer and clinically depressed i was unable to save up money for housing this semester now i have to live at my fathers house which is two hours away by two buses and the train from the university so a total of four hours everyday at his house in addition to the neighborhood being located in an unsafe area i have to sleep in the car outside due to a massive bed bug infestationi was homeless while attending university about two years ago and lack the will power to do it again i applied to campus positions that would have granted house but however did not receive any of the positions i am currently working weekends and saving up money until i can move out which would probably three months from now though that feels like a life time i realize that life is unfair however knowing that life is unfair doesnt do anything to mend my soul i realize that i must accept my reality as it is and keep on working towards a better future ultimately however i find it futile to keep on struggling through out my existence especially for an existence that i ultimately lack control of plus knowing in the grand scheme of things that life is utterly meaningless makes me want to end my suffering even more 
0	lack of sleep and stress landed me a cold and sore throat great way to spend your vacation
1	why even continue living havent had a friend in 5 years never had a girlfriend turning 20 in january and still dont have a single social media account because i have nobody to add anyway i have aspergers and feel like its impossible for me to accomplish anything socially i was even tempted to asking a girl in one of my college classes to lunch but turns out she was 6 years older than me and probably sees me as a kid so i didnt even bother i tried befriending one of my former programming professors and he ended up ghosting me after a few texts i tried lifting weights to boost my confidence and ended up injuring my knees and lower back because of my terrible squat form that i spent weeks on trying to perfect i even failed a fucking elementary algebra class in a community college for christs sake i feel so stupid and inadequatethe only reasoni amholding back from killing myself is my family ive been wanting to kill myself since i was 10 years oldi amthinking of just doing it i know my family will feel horrified but its better than feeling this way for another 10 years
1	fuck it nothing will change when i die
1	i wish i could be everyones saviour i read through here and wish i could save each and everyone of you be the friend you need the shoulder to cry oni amstruggling myself and realising i cant help everyone just fucks me up even more how am i supposed to tell someone a reason to keep trying when i dont see any reason myself but at the same time i dont want to see anyone getting killed by this cruel world that leaves people destroyed i love every one of you on here we have to stick together work through it day after day 
1	ive been neglected and thrown out into the deep water and i cant swim so if i dont make it painless and quick i will drown anyways because i cant swim thats been my life in january this year randomly no warning police show up they throw me and my dad out of our house for no reason they had a proposed court order that was written by my moms lawyer to throw us out and somehow the police think its an order and no warrant they bust through our door and throw us out they let my fake family into my house my fake mom uncle brother and cousin they came in and smashed up my house totally destroyed it have ptsd to a point where i hallucinate parts of the events i was hiding in my room scared and i was on the phone with my dads lawyer he was telling me to call the police he said this was outrageously i willegal i had such a hard time dialing 911 i never did because i was scared then suddenly they start pounding on my bedroom door my fake brother and fake cousin both come in attack me received a severe concussion i dont know why they were sovile and aggressive they won what more did they want and they turn my room upside down they stole what little money i had they could findi ama jobless 18 year old so 70 is a lot to take from me i couldnt get a job because i was battling my anxiety disorder and i got fired from my other job for having it for some reason its semptember no justice in that situation and what i just found out today is really depressingi amliving with my sister i want to move out because her husband doesnt want me there and hes assaulted me twice hes punched me in my face once out of the blue we werent even talking and also shoved me into my room to shut me in there and i never really knew why i did that i cant move out though yes i skipped a lot ive been separated from my dad and ive been asking if hes ever found a new place for us to live he hasnt found anything he just revealed to me because of thousands upon thousands of dollars that was stolen from our house that day hes struggling to pay 500 a month rent where he is living currently idk y i havent received justice i doubt what my dad is doing to fix it the nh doj said that we would and the court said what happened that day in january was never ordered to happen i dont know what i am supposed to doi amheaded for the god damn street at the age of 18 because of corruption in my state my brother in law says by november 2018i amout of this place whether i have a place to go to or noti am still a high school freshman because i was homeschooled and my family split up caused that all to crash and both my parents oppose public school so i was forced out of school i wanted to do it what was i supposed to do i didnt know how to do anything without support from a parent my dads solution was to get a ged when i needed it i have no opportunities and no coach i have an anxiety disorder i have a broken up hateful family i dont know what to do i do have dreams i want to be a dentist or a lawyer they both take 8 years though and as i do either of those jobs i want to be a musicianfilm maker and hopefully i can make those two my life all of it has a theme behind it my passion is to help people really music is a powerful healer and film is a great distraction to pain of any kind if i become a lawyer i want to help people bullied by criminals and corruption as a dentist thats like physically healing people and dentistry is still somethingi am really scared of so i want to be one because i feel like i can heal people of that sort of pain i guess its important to remember my dreams its just so hard to see any of those a reality i dont know how to start at all i cant go to college ive been beaten to the ground and ive been so neglected idk whati amsupposed to do i have no parents to help mei amactually headed to the streetsi ama fucking high school freshmani just wrote a suicidal note i plan on doing it before october 29th if not that than christmas idk if you can blame me for it but i fucking hate christmas i really i hate christmas no family to spend it with and no reason to be happy idk if its selfish to say but the more happy people around me are the worse i feel about being the way that i am honestly i just see no way out what am i as an 18yearold kid in his first year of high school supposed to do about facing homelessness with an unsupportive parent and one who cant support me i just have no teacher and no place to call home and work my way up with something to stand on 
1	my marriage is slipping away i am tired i honestly wish i could go home or just commit suicide so at least my family can get the insurance moneytldr having a midlife crisis career is a dead marriage is slipping away
0	i hate reveluvs i hate them so much when i see them i just want to die i feel my blood boiling and my skin burning and my eyes watering my heart drops and i feel like fire is consuming my entire body why are they so evil and cruel i hate them 
0	what i ve found the most helpful is to watch a video guide to get myself familiar with the mechanics and then go watch a few pov videos of kills where the gameplay won t be chopped up for guide purposes so i can get a feel for how the actual encounter will go hope that helps 
1	i just want to die
0	i hate reveluv i hate them so much when i see them i just want to die i feel my blood boiling and my skin burning and my eyes watering my heart drops and i feel like fire is consuming my entire body why are they so evil and cruel i hate them i hate them so much
1	whats the point ive hit that wall made some dumb drugdrink mistakes which led to bad choicesi amwithdrawing from alcohol and it feels awful i cant bring myself to tidy my room its disgusting i mean actually embarrassing not just messy ive let myself go these last few months have been awful i dont know where to start i need to lose weight i miss my anorexia it was like a friend my body hurts from constant laxative ods and right now i just need to ramble and writei am sorry its all about me i dont thinki ammeant to be alive if an animal was violent i will or just not functioning it would be humane to put it down so why not me 
0	thinking abt how last year i tried to kill myself then dropped out of school no regrets i love myself sm now the growth is worth it 
0	i hate schlannies i hate them so much when i see them i just want to die i feel my blood boiling and my skin burning and my eyes watering my heart drops and i feel like fire is consuming my entire body why are they so evil and cruel i hate them
0	then i recommend learning how to apply and epi pen and learn my limits better than i acknowledge them because i m more likely to kill myself by not realizing i ve gone too far than anything else 
0	going home 
1	even when things are going relatively well i would rather just not livei am20 years old and a couple courses away from a community college diploma in accounting which can be transferred to give me half of the credits for a bachelorsi was diagnosed with depression and anxiety when i was about 13 but i never went on medicationi have had good times and bad times over the past few years it seems that recently the bad times have been getting more frequentsome courses in school give me no problem at all i aced things like financial accounting but if i have to write anything i will probably failfrom the time i was 9 i remember struggling to write stories in class now days tell me to write a memo essay or even something short and i just cant do it i have tried dictating it but that doesnt help i feel i just dont have the ideas in my head to put on paper even when i had to write physics lab reports i found it impossibledue to this i dont think i will ever be able to finish university and i cant handle working somewhere like a grocery store for my whole lifei amfrom canada but this yeari amspending a year abroad in belgium as an au pair i met my girlfriend in a community jazz band while she was taking a gap year in canada and i followed her back to belgium about a month ago she is so amazing and probably the one thing keeping me from falling into a deep depression and seriously considering suicide right nowi have one day a week totally free and i basically slept the whole day i should be exploring belgium 0 or at least go for a walk down the street i talked to my girlfriend and she has been supportive and is trying to help me get out of the house but i find it impossible some days are okay yesterday i went to audition for a choir and it went fairly well she is a very motivated person and i amscared that me doing nothing could pull us aparti also start things with a great deal of motivation but it typically fades quickly and i want to quit this happens with things like school sports work and any other type of activity really it happens even if it is something i really like i just find it hard to drag myself to iti need to figure out how to finish school i need to figure out how to stay motivated be able to tolerate my job and stop being such a negative person all the timeright nowi am really freaked out because i dont know how i can get through all of this i dont know what i will do with my life i have this year to figure things out then i have to go back to canada we did a few months already but a long distance relationship will be its own challenge and face reality i can stay with my mom as long as i am going to school i am thinking maybe i should push through the 3 courses and get my diploma as a checkpoint i was just going to go to university and go straight for my bachelors as i still get the transfer credits but i dont have a clue what i should do after that i think i should probably talk to a professional again i most likely shouldnt wait untili amback in canada but doing it here in belgium is intimidatingthanks
0	 mythics can t queue as a wb any more so it became a big pug fest and you know how well that works
0	freezing my arse off waiting for this boltbus i see the dc bus the mega bus but no bolt 
0	with that being said i don t think i have the maturity it takes to marry a white woman 
0	i hate weebs i hate them so much when i see them i just want to die i feel my blood boiling and my skin burning and my eyes watering my heart drops and i feel like fire is consuming my entire body why are they so evil and cruel i hate them i hate them i hate them
0	 no i m old you made it to 1045 whereas i usually only last til 10 
0	if you want to read a short highly philosophical star trek book i recommend spock must die 
0	 i want a free comic book but my town is so small i d have to drive 45 minutes to get it 
0	im freaking late 
0	 he s on twitter but yes he s awesome and has an awesome name and sadly i know not of the commercial you speak of 
1	people would want me dead anyway all i have to look forward to is a dramatic crash and months of crippling anxiety and self hatred any time i have the audacity to think that i have a future please talk me out of it
1	i cant help but feel worthlessi ama 26 year old male living with his mom for financial reasons she verbally and emotionally abused me all my life saying i ruined her life and that she wished she aborted me that i was useless and fucked up and barely a human being due to my introversion and lack of affection for her she was a drunk and let her boyfriends threaten to kill me when i defended her from them and would ask me to forgive them and give them another chance i never felt like she actually wanted a child ive never felt loved by her and i feel likei amincapable of forgiving or loving her at this point that being said in recent years shes acknowledged her abuse and realized her part in my development of clinical depression shes still very harsh towards me sometimes and always assumes the worst of me but its nothing like it used to be i can also stand up for myself a bit better and often prove how irrational shes being earlier today i overheard her talking to her friends about how useless i am it felt like in an instant i reverted back to my childhood and i felt sick its like all her development is fake it upset me but i didnt think truly bothered me until i just found myself thinking i wish i was worth something i keep looking up suicide methods which i havent done in years ive attempted before so it scares me a bit that this isnt beyond my ability the thing is i objectively knowi am not really worthless i have a college education am a good writer have a beautiful girlfriend that i love and amazing friends who value mei amcapable of learning the only issue right now is i have no idea whati am doing with my life career wise i dont have a jobi amlost and i feel like i might not even be capable of a normal job because of severe social anxiety the urge to just end it is growing stronger i dont know how to convince myself that i dont deserve this i dont know how to tell myself that my moms words mean nothing and are bullshit shes shaped me in so many ways all of them negative and i feel trapped i feel like the only way to escape her is dyingi just need to find a way to convince myself otherwise 
0	i m hungry and lonely 
1	i want to die where can i go to commit suicide give me an injection as i am unconconscious and end my nightmare life i want to die
1	i think ive had ocd since i was young and its gotten worse first of alli am not 100 sure if i have ocd or not since i have never talked to anyone about it but i do have some thoughts in my head feeling the need to do some things a certain number of times anyways ive always been attracted to girls and had several girl crushes i did some research and i think i have hocd which is pretty much my the ocd telling me that i am gay i got really paranoid and i keep on thinking about it this resulted in the hocd getting even worse i cant stop thinking about it i feel like its trying to turn me gay or something i know i am straight and talked to many girls but why is this happening if i knowi am not gay as a result of this whenever i am walking outside or see a good looking guy i start to check them out and notice how good looking they are i never have any like sexual desires for them but i am so lost and on top of thati amvery stressed out depressed so its just not a good mix of things to havei used to look at girls and admire their beauty and imagine them as my girlfriend but like i feel like i lost that like when i look at a hot girl now i dont feel that feeling i used to get how do i tell myself thati am not gay and its just my brain playing tricks on me this literally never happened until like two days ago 
1	i drown myself in alcohol i drown myself in alcohol because people around me dont want me to drown myself in a lake i didnt realise how difficult my thoughts were getting out of hand i didnt realise the way i was thinking was not normal i realised i wasnt happy with myself i realised i hated myself more than anyone had ever hated me i didnt even realise i drank way too much but i drink i drink and drink and drink hoping i would never have to face reality but
1	i only lied so i didn t have to see tears of disappointment in you eyes 
1	tired of this life i have a disability legally blind and i am tired of this life everytime i try to change or grow or get better i get judged and treated as the blind guyi am so sick of putting up with it for so long and my vision is only going to get worse feels like theres no hope nobody is going to ever treat my seriously nobody is ever going to give me a job nobody is ever going to treat me as anything other than the blind guy tired of being discriminated against by even my closest friends and families tired of having people always let me down tired of living in a world that wants nothing to do with me tired of this life
1	what happens if i check myself in to a mental health facility i need help my thoughts are getting worse and worse but i don t know what will happen with my wife and kids will my kids be taken away if cps finds out i went to a facility i want to get help but don t want my kids taken away from my wife while i m getting itedit i should clarify my wife and kids aren t in any danger my thoughts only relate to myself i would never hurt my wife or kids
0	hoenstly i don t feel like a suicidal person with the intention to kill themselves would do that in a busy place if you want to die you don t do it where people can see you within minutes
1	sometimes i honestly feel likei amat my end i dont think things are going to get better i think theyre going to get worse and i have no control over any of it at all i think one of the few things i had in my life that made me feel like i had a grip on anything was her and shes gone now due to my own faults and mistakes i dont blame her i think she was kind enough to waste her time on me but like everything else good that enters my life it had to goand so here i am i will sit here and imagine that its all alright but i feel likei amjust lying to myself in order to try to make myself believe it and all i want to do is go back to even just a month ago when i thought i knew what pain was but i had no fucking idea that i could hurt this badlyi see so many positive things happen in peoples lives like them being able to afford a house end up with a person that loves them etc and i catch myself telling myself but thats not for you in some weird way to brace myself i feel like i make jokes about killing myself a lot because it helps desensitize myself to the actual act maybei amhoping that the rest of my friends will cut me out soon and i can just i dont knowim not planning on anything i just wanted to tell someone
1	any advice hiim 16 years old and currently at the stage in life where i need to consider what to study at university i have no clue what to study i have thought about dentistry but it seems hard and i cant do it thats why i want to commit suicide i feel i serve no purpose on this planet i have no motivation to work or study and i dont want a job i enjoy sitiing on my laptop please can someone ofeer me any advide thankssorry for bad englisj from spain
1	i cant go on living i have been struggling with depression since junior high at 40 i understood a lot about how this came to happen and i am so done with being alive i am not sad anymore not angry not afraid but i have a big painful problem i am a father this makes it worse a living hell literally for me the only reason i am alive at the moment is the fear of hurting my kids an irrational fear because they have a good mom and life insurance can most likely help but i have something in the back of my head that tells me that my death would be a loss of experience and protection to them on the other hand i feel that i have no control over the universe and that me staying is pointless anyways i just want to have enough assurance that my presence wont be necessary anymore because is fucking hell and it hurts everywhere being alive
1	i dont know what to say really i guess i just want to get this off my chest and see if someone can give me a reason to go on this post might sound like bullshit or exaggerated but its all true i dont think theres any way i could prove this stuff thoughi was born with aspergers ocd and depression ive wanted to die for one reason or another every day of my life as far back as i can remember i almost attempted suicide when i was sixmy family hates me both of my sisters would routinely bully me to the point of me wanting to die when i used to live at home my mom and dad like to treat my problems as a joke and laugh at me for being retarded or too much of a little bitch to get laid i would be physically abused chocked beaten head slammed into a wall and had my problems laughed at i remember being so sick i could barely stand and being told to stop ruining their nature walk i was also molested by a neighbor i told my parents they either didnt believe me or didnt care and hes been over to our house many times for holidays events or dinners ever sincethe only thing i ever really enjoyed was video games but my mom refused to even consider letting me have any even if i bought them with my own money no less she said i needed to spend all my time studying so i could get scholarships to college and i was ten when this started congrats to me i got a bunch of scholarships to a college i didnt want to go to and now spend my days in college year five so busy i barely have time to do anything besides study and its all for a degree for a job that i hate so much i would rather die than have to do every dayi have almost no friends and the few i do are usually too busy to ever talk to me i usually talk to them once a week at besti have no money no social life no romantic interesti am an asexual sex disgusts me and so does romance barely any friends and a family that hates me i can look forward to a life of working a job i dont want to work until i get old enough to retire retiring to an empty house with no friends or family and then slowly watching myself get old and then die with no one around who loves or even cares about me 
0	sitting in the garden enjoying the sun but yet very bored 
0	 same had an unproductive morning too
0	vented about how i wanted kill myself few tears ago and brought up a botch name so her friend showed her and they took me to the school get over me
1	i should have ended it months ago soi am17 and every day i wake up feeling dead inside i go to a massive high school i mean massive theres 1000 kids per grade and i have a lot of acquaintances but no friends that means talking and joking with people during school and sports but rotting away in my house or at work the remainder of the day ive really been trying to maintain relationships with other people but i just end up getting let down nobody wants to eathang out be seen with such a social dumpster fire of a human being ive noticed that ive been using weed and nicotine vaping not cigs on a weekly basis to make life more bearable id sayi amrelatively in shape and not ugly by any means but ive been trying everything to make my life better and nothings working ive been seeing a shrink for the past year and its not doing a whole lot its my senior year and if this is what the rest of life is going to be like i wont be surprised if i kill myself beforei am25 if i cant go one fucking day without crying now how will anyone love me when i have to fend for myself how the hell did shit crash and burn so fast not trying to whine for attention just need a little help thanks
1	amgiving my life one last chance hello reddit i finally decided to find some helpin the next few days i wanna go visit a psychiatrist and i was wondering if i should tell her everything that i failed a suicide attempt last week and that i still have suicidal thoughts or just thati amdepressed and socially awkwardwhat will she do can she inform anybody or shes just going to talk about it with me and prescribe me some medication 
1	a fucking day after my birthday and shes in a relationship with someone else i feel so broken tomorrow is my last fucking day i cant take this anymore this is so hard why me
0	the guy i like says he hates my hair 
0	 i m pleased to announce that i will be releasing a limited amount of my why u mad merch this friday 
0	fuck my vaio crashed 
0	my left eyeball hurts ugh and they re both dry and itchy f u wind f uuuu
1	sorry for this but i need to say it every time i sepak to a profesonal or call the suicide hotline immediately i get threatened with being called the emergancytt services on me and my family being informed and even when i over dosed and they did all this blood tests they kept saying how they were going to tell my parents and it just really hurtsbecuase obviously i cant talk to my parents about these feelings i have inside or i wouldnt be reaching out to other sources so thats whyi am trying this source i really hate my self so much and i really want to kill my self and i have fora very long time and i have made decisions in life to move me forward towards a normal life and towards being happy but i am still to this day so depressed and wanting to die so much but i literally cant because it will destroy my mum and i have guinea pigs and a cat who love me so i really cant do this but i f i didnt have them i would without any hesitation just leavethis world and my family doesnt believe in mental health i have never had a professional person in mental healt hspeak to me except when i oded in the hospital but they only just gave me a number to a nurse to call and my aunt who was the person i called at the time told me she knew i wasnt trying to kill myself and i wasnt serious because i would have done it properly if i was serious and to this day my mum has no idea tha tall ahppened she was out of town at the time and i took all her drugs and to this day my aunt will not speak to me and today even in a random dollar store my uncle tells me that same aunt she saidi ama human recorder like sayin gthat i repeat everything anyone says to me and she told me if i ever tell anyone what she told me about me oding that she would make up lies about me and all these things ive never ever ever said any thing shes said about me or to me at all to anyone i have literally no one i have no friends i have ntohing i have no one except my animals who am i even goin gto say anything to i dont fucking get it and i amjust so fucking sad i just want to leave this fucking worldi am so soory everyonei am so sorry i just hate my self so much i have nothing an dno one ok bye sorry
1	when cancer takes a life we blame cancer depression is a disease don t blame the victim for losing the fight
0	my celtics garnett wher r u cavsgreat king jamesextraordinary
0	i hate reveluvs i hate them so much when i see them i just want to die i feel my blood boiling and my skin burning and my eyes watering my heart drops and i feel like fire is consuming my entire body why are they so evil and cruel i hate them 
0	i hate cleaning my kitchen 
0	preparing important note for to morrow on the survival of a company we have to think many times there are many people involved 
1	i am done last few days before i kill myself my mood has lightened i will no longer have to deal with this shit stained worthless festering pile of pus world i love the fact that no one can stop me and i love the people who treat you like shit while crying about suicide here let me act like a total fucking worthless piece of shit cunt toward you for no good reason 
0	 haha but i don t leave people behind and i kill everyone on the map i m terrible at this
0	i hate reveluv i hate them so much when i see them i just want to die i feel my blood boiling and my skin burning and my eyes watering my heart drops and i feel like fire is consuming my entire body why are they so evil and cruel i hate them i hate them so much
0	i hate nevies i hate them so much when i see them i just want to die i feel my blood boiling and my skin burning and my eyes watering my heart drops and i feel like fire is consuming my entire body why are they so evil and cruel i hate them
1	i want to kill myself i feel so fucking bad i just want to end iti amdepressed and nobody really cares just i want to die
0	i guess it just wasnt meant to happen 
0	 yes yes it is but u forgot all about me u effing suck u whore
1	i feel like the only reason i havent killed myself yet is because of my grandparents i inherited my dads temper i push everyone i care about awayi am not someone people like to hear from school is way too difficult for mei amdefinitely not smart enough for iti amugly as fuck with tons of pimples even my best friend doesnt like talking to me lmaotheres just no point so yeah i feel like when my grandparents diei amprobably going to follow them i just cant stand any of thisi was molested and nobody wants damaged goods when a guy gets molested people just back away nobody cares sure they feel bad but they dont want to be your friend or anything everyone looks at you differently if you tell them theres no point in telling anyone i just cant take iti cant read anymore my adhd got really bad and i just cant focus on a book anymore or writing and any work i just cant
1	ready to go death cant be worse
1	i just want to die right now i ve fucked it up so much with everyone and no one is my real friend and i feel so alone i want to be with my mother now bye forever 
1	i tried to help a friend in need and now it drained all the life out of me just a note i have a cup full of bourbon that i am sipping now i dont drink normallya friend i knew for at least 7 years i found out wasis in dire straights she has been in and out of in patient treatment out patient treatment therapy psychiatrist she contacted me about a month ago to visit her at her parents house i relented and went she wanted to move back to the major city she was she moved back to her parents when shit hit the fan she wanted to go back to life i tried to help her but i myself have been depressed for many years 15 but i never told her 4 years ago though my brother was murdered by a drunk driver somehow i survived that to be stronger but i lost my ability to feel and show emotion i tried to help her because she was in bad shape and felt that if i did not reach out she might actually kill herself so her mother and i worked out a plan and she moved back i guess this is important as well she was in a 3 year relationship with a guy as well but he left her because even he got sick of it but he still occasionally texts her i tried to help her as a friend i did not particularly want to be in a relationship with her but as i spent more and more time i started to feel again and it hit me like a ton of bricks waking up from the stupor that i have been in since my brother diedi stupidly suggested that she go to a indie movie at a film festival with me to try to get her out of the house when she moved into the large city she became a shut in since the place the movie was shown was a few hours away someone suggested that they stay over their place she started to warm up and started to be the person i remembered her to be she allowed me to feel happy and she was happy and somehow thats when i started to have feelings for hershe wanted to go visit her mother this labour day weekend and i off handedly said maybe i would go again she took that as a yes and told her mother before i could take it back i go up there she immediately turns sour she changed i am not sure weirdly i hung out with her mother more while she became reclusive in her bedroom her mother had these arts and crafts for her to do but she didnt want to but her mother and i did them while she sulked in her bedroom she got to a point where we were supposed to head back sunday but she said to me i think you should go back by yourself and i will stay with my mother her mother was telling me to bring her back she then professes her love for her ex boyfriend when she realizes i started to have feelings because i slipped and mentioned that i enjoyed spending time with her the day priori tried to keep my mouth shut about that and she kept pestering me to say what i was not saying i kept telling her i would tell her later hoping she would forget she would stand in front of her doorway not allowing me to leave i told her after she basically forced me to tell her that i started to have feelings for her i was going to try and suppress them and really try to get her back to her normal self this was a problem that i was going to sort out with myself and did not want to burden her from getting betteri just got home from the 4 hour drive from her parents house i texted her as she requested when i got home i said i cant do it anymore and asked her not to contact me again she tried to but doesnt realize that i already blocked her i knew i was playing a dangerous game and everyone got burned i was in an okay spot and she didnt realize she drained me everything its been at least 23 years since ive had these sw feelings i am not going to but damn if the ideology looks mighty tempting tonightsomeone please say anything i know i fucked up too someone say i fucked up
1	i dont want to live anymore the only thing keeping me alone is the thought of disappointing friends and family i ve had a pretty decent life all in all parents that werent abusive or anything i got to live in a nice place most of my life and my family has paid for many things for me but i dont want to be around anymore why cant a car just hit me then i wouldnt be responsible for being such a fucking failure what can i do
1	i am worried i might lose it tomorrow i cant really tell anyone for fear of worrying them i will be one year and eleven months clean and sober tomorrow i am going to be off my methadone maintenance program in two weeks i am going to walk home from the court pack all my things and clean my apartment and say my goodbyes its just too much i am really hoping it doesnt come to that i hope so fucking much i dont want to kill myself i dont want to do that to anyone i am not strong enough to start over again my chest feels like its going to explode with anxiety i feel like i am going to break down crying in front of the judge tomorrow practically pleading for my life 
0	should play cricket today almost after an year 
0	got an early start and thought i would be home early this saturdaywrong 
0	having a horrible headache day and nose bleedingawful feeling 
1	whats wrong with me so its been a rough day and my boyfriend was refusing to call me he finally did and his first words were what the fuck is wrong with you as soon as he said that i just lost all courage to tell him i was suicidal i toned it down to depression and he was still irritated with me but it got me thinking what is wrong with me i cant provide mentally for my family i cant hold myself together somethings wrong with mei am too weak 
0	it started to rain 
0	making sacrifices hurts because i want too fight back but my heart want allow me too go against god s will but as i die to self i know without a shadow of doubt that god has something greater for me promise
0	now zaxby s that s where it s at i want some right now actually lol
0	faking a smile is so much easier than explaining why are you sad 
0	your excellency i am requesting you not to open schools because we dont want to die and please keep is home until you have dealt with the disease we beg i will be glad if you declare a dead year
1	please tell me its okay to die no throwaway this timei posted once about 5 years ago on a throwaway when i first had serious suicidal thoughts but my depression has lasted for 10 years now this time thoughi amjust too tired to keep goingi am not the kind to be happy accomplishing things alone i figured that a few years after my depression and my first real attempt at suicidei am not happy unless i can share it with someone else but then i found my first love shortly after for 2 years i was happiest in my life but then after losing her by being cheated on i lost everything worse off then i was before and attempted suicide multiple times the year after for 3 years i held on with daily panic attacks and nightmares with the hope that there will be someone else worth it someone who deserved me and after 3 long painful hollow years i found her i finally had my second chance and for 2 years i was able to see a future and color in my life again now i have lost her too to someone else again and my life is in a loop of nightmaresi dont feel anything anymore as my only thought is that this will all end soon any future now is not one i want to live through with a pain in me again for years and years again like before wishing i was dead wishing i had done it sooneri amdone i can say i triedi just want to end it soon and this time i wont wake up again to my living nightmare i just need to know its okay to die its okay to let go its okay to sleep and forget about all that hurts i will always love her please let me hold on to the last two years of happiness and let me dream them forevermore 
1	i hate my family for loving me my family is the only reasoni amkeeping from killing myself i didnt choose to be here i didnt choose to live this shitty fucking life
1	amdone bye this stupid cycle just keeps going and going and i cant do it anymore its draining my life away and ive aged at least ten years every time this happens i meet someone and theyre now my soulmate and i must devote everything to them and expect so much in return and then get nothing and i waste so much time on this i thought i was better than this i have been through the hospitals and the therapy and everything and i just cant break this i want it to end soi amending it whoever reads this thanks i guess if its my friendsfamily then i guessi am sorry i just cant keep doing this its all i will ever be and i cant let it be this way i just need it to stopi am sorry goodbye
0	back home had fun but not fully destressed 
0	 i had acro and we did heeps of strength and now im realli sore wbugt
0	i asked my parent to see a psychologue again they think i want to see one to be cool like wtf i want to see a psychologue cause i want to die mom
0	btw i am back from the gold coast fun times can t get out of school to spend time with friend damn school
0	 yeah i think that s a bit mean 
1	is there anyone that could talk to me just like be my friend even if its only for a few minutes please i just want to talk to someone that will carei am16 if age matters
1	you never know what it felt like being in their shoes and i m getting tired of hearing such excuses i m getting sick and really tired from understanding people that pushed me way too fari have done nothing with my life for far too long and people tell me that it will always be your fault because you never did anything when you fell down you need to get back up no matter the consequences be it your fault or theirs so therefore its your loss in the long run when in reality i ve lost alot in trying to catch up majority of real life people i talked to always tell me that just try and understand the people that you are with and know that they are suffering like you but under different circumstances heck my brother just realized how hard my life was before and up to now and how i carried everything when he went off to places he went all apologizing to me despite me losing everything my parents just realized this year the gravity of their mistake and they are willing to send me back when my projects and what was suppose to be for my cv and portfolios are finally ruined despite the numerous warnings i gave them of how it will damage me in the long run and the the very confusing state of things my parents are heavily threatening me of being send to god knows where where there is literally death and isolation just to teach me a lesson in trying to get along with people and learn how to kiss a just to get to places and put the blame solely on me if ever that does happened i d gladly embrace death with open arms heck the list of shit people did to melied to stabbed in the back they even borrowed money to which they never paid insulted at and even straight up created rumors and spread secrets just to get what they wanted even made fun and it bordered into bullying the hobbies that i had and even being told that people have been telling me that i m not as strong as i claimedwhich is not true myself to be fuck and this is the reason why i enjoy the company of animals more than people 
1	i m the type of girl who could have tears streaming down my face still insist that everything is fine 
0	this is killing me i know i should have left without saying goodbye
0	i hate reveluvs i hate them so much when i see them i just want to die i feel my blood boiling and my skin burning and my eyes watering my heart drops and i feel like fire is consuming my entire body why are they so evil and cruel i hate them
1	i am just done i literally think about killing myself almost every day its non stop people that are my friends have told me that its a chore to hang out with me its like they only do it because they feel some obligation to i need people around me or at least to talk to me i am half way through a bottle of vodka and i think ive finally reached my breaking point i just moved and met up with someone i knew a couple years ago we were best friends then and he drove out a couple hours away with some other people i just met and they didnt invite me or talk to me about it they kept it hidden from me which i am guessing is because as always i am just a chore to be around ive tried to change who i am and i just cant i just cant maybe tonight will be the perfect night to finally do it
1	i just odd on benadryl ibuprofen and some other low grade painkiller i feel like shit and i am trying to type all this before i pas sout cuse i feel likei am going to i felt like hsit for so long and no w i gave up and all my friends are fucking fake and theyre not my friends they lied to me mother fucker i hate my family and i just ddnt know waht to do 
1	how do you know when its too late at some point in my life i felt i could get better but now i feel like its going nowhere i feel shitty for having access to a therapist but feel worse in thati am not getting any better i feel likei amwasting their time the receptionist the health insurance rep the therapist the psychiatry everybody even my friend whos moved away had been concerned for me but ive been wasting his timei dont even want to improve anymore i think my mind is deteriorating from the overwhelmingly negative thoughts that have clouded my mind and i amnow some emotionless husk trying to find meaning in a fucked up world i dont even know if the world is fucked up because ive heard that the world is what you make of it but i cant see the world any differently than i do nowthe voices ive been hearing have been putting me down even more and i dont know what to believe anymore i believe theyve entered the auras of everyone i encounter as i fear every time that their preconceptions of me are enough to avoid any sort of confrontation i feel so emotionally immature that nobody would find me even appealing why society even places such value in finding a significant other is beyond mei am sorry for being a deviant but this is exactly whyi amhere i dont want to be angry at people i dont see myself as one to spite every couple or group of people i see seeing that i cant seem to change anymore i wonder if i was unlucky that perhaps in some other life id live happily ive been told that the problems are from within the furies they called them demons my accomplishments from previous yearsi amafraid had not been enough to cure my furies from withini amafraid simply finding somebody to talk to will not help i dont know what to do i wont commit suicide but i amafraid of livingyouve all heard this before and i dont know why id ever be different maybe its just thati amsuch a deviant that makes me feel special but really i dont even want to feel special i keep lying to myself and i cant control it the relationships ive made in recent years have been meaningless and stagnanti amgetting tired of it all i dont even want to graduate i knowi amyoung but my furies will remaini amplanning my life now wheni amdecades older i will remain the same broken man ive always been this delusional individual that had never been able to fully do anything the deviant that resorts to watching bugs fly into their death imagining that they possess some sort of sentiencei am sorry i dont have anybody to talk to and i am tired of writing to my future self in the journal i couldnt find a subreddit to consult toi amjust so confusedi dont want to die but i am so close to living in a wayi amafraid of please help mei amterrible at asking for help i cant rely on my friends in real life i just cant trust them edit tldr i dont want to die but i ama piece of shit lets have a laugh together you can talk to me ive been practicing my social skills
1	dunno what to do but someone is afraid of me and id rather be dead than be someones bogeyman she and i were good friends for a while then i fell in love then a week later she said no thanks very much and cut off contact i knew shed been going through a really hard time and the more friends the merrier so i did my best to fall out of love again but it was cripplingly difficult id never had any of those feelings before when i succeeded eventually i tried to reach out and say that i hoped we could agree to forgive and forget and that if she ever needs someone to talk to then i remain a friend for my part but i made some dumb but understandable mistakes along the way and she now believesi ama dangerous psychopathic stalker i wanted to try and help alleviate some of her troubles and nowi ama cause of them shes afraid of me i dont want her to be id rather be dead and i certainly believe i dont deserve to live after this if she knew i was dead she wouldnt be afraid of me and you dont feel guilty for the death of a monster but at the same time i have friends and family who dont think i did anything immoral and although i dont contribute much to them or to society id be letting them down i dont know what to do i just know that if i knew it would make things better for her i would choose to die its been months since i was in love with her but i love her very much if that makes any sense thats something that will never be understood or believed because sticking someone in the monster box and keeping them there is easier than actually forgiving them what would you do if someone you cared about was terrified of you how could you know that and justify being alive
0	is at the dentist 
1	ehi am not 100 sure when i might take action to kill myself yet but i am going to get ready soon my gcses are around the corner and the only subjectsi amgood in are science and math that doesnt matter sincei am in the n level stream i may be one of the top students in class but my other subjects can drag me down and i amactually really fucking stupid other than all the education stress bulimia decides to cling onto me since june of 2017 ive been doing it nonstop since it takes up most of my time now and i would either 1 starve or 2 spend 3 hours each binge and purge sessionfamily issues also barged in near the beginning of the year where this drunk prostitute from my fathers side of the family decides to barge in and thinks shes superior enough to let her hatred towards my mom drive her to spread rumours and manipulate other family members she tried to physically attack my mom at one family gathering and i ended up fighting and strangling the bitch now i feel nothing but hatred and betrayal from the family because everyone begged me not to call the police stop fighting etc i only recognize my dad and mom as family now despite them hating each other sometimes my dads side of the family comes to visit my dad and when my mom isnt at home they would take the opportunity to talk to me but i would throw shade at them or give them short answers sometimes they give me money as if they fucking pity me or are trying to bribe my trust fuck i dont want to feel like a orphan or a beggari am doing well without having to deal with them as much as i had to in the fucking pastdad is basically driving himself insane since hes getting old and skipping multiple work days he also tells me constantly about how he doesnt want a funeral and just wants to be cremated as well as reminding me that when i leave the houseget married hes going to kill my mother slowly torture etc hes all words and no action did i mention he stays home 247 most days and is racist as hell he denies being racist but all his verbal remarks and actions with our muslim neighbours differs my mom is just lonely and barely hanging on trying to help this sack of burden here to get a good education live healthy etc etc but shes kind of a hypocrite and has 0 knowledge about food and nutritionjust like my dad and tries her best to ignore other possible mental disorders i might have ptsd from the family fight depression from bullying in kindergarten primary and secondary school anxiety from wherever the fuck it came from i have had panic attacks infront of her i have randomly started crying infront of her i have screamed and yelled at her because i was too scared to eat but she just always tries to blame it on something else this is what happens when you use the internet so much you got your fathers genes etc i had three very close friends one of them is skinny and emotionally abusive girl another pretty and charming girl and one funny and reckless guy lets name them x y and z respectively y left me first because apparently she has found other friends who are much more humorous and flattering then z because he found that my personalities and humour was dying along with my body through bulimia and x she hasnt left me yet just constantly sticking to me on my worst days to drive me insanehaha yeah thanks for letting me rant reddit 
1	ambeginning to move towards ending everything ive finally given up hoping that things will ever get better ive been trying and fighting for a decade now and i am too tired and things keep failing anywaysoi amstarting to get rid of my possessions push away my friends and family etc doing my best to do it slowly so no one really notices i imagine it will take a few months at least which is fine i need to figure out how to get money together to get the things i need anyway i dont really know whyi ambother to write any of this here part of me probably doesnt want to die yet and is still trying to find some comfort or hope i dont know i just want to stop existing theres no point to it anymore
0	is fed up of doing college work and getting nowhere 
1	i want to die
0	dragging my foot for 5 rounds of joggingwhy on earth im so sleepy 
0	my computer has a virus wat am i gonna do
0	i care i always care that is my problem 
1	i just want someone to hear me for once i was going to write something big but i feel like the amount of unfair shit that happens in my life is just too long to write out so i will try and just list it out and if you want elaborations just message me or relate message me or something btw sorry but its super long and i didnt mean to ive tried killing myself once and called the suicide hot line but the lady made me feel like i should kill myself even more my life sucks and i amalmost 20 but treated like a 2 yo my mother told me i was the biggest disappointment of her life during my hs graduation she tells mei amugly and should wear makeup both my parents have called me a bitch and my mom calls me a whore my so called friends are shit my ex and his best friend decided to pull a nasty ass prank on me once which basically resulted in almost slut shamming me and then them telling me they were sorry a friend told me he was there for me but when i want to talk he doesnt listen and tells mei amself centered and when he comes over to my house he says he doesnt want to date me and were just friends yet hell kiss me and cuddle me and hump me my two main guy friends say theyre my friends and want to make my summer here good fyii amback for summer since i go to oregon for school now but they never invite me to do stuff i feel like my moms ways and thoughts are super off from the cool kids parents who always get to go out and do stuff all the time becausei amhardly ever invited to ever go out to parties and do stuff that when i do get invited i jump at the opportunity and my mom tells mei ameasy and stupid for doing that and should say no and make myself hard to get wtf why is it that other girls get to go out and do shit and my friends will do stuff for these other girls like throw going away parties and birthdays and invite them to do stuff but i never get asked to do anything like this like am i not pretty enough do i need to be a model or ambassador for a clothing company and be miss teen something to get the attention or just simply the level of things these other girls get and does that make me self centered for wanting these things that i never got does that make me a bitch its constantly having these kinds of things that make me want to kill myself sometimes or just fucking do something that will get me killed because i feel like no one in my life gives a fuck about me and that life defiantly wants to make surei amgiven the most worst fucks ever and i have so many more things in my life that are so much worse but id probably be writing fucking forever if i said them all and then i feel bad for ranting like this because theres a gazillion other people who probably have it a lot worse but for once cant i just be mad and have a right to feel this way without someone coming to say fucking suck it up cuz your life is basically shit and no one cares and half the people you talk to dont care about your problems and the other half are happy you have them 
0	this paper that i did do part of made me miss the election fun times
0	 aww badness hope you can buy another pretty one
1	going to end my life i simply am tired of suffering from this depressioni am52 years old and had a lonig life its time to end my life 
0	 she reassured him but i mean you don t have to if you don t want she trailed off still tripping over her own words due to her nervousness it would hopefully die down soon enough and she d be able to act like a normal human being 
0	but it walked on my pillow 
1	i feel so damn lonely and i dont know what to do i am crying as i am typing this i just really cant take this feeling anymore i may as well give up now and end this pain
1	am really sorry last night was the first time crying for a really long time i havent cried since i was a kid its like i almost forgot how to cry and became a stronger person but in realityi am still weak and was just bottling up my emotions i cried so much because a person i care so much about got angry at me might be a stupid reason to a lot of you but to me it means a lot and i take things too seriously ive never had someone get angry at me like this beforei am an infj and so i care more about other people more than myselfi amselfless i like helping people and making them happy i would risk my life to save another with no hesitations i rarely have any conflicts with people becausei amalways friendly kind understanding and non judgmental so when she got angry at me it hurt i felt it so much i had a panic attack i could not breathe and my heart was racing like it wants to rip out of my chest tears just started falling down out of nowhere shes was in the right to be angry i made a terrible mistake i said stupid things everything is my fault i wished ive never did what i did on that night with you i hate myself for overthinking everything and should of just acted like a normal person even though weve only known each other for a short while i really cared a lot about you i have trust issues and getting attached to people so quickly 2017 has been worst year of my life starting from beginning of the year where i had an infection and was in so much pain and had to get surgery then getting a job and hated it and quit then struggling to find a new job then getting really bad anxiety and being depressed with no motivation no appetite no sleep then getting tinnitus on my ear and then my uncle getting really sick and old and depressed and is in hospital i feel like ive hit rock bottom i feel like it never ends things keep getting worse and worsei am in the darkness slowly swallowing me into the abyss i hate my life i hate myself 
0	 it got cancelled hrs ago 
0	5hours of sleep now i have to go dang harper s island
1	i wish i could live inside suicidewatch subreddit with all of you what i said
1	almost two weeks left for my death here is what is down i decided that this month would be the happiest month of my life it was not possible till a few days back but nowi am really pretending to be happy let me tell you it makes some people feel fucking insecure its very hard for me to pretend but i will crack jokes laugh and take pictures with everyone till sept 24 on 25 theyll find me dead in a white dressi wrote letters to my family i made little care packages and open when notes one for each day for a month immediately post my death one for the next ten birthdays anniversaries for my birthdays when theyll remember me when they will miss me for my sisters weddingi am almost done with the crochet blanketi ammaking for my parentsi have fought with my parents and stopped talking to them this gives them time to get used to not having me aroundcut myself a few times hopefully scars dont remain on the big day i want to look good thats it still there are a lot of items pending but two weeks left still time to finish
0	oprahplease say the tabloids are so wrong about you dying 
1	 how to kill myself but not hurting my mom s heart how 
0	thanks june i can assure you and others i m not a bot i have small businesse employees i don t want my views to disrupt my business or their lives or my kids my 16 year old is a die hard democrat dinner time at my house is btw i m also a minority who knows better 
1	it s all too much i can t do this anymore i ve tried many methods but it never works i just want to go to sleep and exist only in a perpetual nothingness 
0	i dont want to die
1	venting i love life i love every single breath of it i love it truly dearly living every single day is like feeling palms of god caressing you on head every single day is like a celebration of the beauty of life for life its a pleasure constant surprise life is beautifulbut i shall no longer be part of it i have schizophrenia i hurt people all the time without knowing living with my i willness is hard i have to be on meds the only thing that i think is good about it is that i can go to the kitchen pick up the bottle with pills and consume it all i dont even fucking care i hate myself so much i hate being in this world being alive it is like trapped in limbo my soul is bound to this earth my soul cannot escape and it screams i want it to be end i want every single evil in the world to focus on me and destroy me i want to be calm i want to be patient i want to be able to breathe the last breath of life into the wind and die i want it so damn much i dont care about my family i dont care about my friends they will be better off without me i hate myself so much i hate hate hate hate hate hate i fucking want to go away i want to disappear i want the bugs to consume while i rot in the soil i want to be the one with the skeletons i want my skeleton to be scattered i want myself to be the one who is not called upon during the last judgement please please someone end this for me
0	never want to leave australia only one week left 
1	this movie got me all kids of depressed and disoriented like which way is up and down 
0	thinkin abt how i ve always wanted to express myself thru style growing up but was always told it was white people stuff now that that s over chile
0	listen when you re on a plane for 16 hours and the only thing you want to watch is the trilogy and it s available you know it s ride or die that s the only thing i d be awake for 
0	blazers lost huge at least i m about to eat a good raw steakgot to move past this game and focus on game 2
1	am so tired i cant do it anymorei am so fucking tired and i dont understand why everything has to keep going wrong id just gotten back into studying at uni after taking time off because one of my tutors died back in march and i broke my arm in april then i go and break my other arm while rollerblading shattered my wrist entirely and underwent surgery to have a plate and screws inserted found out a few weeks after that i have early osteoporosisi amonly 30 it explains why my arms keep breaking but i amgutted cant cope with any of this ive been on antidepressants since june but i still feel like shit and guilty i have moments where i dont want to be here but i feel bad because of all the effort the doctors and surgeons went to to fix my wrist and the physios who are helping restore my movement on top of that my uni has decided to no longer offer counselling to students so i have no one to talk to i just tried a crisis line an hour ago and the guy was totally fucking useless and now i feel like shit and want to overdose why does it have to be like this
0	 umm what s that supposed to me 
0	if i don t kill myself before then my famil are just going to hate me more lol idc how it s gonna make them feel anymore they shouldn t have said things that they have and then it ll be awww never saw it coming fuck off
0	is seriously wondering what the australian public were thinking by kicking my baby kat off of sytycd i miss her already
0	damn all my joints are sore at the moment either i m feeling the effects of my pt session or i m getting sick or both 
0	feeling stressed about my little dog who looks like he has spinal injuries 
0	miley haters are being mean to me 
1	concerned for a friend wont add too many details as they browse reddit heavily a friend has always been the type to joke and troll a lot but lately she has seemed very depressed staying home most of the time seeing no point to normal living this person wants the whole world to be at their beck and call and anything less isnt worth living it sounds clinically delusional to me like severely warped expectations at the same time we hang out and have a good time from time to time and all seems well but the way they casually talk about killing themselves not in a joking way in a very serious way obviously has me concerned i have been reaching out and i am trying to be a very positive voice in her life and it seems like things are marginally improving over time i would be worried that reporting my friend to a suicide watch or pushing them into therapy might alienate them from one of their only friends and positive influences me so far i feel good about the progress made but it would be devastating if they went through with a suicide and i didnt do everything possible to prevent it would welcome any advice 
1	my last 20mins 20mins till train arrives ama
1	no more hurt if things do not go well this week i will be ending it all for sure nothing has given me purpose all people want to do is hurt me and i am tired of that i cant deal with life anymorei amhurting and no one gives a fuck about me all people want to do is hurt meediti am still here surprisingly woke up disoriented and extremely nauseousi amafraid my method didnt work 
1	ive never felt more free in my life than knowingi am going to die tonight not gonna put my whole sob story out there because you all have enough to deal with i just know its the right thing to do tonight i told someone i was going to kill myself and he said that i was too much to handle i think hes right but i just needed to say goodbye to someone i dont even have anybody to leave a note to goodnight goodbye all and i truly hope you find a different path than mine 
0	i hope everyone has a great bank holiday although i have to work on monday 
0	at school getting through the day
0	i agree with this so much i honestly don t get the idea everything they ve said is this game makes you feel like a bad person but it s all just you have to kill dogs and people have names yes but they also want to kill me how do i feel bad for defending myself 
1	it would mean a lot if someone saw this i don t know what to do anymore i hope someone reads this i thought i was getting better over the summer i don t know what happened i m a gay male i went to a school that accepted me for who i am last year i could finally express myself and be myself it was the first time i ve felt happy in years now i m at a new school and i m already being made fun of for being gay a lot of the other guys in my school won t come near me it s like i have some sort of disease you know when something that shouldn t bother you anymore comes back up and just metaphorically punches you in the stomach this has been going on for years now and in march it put me in the hospital for a month after i overdosed i don t know what to do because everyone thinks i m fine and i don t want to worry people but i stay up all night crying and during the day i can t focus on anything i don t know what to do anymore what s making this worse is that i got kicked out of school because my grades were so low because i couldn t motivate myself to work hard what got me through the day was being around my friends there and knowing that they truly cared about me but now i m at a different school away from them i ve changed schools a lot but i went to one where i was being severely bullied one daily basis being beaten up by a group of kids almost on a daily basis i ended up running away from the school one night and i slept in the woods the police found me the next morning but the school i m at now is so similar to the school i was at where i was being bullied that it s giving me panic attacks cause i m afraid it s gonna happen again i keep thinking about trying to overdose again but the only thing keeping me from doing it is worrying that if i fuck it up i ll end up in the hospital and won t be allowed out for a long time i ve been in a psych ward twice once for attempting to jump off a bridge in fourth grade and then again this year and being in the hospital is worse than death to me
0	gathering up my signs and flyers and going to do an open house for one of my listings too bad it s raining 
1	unsure that i can continue to go on lately ive been feeling a mixture of emotions and i amvery confused as to whyi am still in such a negative state ive been really trying to do better for myself i amkeeping myself somewhat healthy i am trying a bit more in school i try to talk to people as much as possible i get outside as much as i can comfortably i take my medication i am still absolutely miserable i hate myself my body despite my attempt at being healthy is pretty bad especially sincei amyoung my face is my best feature and thats saying something because i dont have a good looking face to begin with i feel unfulfilled i know that fulfillment comes with time and effort but ive been trying to do some things to feel more accomplished and i just cant it isnt enough i am not adding anything to society around me and thats important for me not as much as i should be doing is always what i think and another big thing that makes me feel awful is my lack of companionship i feel emotionally cold at night knowing that there isnt anyone that wants to be with me and i know that isnt abnormal because everyone generally wants to be loved in some way just a whole mix of everything going on makes me feel like a horrible person i feel like ending it and legitimately i could most likely do it very easily now everyone thinks thati amgetting better i could very well fake recovery and then just give up i amrambling but the main point is thati amconfused as to where to go from this point i could try to keep going but my state of mind is deteriorating so the other and frankly the easier and somewhat better is suicide 
1	why cant i just go to sleep forever i was diagnosed with insomnia its not bad at all a few mg 15mg to be exact will knock me right outi wish it put me to sleep forever maybe one night it will if i take 100mg
0	are you being bullied
0	i dont want to die
0	i m not allowed out of my house until the end of july because i have health issues so i ve been on my own for the past 5 months i really don t want to die i ll do anything anything anyone says so i don t die those protesters have mocked me i hope they all die 
0	sat on the beach in woolacombe sun is out but it s cold 
0	umm my sunshine went away please come back
1	i fucking hate my birthday why did i have to come into existence in the first place i fucking hate today so much all it does is remind me every year about how many people dont care about me howi am another year closer to dying anyway and how many life milestones i am no closer to reaching i am so fucking tired all i can do right now is cry because i keep trying to get better and do better but it always amounts to nothing nothing changes for the better and i dont know howi amsupposed to just keep going anymorei am too old for this shit
1	i cant do it i cant make friends i cant interact with people more than few seconds i get dizzy if i look someone in the eyes more than 3 seconds no one will ever be my friend and no one will love mei am not even smarti amliterally not good at anything and i hate the way my body looks like
1	i just want it to be over hometown friends have given up even replying to me now the last thing i was told was complaining wont get you anywhere 
0	hate weebs i hate them so much when i see them i just want to die i feel my blood boiling and my skin burning and my eyes watering my heart drops and i feel like fire is consuming my entire body why are they so evil and cruel i hate them i hate them i hate them 
0	at work in the office only 5 hours left x
1	just wasted 10000 my professor was going to drop me from class if i didnt show up today i am sick though professor i can literally be off the toilet for no more than 15 minutes at a time or i will shit myself i am still gonna get dropped though i am waiting for health services to try and help me out why would i go to class and get others sick this is a golden rule in the industry if youre sick do not expose others to the i willness anyway was probably just dropped from the class so theres 10000 and a semester wasted i can feel the sweet embrace coming to comfort me in this trying time death has got my back
0	going to fail graphics sigh 
0	 oh man make a fowd in luxembourg d
1	why does no one understand that my life is just suffering and suicides the right thing to doi amjust saying that its right for me to die i need it its on my mind all the time
0	but of course the document with the important tables in it isn t published on the internet 
0	 arrrhghhhh my fav woman is so close but cant communicate 
1	am not okay i guess i just need to vent that way i dont actually end up doing anything rash not that i would act on it becausei ama pussy and i am really scared of paini amscared of what might be after death too althoughi amhoping itll be nothing so i dont have to exist anymore and feel anything at all feelings are a joke too all of mine are wasted daily on people that do not give an actual fuck about me and i cant blame them becausei ama cringey annoying and idiotic introverted virgin my family and i are pretty much strangers i feel so much remorse for being absent from my siblings lives but ive been so sick my head has been sick for years in good times and awful times ive always rubberbanded back to those feelings of dread anxiety and pain pain that shouldnt even exist pain from failed relationship after failed relationship pain from being led on and then dumped like the trash i am only to be tainted by said memories daily meanwhile my short term memory is clouded from smoking weed everyday just to feel normal abusing my friends drugs until my head feels cloudy day by day night by night i feel truly alone in every aspect and as much as i deserve to be i just want this pain to end i want everything to stop 
0	how many people feel that way but are too afraid to say it i would find my child s killer and kill them myself also 
0	i hate ajna i hate her so much when i see her i just want to die i feel my blood boiling and my skin burning and my eyes watering my heart drops and i feel like fire is consuming my entire body why is she so evil and cruel i hate her i hater her so much
1	expectations not met am i suicidal maybe maybe not i don t know yet i m a failure that s what i think and know they re expecting too much i m trying my best but still not enough 
0	i dont want to die
0	wishing it wasn t 245 in the morning sleeping is awesome work is not and i need to scrub my apt
0	last day in india and think i m getting delhi belly 
1	hit bottom today so i googled suicide methods and i chicken outjust reading about hanging scared me very dark read and i amfucking depresseddoes anyone else want to die but cant really go through all the process
0	one more day of vacation 
0	 did you update itunes to the new version b4 you lost it new software update killed my ipod 
1	jump off a cliff drowned myself cross the street to kill myself taunted my dad to beat me up some more hmm overdosed on expired medicine yes yes how can u be alive after all of that idk
1	i dont know no offense here its just how i feelwhen i was a kid i used to believe that older means smarter and better kid is older than me of course he is right about everything adults they are saint they never lie and know everythingi amdumb you say guessi amdumb alrightbut then i realized its all a lie well most of it school certainly was a useless lie and teachers are very munipalitive pieces of shit that care only about their paycheck who i thought were the best are actually the worstsomehow i finished school then got pushed into college took a parttime job almost died numerous times or i thought i almost died near graduation my head got completely wild and i seeked helpanxiety depression possibly cyclothymia they cant really unravel this ravel all i know is that i will certainly never attend any kind of normie legal job cause fuck government its because of it i broke same goes for military and hospitalization cause i will either run away or kill everybody there i can draw and write decently so maybe patreon is a way to go but i have no fucking idea what i am what i like what i feel i thought i was straight but i only liked the delusion of straightness i thought i was a cool creative person but i hate drawing as often as i absolutely love it with no rhyme or reason i dont know if i like games or anime even i just hate everything and want to die or i just hate everything and want to kill everything or i want to kill everything because i love it and want to free it from suffering argh completely lost it again
1	please someone talk to me help i have tried everything been in four psych wards 15 different medications therapist weed meditationi cant do this anymorei amblowing up constantly on my so on my 6 month old and three year old because i am so fucking depressed and i want to die every single daymy so says hes worried about me but i know he doesnt know how to help idk how to help myself please someone tell me something worth living
0	his looks is so dangerous i can t call police in his presence it could be 10minutes after he has left i don t want to die young 
1	why try i have posted this someplace else too i hope that doesnt break any rules i suffer with severe chronic pain i have something called crps complex regional pain syndrome it is extremely painful all the time i thought that i had a great support system not only would my boyfriend go with me to appointments but his family would take to to procedures if i needed someone there my mom works really hard my abusive father abandoned us when my mother was fighting cancer she had to find a new place to live with my 2 younger sisters i worked 3 jobs to help pay their bills and still pay my own rent now my mom is in remission and she works double shifts my sisters didnt even care enough about me to sign my birthday cardnow today i am waiting for my boyfriend to show up and he is going to break up with me not only do i lose him but i lose the love of my life and i lose all support i lose the ability to go for my dream of being a pa i lose my close friend and more importantly i lose what i thought would be a family for me since mine cant be there for me i take a lot of different medication i am willing to bet if i take them all at once it will be able to cause some sort of fatal overdose
1	what now so i am 17 everyone knows i want to kill myself but nobody really acknowledges it as though even if i did it it would just be inevitable and nobody would give a shit which is true and i amfucking sick its been like 3 years of suicidal thoughts but over time theyve become disgustingly close to becoming reality and i am fucking scared i just want to die you know maybe i will
0	first day back to work and the sun comes out 
0	sick and waiting for the drugs to kick in 
0	 wow looks just like the one my daughter had when she was 6 that my rottweiler ate 
1	wondering why life is worth living i have not been diagnosed with depression nor do i think i have depression despite the thoughtsi amhaving however i think my thoughts would be suitable to post in this subreddit since these are the types of things you guys talk about often i havent been hating life but i see no point in it everyone arounds me preaches the gift of life but i dont see how it has any value and death is extremely desirable for me no more worrying or working or feeling bored or feeling sad just nothing i suppose you could consider it ultimate laziness but i see no shame in that i fantasize about death and committing suicide on a regular basis id just be interested in hearing other peoples opinions as to why life has any reason to continue it living so that i can make others happier doesnt count ps a lot of you might recommend that i see a therapist but ive gone over the rules and the law of confidentiality doesnt apply for expressing suicidal thoughts and i dont want my family to be contacted nor do i want to be hospitalised as they phrase it
1	i desperately need help so my mom has been addicted to opioids for years now she went to rehab 4 or 5 years ago and only stayed for 5 days mind you that the rehab she went to had a rule that once you admit yourself in youbuave to stay for 5 days once you stay 5 days you can leave and discharge yourself when you want wellmy mom didnt like being sober and left on the fifth day so she didnt get the help she needed years have passed and she s still addicted to the opioids she continually buys them off her friends and the street soon after she began taking my dad s medication for his bipolar anxiety and depression it got so bad to the point to where my mom would blow all her money on opioids and my dad would have to suffer because they couldnt buget their money as an adult unit to pay for my dad s meds so he was off his meds for a while she then began to take my 10 year old little sister s medication for her adhd focalin for a whole month and my sister suffered from that my relationship with my mom began to deteriorate very quickly as my dad became moody and emotional as my mom was the bearer of bad news that she wants to divorce my dad because she isn t in love with him anymore not to mention that she tells my friends at work we work for the same company that she thinks that i hate her and that it s hard to be married to someone with bipolar there are very many little factors that go along with this story but i am just absolutely depressed over this might i add that i have stopped my father from committing suicide several times over this and my mom is to kill herself because she has been taking such high doses of different opioids i am scared for both of them i love them both dearly and i would hate for anything to happen but this is totally out of control i am nothing but a 16 year old girl with no power over anything of the hardest things that i know will happen is that im going to have to move with my dad to texas because that s where his mom and brother lives and i ll have to leave everything behind everything i ve ever knownin this small town of white house tennessee i m going to miss everyone and everything my best friend the mosthe s always been there for me he s my soulmate i m going to feel incomplete without him im depressed im hurting everything is crashing all around my feet i feel alone i have no help no one to tell this to im on the verge of killing myself i dont know what to do i think that it is safe to say that i have finally reached an all time low
1	the end after 4 years of battling suicidal thoughts and self harm i feel like my strength has been exhausted my feelings spiralled again and ive been stuck in this cycle of self harm and suicidal thoughts while trying to stay sane and focus because my finals start tomorrow ive never told anyone my friends or family about howi amfeeling because long story short it never ends well i am planning to do it today because at this point i am honestly so so tired and all i want is to be okay i knowi ambeing weak because every timei amthat close to committing suicide i used to be able to pull myself back but at this pointi amgiving up becuase things dont look like theyll ever get better
1	amwriting a story were somebody is talked out of cmmiting suicde its suppsoed to be positive help with making it tru to life like the title saysi amwriting a story were a teeange girl plans to jump off her high school roof a school counselor and her best friend ralk her out of it before the counselor and best friend get to the roof they call 911so i know when talking to a suicidal person youre suppsoed to be understanding and kind but i am not sure what happens after they talk the girl out of jumping off the roofwould they take her to the hospital the best friend is taken in by the police for qustioning along with some other students who texted the girl that morning telling her to kill herselfa part of the story involes the best friend going to see the suicidal girl in the hospital and the school counselor is there as suicide watch at that point she gets a lot of get well letters and presentsalso this suicidal girls is a lesbian one of the reasons she tries to kill herself is because a lot of students call her a faggot and even her own parents throw her out a few days before the incidentthe sucidal girls girlfriend broke up with her a few weeks before hand and afterwards spread rumours that she fucked animals and had sex with her brother even though the suicidal girl stood up for her girlfriend when she was being bullied in the cafeteria for being a lesbianid like any input anybody could offer
0	i dont want to die
0	raining on a vacation day 
1	waste of space and resources dont readi am too coward to do it ive been thinking about killing myself my entire adult life why do i have to keep going if this feeling never changes i have so much anxiety i could barely go tho jury duty i only get by at work because i avoid conversation and keep a wall up no matter whati amjust a robot not enjoying anything anymore for years i hate thati ameven telling anyone bci am not worth it ppl in my life tell me in not worth it and i know its truei ambarely valuable in any context andd cause more trouble and inconvenience and wear ppl out so they dont contact me anymore and i end up more jaded an d guarded and isolatedi amgiving up at some point just not sure when
1	i dont think my parents love me anymore i dont feel the love my parents give when i wss a child my dad used to love me he always took care of me my mon too but when i was 12 things have changed they started having bias to my sister that my sister is more perfect than me nowi am13 and it got worst today i went in my sisters room and disturbed her but she chased me out and slammed the door after that my dad came out and kick me and took the stool and swing it at my back and used his leg to kick my leg
1	not sure how to do this my wife and i split i became very suicidal a month later 
0	it s not big nor clever black sambuca fail 
0	is agreeing to work 
0	its past my bed time hopefully i will wake up in the morning and wont be sick might go visit charlie the beagle tomorrow
0	i dont want to die
1	i know your never coming back_ is been almost two months since you left and left me lonely every day that passes is hard living without you and i know you never coming back the future i had with you shatter into million pieces the day you lefti amnever going to see you againi amnever going to hear your voice feel your touchi am going crazy without you if i had the chance to go back in time i would hold you so tight and never let you go but now is to late i will never understand your death my love why god let this happen you left me heart broken my everything i wish i could die too is hard living without you _ _ 
1	tied a noose and hung it up i knew i wasn t going to do it because i brought my keys with me i m a failure even at suicide i don t know what else to say like so many others here i feel like i have no reason to be depressed yet i am it s a constant feeling that will never ever go away no matter how hard i try it s genetic it s nature it s biological whatever the reading it s here to stay i want to kill myself so badly but for some reason all i can think of is how i will let people down and that just makes me sadder i feel like i exist only for other people there s no other reason for me to exist in fact if i didn t exist i would care because i would be nothing i m not sure what help this sub can bring me but i m alone at home right now and i guess this is better than nothing 
0	what did mj s tweet say anybody please it didnt come to my phone 
0	i m in love with this song if you want to listen to it the song is called jack and jill and is sang by 
1	my family and everyone i know hate me ok so your probably wondering what this is all about called and told me to kill myself but she didnt tell the teacher that did she and the teacher believed her i m sorry i did this its just that i have no one to talk to and this is the only way its just that i wanna die
1	just a dead end fuck that is what i am no matter how hard i try or what i achieve death still seems convincing and i would not hesitate to shoot myself in the heart if i found a gun i cannot change my mental state since misanthropy and antinatalism is the truth i hate humanity the system fucking everything fuck the bullshit permanent solution to a temporary problem existence is my problem it is stupid that i exist to make my family happy i do not have free will i am born by chance and am just another parasite like everyone else non existence is freedom because there is nothing to look forward to no more enslavement by others nor being commanded like some dog life is nothing more but being a puppet on strings you cannot suffer feel pain starve or even hurt when you never existed that to me is freedom i will get there someday
0	ngl i did set a mousetrap off on myself but it s plastic and really didn t do shit so like how tf is it suppose to kill a mouse
0	one of my user s workstations 
1	i want to die maybe then the pain will end
1	i want to slit my wrists tonighti am so lonely i dont wanna be here alone anymore rejection rejection rejection rejection fuck you
1	nothing makes things better i am 26 years old jobless guy who didnt finish his masters degree ironically i actually completed more credits than required but i got c grades or lower in 4 subject as a result of universities policy i was dismissed without the masters degree because i dont have the degree i cant find a job asi am in a foreign country so i just stopped caring about career working etc and havent worked in like 2 years i skated by borrowing money from friends and while i paid most of it back i still got a lot of debt so i stopped talking to people at all and stopped going outside or pretty much doing anything just get up do stuff on laptop eat go to sleep and nowi amabsolutely hopelessly unable to pay rent or even buy food my mom and dad fight all the time and dad has mentally emotionally even physically abused us for years i dont ask money from them coz well i dont want to and they wont give it mom will but not dad and since dad doesnt give her any money she has to work so i cant ask her i havent told them of the terrible situation i am in i think they do care but mostly because it will make them look bad i dont find enjoyment in any of my old favorite things or any present or future stuff many of my friends have found success in jobs relationships etc but since i am so ashamed of myself i cant even talk to them not even to congratulate them no big tragedy has hit me like for example hurricane harvey wrecked houston people died they lost their house cars pets etc but i was completely unharmed by it walked around aimlessly at peak night time but no thug or junkie has ever attacked me stole my wallet phone etc stuff like that i want to end this hopeless life but i simultaneously think it is both pathetic and beyond my strength to do so dont think i will ever be able to jump in front of a car or train coz well i figure if i get hit and dont die straightaway i will be a crippled loser which i believe is worse than just loser i am so done 
1	i dont know man my story is pretty pathetic ive dug myself this social hole where i literally have no one and no one will even approach me i had one good friend and she got upset with me because she didnt want to hear about my problems anymore and so i stopped bringing them up but i was struggling so much i couldnt talk to anyone and she gave up on me and hates me now i had a girlfriend and she honestly made the world light up for me and then she broke up with me and now ive got nothing left ive been on a downward spiral for over a year and i just feel so alone i have nothing going for mei amconsidered gifted but my motivation has run so dry that i can barely pass a class and i amuseless at basically any life skillsi am going no where in life and it hurts because i just need someone to be there for me i cry myself to sleep every night and no one could give less of a shit about me the only reason i havent killed myself yet is because i cant figure out a way to make it quick and painless i just want the hurting to end i dont want to cause morei dont even know what i hope to achieve by posting this i just want to shout my problems into the void so maybe someone will hear me
1	amhomeless i have a house that i live in but it does not feel like a home when i am at work i am constantly thinking to myself that i want to go home and then when i get to the house i still find myself thinking i just really want to go home i dont know where it is though sometimes i go outside at night and walk around looking into all the empty businesses i live by a busy highway just so i can get away from the house sometimes i go to the grocery store or mcdonalds or something and stay there for a super long time just so i dont have to be at the house even if i dont need anything and even ifi am not even hungry even ifi amdown to my last few bucks at the end of my pay period 2wks sometimes i feel like i wont find my home until i go back to the place where i was before i was born which is just nothingness i just want peace and quiet and to be left alone does anyone else ever feel this way
1	if he wants to but this sounds like a depressing life i would probably wanna die 
1	slipping back into ideation no one to talk to recently i was rejected from a position ive basically worked 3 years to be able to feel confident in applying to i havent really thought of alternatives should i get rejected i recognize thats my fault i just feel really disappointed and hopeless i was hoping to use this to gain experience for my future plans but now that i dont have this i dont know what to do anymore i dont know what my future will look like i dont see the point in anything anymore ive been contemplating a few different methods available to me and i cant talk to the people close to me in my life because i dont want to retraumatize them i dont want to get pulled out of school i dont want to get pushed to the edge and some of them i dont want to overload i just dont know where to go anymore aside from death i also feel like this is another failure in the string of failures in my life provingi amjust not good enough for anything and will never be good enough for anything
0	ack woke to a headache 
1	i just feel like unwanted and useless decoration i just wish i was never born when i think about it there s no one for whom i make life better just the reverse my life hasn t done anything good for anyone i guess all my friends and family members would be better off without someone constantly just causing problems and being one big problem i feel that there s just no place for me in this world and i have really tried looking for it doesn t matter where i m always a misfitthe best i could say about myself is that i m probably pretty but even that i ruined with all my self harm so there s nothing left i feel like unwanted and useless decoration what s it worth to be pretty if you re just a disaster besides thatpeople just always leave me and if they wouldn t my fear and knowing that they will in the end ensures it or at least the important persons the ones i actually really care about my life always just got better to only get even worse afterwards but i see an end soon in the moment i don t even have the strength to properly and seriously consider suicide because even that seems senseless but i ve recently just accepted that this will be my end maybe it will even last some more years but this is how it s gonna end every time something happens i m a bit closer to ending it and there s not much left til i ll finally do it i don t see anything left i could do i can t have any relationships anymore i d like to be a person that could just focus on her career but i m too unconcentrated too distracted too tired too depressed so i m just existing and waitingnot even therapists have been any help even they don t seem able to understand me and all the standard things aren t working on me my current doesn t even want to make the diagnosis because for her it seems like a lot of things but then again not hundred percent one of them so i don t even have some simple words on a paper describing my problem she doesn t seem to care that i d like to know i should better call her the last one because this week i just didn t go for the first time i saw no sense in this and i guess even she is sick of dealing with me everyone just expects me to hold on try out new things blaaa for them it s very easy and they can t understand why i m not full of hope because you re still so youngi m taking two antidepressants and have already tried two before it meditation sports i hate sports everything is useless i just don t know what to do it just hurts to be alive i don t want to be here
0	i hate reveluvs i hate them so much when i see them i just want to die i feel my blood boiling and my skin burning and my eyes watering my heart drops and i feel like fire is consuming my entire body why are they so evil and cruel i hate them
1	i want to die i 
0	 don t think they will 
0	wondering if i should continue working watch a movie or try to go to bed 
1	i feel like i don t have a choice anymore i ve been dealing with depression and suicidal thoughts for half my life now lately i ve been reading a lot of stories from people that tried and failed and suddenly now wanted to live i m really wondering if that might be the only way to stop thinking about it so much maybe i need to give it a serious attempt before i can get betteri ve come so close a few times the past few weeks everything is horrible in my life right now and it keeps getting worse all the timethe way i m looking at it if i succeed then no more problems if i fail maybe i ll want to get better anything has to be better than what i m dealing with nowhonestly i don t think i ll ever get better but this makes sense to me maybe it ll prove me wrong if i don t succeedidk what to do
0	fake friends are like shadows they follow you in the sun but leave you in the dark
1	why shouldnt i do it ive been in college for about a month now and its the worst experience of my life my grades are shit and theyre only gonna get worse because i can barely motivate myself to get up in the morning and go to class i have no friends here because nobody likes me it doesnt help that i cant talk to people the only friends i still have are two from high school and one of them hasnt talked to me in over a week ive already set a date and i dont see why i should stick around when theres nothing here for me to live for 
1	getting it all of my chest i m not a good person i treat the people i care about like shit i lie constantly i steal i m just a generally shitty person i m not happy i doubt i ever will be i ve felt this way since i was seven fucking seven over half my life spent hating myself and wishing i was dead i m probably going to be this way for the rest of my life i can t do that that fucking terrifies me i ve tried to get better the medication either makes it worse or doesn t help therapy is just arseholes trying to force ideas and issues onto me just so i fit into a neat little box for them i ve been sent to hospital because they were that worried i was going to kill myself nothing helps at this point i m convinced the only way for me to get better is to find some way to solve my problems by myself i ve spent the last twelve years trying to get better by myself but i can t i m too weak my family are incredibly supportive but i can t rely on them when they know i m feeling shit they try to help but it just makes me feel ten times worse it tears me apart knowing they re going out of their way to try and help i seem to cock up everything i do i ve dropped out of two colleges and i can t hold down a job there s not much going on on the social front either i ve cut off all of my friends except for one person i ll get to him soon i ve tried to make new friends i picked up new hobbies and got myself out of the house to meet new people it doesn t work people seem to like me in the moment but never want to actually be around me i ve been told i across as weird and rude i get that i can be kinda aggressive at times but i don t mean to be i hate that i m like that i don t want to be like that i just want people to like me i was meant to be meeting someone to see about testing me to see if i m on the autism spectrum but that just didn t materialize to be honest as lonely as i am the thought of being around other people terrifies me as for that friend i mentioned i met him online a few years ago and in that he s became the best friend i ve ever had i love him like a brother honestly he s the only reason i haven t just hung myself yet no matter how much i want to do it i won t because it would fucking devastate him he has his own problems to deal with i shouldn t be dumping mine on him i just want it to stop hurting i m sick of feeling this way and i don t know what to do any more thanks for reading reddit i needed to get that off my chest
1	i think i should kill myself i dont know what doi am in a terribly ambiguous situation okay so earlier in the year i posted a question on reddit about how i was planning on killing myself because i masturbated while my roommate was sleeping everyone was really nice and told me not to do it so i didnt and i deleted the question however when i deleted the question it still kept my responses to comments from people who commented on my original post and it kept the comments that i replied to weeks after i posted my suicidal question i posted another question about how i was struggling with my friends i had my phone screen facing up on a table when i was talking with my friends and when i got a response from someone it had the username of the commenter as a push notification on my phone it appeared on my screeni have ocd and i was worried that my friend saw the username looked up the user and looked up the users comments on my posti amalso worried that my friend saw my suicidal post and my response to what the commenters said and the commenters postswhy i am worried is because the stuff the commenters said said things like dont worry about it man i had sex with my girlfriend while my cousin was passed out on the next bed youre normal and ive done what you done before i still feel like a terrible person and a pervert but you were pushed by youre desire to procreatei amworried my friends know what i did or think i did something terrible and extremely perverted what should i doi amthinking i could kill myself to stop living in all this pain and mystery my friends have still occasionally talked to me this summer only about twice but i kinda dont want to be friends with them because theyre hypermasculine and not very inclusive
1	ambipolar but my mom dont think i am okay so i am bipolar and my mom wont get me help for iti ama mess idk what to doi amvery suicidal any advice helps
0	 awwwww your dad stil hasn t sorted everything out with the solictor and crap yet
0	no gaga for me and shows all sold out
1	god i wanna fucking jump in front of a bus i completely hate my fucking life i hate every momenti amawake i have barely any friends women are disgusted by me and i fucking hate myself i should truly just fucking end it like maybe i will i usually am dangerously close to suicide when i act drunk with suicidal joy yet another girl i had a fucking shot with is fuckin some white dude and i have no friends to be upset with i should leap in front of a fucking bus and die
1	i just am so tired i know ive posted a lot on herei am really sorry but i am15 and i amjust so tired of this depression its been three months 3 suicide attempts and my family really emotionally abuses mei am so exhausted of fighting this i cannot even breathei ambreaking down just sobbing becausei am so so depressed i have been 16 days clean from self harming and its been hell i just dont know how to handle this depressioni amdrowning please any suggestions 
0	tonight was a good night
0	you re ignorant and dangerous actual scientists have done the research they know what they re talking about you don t why do you want more people to die 
1	i dont want to be awake anymore i dont want to be in this state anymore i want to die
0	watching the bostonmarathon live feed at universalsportscom found out that firefox wants nothing to do with the live feed ie ok
1	i am quitting once i fail to meet the training standards this is enough as i move closer to finishing my requirements for work i am having second thoughts i was just forced by my parents to work threatened and made sure that i do it by having me watched they told everyone that finally i have a job because it was with my own decision but never told that to make me move they had me threatened i am already willing to go back to school but was given excuses like there is no more money imagine the shock i got when i found out they bought gold and watches and trying to fix what they had ruined i have been fooled 
0	 i want to ban food talkam on a diet 
0	 grr what a nightmare does that mean they re on cctv
0	laying down friggin mad didn even do anything this weekend wanted ta party hardy ampamp drink bacardy 
1	am i the only one who feels this way ive noticed that well at least with me i tend to handle sadness well wheni am already quite despondent wheni am doing perfectly okay these sad thoughts attack me and my mood immediately takes a turn for the worse its almost as if by being happyi amletting my guard down and am somehow more susceptible to these sad thoughts so i find that i have to be sad all the time to not be as sadi know the irony is strong with this onedoes anyone else feel this way
0	i either want to die or eat a grilled cheese sandwich
0	hates learning 
1	 you ll be sorry when i m gone you re gonna miss me when i m gone
1	i really want to end it alli am31 yo ive been fighting real hard to live for the last 3 years ive been doing everything in my power to make life worth living but i think ive lost the battle
1	thinking about killing myself i got raped at 10 years old by a drunk homeless man and who is trying to find where i live and i am now 19 year old boy with no friends my gf dumped me everyone hates me my mom and dad hate me i got abused when i was kid i dont have any reason to live anymore i want to kill myself
1	any event triggers suicidal thoughts any bad situation in my life no matter how insignificant it is makes me want to kill myself awkward social interaction being criticized by others etc not sure why this happens oftentimes i think something is seriously wrong with me and i lack the survival instinct others have since i want to give up on life so easily imo life is worthless and the bad moments greatly outweigh the good ones in quantity and quality so i dont care if i stop living 
0	i am so angry i can t even express myself but god knows how i feel pray the lord forgives me for wanting to kill who ever did this shit to this man may this man rest in peace he did not deserve this at all 
1	hanging on a thread i was a bit depressed and a bit suicidal before i am paralyzed so basically i want to be less dependent for the sake of both of us having someone commit suicide because of you is kind of traumatic at least for me if she ever breaks up with me i want to last a bit longer than two weeks she may get convinced that shes not the reason or something i dont know i am a mess i dont even have a reason for writing this right now i just think i should having to live without her is something i can never do at this point this is the cringiest thing ive ever written but i have no other way of asking for help 
1	you ever feel hollow everyday
1	my life is more than a mess and at this point i see no other way out than suicide so basically my life is in shit and ive been in so much pain for a while for the last 4 years ive been in a massive depression and it was all leading up with my bad childhood where my mother died when i was 8 and i had to live with my non loving dad for 10 years until i was 18 when i was 18 i moved out to live by myself and honestly it has been so tough i have lived by myself for 4 years now but as i moved out i also found the love of my life but she didnt find me so ive been struggling with a hard depression for all that time which has led me to end my studies several times and do nothing this made me not get any income and made me end up getting some stupid loans i cant pay back as well as being kicked out of my apartment soon because i cant pay the rent ive just totally lost the will to live and i cant see a way to turn my life around or fix it at this point and i just feel like some things just cant be fixed and arent meant to be where i am one of those things i could go into a lot more detail but this is just a short version of it by continuing to live i will just end up with more pain more debt and no place to live feel free to leave your thoughts thats whyi amwriting here after all
1	i want to so bad but i just cant bring myself to actually do it why do you want to die
1	tonight might be my last all i do is hurt people the people i care about ive always been like this and now i have nobody a mean step mom who doesnt let me do anything social i hate my life and i just want to die everyone would be better off with me gone i just want to end it and i dont know how i should i will probably drink bleach but idk yet
1	whats the point things get better just so they can get even worse were expected to contribute to society but in the end all we get is death everything ive given has gone to waste i have nothing left i have no love to give i dont want to exist anymore 
1	divorce is hard soi am going through a divorce i dont want with the girl of my dreams she admits we could fix this if she wanted to but i was a terrible person didnt cheat or abuse but terrible husband nonetheless until a month before she left she is breaking her commitment to me even though i never broke mine the only thing i can think of is til death do us part and i know i will never meet somebody as wonderful as her she gave me the world and i squandered it because i was an idiot right when i know that i need to do something to save what we have its too late i dont want to live if i cant live with my wife and i dont want to sign the papers and break my commitment i told her by saturday if i havent done it that she will have the papers back a month ago i held a 40 to my head and was severely unlucky because federal 40 doesnt generally make dudssomeone help
0	the most i can give jojo is a 9 5 out of 10 just due to how bad part 1 was in hindsight i can call shows like hxh and aot 10 10 but just due to the fact that part 1 of jojo made me wanna kill myself i don t think it could ever reach a 10 10 
1	am not a person as long as i can remember ive felt less valuable than other people i mean i work hardi amgood to people and extremely apathetici amalways aware that my actions affect other people and do my best to keep that influence a positive one it has never made any difference since childhood ive never one a popularity contest ive rarely been singularly invited to things by non relatives i didnt start dating til college and i always get discarded and permanently ignored by the girl and all our mutual friendsi am so alone and worthless and i dont see any reason why i shouldnt just drink this gallon of bleach and call it quits no one has ever loved me and they never will even when i think they are they wont be i dont want to live in a world like that
0	shoot to kill i was extremely blessed to begin my training w my father and the late sid woodcock i had no idea when i was a kid that i was being taught how to defend myself from a former assassin such an amazing man read this quick profile about him 
1	theres no way out not anymore i dont have rent and todays the last day of the month on top of that i need to somehow get another hundred i have no job no car no future time is up theres no way out of this ive let everyone down they dont deserve thisive been put in a psych ward before for suicide plans i was diagnosed with major depressive disorder anxiety disorder dermatillomania and ptsd i was on medication but stopped i used to cut but was threatened to be sent back if i ever did again it was the only thing that brought me down though now i have nothing i am not able to find comfort in anything things that brought me joy now bring only apathy and dread ive had therapists only one was good the others were jokes the only good one worked in the ward and had no outpatient opportunitiesi try and have tried to push myself away from it so much but every day is like a dagger pushing farther and farther in i have no way out from any of this anymore nothing helps nothing gets better ive been battling depression and suicide since i was a child my boyfriend has a gun i want to use it but i cant imagine his pain if he found that i used his gun to end it he doesnt deserve that i dont deserve him i want better for him i want him to have someone who isnt depressed all the time who isnt suicidal i know it must be incredibly stressful for him ifi amgone the hurt will only be for a little while then he can move to better opportunities 
1	the world doesn t have anything to offer me life is entirely meaningless if you have to spend it entirely alone i had a 6year relationship fall apart last year because of my severe depression i just kinda let him walk away because i thought our relationship which was codependent and often involved his emotional and sometimes physical abuse of me was destructive and could never make me happy like it used to and for a while i was relieved to be without him and hopeful for the future i met someone new and started this promising new relationship that didn t replicate any of the problems of the last one and was happier and more productive than i had been in years i was sure i d made the right decision and that i d gone through hell in that last relationship just to meet this new guy six weeks ago he walked away too dumping me with a text message and claiming it didn t feel right to him he must have realised how worthless and intrinsically unlovable i am i m simply ineligible for relationships i m too ugly no you re not everyone says and yes i fucking am i ll preemptively cut off that derailing by giving you proof and broken my longterm ex has moved on to a fantastic fulfilling relationship and i m stranded alone forever and consumed with jealousy that he gets to be happy so who was the defective one in that relationship the guy who immediately meets a new girlfriend or the girl who gets dumped again and spends the next 50 years completely alone and i will be alone this is also not up for debate because i m a 210 because i m shit at dating because i spent most of my 20s in a longterm relationship and have bpd so i m either immediately infatuated with someone or don t give a fuck about him there s no in between and because the only person i m attracted to is my recent ex because i m highly disposable because no one who had a choice would ever choose me i don t even choose me there are a few things in my life outsiders would think are good i own a flat i live in a great city i m reasonably successful but i ve realised it s all meaningless if you can t share it if you ve been exiled from the world of love and companionship and forced to watch everyone enjoy the things you don t deserve and i have to know that it s all my fault because i wasn t content in my longterm relationship because i had the hubris to think that i deserved better when really i was so lucky anyone loved me because i somehow managed to destroy my next relationship and transform his feelings for me into apathy although i was so careful to make sure he never knew about my depression and tried so hard to be perfect and worthy of him because i was born hideousthe world can t offer me anything that even remotely compares to what i ve lost therapy and medication both of which i m getting cannot magically make me worthy of love cannot bring people back into my life cannot give me a future cannot make me attractive that s all immutable and i can never be happy alone not once i learned what i was missing the only way out is to kill myself but right now i m too much of a coward to do it too afraid of messing it up and i really need to do it sooner rather than later if only to spare my family and friends the misery and stress of dealing with me my mother keeps telling me i m going to give her a heart attack because of my various crises and hospitalisations i sometimes can t believe i have the gall to keep breathing when i have been shown so many times that i m just a burden on people that people will never love me that i will never again have a shred of happiness i ve stuck postin notes all over my house telling me to suck it up and do it just endure a little pain for quiet and relief but i m still here like a moron tldr i m too worthless and ugly to be loved and to be alive 
1	i just don t know what to do anymore 
0	distupgrade of uml debian etch to lenny fails something goes wrong when dpkg is trying to upgrade libc6 seems to be uml related 
0	this is why i don t post photos i would prefer people tell me to kill myself because of what i write not how i look 
1	i feel so losti am in my second year of college doing stuff that i absolutely hate my life seems like its spiraling out of control i dont want to be here but i dont know where i do want to bei am not good at anything and everyone i talk to about leave my college basically says i have to be here by default i dont want to kill myself i have things i want to do in life but it never feels like i will be able to do any of them becausei am not good enough it seems like the simplest thing to do would just be putting a shotgun in my mouth and ending everything i feel so trapped and lost and alone i never wanted to go to college i wanted to join the army but i cant becausei am4f medically deferred 
0	were only big enough for a full size mattressi have a queen 
0	 i dont want him to die but he should totally die 
0	 iphone uninsured unlocked 
1	lost the wrong thing ive been a kissless virgin for 23 years and very recently managed to break the kissless part thanks to being wasted enough to make a move tonight i managed to go home with a girl but lo and behold i couldnt get it up we gave up and i went homeim kinda just feeling nothing right now ive thought about suicide a lot before and attempted one in a half ass kind of wayi amjust done
1	figured out how i d kill myself i can barely take this anymore i don t even know what good posting here will do i just need to get it off my chest and i don t want to burden anyone if i kill myself i hope it s soon i see no future for myself and my friends are growing everindifferent towards me as the days go by as my title said i ve decided the most efficient for me way of going about ending it i don t know how much more i can tolerate between the things i can t help but remember and the things that are currently happening to me and the people around me that i m helpless to stop i want to escape i want to be free from this bullshit 
1	how to stay happy i have posted on here several times before each time i have been talked out of killing myself however i am tired of being talked out of it i want to either stop being miserable or just die i recently quit my job at mcdonalds because it was making me more suicidal than ever and have been going to college i am scared of my horrible grades as i think i may go on academic probation after that i will have large student loans pilled up on my head no job and no way to ever get a job that isnt a dead end job that makes me want to kill myself therefore i have decided if i go on probation i will kill myself i have gotten obsessed with the idea of death lately i think about what death would be like and ways i could quickly die about 70 of the day what is bothersome to me is that other people who have the same situation or even worse situations are able to stay happy this is frustrating to me not because these people are happy but because i feel like i am completely missing something that these people are is it genetic is it a mindset if it is either how could we ever change our mindsets or genetics after all we are who we aretldr i am extraordinarily unhappy because of many situations and am likely going to kill myself at the end of the semester unless i can find a way to stay happy i am tired of being talked out of it this is a final decision instead i want advice to be happy
1	hurting keep having these strange dreams wanting to end it all but i know if i give in will i truly reach happiness or will it be just an empty void like my life currently is going through life trying to fake being happy not to worry anybody knowing deep down inside i am hurting trying to find myself but finding nothing the therapist i was seeing didn t get it his logic was well if you would just go out talking to people you would be happier no that s not how it works i want to meet people but its hard when you are so miserable that you just want to be alone and you got people trying to talk to you that don t get it i see all my friends have moved on in life and are living on their own while i am stuck living at home barely scraping by working at most 7 months out of the year because of my seasonal status at my job can t even get a full time job it blows i used to be able to say it will be worth it in the end i graduated seven years ago and still am living at home never went to college i am over 400 pounds i know i need to lose weight but its hard when you just don t care what happens i have tried reaching out to my parents but they don t understand my dad is just like deal with it everyone has problems it s life how can you say that to someone especially your own son but i should have seen that coming he has no sympathy for anybody his logic is if somebody is that depressed and wants to die to just do it little does he know that him saying that cuts like a knife his views on therapy are it s a waste of time and money said all therapists are just people looking to exploit weakminded people not necessarily true i will hopefully get through this in one piece and not do anything drastic 
0	i am bored 
0	hey do you want to talk to me in dm
0	damn no luck with the acdc tix 
0	after chillin with and i now want a blackberry i felt left out today 
1	escapism extremist ive spent my life in a condition of acute darkness to be exacti am not sure howi amalive i have an insatiable understanding that i am destined to perish i was convinced that this now past summer would see the end of my life but as it is now september obviously i am at a loss while i recognize my life cant come to an end without actively attempting to halt it i have taken such a back seat role in my own existence that i feel like i have sunken beneath another realm i do not feel in control of this reality and it is growing increasingly petrifying as time goes oni am19 feel as if i am a selffulfilling prophecy 
0	what matters is how much i lived in those moments there s so much i can do to reach you but i m restricting myself for now i know i made mistakes in the way i reacted but i felt so helpless i just want to ask you will you kill me coz i erred 
1	i be asking god why do i keep loosing people in my life but i see why everyday you can t move ahead in life
1	its not as simple as wanting iti amuselessi ama lazy motherfucker which means the myriad of other problems i have are unsolvable because i refuse to workbut theres nothing more frustrating than being told just do it oh boy thanks for totally fixing all my problems i cant believe that all this time it was just because i didnt want to worksjust have this attitude just stop hating yourself just love life 
1	amready sitting here in my bathtub and a knife dont know whyi amsubmitting this probably for attention right anywayi am doing it within the next 20 minutes before my dad gets home
0	 cause you didn t get sleep 
1	i need a therapist pretty much the title my mind is not right and hasnt been for the past five years
0	started off the day with a punctured tyre ended the day with the film all shot and early now months of postproduction 
0	cleaning my room its like a bomb hit it hopefully the money box will turn up 
1	my life is basically over hello i am not sure who else to turn to so i am on here i have been with my soulmate for 4 years now and with her i was able to get this amazing job but recently i have messed it all up well during the relationship i have been cause texting other woman and this most recent time was the last straw i dont blame her for wanting to leave but i dont understand why i do it either i know in my heart i love her but its likei amtwo different people anyways i dont think she is going to stay with me anymore and on top of that i am probably going to lose my job and all my friendsfamily i dont want to move on to anything else in my mind there is nothing after her and i cant even bare the thought of not being with her for even a second i will find out soon if she will ultimately leave me which means i will find out soon if i am going to commit suicide i dont know what else to do or anything and i amlost but i know in my heart suicide is the only way out thank you for reading
0	i don t feel good 
0	 ok you make it sound like i don t care your hungry or never like you to wake me up i m not that mean 
1	what is the best way to kill yourself without upsetting othersi amthinking just telling people your going travelling to some far off place and not sure when you will be able to contact them then go to like south africa and go and fuck about in the jungle could be billed as a tragic accident thoughts tips pointers
1	i feel so empty right now both my gf and i have always suffered with mental health issues and weve always been there for each other for the past year weve been together recently however she decided to go to a therapeutic school for what could be either just a few months or even a year and as a result our communication has severely lessened she said she was getting sick of her mental i willnesses getting in the way of her life for so long and wants to do her best now to manage them so that when she is out she would be a lot more stable and healthy and that would make our relationship even betteri havent talked to her in a week and it wont be awhile before i do as she has to work her way up to earn more privileges such as leaving the school or using the phone and such and its been really hard without her i know how unhealthy it is to be so dependent on another but yet its so hard to change and i know i should be happy that she is doing what she can to better her life for her and everyone around her and i am happy for her and i amexcited to see how she will be as time passes but i cant help but feel so empty without hershe was my motivation for everything id get up in the morning so i could say good morning and talk with her before she goes to schoolwork now i wake up at 4 pm after being asleep for over 10 hours etc etc i dont feel like writing more examplesi realize how petty this isi ammad thati amlike this but theres no energy to change it ive been on the verge of crying for days now but i just dont want to cry because i know once i start crying it wont stop ive just felt and done nothing for so long of my life to have her enter my life changed everything and now that shes gone for awhile i dont know what to do its been so long since ive been alone that i dont know what to do with myself i dont have a purpose for myself i dont really know what to ask of people here i just needed somewhere to ventedit ive realized that i probably shouldve posted this in as i didnt really mention suicide at all here sorry about that i do feel suicidal but i dont think id do it because i know how horrible it would be for my gf to be away for awhile trying to get help and hear that i killed myself while she was gonei amsure she would even blame herself for it and i wouldnt want that
1	not a lot of time lefti am doing 20 pills and a bottle of cough syrup a day now havent eaten in 4 days i think tonight will be the night my liver really hurts i wanted to look somewhat healthy to walk in the gun shop tomorrow to not give anything away that was the original plan get a gun dont really want to do it at moms house though too messy the plan now is to take 30 plus pills and two bottles in the next hour probably survive it though i stopped reaching out to people here becausei am not going to the ward again all i have is reddit you i dont have a message i dont curse god i just dont belong i dont hate anyone i love everyone no where else to go now one post to you one prayer to him its time
1	birthday blues i just turned twenty i am still living at home attending community college i am so incredibly terrified and tired of all the work
1	this feels like the end i dont wanna do this for one more day everything feels hopelessi am too ugly to be loved too weak to go on i dont wanna do this another day 
0	i m so behind in video games and everything for that matter i m yesterday s news 
1	inch by inch have started to put it all together practicing some going through the steps making sure all goes well no surprises etc except the last step obviously since i am writing this surprised with the lack of emotions or drama i thought i would be scared or nervous or crying or sad but i am not not at all when the time comes i really believe it is going to be as easy has feeding yourself scratching an itch or putting on a shirt something you just do without thinking you just do it without a thought i am genuinely surprised with this revelation almost let down lol i am not delusional i know exactly what is happening and that i am marching towards something that is going to bring a huge amount of pain to people around me something where there is always a possibility of solving some time in the future that little light of hope is no longer good enough i dont care about possibilities anymore i want something more absolute i want something more concrete i am tired of putting forth effort and not getting anything for it and the thought of well keep trying one day it will be ok is no longer good enough i have pretty much done it all to try and fix myself and have had zero positive results not even close to being ok it is a huge disappointment i am so tired of trying that i no longer want to put forth any effort especially more effort into things i have done over and over and over for years i do wish there was something no psychologist has ever told me something ground breaking a light bulb moment that changes my life forever etc but they are all the same and say the same shit i have zero drive left all used up either a miracle happens in the next 4 months or lights out i thought my family would be enough to keep me holding on and it was for a lot of years but it isnt anymore sure i love them and they love me but love of others is not enough when you have nothing in your life to give you meaning and the feeling of accomplishment i am literally just taking up space now 
0	massage was great i just spilled coke all over my desk lame watching the simpsons as i ve finished all my hills dvds
0	i used to say that my writings were just things i do to entertain myself now i see how much disrespect those words contain these words and sentences are not just things i do to kill time this is my life i am a writer 
0	i dont want to die
1	i do not know if i want to live anymore i am not a very depressed person but the pleasures of life doesnt seem worth the pain anymore i have a speech impediment stuttering and it makes me overthink every single scenario that i encounter even as simple as buying something from a nearby store i have so much in my head but what what comes out of my mouth is next to nothing i am sorry for making an excuse i am sorry for being a failure i am so sorry for existing 
1	with the fearful strain that is on me night and day if i did not laugh i should die lolx
1	i cant stop drowning get over it man up you have nothing to be depressed about dont think about it stop being sensitiveim tired of hearing thisi cant stop thinking about killing myself i take my medication everyday and it stopped for a few weeks now its back and i amgetting closer to doing something i have only admitted that i am depressed to my therapist and doctor i havent admitted to them about being suicidal am afraid of what might happenive been going to work and trying to be positive but i constantly think about ending it all day i cant shut it off its suffocating me to the point where i am convinced i should kill myself ive been trying not to self harm drink or take drugs but its getting harder i dont want to seem like an attention seeker no one takes me seriously and i cant take itim scared and lost 
1	1 month in 1 monthi am going to end my life i have quit my job my lease is up in 1 month and everything is in place why wait a month you sayi am going to spend it doing what i wanti am going to spend this month playing video games in my apt talking to my friends and just doing what i love which is gaming and drinking and just relaxing i will enjoy one last birthday at the end of the month and that will be it i cant fix the things in my lifei am too far in things are too dark but at least i will get to be happy for a month and enjoy myself without work or stress and just get to be me it will be interesting october 5th here i come 
1	is anyone just waiting this could mean waiting to see if things get better or waiting until your old enough to buy a gun i just want to see if anyone else feels the same
0	another night all alone and it s really spooky 
0	my computer crashed booooooooo 
0	 no kidding i think we may finally have it going but it is past my bedtime this is now gonna take all night sato48
1	need friend i need to keep my mind occupied
1	today is the day while i realise most of my problems are temporary the pain i go through daily is not i really cant handle it anymore life just isnt worth it for me
1	29 and missed my chance at love death cant come for me fast enough 144 iq thats 9983th percentile i also have a ms and ba from top ten schools cant figure this out somehow i am too old to attract someone i am attracted to and i am behind where a ivy graduate should be 42k at 29 years old in a temp position its just not enough to make me worth something i am so tired of not being loved for who i am and envy the attention women get i dont think i will ever be wanted like that just not good enough
1	these assholes need to stop feigning concern when theyre the ones driving me to the edge ive been at my workplace for 5 years ive always done my best to do a good job rarely miss etc year after yeari amstuck with the most draining difficult and impossible tasks the people who show up and do nothing else are given the fun tasks the easy tasks the tasks that end up in the newspaper whilei amgrinding away with the worst of the worst they obviously hate me they obviously like seeing thati amstressed out and upset thati amat the end of my rope so yeah dont fucking ask ifi amok or ifi amfeeling better stop dumping all the shit in this place at my goddamn door and sitting back as i fall apart under the pressure fuck them ive never been this close to actually going through with it i have to care for my mentally i will husband but i amafraid at some point its gonna win out over even that
0	 oh great love ya poor thing it s not happening in so near future 
0	this day is set to drag 97 is not my ideal shift 
0	 my seed is on the verge of death thinking of what seedling i can plant to replace
0	just had my teeth checked now my eyes i m dying for a coffee but can t drink for an hour 
0	i literally want to actively die 
1	read allegiant by why why veronica why why did you kill her i m very sad depressed to read that tris died 
1	my girlfriend told me she wants to die i am the only reason she hasnt done it yet how do i teach her to love life
0	i dont want to die
1	would it hurt sometimes when i have a bad day i ask myself if it would hurt if i just rode my bike into a wall at 150 mphi dont really wanna die at least i think i dont but the thought of being able to get rid of all my problems that easily kind of comforts me
0	 indeed sir got in town late last night wedding today and out sunday morning 
1	parents ideas nearly ending up hurting me more one way or the other laughing at the fact that nearly all of my parents ideas ended up in me hurting one way or the otheri kept being called crazy by my parents and told me i am not adventurous enough and paranoid because i overthink alot and when their ideas goes bad i still kept getting the blamei kept being insulted by them alot and be humiliated in public be called names had an extremely basic argument on you cant avoid problems in life because problems are a part of lifei mean you can avoid it by being prepared or not being stupid which they are doing to me particularly it even got to the point that the arguments bordered already to religion in which i already got scared of because was told honor your father and mother because they no matter what will standby you and if it werent for us you wouldnt be here in the first place i mean that is prettt stupid on a whole new levelthen when people asked them why did he change he was not like that before i still kept getting blamed at edit in the eventuality that i end up dead in jail or both considering its my parents here that i am talking about please a visit or talks from a stranger who has been through so much wont hurt
0	why is it that the ones we love the most are the ones that hurt us the worst 
0	i so much love tweetingi soon need a good data plan for to start tweeting mobilei miss tweeting on the go 
0	 i miss you girl 2 days and school and then enlace anacecii
0	i dont want to die
0	 sorry we missed it 
0	my brother literally has the smallest brain he found a spider in the house and he wanted to kill it but i straight up had to walk him through how to capture it to take it outside i may as well have done it myself
0	 i dont have a password im gettin my tix thru someone else
0	 yeah i was trying out my new phone all i can tell is that it seems to have a battery life of 5 seconds 
0	 yeah it sucks a lot it s not my weekendmine is thursday and friday 
1	my 17f best friend 18m is depressed and suicidal and its draining me its going to be longi am sorry about that so a little background weve been friends for about 4 years with its ups and downs but in the end we still stick together he has had a lot of problems in his life living in a poor family sexual and verbal abuse from colleagues and death of his father to name the most important onesrecently his girlfriend broke up with him to be with another guy from his class obviously he now hates that guy hes had undocumented but pretty much obvious depression and suicidal thoughts before that but i think this has been a breaking point for himafter the breakup hes been telling me a lot more than usual about how he feels saying that hes never going to find anybody who will love him romantically that hes given up on talking to new people because everyone who he meets ends up breaking his heart in some way that he feels alone and basically lacks reason to live plus is overdrien with hatred for that guyno matter how many times i try telling him that its not true that he has people me and some other friends who care about him he doesnt listen to me and just keeps talking about all of this there has even been instances where he would outwardly tell me his plans on killing himself and i had to talk him out of it he would also mention the guy that stole his girlfriend a lot talk about how much he hates him describe how he wants to attackkill him even mention that hes had a dream where he shots him with pleasure they go to the same schoolclass so he even stopped attending it because he says he cant stand looking at him and seeing how happy he isnow the reasoni amwriting all of this is because ive tried helping him a lot of times but theres only so much that i can do i told him that he should see a therapist but he doesnt want to i try telling him that its going to be okay and that i will stay with him but he doesnt believe it hes questioned me a few times thinking that i dont actually care about him but i am still working on proving him otherwise and i think its slowly succeeding but i will be honest and say that its really draining me the way he talks about all of his problems and i cant even help him in any way every single time he starts talking about this i feel guilty for not being able to do anything usefuli amstarting to question this friendship because i love and care about him a lot not in a romantic way but the amount of sadness that i get from knowing how he feels just makes me want to stop talking to him sometimesi realize its probably selfish of me to say this but really talking to him when hes like this has been very tiring i feel like i cant do anything to help him anyway after all ive tried so i just end up reading about how he gives himself max 5 years of life because he says that after that he probably wont have the strenght to live anymore and how he puts on a mask and pretends to be happy it feels like its too much for me but maybei amjust the wrong one because hes clearly sick and in a worse situation than me so i wanted to know am i wrong for being tired of it should i still be friends with him if it brings me so much pain i cant just leave him now because he would get even more depressed and suicidal so what should i dohe truly believes that theres no way he could ever feel better or find someone that will love him he refuses to see a therapist because after his fathers death he doesnt want to give his mother any more reasons to worry i dont know what to do anymore thank you for any help by the way i am not a native english speaker so id like to apologize if the text is chaotic or if there are any grammatical errorstldr my best friend is depressed and suicidal doesnt want to get help i love him but its physically and mentally draining me and i dont know what should i do
1	according to internet troll has been harassing and threatening me and my family for the last 4 years
1	sick of the system hey guys i m a 22 year old asianamerican guy in the us suffering from major depression social anxiety adhd the suicidal thoughts i m getting are more intense then over they first started when i was a teenager but have only grown stronger now that i m in college mainly due to stress inability to cope with real world and having no real best friendsgfs most of my life i barely had any friends i ve always felt i ve talked to more online people in my gaming communities then those in real life i also have asian parents and all they can tell me is take some pills and stay in school and study so i ve never had anyone to talk to with my issues i m near the end with almost no motivation for living anymore the only reason i haven t done it yet is because of music video games anime and tv shows
1	i need to talk to someone hi to the right of this page is a list of resources including a whole bunch of people who you can talk to who can help you can speak to someone or text chat hope that helps 
1	evreytime i get off the phone with her cant describe how i feel it doesnt feel good sometimes and sometimes it doesnt feel bad were happy most of the time and we could talk forever a long time after every phone call my thought are saying i want to kill my self i want to kill my self i want to kill my self kill me kill me kill me i would keep saying those words over and overthoughts would last about 30sec or a minute and would feel like a long time idk know whats going on
0	 aw i hope that makes you feel better im having a pizza amp movie night to remedy my mood ice cream sounds good though
1	if my family goes homeless sorry for posting again but i just had this though and if my family goes homeless which is a case of 35 happening i am just gonna say fuck it i am out because you cant comeback from a situation like this here in greece
0	i though groups of google apps were something like google groups groupsgooglecom 
1	am so sorry i need help my boyfriend said i should lose weight and i know i should its just thati amcurrently battling depression and i was just starting to feel better i loved myself please help i experience bipolar this wayhighs and lowsalways feeling better or worse with some stability in between lots of body types out there and not all are always controllable or for the reason society judges i think you should start to work out so that you can tap into some natural endorphins find a workout or sport you have fun doing and it will be even more effective
1	i already know everyone is going to die i have the method and i know it will be a painful one but i feel its what i deserve and a heart attack isnt as grisly to those that would find me as other methods 
1	idk whatelse to do hey reddit i dont have anyone else to talk to and i never post to redditi am25 and feel likei am going to lose it all i have cirrhosis my liver cause i would just stay drunk after my mom died i drank everyday for the last 3 years i spent over 2 weeks in the hospital so my job let me go i do have a girlfriend who lives with me but is no longer happy she will make comments about she doesnt love me and hasnt been happy for months we are just on a lease together now rent is due that i cant pay no family to fall back on or help me now i just cant stop thinking about being with my mom i dont wanna be homeless and lose everything again i amat the wall
1	the only reason i am alive is because of a girl i like i have been through some bad times and i have thought about killing myself but i havent in hope of being with her
0	 oh fareal yeah yo we didn t even go 2 prom we didn t have ne school spirit lol
1	living for someone else and not myself i have wanted to kill myself every day for the last 3 yearsthe biggest issue i face is what pain my mother and spouse would suffer my mother is already killing her liver in her attempts to understand and help my drugaddicted brother my spouse lost 2 out of 3 of his siblings to car accidents and has a hard time cultivating a desire to live and enjoy life if my parents sibling and spouse were removed from my life and the guilt were absent id just do it already but i effing canti hate this mundane existence its always try to find something you enjoy or work on exercising and eating better or some other strip of paper drawn from the pot of lifealtering paths of action but no matter what were still required to live in the i willusion that we have a life while slaving away to make money just to survive we normal people do not call the shotsi just got into a car accident last week i pulled out from the stop sign intending to take a left turn which crosses two lanes of traffic 4lane road that have a straight shot with no stop sign or light the car closest to the curb had its blinker on to turn onto my street no cars were coming from the right i entered the intersection and in no time at all a motorcycle came flying around the turning car and hit my bumper just an inch to the right of my drivers side headlight his bike tore my bumper off tore out all of my transmission and break lines and crushed my radiator i was in so much shock this is the first accident ive ever been in in my life the police were nice and confirmed there were no lifethreatening injuries although he complained of painful ribs and was being taken to the hospital police dept confirmed he is stable and all is wellthe cop wrote me a careless driving ticket which is the equivalent of reckless driving in my state as far as drivers license points go anyway though this is supposed to mean the accident was not caused by intentional behavior the man was still injured in the accident and i was ticketed as the atfault driver though he was clearly speeding and not visible behind the turning car before he sped around them my life is the epitome of murphys law right now our dog and two cats just got fleas two days ago last saturday i purchased an as is used car in desperation and am now indebted to the dealer 4300 despite problems it is having no warrantyi have rheumatoid arthritis so the pain i experience makes it really hard for me to do the things my so would like to do to have fun on monday he talked about taking a trip to europe for a couple weeks to a month but that hed want to go with a friend or someone who can walk around with him and i just feel like ive been given worthless body that only holds me and my loved ones backi am going to have a charge on my record indicating thati amcareless even thoughi amone of the most alert and safest drivers i know to a point where my husband prefers to drive i cant maintain social relationships anymore becausei amjust not interestedi want to be dead i want to be done but i have to live for everyone else in my life and that is killing me even more because none of them have to live in my mind nobody has to live the advice they give me so i just sit here and cry and feel hopeless what is the point anymore
1	when i die i want to be reincarnated as a street cat in kyoto japan
1	i put a rope around my neck today not a suicide attempt but its probably the way id chose to go i wanted to know how it feels so i put it around my neck and pulled it enough to cut off some air for a bit it almost felt good am i playing with fire too much
1	i can t do this anymore i have no hope i m a senior in college and i just want to die i don t fit in and i feel like no one cares about me everyday i wake up and i try to tell myself that today is a new day but it doesn t work i hate everything about myself and i feel so alone i have no one i don t care how i look and i don t even want to get up in the mornings i just want to end it all end all the suffering and the pain i just want to feel nothing for my anxiety and depression to leave me alone i don t know where to turn but i just can t keep doing this anymore 
1	how can i stop feeling worthless so many people my boss my family tell me that i am pretty much worthless and think too much of myself i really dont its just a front i put on so i dont have to face that part of me deep inside that agrees with them that i have no purpose living this life after just being told that i am worthless for maybe the fourth time this week and its only tuesday morning for gods sake i cant stop the tears right now the germans used to say that crying is a sign of admitting guilt whereas anger is a sign of innocence i know i am worthless i believe them i agree fully most of me doesnt see hope anymore and honestly ending this pathetic sad tiring life would be such a satisfying release from this endless cycle of uselessness
1	just cant keep building myself up then dropping down and feeling like this hey all anyone else tired of motivating themselves feeling like youve finally learnt to overcome this thing and are ready to move forward in life but then something happens and you are back having these thoughtsyeh well i was having a lot of anxiety as a kid but its when i hit 20 and started balding thats when it really began and there has been on and off peaks were its crippled me from leaving my roomsomething so stupid as hair which i have tried drugs to bring my hopes up then didnt work tried seeing a therapist for a year feeling really good dropped lots of addictions like gaming and porn and finally ready to move on with life but now i am on exchange and these thoughts ave returned i even got this smp procedure but i still have a way of thinking about my head its like i just dont want to let go of this painand it feels like i will never let go so whats the point right my personal fixation is with hair but can anyone else feel the same with buildingimproving yourself then falling back down to square 1 and feels like you start again
1	i know i shouldnt ask for medical help but roughly 45 days ago i was in hospital for a suicide attempt overdose i took 20 225mg venlafaxine 24 valium and a few sleeping pills all on an empty stomach and with alcohol i was discharged from hospital after staying in and being assessed but noone told me anything ever since ive had horrible stomach cramps and i amconstantly feeling sick in the mornings and after food is this normal thank you remove if breaking rules x
1	killing myself tonighti amjust bitching for my sake i dont expect any responses i just dont have anyone to talk to anymore so this shit just builds up inside of mei guess its finally come to this ive been depressed for about 7 years now and have been suicidal for damn near all of themi guess i am finally giving in to these thoughts i completely hate who i am in every way and seeing myself in the mirror is just a constant reminder of the failure of a person that i am the only thing that i have really managed in life is getting good grades at a good school but ive given up basically everything to get there ive lost all of my closest friends and ive lost although i never had any of my social skills i dont know how to make friends anymore and i dont know how to hold a conversation with another person ive never had a girlfriend either for that matteri amjust a fucking loseri am not good at anything and i dont have any good relationshipsi used to have a very close friend i met her not too long after i started feeling depressed and i have been very open with her about how i feel she knows more about me than anyoneive told her everything shes the only person ive ever been able to be myself around my friendship with her was the greatest thing to have ever really happened to mei can never put into words how much she meant to mebut we havent talked for almost a year now and i amhurting and i amdead inside i havent been able to feel like myselfi think about her everyday but shes already moved on to other thingsive lost all interest in my major and i have no selfesteem or confidence to really go talk to people to make friends or get a girlfriend or any of that shiti amalone and without direction theres this cute girl in my physics class that i met last semester its a shame thati am too damn boring of a person to hold a conversation and completely lack the selfconfidence to really go after her in a sense ah well she can do much better anywayssorry this is long just trying to get a couple more things off my chestive already written and sent off my goodbyes to my family so i dont have anywhere else to keep spitting out whats on my mind i hope i find peace tonight
0	my 7th grade teacher made me wanna kill myself but also taught me how to write like a motherfucker so i hope hes doing good
1	if i soldier on i ll just end up becoming one of those cases of my dad killed himself two years ago i am 21 and my life objectively isnt that bad i should have an ok career marry etc its always been a dream of mine to have a little girl of my own a nice dog the perfect family life the problem is that after that then what the dog dies the children grow up and leave and at that point i will finally decide to call it quits which begs the question 
1	my sense of self worth is gone i feel like my life just isnt worth it anymore i cant let go if the past my whole life is just a bunch of reminders why i am in this terrible hopeless place in my life i will never be okay with who i am and as much as death scares me i just dont see the fucking point if i ll always consider myself a loser
0	 how do i do that the page won t load at all 
1	i feel so so tired my poetry is selfimportance that rhymes my music is trivial and infantile my stories are unreadable my paintings are disgusting mockeries of better artistsi am not good at business i cant manage anything effectively i am lazy and impossibly slow at working when i do it at alli am not fit for making money or creative lifei feel like this is purgatory i worked very hard to escape what came before i had to fight to be average my reward and my luck has afforded me mediocrity mediocrity and being talentless is worse than death it is watching yourself diei am so tired of waking up like this i want to be done i want to wash my hands of this world in some equally mediocre way the world can take advantage of me i dont want anything from it
0	 hahaaahahaaaaahahaahaaaoh sorrywtf were you thinking 
0	gorgeous day today shame i m now in doors ironing 
0	 it s rainining a lot what about you
1	here s my note is this it i ve just written my suicide note i don t know what to do anymore it s directed at my best friend who has slowly destroyed me over the past month 
0	half my tweets are about how i m going to cover myself in nazi blood then go and fuck god i hope the police never kill me cos they ll have a field day 
1	something i thought of at night i couldnt ever put my feelings in words when i was younger but around 2 am i wrote something that i think that honestly conveys what i feelsuicidewant all your problems to go awaywant it to never happen to you againmake sure you never feel like this again
1	my boyfriend is suicidal and i have no idea what to do we moved to different countries for university we planned on breaking up but ended up staying in touch because we missed each other the only contact we have now is ims and occasional phone callshes had bouts of depression and suicidal thoughts for a while now but at least back then i could go to his place and hold him or if we werent together i could i dont know call his parents or somethingi dont know what to do now hes currently living with some family friends but ive never met them i dont know his new address part of me is starting to think that if living is so evidently painful for him am i even in the right to stop himi feel likei am doing this so wrong trying to get him to see that his beliefs about himself are completely misguided and make no sense but i amdeathly scared that if he doesnt have someone in his life to get him out of that cycle of thoughts its only going to get worse i desperately just want him to at least try therapyhe called a psychological counselling callline type of thing and when he told them that he doesnt really see a purpose in his life anymore the woman told him its just a teenage issue i went from being thrilled that hes trying to get help to wanting to push a call centre employee off a bridge he on the other hand was more or less unfazed he insists that therapy would never help himhis suicidal comments get more serious every time we talk about it i feel cold sweat gathering on my back when he logs off after having a conversationi feel selfish for constantly trying to change his mind without a true understanding of the fact that hes in legitimate pain right now i just want him to stay alive so fucking bad
1	i am a 20 year old transgirl who has been on hormones for about 4 months recently i suffered from a depressive episode due to gender dysphoria until about a couple weeks ago i just got a job and i was presenting myself as female and using a female name the only problem is that i still look somewhat masculine so i get stared at constantly and dismissed i cannot connect with any of my coworkers because i look and act strange to them i know i am supposed to wait on these hormones but i am really scared what if they dont work what if i ll get beaten up what if i lose my job due to just being me i want to be happy but its so hard its gotten to the point where all i do is just think about death and hope maybe i will get a do over i just cant take any of this anymore
0	i dont want to die
1	work force intense workloads considering taking drugs until my body shuts down completely already no call no showed for my job instead of killing myself instantly i sort of want my body to shut down after working too hard people around me are super nosy they arent considerate i get no inheritance its taken weeks just to talk to a psychiatrist about a medication i took for 5 years ago someone who isnt even my family or blood is treated better children that arent even related to my grandparents will get it all my father and uncle are 2 felons who dont care if i get anything they spend it all on junk i have no future inheritance i have nothing in my roomi ama 23 yr old white male everyone says man up and grow a pair anytime i start to complain it makes me super angry only reason i keep going is for my sister and mother who always loved me and my current gf who also was going to end it before i met her she said i stopped her i have nightmaresi amsick of cheap talk and continuing on if i just speed enough i can probably die working i want to be a example to society on why the energy crisis is so fked up we have no future way out of our debt we are increasing it another trillion this year so yeah 23 year old white male from ohio i hate this place the job i just left smelled like a std in the kitchen like literal sperm smell all over the floors the bathrooms were absolutely filthy at all times i feel even if i get out of this abusive trap house id be stuck with a dead end apartment lease for years and my job would fuck me over anyways if i get sick or weak i just wont cut it its as simple as that mcdonalds already gave me 2 jobs at different locations but i want a real career everyday is a evil one and i amready to end it producing money for my mother and sister they worry about me everyday but the person they knew is gonei amno longer innocent and young and this world only caters to soulless bastards who dont care about peoplei am not one of themi amto considerate and i ama yes man hard work doesnt pay off for me it detriments my health even without drugs i can work untili amdead i was almost coughing up blood when i got home what should i do my psychiatrist appointment is the 21st and everyday seems to drag on and i aminvaded with people in and out of this god forsaken house for no reason other than to wake me up i cant even sleep anymore without disturbances how am i ungrateful when i have no future wealth ahead of me how am i ungrateful when hard work never pays off 
1	do the suicidal thoughts go away i first started having them earlier this summer in the aftermath of an extremely painful break up i constantly wanted to swerve into oncoming traffic or just fall from a high place it was an outlet some way for me to feel something anything when all that was left was emptiness towards the end of the summer things took a change i lost all sense of hope and nowi amdistancing myself from everyone its no longer about the break up more my failure as a person although though i still cant get her out of my head i dont know if i will be able to make it to december so that i wont have to face my family as the disappointment ive become for me whats scary is that none of this feels new its the same feeling ive always had its just never given itself form i dont know if it will ever go away since it has always been there do they go away
0	 who wants to see how fast i can kill myself his depression is slapping his cheeks
1	its getting bad again and i don t know what to do or where to go or who to tell because nobody really cares right p b a 
1	is living even worth it anymore right now i am coming to terms with the fact that i probably have a lot of underlying mental health issues as well as suffering from severe depression i used to think it was just depression but i have noticed traits of ocd and possibly even asd in myself which may have been missed when i was born i have been sexually abused as a child bullied and picked on for no apparent reasons in high school which lead to me using porn as a coping mechanism and that came with a whole host of its own problems i became socially isolated save for a group of people which has withered down to one when high school ended i went to college and ended up dropping out of 2 courses i know that i am a disappointment to my father who had high hopes for me when i was younger and constantly compares me to my older cousins who are successful real estate agents and entrepeneurs my peers also have way better social lives than i and are moving into university meanwhile i have worked a retail job all summer to pay for another college course and have been underpaid so i dont even know if i will be able to afford it i have had suicidal thoughts or just thoughts of death in general everyday for about 4 years and have recently begun tying nooses in my room and either staring at them or putting them around my neck my mum has actually found one of these under my bed and hasnt said anything looking back on my life so far it has been unremarkable to say the least and at the most it is a series of unfortunate events that will probably get worse as time goes on i cannot remember the last time i was truly happy and i refuse to realise it will ever get better i dont believe in god anymore due to how bad my life and the world in general is but if there is indeed such a thing then i believe that they just hated me and decided to make my entire life as miserable as it could possibly be infact i was actually born caesarean because i was facing the wrong way in the womb so maybe i wasnt meant to be born anyway sorry for the rant
0	i dont want to die
1	this may possibly be the final straw now before we start i am getting help i m slightly suicidal so that s why i m posting here my girlfriend of 1 month but that s besides the point broke up with me yesterday because i m cold and mean and possessive she said i m not healthy for her and i understand why she s a lot like me in many ways depressed has anxiety worse than me in most ways and likes a lot of the things i like even though it s a short relationship i felt a deep deeep attachment to her i would say i m in love with her she even had the same feelings but i fucked up i kept making jokes saying i m gonna kill myself and kept doing it even when she clearly didn t like it i wasn t doing it for the attention really it was a way for me to cope i guess i also kept poking fun at her for when she accidentally called me one of her friends names i d pretend to be upset whenever she would say she thought someone else was cuteeven when i could tell she wasn t serious she loved me as much as i loved her i still think she does too the day before we were cuddling and saying we love each other every 5 minutes this wasn t really like her at all during class today i kept catching her glancing at me from time to time i m going to give her space for a few days then try to talk to her in person if this fails i think i m done with life you can say what you want about it being really short of a relationship or how i m young and i ll get over it i m 18 but i really don t think i will i don t want anyone else but her i fucking love her with all of my strength heart the passion of a million suns whatever if she says no i ll respect that but i will probably be done with life 
0	i don t want to die 
1	i just tried to kill myself i tied the belt around my neck and the top of my dresser i wanted to know if i could go through with iti am too tall to fully hang so i relaxed my body and closed my eyes within a couple of seconds my arms and legs were tingling and i started to fade out my brains natural reaction was to stand up and save myself after some googling i found out that if i had waited just a couple more seconds to go unconscious i wouldve died within 20 minutes no one would know i live alone in an off campus university apartment my girlfriend of 2 years broke up with me and said she just didnt want to be in a relationship right now and that down the road we could try again i know shes lyingi amoverwhelmed with university things and i can barely take care of myself at my apartment i wish i wouldve gone through with killing myself its the only solution i have to all my problems 
1	my final statement hi i just wanted to look for some support right now i am working a 70 hours a week 6 days a week job flight instructing i am really tired not just physically but emotionally and mentally i give 110 everyday and give my students and customers the best service and education i can provide them i am finishing college and need to have a vacation or i am going to lose my fucking mind how do i arrange for time off i need a few weeks to collect myself i have not taken a vacation in 5 years i need to stopi just received news from my university today my loan payment would be increased and i am now scrambling to fix this issue i honestly think that this really is going to turn into a treadmill of nonstop issues and financial problems that i am going to have to continuously fix honestly its time for me to kill myself there is no more hope
0	 so i guess unlike me you are actually following the diet i suck
0	 i tried youtube no luck yet how long was she on for
1	my life has lost all meaning ive lost all hope in living and finding happiness ive lost the will to live and i just dont know what to do anymore i feel likei ama waste of life and that i should just kill myself everyone at my school treats me like shit even though i try to be nice to anybody everyone thinksi amgay even thoughi am not and constantly calls me a fg or a pussy and always says thati ama piece of shit my therapist has been telling me to separate myself from him which i did but he keeps persisting and telling me these things he makes my girlfriend cry all the time and calls me a pussy for talking about my feelings i feel like an outcast and that nobody will ever understand my struggles ive been mentally and physically abused by my step mom over the past 2 years i had to run 10 miles from home to get picked up bc she was abusing me she abuses my dad too but he still wont leave her i havent seen my dad in 9 months and hes made zero effort to come visit me or see me at all the last time i saw him was when i got out of the mental hospital after trying to kill myself and cutting myself like crazy he acts like he doesnt care about me he never calls or texts me ive been doing so good in school and sports lately and everybody continues to tear me down and now my girlfriends mom wont let us be together just bc she doesnt know me and thati amolder i want to fall back into old habits and just cut myself until i cant anymore i cant take this suffering anymore ive had depression since i was 8 its been almost ten years with it and its just gotten worse and worse my dad left me when i was 3 i watched my mom almost die when i was 12 ive been separated from all of my family since i was 7 the abuse the depression the meds the cuts the blades the sini am in so much pain and i just want to rest 6 feet deepi am not going to suffer anymore i cant do this anymore
1	its not like i dont have a will to live its just like i have no fear of dying and its killing me inside i guess a bit of background would help i have low selfesteem usually overshadowed by my cousin who is far better to my schools eyes i was physically abused when i was a kid and i was a child of a mistressi ambasically a result of a ruined marriage and my mom and i leaving my dad left him in deep depression he still talks to me these days via fb and it just hurtsthese things dont bother that much not directly to the point of suicide and i knowi ambetter than my cousin in different ways and thati am not a mistake thati am not defined by my past or my orgins i just think they somehow were the reasons of my selfdestructive naturei dont mind doing reckless things i have thoughts of jumping off buildings sometimes literally standing along the ledge i contemplate cutting my wrists or grating my hand never doing it though i have thoughts of getting drunk hitching a ride at night with a stranger do drugs anything to stimulate my mind i suppose its like everything else just bores me to death i just feel so emptybut the thing i hate the most the thing that drove me to write this post about my behavior is how i ruin relationships i read about selfdestructive behavior on the wikipedia and there was one section that basically described itselfdestructive behavior may also manifest itself in an active attempt to drive away other people for example they may fear that they will mess up a relationship rather than deal with this fear socially selfdestructive individuals engage in annoying or alienating behavior so that others will reject them firstand it hit me pretty hard today because i think i just fucked up a relationship with someone i truly liked my chest aches a lot right now and its pretty cheesy but i have this fear that i will do it to all that i really care about i feel like nothing really ever matters and i should just keep on with this i feel so safe like this and like if nothing really matters nothing can hurt me i know that this reckless behavior is just a coping mechanism for meand i think that theres a way to be truly happy without this i hope for onei cant rely on parents or friends theyre all avid christians and i dont believe in a god i just dont think religion is necessary for me so thats why i turned herehonestly i wouldve ended it all now if it wasnt for my mom she endured my existence and let me live a pretty good life my death would only be selfish and devastate herso has anyone ever felt this i just want a way out and i know suicide wont help but it just seems like the only option right nowi am so empty
1	i feel like being such an ignorant i have no idea what to expect of this post but i seriously just want to post this and sort of get it out of my head ive been thinking of suiciding for some time now and it has really gotten worse to be honest when i am all alone and walk around in the kitchen i often catch myself imagining me just taking whatever tool and ending it just like that and ofc ive tried to find the easiest and least painful way to do it i just cant i cant stand the thought of ruining my familys lives just because i dont feel happy at all most of the time id rather feel like living a hell but there are moments in which i just feel like snapping and go ignorant ending it there is absolutely no doubt that if i didnt have a family or any friends i would end it all i seriously dont want to talk about this to anyone i know or generally anyone in person i dont want to be treated differently because of it i have been thinking about calling a suicideline but i find it so odd to call them up and be like hi i feel like commiting suicide the only reason i post this here is because you cant see me or judge me i can just hide behind this screen 
0	he s so thoughtful and every time he interacts with girls and women i want to die in the best way
0	i dont want to die
0	wowjust got done watching making te bandvery dramatic i did shed a tear 
0	ohhh nice shower needed that to clear my head before work half an hour to go 
1	amstruggling i am sorry i dont know what to do i feel so numb i feel so empty i dont know what to do i dont want to be this miserable anymore ive got so many promises with people i dont want to let people down but i know i will _ _
1	depressed for the last couple of years i have been struggling with depression because of loneliness i just need someone i can talk to someone i dont know before i do something i shouldnt do
0	tomorrow is my birthdayy im getting old 
0	its may 21 my party is the 22nd 
1	the right to die in this world we live in every one stands up for their rights when they can we have people who stand up for marriage equality the right to lead the lifestyle they choose whether it be gay if you ask is being gay normal people get upset and say yes of course it is i was born gay they would possibly say people are becoming more persistent with their rights their freedoms people insist that they are to be referred to in a certain way sir madam regard transgender communities and get upset when they are not blah blah blah black lives matter white lives matter fucking this group that group everyone stands up for a cause they strongly believe in what about the right to die why cant we see this as normal all my life i have wanted to die i have lost count of how many times i have tried with overdoses one of the last few times i tried was by hanging only for things to go black and for me to wake up gasping for airfailed again other times people would always find me unconscious from the overdoses when i was pretty sure there was no way for them to and the door was locked and last week i took a whole batch of valium and alprazolam in a bowl washed it down with waterand apparently i was the one who called 000 and an ambulance i can get completely smashed with alcohol and remember what i do but my wife when she came home after the ambulance took me to the fucking hospital says that i had been vomiting in the toilet and somehow i went for the phone and dialed for the ambulance what the fuck i can not remember this is it a cry for attention no just so they can put me in an acute ward and i loose all my jobs that i do for a week and things just get fucking worse do i really want to die yes and no if we didnt live in this fucked up world of course not but we do so fuck yeah i want to die i am certainly not encouraging others to do so this is my choice i believe my rights just like everyone else thinks their rights are normal you can put me on all the fucking meds you like that is not going to stop my reasoning and thinking that i feel i have the right to die i can actually attest to this i am on them now so my question is why dont we have euthanasia clinics for those who see no way out and have lost all hope not just those for elderly terminally i will why dont we have those rights we lived in a fucked up world everyone screams for their rights and are getting them but for those who are suffering they cant choose to die humanly people dont give a fuck about the homeless those that are depressed suffering with mental i willness if you are living in poverty even though you work hard and do your best they look down on you if you are just a cleaner welfare agencies dont give a fuck if your suffering and cant go on there is no support for you while others bludge off the system and get away with it for years and years the risk of surviving a gun shot wound if its not done right and obviously how to hang oneself is can not work and cause prolonged damage as i found out we need assitance to do so safely humanely without the need for other people to discover you with pieces everywhere or at the bottom of a cliff this world is fucked and upside down
1	the prospect of working a shitty job for the rest of my life just for the sake of breathing may be enough to drive me to suicide i graduated college with a liberal studies degree like a fucking idiot because all the stupid college advisors parents etc assured me that i would be fine and i wouls get a job its now going on 6 months and the only jobs that i can get are shitty customer service jobs which i rathee kill myself then take why do people bother working when that is literally all they do i cant grasp it for the life of me and nobody else in my life seems to understand the issue i rather die then sell my fucking soul i was at the top of my fucking class i wrote an award winning thesis now id be lucky to get a job at fucking walmart college got me absolutely nowhere i would be better of it i didnt go with my current degree if i could go back in time i wouls have went into a stem field but its to fucking late not how fucked up is society that you have to make the most important decision of what you want to do for your entire life at 17 fucking years old fuck the world fuck our shitty dreamboat education system i cant live like a useless sack of shit any longer
1	please readi ambreaking hey lately i having been down sad and suicidal i plan on ending my life in a few days due to my reasons i shall say 1 my first problem would thati amlonely i want a girlfriend someone i can hold by my side wheni amsad someone to talk about video games and anime i feel lonely while all my friends are out kissing and fucking random girlsi amhere beating off and sobbing in my bed i can make girls laugh and be my best friends but they never want to date girls sayi amcute i hate having dreams about a girl and we dating to wake up and realize the spot on my bed that she should be is cold 2i amstarting grade 10 in 2 days all friends and family say imma love it but i dont known anybody new school its a trend to be a dart boi canadian fuck bois smokes cigarettes but they call them darts i smoke occasionally but am a skater 50 are nice 50 are dicks last year dart bois loved me but i cant be bothered getting in trouble with police for breaking a guys arm in a fight again lol 3 i hate how my life is plane boring 4 i made a post a while ago 
1	just need a place to let some of it out ive been in queue to chat for over an hour at national suicide prevention lifelinei amafraid to call after reading their privacy policy and that they can and will call the police at their discretionbasically i just feel done with life i messed up too badly and permanently too many times to fix it i am full of regret and selfloathing and i cant stand it but though i have the means to do it i wont just because of my family members i believe love me and my two dogs my husband is away for work for a few months and there wouldnt be anyone to take care of them if i do it plus no one would love them like i do i thought having more to do would give me that sense of purpose instead of all this despair but i cant do the things i want to most ruined those opportunities via life decisions that cannot be unmade so instead istarted grad school while working full time in a program i chose only because i could get tuition reimbursement from work so now my days are absolutely filled and all i want to do every second of every day is go to sleep and never wake upi guess i dont really have a point i just wanted to talk and think someone was listening
1	am not allowed to express how i feel i sometimes manage to wrack up energy and will power to phone one of those suicide phone numbers for help but the issue is in there guidelines it says they would have to have me locked up if i said how i was actually truthfully feeling soi amstuck in a situation where i cant even talk to the people who are best trained for my situationi amfucked
1	is it worth living to save the feelings of one person who cares about you the only reasoni am still here is because my brother just left for college hes a genius and he has a great life ahead of him and hes going to be a great engineeri amworried if i kill myself when hes only a few weeks into college it will screw him up and make him fuck up his futurethe thing is my life is just painful enough that i might do it anyway
1	i want to die first please 
1	cant sleep becausei am too busy of fantasizing of how i should do iti amjust tired of all the bullshiti amfeelingi am tired of the messed up place thats my headi am tired of how much of a fucked up horrrible person i am i dont deserve anything and idk whyi amhere 
1	i honestly dont know what to do just in the last hour my roommates unanimously agreed that i have to go i dont have any family to fall back on and i just emptied my bank account trying to make sure myself and all my roommates were covered on bills i dont have the money to support myself without a roommate or even buy food to subsist off of i am so lost i dont have a vehicle to transport any of my stuff in or get to work with if i cant find a place to go nearby
1	sometimes something hurts so much it stops hurting at all 
1	why shouldn t i just end my life i m just using a burner account and i m sorry i ve been thinking of suicide for about 12 years now i have been thinking that i d be okay with dying i don t have a love interest going for me no job no responsibilitiesi have only 2 friends really both seem to have a lot going for their lives like jobs love interests academic success i ve always been the loser of the group or really a loser in general physically i m disproportionate i have a sharp face and really skinny body that makes me unattractiveugly and undateable trust me i ve tried for 2 years with as much confidence as possible i can t hold a simple job i panick and mess everything up academically i ve had minimum success and other people often use me to their advantage i lie to other people to cover how boring and uninteresting i am and i put a fake smile on everyday to hide how worthless of a person i am any pride from even the smallest achievements have been overseen or overshadowed like anything i ever do is worthlessthe only thing thats been keeping me going is the thought of my family however my family has lost a lot of people before and they ve often moved on quickly i wouldn t be any different really even if killing myself hurts my family it wouldn t affect me in the afterlife i know that sounds selfish but i m hurting and it stopped bothering me people always say to me look to the future but all i see in my future is bleakness boring unsucessful and unfilfilling life the future doesn t even look like its worth seeing nothing interests me my life is boring and has no meaning and i just want it to be over i could just end my life and nobody would bat an eye at this point i don t see a reason why not im not loved and i don t think i ever will be 
1	you re afraid to tell people how you feel because it will destroy them so you bury it deep inside yourself where it destroys you 
1	have always fantasized about suicide but nowi amfeeling it more than ever i was friends with this boy and i developed feelings for him it wasnt a long friendship but it was a close and an intimate one he ended it tonight after i called him out for leading him on saying that i crossed some boundaries that he had and abused his trust i feel so broken i feel likei ama horrible person and incredibly difficult to develop an intimate friendship withmaybe because i crave them so bad i started fantasizing about taking handfuls of pills today and killing myself it wouldnt be my first attempt this friend himself was suicidal and our discussion about our shared experiences was something that brought us closer now all i want to do is make him feel the same way that he wanted his ex to feel when he tried to kill himself i want some sort of poweri had a friend come over and help me out a little but i still feel so horrible this always happens to mei get close to someone get vulnerable and get badly hurt why should i even try to be close to people some friends say its a beautiful thing but does it matter if its beautiful if it keeps causing me pain i just miss this guy so much i dont have many close friends and i feel so lonely i told him i was feeling unsafe and that he needed to call me and stay on the phone with me until my friend came he said he felt terrified and manipulated i apologized and backed off and luckily my friend showed up i cant believe i tried to use my own suicide to get him to talk to meit just makes me feel likei ameven more of a bad personi can see why he hates me he saysi ama good person but he hates me no one will like me let alone love me no one stays after my parents die i should probably just die with them their sadness is one of the only things that keeps me going right now 
1	i m stuck sitting in a place full of triggering paraphernalia all i do every night is marinade in all the bad things that has transgressed i have no friends i have no one but my partner and partners aren t generally forever he deserves better than the mess that i am and in the endi am going to pull the trigger ori am going to hangout with a couple of trees its just a matter of whenprofessional help is far too expensive and my brain enjoys tormenting me too much to truly be functional again i think i want to be wrong i want to believe these horrible memories and feelings will eventually stay in the little lost memories file in the back of my mind any tips to cope 
0	wowi want this shirt because supposedly medicine is the new bi anthem regardless medince is probably my favourite harry song i also don t have much harry merch so i would die to have this thank you for giving someone the opportunity to have this 
0	in the office on a cloudy monday morning when will the sun be out i can t wait for summer
1	i think i should kill myself tonight ive been trying so hard for 8 years now to start feeling better and nothing is working the last remaining things that make me feel something are fading quickly i spend all day in the void theres no way out i cant carry on like this
0	why is it that i love all the things i shouldn t it s very unhealthy it s going to be the death of me one day 
1	why not just simply why not
0	tomorrow school it sucks 
1	can somebody just kill me please whats making you feel this way you told anyone what youre going through or looked into getting help
0	headed off in a few to barnes and noble my dog ate my library book and so i now must go replace it 
1	i give upi amdone pushed away the only two people in my life who were just trying to help mei amsick of being an asshole alone and miserablei am going to go to sleep and not wake up sorry everyone for being such a failure life will be better for me not being in it editi amsuch a failure exhaust plugged windows up but i couldnt start it just another fuck up in a long string of fuckups
1	developing schizophrenia i am losing reality every day that goes by i hear voices daily theyre not next to me theyre not whispering in my ear they are always outside of my room door in the kitchen in the vents ive seen a screaming face come out of my poster in my room i have seen an arm reach toward me coming from out of my curtain i have extreme paranoia i can not trust anymore i do not trust my girlfriend even though she says she promises to not do things that will hurt me all of her friends hate me apparently my paranoia makes me a horrible person my paranoia is completely justified to me i am absolutely right the entire world saysi amwrongthe only thing i am able to do that makes me feel better is remembering the thought of judgment day coming anyone who has hurt me and brought evil to the world without an inquiry of forgiveness or guilt will be dealt with and all of the pain and suffering will be brought to an equilibrium by justice may god accept my never ending plea for forgiveness and may he protect me from all evil including whatever my never stopping thoughts arei will not suicide its a sin but wow how beautiful the thought is to leave this worldly life theres too much suffering for me to handle
1	i wish i was dead or never born since i can remember i have always known that i dont belong one of the first things i can clearly remember was my fathers hate of me his anger that i was even a being his disgusted looks at me made him harm me and witness the evils of a mans capabilitiesi am free of his gaze and feel nothing for him yet since i was 3 i have made many attempts and one of the first thoughts of any given day is that why am i still alive and one of the last thoughts of any given day is i hope i dont wake uppeople around me know of part of my struggles and how i feel but they see me wanting to commit suicide as a selfish act like most people do but to me whats selfish is wanting someone around who is suffering and see no end to that suffering i understand why people commit suicide and i dont think they are selfish we all just want the pain to go away and for some the only way to do so is to commit suicide whats selfish about thati believe that i am here to suffer and endure i am a witness to humanity and ive seen every facet of the evil in a person very rarely i see goodness and kindness and even then i question if its for selfish reasonswe are all selfish beings who want what we want i hate that aspect of myselfmy first attempt was at aged 3 yes 3 you read correctly i set alight my bed as i knew fire purged wrongs from the world as the fire licked at my skin it did not burn and simply was extinguishedanother attempt was around 12 when knowing how to tie knots and the tensile strength of the rope i used i could achieve the goal of ending my suffering a proper tight noose was tied and as i kicked the chair over the beam supporting my weight the rope snapped as though someone swung a sword the strands of rope were cleanly cut yet what i witnessed was an impossibility just as i saw 9 years previousa year or so later at aged 14 i was walking back from school and there was a high walking bridge that went across a dualcarriageway i stopped and knew it was time for me to try once more and so i stood over the railings and let go the reason i am able to write about this today is because my foot was caught in the railing leaving me hanging upside down like in the cartoons when a character is trapped by another managing to get myself up with the aid of another i simply limped home with a somewhat twisted ankle i told the person that a bully had tried to throw me overother attempts have included poisons stepping out in front of vehicles yes this is a bad one but when your in that mindset you dont care i have and never would attempt to jump in front of a train thats just not right having someone clean miles long tracksit would appear that i am here for something as every attempt i make is circumvented somehowthere is a lot i could write or say to my story but i guess i am still searching for a cure to my suffering and pain i am in receipt of medical help and support though i feel that currently there is no new information that i dont already know or could find for myself a long and slow process i am sure at 25 i feel as i always have empty alone and in pain
1	wont it be wonderful when we can truly place ourselves in a virtual reality our bodies sustained or suspended while our minds are fed dreams filled with whatever our heart desires id like to think death is like that but i cant help but feel it would be more like nothingness a lack of existence its just hard to comprehend because existence is all we ve ever known i m tired i am angry i am bitter i am hurt i want to say i am numb but i am not when all those things are still present i am numb of joy passion and hope i was never built to survive i live in a fantasy world that is my mind where everything is romanticised and everything means something let me continue living in that world til my last breath let me pretend tell me about you instead tell me how your day was even if it was boring tell me of something you like to or would like to do no matter how small like cuddling up on the sofa and watching a movie on a rainy day tell me your healthy passions and fantasies
1	my note is always bad and wrong just like me this fucking note just never sounds authentic and i dont know what advice to put after my death like wills what to do with my body song to play at my funeral and stuff like that i cant even put what i feel into words so is anyone ever going to forgive me but i cant live in agony been to councilling but it tells you things are difficult just power through them and thats it i mean its good for some just not me ive been told i will always feel like this ive just got to cope but i cant cope kill me
1	13yrs old have anxiety and mild depression going to end it tonight please help me my father also is diagnosed with ptsd anxiety and depression he is on a bunch of meds 247 which make him even more tired so he lays in bed all day mom and dad arent together both are overwhelmed and sometimes take it out on me not physical but mental i have no friends hard time keeping up with school soi amprobably going to end it tonight thank you for listening and reading 
0	i wish i had money for that woot i will end up paying full price later
1	too afraid to commit suicide yet i want too and no one cares if i contemplate andor actually commit it i have tried posting in a bunch of different subreddits about my problems in hopes of someone actually bothering with me and all i get is zero comments and my posts get zero attentioni amsick of living yeti amscared to death of dying when i see people having a good time together i get angry and sad because i have nobody i never had friends at all no real relationshipsi amalways tired too i am a below average person with a dead end future of crap cant remember the last time i actually enjoyed livingi probably sound whiny but i never have anyone to talk toi amsick of being ignored irl and on the damn internet wheres the people who actually care nowhere i feel as if i opened up to people theyd laugh at me or be condescendingthis post will be buried under more important suicidal posts but i just wanted to write my thoughts 
0	my sister doesn t know who paul rudd is 
1	amwriting my notes to my friends and family this one is for you the strangers who were so kind to me thank you this is goodbye internet i will miss youi amheading into the great dark soon enough i will try to tell you whats on that mysterious other side i will miss you strangers you were always here for me and you were my best friendsi am sorry for doing this to you as well please forgive me and stay strong find your happiness for me i did not mean for this to happen
1	not in a place to face my emotions right now my family is exppecting me to go back into the house and socialize with people ive never met beforei ama city away from where college is starting next monday and i am in hell from the stressi wish people could understand and respect personal time and space but its not their fault i suppose
1	am i wrong my now ex boyfriend broke up with me so that he can figure life out he was the only reason i liked being alive he was my flame i had something to look forward to i had a reason to improve myself without him i have no desire to live no desire to improve myself i have nothing i get that it is unfair to him but i cant help that i cant find any internal motivations to live i just dont know what to do and i dont know what will happen if he doesnt come back 
0	the things people do for views like i didnt see you try it before
1	i dont have the energy to make my life better i was so happy i had such a hard year in my 2nd year of college dealing with anxiety and depression i dont see the point in investing my love and energy in anything because i am in so much pain
1	i think this is it i just finished my note to my husbandim scared to die but i see no other solution i am pathetic and my life is a mess i feel ashamed for being me i have noone except husband and he would be so much better without me i cant get help noone can help me and i can no longer help myself for 20 years i have hanged in there hoping for life to be better and yes some days life felt livable but this last year my life has come crumbeling down on me and the only solution is to end it it would be so muchbetter for my husband in the long run my depth will die with me my pathetic beeing will be gone all my life i heard how strong i am but i am not i am fucking weak i have nothing even my parents could not live for me so why should i yes both my parents commited suicide so did my uncle three other friends and my best friend and then i brought all this problems on myself by being a useless piece of shiti am so sick now i cant work or anything i hardly ever sleep or eat my life is hopeless and i bring nothing good to the table just being alive is not enoughi wish i could live but i cant i see no light in the tunnel i feel shameful for bringing myself to all this depth and now when i cant work everything comes tumbeling down on me i hate myself i hate to feel this way i am not strong i am weak as hell 
0	i hate weebs i hate them so much when i see them i just want to die i feel my blood boiling and my skin burning and my eyes watering my heart drops and i feel like fire is consuming my entire body why are they so evil and cruel i hate them i hate them i hate them
0	wants twitter to work on my phone but it doesnt work 
1	everyone is hurting me so my life was pretty fucked up already then i fell in love with my best friend then she forced me to lose the feelings replaced me doesnt trust me and started keeping things from me i just cant anymore especially with her because she is all that i care about and all i got 
0	 y am i not following u anymore and its not letting me follow u 
1	me plotting how to kill myself since 1995 
1	i uh do something bad i sometimes like to look at my gun cabinet and think about loading a shell and ending it sometimes i walk to it i hate the fact i ve been diagnosed with asperger s and think if i end it now suffering will be ended in the future for me or any future people i meetdate crippling lonliness and the shame for feeling it compound each other i feel like i will ruin everything i touchi put the barrel in my mouth today though with the safety on 
0	should i try kill myself again i tried million times i was thinking i overcame my depression but i didn t i started to thinking about suicide again idk how i can stop those thoughts i feel like i m gonna cry 
0	 i am here romeo but in italy 
1	i hate my life but i realize i can t end it i have an extremely good life compared to mostly everyone else i get minimal amounts of school i get to be on the computer the whole day i can afford a vps and domain etcyet everything is so boring i spend my days either programming my next stupid unoriginal copycat application or browse reddit even the forth day of school i failed to attend to because it s so repetetivementioning school gets me immediately angry less so in text form there is nothing useful to me about how to calculate different aspects of triangles and if i ever need to do that i will google i know what i need to and i don t want to fill my already whimsy head with useless piece of shit i will never manage to forgetthere is barely anything i remember about my life other that times i have been stupid or stupid seriously i was and am that weird kid in school doing my weird things crying after a break in winter because when i came back indoors my cheeks are rosey and it s not what i m used toi have intense asperger s read one thing about asperger s and sure enough that s me right there i m my father and mother s son i secretly think i m clever but i try to stop i m very rarely uncontrollably mad but it has happened i m my father s son i cry over little things because i m my mother s sonevery person has a bunch properties they group together creating categories the biggest category in me is the logical side when i m out in social i try not to smile at a joke that isn t even funny or showing i m present at all i want to be alone but i can t because the second biggest category in me is the normal category i m the awkward mixture of a distant irritated person and a social person while being extremely bad at itso it s no wonder i want to die my life is useless boring awkward and my past is even more so but i can tshit i haven t even ever gotten unconsious except for when i m sleeping i live in sweden and there are very few things i could use to end my life and there is nothing that meet all requirements i need i don t have enough control over my own body i don t want anybody to live with some guilt of killing meat this point i m even considering doing something that won t get me killed but hopefully ruin my life so much it opens up a new different course for it if only i could get amnesia or something because that would be the seond best alternative after death
1	i dont want to die i dont want to die but i really dont want to be here anymore the past few days have been shit i talked to my partner about my insecurities and its triggered him to practically ignore me the past 3 days hes mad at and making out like its impossible for me to have these insecurities that its made up etc i try so hard to make him happy to give him all he wants but i amjust still not good enough my feelings are still not valid for the first time ever all i want to do is impose physical pain on myself because the emotional pain is just overwhelming i cant stop crying i cant stop thinking about just packing up my stuff and going the reason i dont is 1 we have 2 kids and 2 i have nowhere to go i think maybe i should just leave them behind too but i just cannot do that they are the i my reasons keeping me from wanting to die without them my life has no meaning so i may as well just die ifi am going to leave them behind i just dont want to keep on breathing through this pain anymore i feel so worthless so invisible so inconvenient 
1	immediatei amsitting on the top of a scaffolding 6 floors high idk i want to die so badly and the things keeping me are vanishingi amloosing it the only things keeping me are friends and they are all asleep nobody is there
1	i have no food and i cant starve anymorei ambroke someone stole my bank info so my check is being held until mondayi am so sick of living like thisi amsick of hearing itll get better i dont have the time my sister in law ate all of my food and refuses to put gas in our car even though she shares it and we drive 5 miles while she drives 35i am going to take the trazodone ive saved and get in the tub tonight i will drown and itll be easy enough to clean upi am sorry to my husband i love you so much youre all ive hadi am sorry to my parents i cant do this anymore 
1	a year later precisely a year ago i almost killed myself multiple times gave myself another year to see if things got better and they dont things only got worse made new friends abandoned others thought i found love only to find out i was saving my partner and that was my only interest left my dad moved in with my momsi amgetting hate thoughts of my mother and i dont know why because i love her so much dont even care about my cat anymore sometimes i just have a moment of realisation of what i was thinking and i amlike holy fuck and its more difficult to get out of that state of mind than it was a year ago so i guess it got worsei amhaving a reintroduction to my psychologist soon if i make that far thanks for reading
1	my soul has been destroyed perhaps it wasnt worth saving
1	well todays the day ive had today picked out for awhile and i have a mixture of emotions but i plan on doing it tonight but i still have to go buy my gun and i am so freaking lazyi amworried i wont be motivated enough to go get it the gun place opens so early and closes early so i wont be able to get any sleep if i want to go get it it would be easier for me thursday because i wont have work i want to just ask to borrow some elses gun but everyone knows why id want iti am so sleepy i just wanted to tell you guys that today was my last dayim going to play some destiny and then go to bed its pretty bad that i actually do have a small amount of will power to live longer but it is 100 only because i want to play some more destiny
1	the sad part no matter what i post here i know i ll feel like a fool for it i mean nothing will change my life has always been this way and being a guy its not so easy to find someone to talk to about my feelings i just want a change in my life or i am ending it in a year from now
0	i m not there is on hbo in 30 minutes got excited then remembered i should get some sleep tonight and why is it not on again soon sad 
1	ehret tripping now they be cutting they wrist and shit hanging they self they on that dope here
1	a cry for help i guess for the past several years ive been depressed not majorly depressed though id have moments of happiness but even in the moments where i would be laughing and enjoying myself there was always the subtle weight of depression hanging over my head as the years went on that feeling just kept getting stronger and stronger ive dealt with suicidal thoughts in the past but they were always just thoughts i always knew i would never actually do it but in the past few weeks these suicidal thoughts have been much louder and theyre starting to sound more and more rational ive always been quiet and introverted i dont like talking to the people in my life about anything serious i just hide my depression behind thick layers of ironic humor and its fucked me up over the yearsi amcompletely lost and suicide sounds so fucking relaxing now knowing that i could just end all my problems and suffering so easily is such a comforting thoughti ama junior in university just transferred here from a community college ive never known how to make friends nowi amliving on campus with a bunch of people i dont know not talking to anyone not going out not meeting new peoplei ama business major so theres a lot of pressure to be active in activities and get experience to add to my resume so i can get an internship and look attractive to employers but i cant do any of that my social anxiety is so fucking strong how the hell am i supposed to get through life if i cant even do simple shit like talking to people life is supposed to be a healthy mix of doing things you enjoy and doing things you dont enjoy i know its not rational for a person to be happy all the time enjoying every moment theyre in but for me especially lately there are seldom moments where i findi amhappy the majority of my time is spent doing things i dont want to do i dont find joy in anything anymore nothing excites me nothing can motivate me i feel so disconnected from other people everything is so dull even the things that i used to really enjoy like sex for example is just so bland sex used to be the one thing that i had that i really enjoyed i used it to cope with my depression for the longest time but now thats turned dull just like everything else if i dont find anything enjoyable anymore then whats the point i genuinely cannot think of a reason to not kill myself theres no reward in life anymore why would i stick around its all just fucking shit and dealing with sadness and discomfort and anxiety all the time i so badly want to just not exist i dont know whyi amwriting this ive never talked to anyone about any of this because i dont know how to ask for help i guessi amjust hoping someone can convince me that life is worth living becausei amgetting scared at how enticing suicide is becoming 
1	anyone feel this way i dont have any reason to want die it is all just so pointless and none of it matters and we cant control ourselves anyone feel like life is pointless even though you arent going through anything rough
0	 forgot about that duh i have always loved that song and there is always 1 person u wish u could have but can t 
1	life is kicking my ass i should just give up now
0	laying on my grandmas bed i m about to fall asleep 
0	i live in arizona the exact opposite no thanks to i don t want to die because i m working at a grocery store after my job went away after covid 19 
1	i want everyone to feel my pain i am sick of everyone trying to hold me down and take advantage of mei amsick of always being second choicei amsick of being neglected feared and hated i want everyone to feel my wrath and my pain i am sick of hiding in the shadows and just taking it all i want everything they ever did to me to happen to them and 100 times over i hope they never get reliefi amsick of people and i am not afraid to admit it and it makes me sick to see so many happy people with perfect lives they dont deserve it if i cant be happy why should anyone else be
1	my ex called the cops on me the other night i was talking to my ex more like continuing a conversation from the night before about ending my life i just can t keep fighting to live anymore it takes too much energy anyways he called the cops even though i told him i wasn t doing anything that night and i was angry at him obviously for doing that i get that he was concerned about me and i understand he did it because he was worried about me but now things are weird between me and my parents the ride home was very uncomfortable because now my dad was asking questions and my mom hasn t spoken to me i was never really close with my parents anyway but now i feel even more alone and now i m stuck i feel bad about putting my ex in a position where he felt like he had to do that so i ve forced myself to stop talking to him i m completely alone now i can t let myself feel anything and i still want to die i don t really have anything to live for he thought he was helping me but it s had the opposite effect i just need to pick a day now living is simply too painful
0	wants to just hug and kiss him 
0	 right now it hurts anytime that i move i m going to take some more pills and try to go to sleep soon
0	 i always wanted an ibook but no usb and no wifi means i wouldn t actually use it it would just sit on a desk somewhere 
1	please tell me what to do anyone i am begging please sorry for bad typingi amcrying so hard i cant see good ive had a bad life diagnosed with depression anxiety at 11 i have a lot of health problems and mental problems if i die right now hes in the right place to get treatment for depression mourning suicide ect i want to be with him i want to be with my only support my bf but i cant i dont know if i will keep getting more content with the thought of dying today i just hate everything i cant even put it into words whats going through my head or what i wanttodo please tell me what to do an help me
0	has burnt legs 
0	 u were right about the fake nicki twitterloluhmi feel really unloved since u dont reply anymore 
1	before i go i have a note titled before i go on my phone in the note is a list of all the things i want to do to prepare for my suicide its nothing complicated or fanciful not a bucket list just things to settle my mind its not even a long list mostly just cleaning the house i want to feel relaxed when i do it is it strange to want to clean my apartment before i die i guess i just wanted to share ive got no one to talk to i figured at least here i wouldnt be alone 
0	doesnt want to work till midnight tonight 
0	 oh i could do with it to finance the quothelp olly pay for an imacquot campaign
0	so apparently mathpew isn t much of a tweeter kinda dissapointed 
1	i just dont know what to do anymore have you ever felt you just have no other way out i do i just feel i have nothing left to live for and i know my mum would be so disappoint of who i have become i dont even know why i am writing on this maybe just to actually get the truth off my chest
0	 if you leave me i ll be really 
1	sometimes i think ive been in the grieving stage of every problem for my entire life my first idea about whether i wanted to kill myself happened when i was 7 years old i wanted to die by running in front of a car because i thought i was a bad person and id only get worse later on raised mormon then it returned again in my adolescence suicide was always my friend when i was feeling bad at that point had my first attempt this year now every time i have a bad day or a bad week or even a bad month i know how strong our bond was like an ex turned stalker i am now afraid of what has been my comfort for years i had no idea how much of my life ive seen it as a comfort but i think around 12 years the only time it ever came to my mind as being dangerous was after i had my first attempt until that point i had no idea how strong the urge had become i was found by a neighbor and havent checked the medical record yet to see how bad i was but i was out cold for 3 days i am still trying hard every day but some days i wish i could flee my home and live homeless doing whatever i need to do to stay alive maybe the hunger would help me contemplate hunger again and this need would fill my very empty void with the feeling of my body needing to live instead i dont know how to say this right but suicide scares the hell out of me but i feel like maybe life isnt a choice for me and i could let my hungry body find a way for me to survive instead of my hurt mindi ambipolar had an attempt and still think of it it embarrasses me so much when i still think about it even after the first time
0	 revolutionary road didn t get all that good reviews unfortunately 
0	just got into work and having my porridgewhere s the sun gone 
0	new here 
0	 it does that sometimes 
1	i hate that all the kids in my family are 30 _ _ they are my best friends and there going on with there lives even if you feel behind its not too late to work towards something life isnt a race the feelings of jealously tell us when someone has something wed like does seeing them make you want something out of life
0	 actually that was an understatement back in amiga days i programmed in assembler straight onto processor try that with pc 
1	i keep imagining life as someone else someone whos confidentsomeone who doesnt take things personally when theyre not meant to besomeone who knows how to be assertivesomeone who doesnt give a crap about what people thinksomeone who doesnt find it hard to talk to unfamiliar peoplesomeone who could fit inwhy cant i be that i feel like the way i am now prevents me from doing all that i have 0 confidence 0 assertiveness 0 social ability maybe i can work to become that person but that would take way too much worki amundisciplined and i frequently perform less than my best on work chores and even things i do for fun i dont even do much anymore becausei amunmotivated to a lot of my lack of confidence stems from my dreams getting crushed a year ago i dont see the point of trying to do much else if its all going to be for nothingi just want to die and reincarnate into someone with a better body a better personality a better everything i keep trying to put on different names for myself i keep imagining having a friend in real life i can rely on and not just an internet friend i feel envious for people who arent so lonely i just think life would be better if i was born someone elseexcept if reincarnation existed i dont think you would be able to choose who you are in the first place youre just assigned a body and you have no control over it but even if its not up to you it would be nice to have another chance and try to prevent growing up as a social retard maybe my next body wont have anger issues they alienated me as a kid and its one of the reasons i never grew out of my shynessfuck me
1	just a few words before i go and hang myself 30 years old virgin no friends no relatives shit job no future no prospects the world is better off without me goodbye everybody
1	no one to talk to if there was one i would be too anxious and get a panic attack i cant even see therapists anymore my anxiety and depressions got so bad i cant talk to anyone anymore also i ruined my last friendship just now so i cancelled every therapist appointment i would have gone to just for my friend all motivation is gone and the suicide thoughts never were so damn reali amjust so hopeless crying all day in my dark appartment no friends family or job also my savings will be gone very soon and i end up on the streets its sad that death seems like the only logical option to me i am so lonely it has become physical pain i dont know what to do i have no one
1	need help with suicidal exboyfriend hey guys i just needed some advice and made a throw away because my ex knows my reddit accountokay so me and my ex broke up about a month ago but we still talk everyday we still have sex sometimes and we also sometimes hang out and its a lot of fun we laugh a lot he broke up with me because i just wasnt that good of a girlfriend and did some pretty mean things and things just didnt work out and he just needed space and didnt need my life in his hands i threatened suicide many times in order to get him to stay with me manipulative and shitty i know and i know better now after a long time of crying and feeling suicidal myselfi amfinally just okay about things between us today he told me hes been feeling so suicidal lately and the only reason he wont kill himself is because of his little sister he feels so alone and feels like he has no real friends his family sent his to a rtc for 2 years and he has this resentment towards his parents because they sent him away because he pissed dirty but not when he tried killing himself so he knows it wasnt out of them caring about him i told him so many times that i care about him and love him a lot still but he just doesnt feel it and believe itin my communications class we learned about this thing called a love language and long story short he really only feels love through service actions and i really only feel love through affirming words so for a long time we were just not sending love that is catered to each other because he would always show me but never really tell me and i would always tell him but never really show him okay so anyways i want advice on how to show him i care and love him through actions this was my first real relationship and i am still rusty on what to do i want him to not feel suicidal and depressed how do you guys feel validated and loved through actions what are some things people do that makes you feel good about yourself and life i know this post probably belongs in the relationship subreddit but i would never go there for actual advice and him and i being suicidal just felt like this was a good place to go since i often post here on my main account and i just feel so comfortable expressing myself here but also i do delete my posts after my episode goes awaythank you 
0	 omgg i wish i could believee itt it s impossible for me latelyy 
1	mthfr deplin has started to wear off no more magic bullet for my broken krebs cycle norepinephrine fight or flight neurotransmitter has far too much influence over how i present myself to others and i amgetting tunnel vision of the worst sortabout to go to a job fair tomorrow the collective voice of everyone in the room will agree on one thingim not considering suicide in the sense of physical death just the solitary outcome of being alive with shit genetics reputational deathif you have nothing to offer anyone count yourself lucky an enterprise that has not been attempted cannot fail a loan that has not been withdrawn cannot be owed a reputation that has not been born cannot die yet here i dwell in this tunnel
0	 monicaa i can t reply you you appear offline in my mobile msn 
0	lifes been crazy recently sorry for not paying enough attention to everyone 
0	isn t going to church im not feeling well 
0	i don t want to go to work 
0	what bugs me i m gonna miss wwdcs keynote 
0	i dont want to die
1	ive never been suicidal until now i dont really have a solid reason why the past few weeks have gotten progressively worse it started as simple stress 3 months later i just dont want to do it anymore no one in my family knows the only person i tell is my boyfriend and it overwhelms him to the point where he doesnt even reply because he doesnt know what to do i called him crying mid panic attack because i didnt know what else to do he got mad at me saying that i timed it perfectly since hes currently in las vegas at a music festival and i was only doing it because hes there i wish that were true i would so much rather be that crazy girlfriend than to live with the thoughts in my head he says he cares but will go hours with out checking his phone he doesnt think its realthe past few weeks i could feel this darkness inside of me grow and grow i have cried every night wishing i could just make everything stop ive never been suicidal and these thoughts dont make sense to me i keep trying to convince myself that its for attention like everyone will think but i dont think it is i think about dying every night how its an escape from tomorrow every day after that i try and think about my family but there seems to be a mental wall where my brain isnt let me see over it i cant think about them i wont allow myself to feel that it feels selfish i feel guilty ive lived 22 years with anxiety and depression i have journals from 6th grade talking about suicide and how it felt like it was an inevitable thing i used to self harm when i was 8 to get away from the emotional angst even though i didnt know what i was doing at the time this has always been apart of me i sought help january of this year and it helped in the beginning but now i feel like this is too much i just want to be hospitalized or something out of my own control so i can regain control but i dont have that kind of money and not a single part of me can tell my parents i want to tell them so badly so i can get it off my shoulders but ive seen how they react to that sort of thing first hand they made my sisters feel guilty each time they chose to be hospitalized said it was for attention i wish it were for attention
0	 i wish i got to watch it with you i miss you and how was the premiere
1	really need someone to give me a positive outcome throwaway account because people know my real oneim done i just started a college course that tbh i enjoy but after that theres just nothing ive started college while all my friends are staying for sixth form but i feel like i will enjoy the course so thats the present at high school we used to play together but then i stopped due to gcses and my friends all ditched me since i was no longer good at the game we played and i dont find it enjoyable by myself so i stopped playingthere was also a point when i was playing with my friends and i had suicidal thoughts one of my friends was just bullying me and no one would help or tell him to stop finally one day i told one of my friends and he actually was really supportive and talked me out of it we had a 2 or 3 hour chat about how to fix this and he even told me about this subreddit so to him i just want to say thanks for helping me get this far anyway i went to another game but played it through a 3rd party site at high school this got me through the days knowing i could come home and forget about all the shit and just relax but today i was banned from it without even breaking a rule i asked the guy that runs the site and he simply laughed at me shared it publicly and then deleted all the messages when i again asked if he could show me what rule i broke now after college i do football but the managers son started this whole thing i do not want to go to training or matches since i honestly think i will break his leg if i get the chance my parents are not easy to speak to my dad constantly shouts and my mum is shall we say not the brightest i cant make new friends at college because i always somehow fuck it up by being socially awkward all my friends that i played the 3rd party site with just ditched me since they are scared of getting banned as well now its all black what do i do ive been having suicidal thoughts for a while now but every time i thought of them i just thought wait until you get home and you can just relax by playing on the 3rd party site but now fuck everyone non of my old friends will talk to me i cant talk to my parents and i cant make new friends and i cannot even do the sports activitys ive been doing for years without getting worried that i will kill the little shitsorry if it seemsi ambeing overdramatic i have spoken to some of the people i played the 3rd party site with and they say its just a game to you maybe but not to me it helped me get through the days i could forget about everything even if it was just for 2 hours or so i try to talk myself out of it because i know it will haunt my parents forever but whenever i think about my whole fing life outside of college hours it just makes me want to do it and end it allalso if any of you thinki amoverreacting thats your opinion and your entitled to it but the only way to get something positive out of this is by telling you all how i honestly feel
0	how it feels when my niggas start clowning on me and i m trying to force myself to not get toxic because they re just poking fun and it s no reason to kill the mood
1	i need to put myself to rest i ve crashed my motorcycle today i don t know how but i m mostly fine it was the most beautiful moment of my life i know it s sick to think that but it felt good to see people approach me to help me after the crash the feeling of my body being dragged by my bike for several meters on the ground looking at the sky while this one song played in my earphonesi ve just felt emptiness for the past yearsi don t want this second chance i want to get on my broken bike bring it up to speed one last time and then just end it all i just don t want to drown anymore please
0	3 30 thinking about sad shit my life is so sad why becuse pepole want to use me pepole i loved leave me i cant sleep if i do i kill myself in my sleep i dont know how to make my life better
1	no one asked if i wanted to be born like wtf so i hate how my waking hours are spent working and working and working doing what they want me to do and then i get hardly anything and the cities in the usa are violent crime impoverished shit holes tell me how this is the best place to be you see i got hiv and have other health conditions and i find no enjoyment in life i calmly explained to my parents that it is immoral for me to have child much less them when this world sucks so much i find it horrible 
1	i need a friend now more than ever hi friend
1	i lost 3000 in casino and i wanna fuckin diei amsuch a retarded loser
0	damn it i still can t find a decent sized photo 
1	i have to choose between selfimprovement and suicide and i want to choose suicide i suck and the reason i suck is that ive sucked at being me for my entire life its not that i cant work towards bettering myselfbut its like i dont want to thats not a depression lie its just how i feel my depression is my fault too everything wrong with my life is i have the power to change it but i also have the power to end it i can just give up its going to hurt physically but i can almost taste that sweet sweet release from myself the burden ive placed on myself that is my life could just be swept under the rug its the perfect form of escapism no i dont want to talk
0	 i feel your pain my three bffs all have datesno ones asking me 
1	i shouldnt have been borni am really sorry for posting here and potentially ruining someone elses day but i feel like i need someone else to make sense to me as i lost the ability to i dont even know what to write at this point i have a growing hatred for myself and every day i turn into a less and less functional adult i hate myself for not being able to do things that everyone else can do that everything takes so much anxiety from me and i amjust being a bother to everyone even counselling didnt help even thoughi am really trying so hard and they are giving up on me too they taught me everything they knew so i guess after that if it didnt improve it might as well be a lost cause i cant even tell them because i dont want to offend them or escalate things asi amterrified for that too even thoughi am an adult i cut myself open whenever the opportunity arises i even went cold turkey on lexaprowellbutrin just to hurt myself more i feel like the next step is to just end it or ef myself up even more by oding on it but i dont know if thats even an effective way to go probably not but its an easy step would have been so much easier if i havent been born in the first place so i wouldnt have to hurt my family even morei amjust sorry for existing and growing into what i am today 
0	u no no i don t want to die i i was just manipulating her like you do yeah yeah 
0	how much more can my mental state take of listening to the normie takes on tr ans and g y and bl ck people find out soon when i kill myself 
1	the only reaccuring thought i ve had for the past week is i want to die but i m not suicidal like i wouldn t harm myself just lowkey wouldn t mind not waking up tomorrow
1	what can i doi am18 and my whole life i felt like i am worthless i just recently started talking about it and everyone thinksi ama fucking idiot my parents tell me that they tried everything and always ask why do i feel this way they thinki am an idiot ive been through several psychologists and all they tell me is that it all depends on you you choose how you feel since i was 12 ive been through several failed suicide attempts and everyday i think about how thats the best choice for me ive pushed everyone out of my life i had a girlfriend and friends and a social life but every single one of the people i loved left me or i pushed them out of my life i am on the last year of high school which i fucking hate and i am not even sure ifi amable to finish it at all i literally have no one to talk to every year every month every week every day i just feel emptier and shittier i think about last year and i amlike fuck it was so much better back then i was thinking about the year before and i was life fuck it was so much better and so on like i saidi am18 but holy fuck thinking that i have to life at least yet another 18 years scares the living fuck out of me i dont know what to do today i gave myself a month if nothing changes thats iti am not gonna fucking fail this time every time someone tell me that oh its just in your head everything depends on you you choose how you feel i think about a guy i knew who killed himself a year ago yep he definitely chose that you know just like i choose to feel emptier each year for no good reasonsorry for the long rant
1	cant take it anymore dont want it anymore feel lame for posting what i feel like is just an attention seeking cry for help but i amalso feeling dangerously more depressed than usual and have no other outlet to go toive been suffering with depression anxiety and mental i willness for the better part of 20 years have been on almost every antidepressant antianxiety antipsychotic and mood stabilizing medication you can think of and endless combinations of them mixed and matched together none have helped have been hospitalized five times in my life for suicide attempts twice in the past six months at a state mental hospital only made me feel worse been in professional therapy for just as long and its a waste of time for everyone involvedive been diagnosed with autism just recently at the age of 30 and have likely been struggling with it for years i am consumed by stress anger and hatred and am on the verge of being an alcoholic ifi am not one alreadyi am in a large amount of debt and have a shitty unfulfilling job with no health insurance so my options are limited to cheap and often inefficient uncaring providers i have no real friends and my very limited family understands nothing of mental i willness and would only care if i was gone due to the inconveniences it would cause them i dont want it anymore i feel like i dont truly want to get better i dont enjoy life and i am tired of the constant uphill struggle for no reward i didnt ask for any of this and i just want outi am not equipped to deal with it anymorei never wasi am angry and hurt and scared and dont know what to do i refuse to go back to the hospital i will choose death any day of the week over that bullshitim sorry i feel foolish to post this at all i wish this on no one
0	sbux is exclusively playing rostam and beck i am loving it
0	im out of donughts 
0	can t wait for his ftth nbn connection when all he can get upstream to s is 8 kbps 
1	feeling trapped hello everyone i dont know whyi amwriting this here i guess its because i catch myself contemplating doing this thing more and more the pain is so great i feel it broke something in me the main reason is that i dont feel that due to climate change theres going to be a future for my child where she can live happily and have children of her own this makes me break down every time i see her coming back from work or helping feed her every smile or a cuddle is like a stab in the heart i know she needs me that she needs me to be ok and fight for her but i dont know how to continue like this
1	what do you do when you have no one left you post on reddit because everybody here cares sometimes we dont have anybody we can talk to and we feel like were alone in our daytoday life but you really arent theres hundreds of thousands of us who really care and want to help and be there for people like you most of us are going through the exact same thing and feel the exact same way which just makes us understand you more you are not alone i promise you we may feel like we are but that does not have to defeat us 
0	just looked at me and i never saw some of ur replies so if i ever didn t tweet u back i m sorry 
1	tomorrow might be the dayi am not 100 yet but i think tomorrow is when i will do it i stayed home from school today because i just couldnt bring my self to go to school and do my work like everything is okay tomorrow i will go i will dress cute look pretty for my final day make sure to hug all the friends i care about for a final goodbye when i get home i will need to write several letters to important family members and certain people in my life if youre wondering whyi am going to kill myself i guess i will tell you why my life was a mess i was doing lots of shit i shouldnt do drugs sleeping around not respecting myself because i was depressed i have diagnosed depression it runs in the fam woohoo but then something changed my dad gave me the option to stay where we were or move to a new state because he had gotten a job offer even though i liked my life at the time because i had a few friends and would party every weekend something inside me told me to move on so i did i came to where i currently live and my life changed so much for the better i had a new better reputation people liked me well a lot of girls were still bitchy thats never changed and i met someone i met him everything about him was perfect and we instantly clicked best friends and lovers he knew everything about my past and the low things i had done and he loved me anyways i knew everything about him too ive never had such an honest and open loving relationship with someone he really was the one as dumb as that may sound to u well this summer something changed and we had a huge fight over something he had done not cheating i was so mad at him and even though i forgave him for months afterward i acted childish always mad over small things always being too overprotective of him we had both always been overprotective of eachother but since then i took it to the extreme and i knew i wasnt behaving the right way but at the time i didnt give a shit because i was still mad at him but that doesnt mean i didnt love him i love him more than anything and we still had tons of happy times but i guess the bad times canceled those out and i guessi am an idiot because i ignored him when he warned me he wasnt happy like this and then last weekend was the breaking point he came back from a trip and told me he wanted to break up he was serious i fought for him and begged him and told him i really would change the way id been acting finally he agreed that while i went out of town the following weekend wed have a mini break he promised to keep an open mind and also stay loyal to me of course some time away from eachother so we didnt call and barely texted and it was the hardest thing ever someone whos been in your life constantly for so long well yesterday i flew back and i had lost hope over the weekend but i didnt let myself feel the pain i told myself not to worry because in 2 days i can just take the pain away forever well yesterday i did something foolish i let hope creep back in i had hope he would listen to me and believe me id change he didnt hes heard it before but i meant it this time i did bc losing him was at stake i tried everything and i spoke to him from my heart and he didnt care he wouldnt do it and i amdevastatedi am so mad at myself for taking him for granted i love him and i am so sorry i wish i could go back in time to take it all back and at this point i dont care anymore i dont want to move on i cant imagine seeing him with anyone else i cant imagine myself talking to anyone else so tomorrows the day i think i just have to pick a sure method either gabapentin od slicing my wrists or a combo of both for sure outcome or jumping off a cliffbuilding congrats if u read my miserable story to the end no advice please i dont care if things get better blah blah i dont carei amdone 
0	grandma is out of surgery hoping she gets better we get so fragile as we grow older 
1	suicide over her i loved my ex gf so much we dated for 3 years and i lost sight of everything in the last year i became controlling possessive and isolating i realize what i did wrong and have been trying to change for the better but she won t give me the time of day i am no contact mode with her to focus on myself but for fuck sakes it s so hard she meant the world to me and i have tried to commit suicide twice over this the first time i hallucinated the swat team was in my appartment and the second my parents rescued me as i laid half past dead on my couch both attempts were over dosing i also survived a pretty bad car crash too so with in the last month and half i have survived two suicide attempts and a car crash and i still want to end it i just love her so damn much and want to show her how much i changed and that i am the man that she fell in love with i have also been cutting too and self harming can anyone help me i just want her back so badly
1	anyone been suicidal since childhoodi amcurrently 29 and i have been suicidal since age 5 i remember running away in the middle of the night at age 5 hoping to find somethinganything to take me away death a stranger anything now i am 29 life hasnt been bad for me and i feel guilty wanting to die whilst living a relatively comfortable life but i cant stop thinking about the sweet release of death ive been working 40 hours a week since i was 14 and i havent found anythingi amvery interested in people are the same no matter where you go or what you do just selfabsorbed and uncaring all these comments on this sub and all the suicideprevention shit is just feel good rhetoric for the caregivers of the world its all empty gestures and fake smiles i cant take all the fake people anymore i cant tell who is more empty inside me or themmore than anything i want to be rid of money i used to be a friendly outgoing kid who enjoyed meeting people now when i meet someone i am instantly skeptical of how they are planning to rip me offidk whyi amposting this fuck it
0	 i haven t tweeted at you in forever 
1	goodbye friend my friend was taken off life support a couple days ago od on some synthetic opiates ever since then ive felt sick to my stomach seeing his family on facebook i dont have any energy and just wanna quit my job and quit school the last few years of my life have already been just real dull the only thing keeping me going is a new girl at work who seems interested in me but to her i amjust some normal guy she has no idea how depressed i am and i amscared to get close to her imagining her finding out makes me even more scared imagining that theres a good chance she wont be around to cheer me up in the future because i will inevitably ruin things is the worst of all without her i really dont know what would motivate me but she is all i look forward to just getting to go to work see her and laugh togetheri am not good with relationships and dont know how to progress things without ruining the one thing that makes me happyi got off topic a bit i guess these past few nights its been especially hard to fall asleep i keep thinking of my friend dying especially since were so young i keep thinking how he must have felt when it was happening i wonder if he knew he was dying i wonder if he knew he was in a coma on life support i wonder if hes in a better place nowim sorryi amranting i have no one to talk too about any of this i really just dont know what to do with myself anymore
0	you can bet on me not voting for desantis or trump ever again i don t want to die over disney s profits 
0	oh for a brain that is working properly it s a little fogged up today 
1	one of my closest friends is planning to kill himself by the end of this week his father is an abusive alcoholic and he gets bullied at school i am the only one who knows this were both 15 hes almost killed himself twice before both times i ve talked him out of it but this time it seems he has his heart set on it and i dont know what to do
1	indirect suicide 
1	panics and decisions i cant make okay so this is going to get heavy so proceed with caution so i have fallen for this girl her name is n n is fantastic and i love spending time with her and we attended the same university and i can see her whenever i want her nose is adorable and her heart is super open and she everything good about this world she makes my heart flutter and i cant really look her in the eyes very much because it make me come appart due to part two edit n does have cats and loves them and thats awesome but i am extremely allergic to cats hives sneezing crying all of it part two i have a girlfriend of two years bestfriend weve been through really shitty situations and fight kinda often she attended uni about 45 minutes away so we can only really see each other on weekends i really do love this girl but we have both discussed that we feel a constant need to talk to eachother because we cant visit as often and it makes me stay up later than i would like her and i can watch movies and fuck and just sit around together and be a couple i enjoy her presence but its very rare that i get to shes not religious so o feel i have to go to church behind her back because she is so anti church she know i go but it just feel bad when i do now comes my final issue i have gotten it in my head that killing myself would make all of these issues go away all this pain i dont want to die i just dont want to hurt i feel pressure to make a decision but i actually hate the idea of having to break up with someone i hate loosing n as a friend but death seams like a good solution i dont want to die i just dont want to have to hurt anymore i cant make this decision please anyone if you can give me some help 
0	our brains are sick but that s okay because our grades matter more than our health anyway 
0	somehow the sunshine isn t making me any happier 
0	my bby sopha is sick 
1	i really dont understand whyi amsuicidal my life is great i got into the university i applied for i have made a bunch of new friends and i even have someone that really fancies me yet the only thing i want is to end it all i want to drop out of uni and just do nothing for the rest of my short life i have already skipped a week of lectures just to be able to lay there and not having to think about anythingi have never considered suicide as a good option before recently and i dont understand why 
1	i just want to feel like someone cares the way i do its been years since i felt like i was someones top priorityi am21 years old in college should be having the time of my life but it just seems like i dont matter to anyone everyone i try to get close to just doesnt show the same concern the same care back people i consider my closest friends knowi am in a rut and yet nobody calls to check on my like i do nobody seems to wonder ifi amok or if i need helpmy past few girlfriends have legitimately left me for other guys one texting me as we speak telling me about how she left me because she likes his voice better like am i actually that bad of a person that i can be replaced by someone with a better voice my own family doesnt seem the slightest concerned with me being the way i am ive tried to talk to them about whati amstruggling with and i get responses like you just got to get it together and its not that hard to get up and get moving i just dont know whats wrong with me thati am not a priority to anyone i know that people say theres always someone that cares and i know that i just want back what i put out i want someone to talk to me first someone to ask me to go somewhere someone that just wants to be around me because they like to but i am not good enough and i dont know what to change to be that for someone anyways today was my breaking point i dont know how much longer i can do it i go to work and class with a mask on because everyone wants to be entertained not stressed by some depressed loneri am tired of acting happy it doesnt matter anyways because nobody would change a thing if they saw i wasnt happy
0	moms having a hard time they shld all leave now they r just stressing her out 
0	i dont want to die like joffrey hhhh
0	my hair looks like shit it s so damaged and my curls look ugly so no i m not ok i want to die
0	 i can send you a message you are not following me 
0	saturday night spent all by my lonesome 
1	amscaredi amfinally going to kill myself thats iti amscaredi am going to do it i still make throwaways when i post here becausei amscared about someone finding out who i really am but now theres a part of me that hopes someone does ive given up on life after 7 years waiting for it to get betteri amdrained i feel empty sure there are short periods where i feel ok but pushing my way through every day with a feeling of complete worthlessness has depleted me i used to say the only thing keeping me from killing myself was my old dog and best friend hes been dead for 6 months and 5 days nowi amscared
1	i need help saving my friend so ive recently reconnected with one of my old friends we went to homecoming have been hanging out a lot yada yada yada all that jazz but i am really worried because she is planning to kill herself ive managed to convince her to not do it but i am not sure how long that will last she has this bucket list of things she has to do and after she completes it she is going to swallow a bottle of pills well atleast she was but i made her give the pills to me but she could always get more what do i do i cant loose her and nobody is taking her seriously every time she says shes going to kill herself people are like lol mee too school is so stressful so what do i do do i call the hotline do i tell all my teacher do i try to get her parents attention how can i stop her before its too late time is precious so please reply sooner that laterthanks justsomeguy
0	is in the librarybad times 
1	just dont know what to do anymore i feel like this might be it i have bipolar so i know this is just me being depressive as hell and who knows tomorrow i might feel too good for my own good but my depressive episodes have been getting worse i used to have a friend i could talk to when i felt bad but recently i feel like weve grown apart and dont feel like i can turn to him anymorei feel likei ambothering him it just hurts so goddamn much i dont know what to do anymore dont know how much more i can take i know theres only so much a stranger can do over the internet but someone please help me i
0	poor soup can 
0	has found happiness in slavery p oh and i still have this cold 
0	wish i could go to brookes brothers tonight and blame tomorrow 
1	would a 4 story drop be enough to kill someone depends how ya land i guess if you do it wrong you will wish you hadnt
0	just spent 30 minutes knitting tinking reknitting and retinking a row of lace on my swallowtail shawl lace is so relaxing 
0	had his calf lock on him again 
0	 yeah mate of mine owns a villa there no didn t do the whirly bird was too expensive got some fantastic cheesecake though 
1	fuck everything not a day goes by without me wanting to shoot someone and or myself theres nothing particularly wrong with my environment i am just fucked in the head i will take a good thing and ruin the shit out of it i cant stop overthinking i am so paranoid i feel like someones gonna shoot up my house help me please please i feel like shit
1	i really want to die nothings working my life is so shit why am i here
1	what should i do ive been imagining ways on ending my life waiting that something might happen that would end it with it not being with my own hands i think i just received a sign this morning i was going through my wallet and i saw the blade i bought a few weeks ago i swear it wasnt there before bec ive been searching for it and now its just there tempting me
1	idk wtf to do its every day i have no drive anymorei amscared and a bullet sounds better than this
0	ugh the flight to san francisco is at 630 pm not am now i m waiting around for an overbooked flight 
1	not sure when but i feel its close i am hanging out with a friend tonight but right now work sucks coworkers suck life sucks i just dont feel as though i am living life the way i am meant to
1	you do belong here
1	concerned about a classmate before an exam yesterday i kept hearing this girl that sits down the row from me telling her friends multiple times very loudly she would slit her throat with her exam afterward started describing the bloody mess that would occur i believe she was probably joking because of her laughter but would it be appropriate to ask her if shes ok and give her a list of emergency and other resources she can contact and what should i do if she says she was just joking
0	keep it up you do good work 
1	i thinki am going to kill myself soon my whole life is shit and its all due to my pathetic nature ive got a chronic i willness that makes me miserable ive missed so much work due to it and depressioni amlikely to lose my job this week i have no friends and no one who cares about me people only get in contact with me when they need somethingi am in a large amount of debt have no college degree and no career prospects ive never had a romantic relationship or anything similar i look ugly and even when i was fit i was unable to attract anyone people tell mei amfunny and tell mei ama nice person but apparently that hasnt been enoughall alli amjust a waste of space on this earth and it would be better off without me at least then my insurance company wont have to pay an arm and a leg every month for my stupid medicines i wish i could fix my life but deep down i know things would turn out this way anyway becausei am too pathetic to amount to anything i wish i could apologize to the people who expected things from me when i was younger nowi amalmost 30 and a complete failureevery evening i fantasize about killing myself and every time i get closer to doing it finally i am at the point where ive started planning logistically hopefully i can donate most of my stuff before i bite the bullet
1	just wanted to say thanks every time i get a comment on here it warms my heart thank you guys for always being so kind and supportive you re all awesome people d
1	2 weeks from now i am going to say goodbye i dont know if i ll succeed this time but i think i will it will be painful but i promise myself the pain will only last for few seconds then there will be peace endless peace at least for me i dont know if its against the rules to post gruesome details of how will i do it but yes i ll jump on raging traffic and place my head under a tenwheeler truck i just cant find any other way a gun is way too expensive and i find jumping off a bridge from a building or by hanging being too cliche i dont want to be an inconvenience to the public but getting my head crushed is the easiest i could find at least it will guarantee my death enough with how i plan to end it but this is my storyill save you my personal information but so long as i can remember ive been depressed and suicidal for 7 years 6 and half to be precise since i wouldnt be here in october in anyway i started to develop depression after i was kicked out in the seminary goodbye reddit i know nobody or few would bother to read this but still bye
1	amcontemplating suicide again i dont know why exactly but i feel trapped in every aspect of my life i love my husband i have a nice job and income i have a wonderful house but i am not where i wish i was in my life right now i will turn 29 next year and i cant help but wonder is this everything life can offer is this it yesterday i almost od took more prozac and clonazepam than i should but i woke up today with the same alarm clock as an ordinary day not a single person knows that i almost did it yesterdayi amashamed and afraid ive been trough this before and this time i dont know ifi amstrong enough because honestly what is the point there isnt everything is plain ordinary
0	waiting for mum to get in so i can meet scoot 
1	i suffered severe depression that skewed my thoughts horribly i was planning how to kill myself but was able to seek help in a saner moment suicide seemed like the only way to escape the horrible emotional pain that i was feeling i believe that god would have forgiven me 
1	what reasons do you keep living for just wondering what things encourage any of you here to keep living whether its friends vacations music etc kinda need something to look forward to right now
0	oh i don t like the first few chapters out of new moon lol when will they come back 
1	amfeeling lost and have no clue what to doi am21 and i dont know what to do anymore i used to have dreams hobbies happiness goals and a purpose to keep trying for a better life but now i dont i have a little problem with social skills i dont know how to express my feelings into words to communicate with the others even just a normal conversation i have been silent for too long that i almost forgot how to speak even in my own mother language i dont have any friends and i cant make new friends because i cant trust anyone and i am really afraid to say goodbye i used to not be like this to be honest i miss my old self i used to be a naughty talkative energetic kid because i want my mom attention to be accepted and loved and cause i also hate school ive always felt marginalized unwanted and inferior to my siblings i envy themi am not good at anything but i still want her to look at me and talk to me and hug me we finally did she finally looked at me and tried to understand whats inside my head i was really happy till we found out she has cancer stage 3 my father came back from nowhere after left us with debt to be with mom and help the hospital bills its still haunting me when she was crying in agony begging to be dead and apologized for leaving her kids behindi amdying i shut down eveything locked myself and tried to kill myself my father is dating someone right after my mom died he left the house took my little brother with him my mind is completely blank i dont know what to think nor say it just empty it was bad at that time but i got over it and stood up working on a new goal i went to college multimedia art school my father hate it and against me going to art school because he doesnt like my art so i studied alot to get good grades to prove that he is wrong i have had 3 jobs at once to earn more money for school and subsistence fee i tried my best to make new friends and i met my first love in college things went well until shit happened ive been betrayed by my first love tricked by my coworkers and the clients didnt pay me i got really sick and its keep getting worse i have lost more than 20kg due to sickness stress and insomnia i have a fear of asking for help but at that time i have no choice so i took all my brave to ask my family and friends for help and they turned me down i gave up its awful my scores getting worse each day no matter how hard i tried everything just collapsed and i cant hold on anymore i quit my jobs dropped out of my school locked myself again i have started to sleep a lot the longest is nearly 3 days and still feel tired and always tired end up spent nearly a year just lying in bed doing nothing i tried again i went out and find a job that fit me and tried again i found a new hobby and spent all the money i have saved to learn tattooing i really think its going to work this time but once again i failedi ama fool a failurei amuseless worthless i cant do anything right or think properly people are so selfish mean ungraceful judgmental and deceivable they are terrifying mei am so tired of everything i just want to meet my mom hug her and go to sleep with her foreveri am tiredi amgood for nothing i dont have any purpose to keep tryingi amafraid of going outside talking to people i have so many negative thoughts and it keep drowning me i cant go out anymore my art suck no one like it everyone is a liar no matter how much i try things will never change i cant do anythingi amstuck father is going to sell my moms house to pay the debt i dont get along well with my siblings family i have tried too much i pretend to be alright always fake a smile so people stop asking and giving me more pressure but now i dont know what to do now i dont even know what to think
1	hey i amuseless i hate myself and feel sorry for people who forced to talk with me i want to end it all but i fucking cant i am scaredi am so fucking scared the only reason i wanted to live and get better has left me and i cant bear it at alli amobsessed with her and i feel so pathetic about it my hands have started to shake regularly and i dont know why also heart hurts sometime especially wheni amsmoking maybe i finally reached the point and cigarettes will finally kill me idk i cant live like thati ambasically a dirty worm whos crawling around but most than i hate myself i hate you all because you are all liars every single piece of shit here who says i care is a liar stop lying to others and first of all to yourself you dont fucking care and you know it deep inside thats the human nature you know why you care because helping others makes you feel nice guy you wont help people if its gonna hurt you in some way ive seen so many people who cared and nowi amgetting sick of it each time i see i care ori amhere for you i want to fucking kill people who said that because its a lie who the fuck can you pretend does giving false hope make you feel better i swear to god i will end it all and no shit liar will be able to stop all i want to do before i go is to keep promise i gave to someone i love i will do it and then i will leave everything i have to her and fucking shoot myself even if she doesnt love me anymore idci am not a liar and i am not breaking promises and i cant stop it its just who i am you think i didnt try to find another girl and make my life better i tried i tried to change but no matter what memories are able to stop me each time and i cant take it anymore i cant go on at all i dont want to go on honestly all my lifestory is a joke bigbig joke and no one will even remember me hahi dont even know what the hell am i talking about now whatever feel free to trashtalk or pretend cheers 
0	 i was tearing up i gotta admit 
0	just standard procedure
1	nothing matters i used to love everything i did i got nothing but as in school and put my best effort into everything even though my parents were divorced and i didnt have that many friends i was doing just finenow thati am in the 8th grade everything has changed i dont have the purpose to do well in school but every failed test and quiz is like a knife to the heart my father will disown me if he sees my grades or if i associate myself with africanamerican people even though i think hes insane for saying soi amthe worst fucking daughter and i hate myself for disappointing my parents why me why was it me that got to live why not someone with purpose talents beauty smarts and hope my mom is right i am a worthless piece of shiti was walking to school this morning as i crossed the road i suddenly had the striking desire to lay on the road until a car came to bless me with the sweet release i have been longing for what is the point no one cares about me anyway i moved to this area 2 years ago and no one would bat an eye if i killed myself people who moved just a month ago already are so popular and have so many friends why because theyre beautiful and smart unlike me no one wants to associate with an emotional brat like me who started selfharming and even her therapist says its just out of stress shell get over itconstantly i wish to die i dont know if god loves me anymore though and if i didnt believe in god my whole family would despise me ive tried calling the suicide hotline but they never answer its quite ridiculous really maybe its a sign that i should just go through with it already itd be a relief to my family
1	today i told myself i was going to do it ive attempted suicide a couple times in the past took a fuck ton of pain killers but just got real sick and didnt die but recently ive loaded a gun and put it to my head and then chose not to pull the trigger today while i was at work i decided i was actually going to pull the trigger tonight not because today was any worse than normal but simply because today felt like the right day to do it at this pointi ampretty drunk and dont think i will actually do it but i dont really trust myself i dont have any money to deal with my mental i willness i live in the us and i dont see that changing anytime soon ive tried to reach out to friends but it feels like nobody knows what say i guess there isnt anything to say i guessi amjust in this endless cycle where i will frequently decide to do it and then not actually do it until i finally do
1	i dont know what else to do man i am just here at the moment really contemplating suicide i am 25 years old male and i dont know what the fuck to do just to give some background i recently started a business with my best friend about a year ago and i am the one who solely dished out about 1500000 on the business once the money became a factor in this friendship things changed drastically now i am in debt with all this and this person has turned against me and has used all the money purely for raves and money at this point i dont know what else to fucking do i am just wanting to move on but it seems i still need to deal with this and i also have my own depressive episodes that this does not contribute to my well being at this moment i just want to talk to someone that doesnt judge me for my own mistakes i am at the end of all this bullshit and want to fucking be done
0	 i only played for fun in college 
0	 cardinals lostagain
0	trying to clean out my email i have like 498 emails to readdelete 
0	my facebook is fucked 
0	to that woman who said angels told her she didn t want to wash her hands if i die i m coming for you 
0	acid reflux been making me want to literally die i can t even eat drink sleep without being in extreme pain throat chest stomach is wildly inflamed i have nausea and a really bad migraine too 
1	depression and negative thoughts i dont know if it counts as i dont think about suicide in the way that i imagine most people do but nearly every day i will be doing something simple like driving and just think to myself what if i just drove into that tree or i will think today is the dayi am going to crash and die today and then i safely make it to my destination its pretty much a daily occurrence i often think about how my family will react when they hear news of my body being ejected from my car when it rolled over into a tree if itll make life easier or harder on them i dont know if this actually counts as being suicidal because i dont think i have the willpower to actually take my own life id probably fail at killing my self too but its something thats on my mind daily and i felt like sharing it 
0	 not dressed for it ill be out next week tho
0	my view of thhe game 
1	now i understand that even family isnt enough to keep me going surei amstuck at home helping care for a sick physically disabled mother will be for years more yet its not enough for me to want to go oni amperpetually teetering on bankruptcy due to high expenses a low income and limited cash reserves i have little chance of finding any other kind of work than my shitty part time job thanks to a useless degree and only 2 jobs in my experience i cant afford to take on another loan for another college degree because my income is that lowi amall alone most of the time with no friends or girlfriend thanks to how shit i am with people i simply have no place in this world at all worst of all my depression diagnosis turned out completely wrong its actually dysthymiai quite simply dont have much longer to livei am tired
0	no matter how positive you try to be there s always someone waiting there to drag you down 
0	fuckkkkkkk force india out f1
0	just lost winnable basketball game 
1	another whiny straight white man hey redditi feel like i just screwed up my long distance relationship long story short my gf told me that she kissed someone else in her country i responded by confessing that i had been hooking up with my ex while my current gf and i were dating but before we became officialexclusive now it appears that shes blocked me on the app we use to communicate with usually and i amafraid that shes going to hook up with someone else andor break up with me andor not even speak to me again i know other people on this subject have real problems in their lives but i have struggled with depression for the past 9 yearsi am25 and now that this has happened with my gfi amfeeling a whole different type of emptiness and i amactually afraid that i will act on it its the newness of the bleakness that has got me worried and those familiar spiraling thoughts are nowhere to be seen all i can see in my minds eye is nothing i dont want to be at my crappy job anymore i dont want to go home tonight and sit down for dinner with my family and pretend like i am feeling something other than nothing i dont want to close my eyes just to open them again and still be living
0	i like atlanta and love me some mama but how in the hell are people still working for there is no way in hell i would work with someone who wants me to die first and the da is pandering what in the hell wow 
1	i m just gonna starve myself i haven t eaten all day and i don t even care i m just gonna lock myself in my room and hide from the world
0	 i don t think that we re going to make it tonight girls but we did our best would be proud
1	feeling clear i have felt suicidal for around 57 years i normally feel suicidal when i am very sad usually thinking of suicide as a way to stop being a burden on my family today i did not feel sad i felt very clear i felt like the best option for me was to disappear i do not feel like i can function in society i am ashamed of what i have done and how i have treated those who tried to love me i do not pity myself at all the condition i am in is all because of my own actions i feel certain that my life will not get any better although i couldnt possibly know that honestly i am afraid i feel disguting in my own body i feel like every second i spend in it is almost torturous
1	did something greedy immoral selfish i was attempting to restore a wooded area overgrown with invasives i cleared the invasive species and a forester came in and told me to girdle kill without cutting down undesirable trees i blindly listened and did it now i see the dead trees and i feel like an awful human being i did plant thousands of tree seedlings in their place over 5000 but heavy summer rain weeds and deer have wiped many of them out what eats at me is the fantastic foolish greed that would drive one to remove native undesirable healthy trees in place of better trees in the woods how could i have listened to this advice two of these undesirable trees were 50 years old many were 15 30 years old now i find myself stuck in a toxic cycle of rumination doubt anxiety and self critique some of the dead trees are in view of the neighbors and i amfearful that they know what i did i also feel tremendous guilt for affecting their view of the woods i have been working to clean these dead trees up and split them for fire wood i have hand split 6 truckloads thus far
0	the world is falling apart will we rebuild or will we all die my fellow lgbtqs we love so hard but we must also fight as the time is coming together we are so strong i always want to believe that shoot the orange bastard
0	 cool have fun without me p
0	gawd in so out of it presentations for my eng class so freakin scary i didn t even finish it i kno i m a bad person 
0	then i wish your mom a safe trip to the lord bcuz i think she might have to die your happiness matter biko let her die if she wants to die 
0	actually revising today is and it s sooo boring
0	 bts kisses pt 2 ah i really want to die sorry for my bad shots 
0	that s what i fucking say the challenger has to go in to kill or die he who needs to seek the fight all the time if he really wants the belt he needs to do it 
0	i am soo tired sigh 
1	i see no good future for myself there is a lot more to it but i amstuck in a family that i cant escapei amgetting older and older and running out of prospects for a chance at a good life the only good possible outcome would be i die of a heart attack before i reach 40 but i doubt the universe would give me mercy like that i want to end it before i become the very same monster my parents were id rather die as i am now than have mental i willness hormone and health problems and addiction turn me into the very thing that still gives me nightmares about my childhoodi am already forced to financially rely on my brother who already has become that and theres no way out
0	 i wonder how many ppl right now are with advice say to them quotwalk in my shoesquot no one can judge
1	dead in life why cant i just scape from my reality just take one more they said the pills are not making any effect youre just extremely happy i wish you could see my heart because behind my smile there is just a deep pain how can i heal my pain no one cant seei amjust dead alive can you bury me alive so i will rest forever can you hear my thoughts can you even see me can you even feel mei amjust another person another particle what if i die today would you even notice it i am just an irrelevant being in world that is bigger than my strength why am i so alone what is the sense of being in a world when youre just insignificant for everyone else how can i break the bars around your heart why cant you see me why cant you love me i just cant leave you will you see me die why cant you help me when i scream where were you when i needed you the most i am so alone just help me to die i am invisible for everyonei am so empty inside i cant even feel my own pain would you care 
0	 indeed man i m picking up my earbuds but no sound asot400
0	so much for work i m stuck again 
0	i hate reveluvs i hate them so much when i see them i just want to die i feel my blood boiling and my skin burning and my eyes watering my heart drops and i feel like fire is consuming my entire body why are they so evil and cruel i hate them 
1	i want to kill myself but i amhere i have an apartment that only costs 120 monthly but i cant afford it i starve daily work a job 12 hours was kicked out of older jobs becausei am17 now i just work in a cafei amsick of life have no family no dad my friends think they should help with money but i reject i am tired i am sick of life but i amafraid to diei amhoping theres another way if theres anyone out there please tell me if there is a way i am desperately asking for something i cant find all my skills are useless where i live 
0	i dont want to die
0	today is me day yay lolthough i have to work the whole thing 
