label	text_a
1	know relief feeling alive feelsorry redflag note sub rules actually advocating redflag
1	eating disorder ruining lifeim  eating disorder ruining life already mental illnesses ed making everything worse im insecure point cry everytime leave house im embarrassed people seeing me see doctors medicated dont see point anymore ive abusing laxatives years whenever eat cut go depressive state making anxiety panic attacks get awful everyday recovering last doctors know theyre trying help what ive way years hasnt gotten better im tired
1	every little inconvenience makes want kill myself trying hard become robot stop ability feel ignore fact likely never happy again cry everyday reality hits me even fucking deserve thisi even  people kill rape get away it worst crime probably stealing pencil friend fair man kid think ever mature pace would give anything stop crying
1	need help urgently hate mattering long story short much going right now trying keep family togetehr deal dad help girlfriend friends dealign trans issues today really abd day cut hours went support channel like cussed called cunt didnt get tell parents hey ive slashing leg open  hours im really ok cant cope idk do theres oen
0	yesterdays events realized yesterdays events realized online friends way better real onesif seen post made yesterday might knowyea least online friends like like would always talk play games toghether real friends ehthey like like even want reply me hope guys get need rant hhhh
1	im derpessed bc cant go endure moms yelling insultsim helping bring back food car shes gott abe screaming whyd u bring cereal firs wheres cheese calls whores child jst bc didnt bring certain item right away ampxb im pretty sure wont allowed move even money so mom gets phsyically violent doesnt get way shes thrown things dad even tho dads mistakes cleaning space im scared try take away debit card knows enough move out idk rarely ever parents leave house get police escort idk im confused ik first need focus job saving seems like huge fiasco
1	need talkim wondering redflag im wondering options im wondering consequences it telling friends effect driving away telling family effect making life harder want tell somebody im thinking redflag would cool could swap stories somebody else needs talk guess pm me post story ill reply mine sure specifics would interesting help
1	gtperpetual existence sorrows forever repeat cycles collapse person gt gtindelible memories turned still images constantly reproduced gt gtmirror past reflects good times buried misery gt gtinevitable roads intersect life divert coursefree poetry helps cope way write feel point life  years old feel like living inertia even began live life already tired iti live best places fact would argue live horrendous place see everything crumble around see trapped here everything getting worse every day hope get chance get out country sucks city sucks household sucks practically poor live future hopes making somewhere time passed grown pessimistic seeing that realistically might make anywhere might end living miserable life making anywherei trapped inside house year now friends withered away ever first place everyone liked talk online either ditched disappeared social redflag worsened time mental health need deal mood swings depression trauma adhd untreated tried everything get access mental health professionals even others help me end could it still live family helpful all best tell problems either exist matter there people worse problems yours cannot even talk much it esteems constant emotional psychological yes also physical abuse rest things feel safe talking themsomething traumatic happened late last year me hard explain knew was event mental health went drain never cared got mad sudden change behaviour even let cope safe way led copping unsafe ones much happened ever since many meltdowns many nights feeling hopeless many dark thoughtsand am winter break university  typing could going sleep fix fucked sleep schedule least something fun instead feel completely apathetic depressed want disappear much trauma backstabbed many times much everyone taken advantage me almost everyone ever liked disappeared always feel hopeless feel worthless want try anything anymorei want make new friends eventually find way make go away involuntarily redflag keep away friendship fade away want get another relationship going abused again want go heartbreak again lost interest hobbies play guitar play videogame usually even fun anymore helps temporarily kill eternal boredom feel make think things catch go back feeling depressed fuckand live inertia wake follow routine every day anything interesting expect anything good see every new day another day get through another day deal everything another day wonder situation got here why last question ultimately kills me why me done deserve this cannot happyi tired this want die want live without pain things getting better certainly feels like never will stuff could fixed lot hard work many things carry forever know want to tired living inertia only able feel sadness
1	please help boy  i am boy  iam completely exhausted day face problems sometime parents fight like extremesometimes due financial pressure many things know handle never share problems always tries try handle things own never express feelings easily always tries look happy forcing smile mostly stay alone think hours hours today got results  failed whole well  faced major accident  bones broked hardly stand straight somtime think redflag hanging self fan pillar
0	uhackedmonkeyman appreciation post u pog 
1	capitalism cruel way survivelike change it think cures people indifferences
0	anyone like grizzly bear love lt also tell favorite song
1	im tired mental illnessim tired trying muster courage commit redflag im tired constantly trying medications im sick explaining different therapists ive seven psych ward visits im sick illness
1	yet ive already worst come smarter stronger im afraid im running fighting anymore exactly afraid of reason fear mean whats worst happen worse hes already put through
1	wish courage kill myselfgod im pathetic means kill still afraid
1	kind want dieim really gonna anything it too redflagy post rself going here throwaway one person knows handle id rather risk it yeah im want die brother whos  im  even though hes  fucking torments me get really really upset sad way like im pissed him sound like whiney teenager even though right now thats am nothing ever done it hes got bad attitude hes horrible everyone even mom hates hes youngest child hes always gonna extra leeway older brother never had know im older im expected extra work responsibility never stuff age hes lazy really honestly annoying makes fun stupidest shit like mom pick dog poop th july party its not today brother laughing calling names luckily mom made job took away phone week even still stop giving shit anyways enough talk brother lost person ive ever loved like died talked since took concert kissed end night even first time kissed rd time like like place guess holding hands whole night bought wore matching shirts ffs know im wrong kissing im definitely saying entitled feel like least deserved explanation im hoping love someone romantically again im basically aromantic romantically attracted him really like identities anyways aromantic description guess ugh people ask talk like illness im broken im interested romantic relationships dad oh god hes awful like calling dad mom got divorce  went city across state could take concert hes horrible like ive finally realized hes really actually emotionally abusive im crybaby gaslighting horrible like compassion fear feetsockssome shoes like cant within feet sure af cant touch them getting laundry dropped sock even clean ones freak ok asked pick bit shaky reluctantly avoid yelled at guess what still yelled at saying clean knew pointless try explain cried also dog allergic dogs anything it let sleep thats it sick whoooole trip wanted die sick anymore dog staying another days clearly important wellness thanks dad guess suppose im live buys things try make shittiness early life know hes still shitty got weezer concert doc martens trip pretty cool crying time wasnt feel like mentioned earlier cut burned long ass time started like   stopped january st  time got psych ward near redflag attempt go know im glad didnt thing gotten better worse since then one best friends since th grade were going junior year hs right now like person world talk wanting exist general suicidal ideation trusts kill id trust ever thought might hurt make attempt know loves lot love too cant help feel paranoid might actually like me know get along family feels like never really have were horribly incompatible point healthy us living together im  im gonna stuck least go college like  years less feel like living worth effort im even afraid die anymore thats depressed long done me sorry wall text thanks anyone whos read much
0	put opinion comments reply agree disagree opinions arguing dunno gonna go oh well
1	failed attemptetried drowning ocean got nevk high went idk ohappened im alove
1	redflagthe difference barely hanging submitting entirely darkness shockingly small whim decision let go look hopeless despair like staring man whos foot one deep landmine noisy yet silence night unbearably deafening seductive air still quiet hear ticking counting eventual demise post probably going buried amongst sea suicidal people sharing similar fates yet different walks life wonderand wonderand wonderwhat world look like im gone like detonating emotional nuclear bomb readily wipe surrounding you devastating lethal experience affects keep living point choosing kill myself greatest control myself consciously choosing clearest either or life either live die somewhat greatly comforting heartwarming know everything life fall apart except conscious decision decide final outcome
0	day  writing something positive happened today forgot yesterday im morning teacher gave friend chocolate reason chocolate nice
1	gonna keep shortim tired tired im ready go now doubt mind wont survive next attempt im ok that wish days leading death could filled something stress panic misery
0	yoasobis songs fire know jpop songs really nice go check
0	privacy gone mom downloaded app phone used monitor  year olds know navigate internet cant anything without mom seeing it cant delete tha app without getting warning phone locked bypass app without getting alert said bypass deleted concept privacy exist
1	help friend whos feeling suicidali know whether right sub it friend whos extremely depressed deepseated family issues offer help him thinks im toying feelings would leave like everyone else thats much doubts everyone day tried kill chestersinger favorite band think  linkin park redflag luckily go it whats best thing situation seem trust anyone else
0	im piece shit feel good 
0	suppose quite achievement able present audience true tail frail man tail protagonist spend majority film back bed totally unable move yet achievement films effectiveness dramatic piece recollection true story guess argument people right die wish to film political statement perhaps thankfully shies away many scenes debate although include one sake argument anyway moreso one foreign language films presents lead character cripple nothing talk people around yet able come across engaging compelling anywaybr br so rather argument film sweet yet timely dramatic piece another person wanting something search something difference attaining goal would mean termination someones life would achieved physically going anywhere javier bardem plays real life galician ramn sampedro individual much earlier age dived clearing water shallow activity rendered bedridden rest life wish die focus chilean director alejandro amenbars film weve seen many films lives characters certain goals targets one must meet film provide satisfactory experience audience change pace sea inside gentle involve young energetic attractive heroes going battle far places real person something means much thembr br even strong policy either pro antieuthanasia may find hoping ramn gets wants end anyway film sets tone early ramn giving speech wants die watching family members immediately introducing situation subject watching audience may know film about interestingly family members anti wishes might place audience member feels strongly subject respective shoes purpose set tell audience no one man something incidentally whole family backing end quite easily film couldve gone route sampedro family vs everybody else antiramns idea young acknowledge whats really going others seemingly distraught even opinion want ramn stick around bit longer love allbr br the sea inside following story revolving around victim sorts ramn quadriplegic perspective see things from something may disjoint viewers film come across quite odd given presented film point view victim rather instigator lead character film always inducing cause cause effect drive criticism credit director delivering approach effective manner is film asks questions offers scenario audience ramns position would do think dream talk about consequently dreams lawyer juila rueda much shot audiences pleasure much ever slight window one mans escapist fantasies predicamentbr br the study julia intensifies somewhat later begins share certain similarities ramn begins strokes result disease own trait seems timely progression relationship adds ingredient connection top already engaging friendship julia feels physical pain restriction sense able get walk think realises value life given emotionally bad felt beforehand film based true story covers subject euthanasia feels like earth drama man situation prepared fight wants must verbally refreshing see films like sea inside references history gives us insight stand alone film delivers emotional engaging level
0	think episode bionic blonde httpsbionicblondefandomcomwikijillian_returns
1	blade pillow singing me cant escape melodymy thighs healed making room let pain flow free canvas empty allowing bleed onto floors thought touching razor causes heart skip beat like seeing girl love period together  weeks since ive touched now calls louder before killing lungs juul longer fill void need feel sting razor slides across skin im tired  want non existent
1	autism perfectly valid reason kill youselfi autistic woman nobody really wants us around mean countries less  years ago wed gassed look stats employmenthappiness autistic people  shockingly low ive made fun of teased bullied molested one wants friend even though high functioning theres clearly something wrong me everyone says redflag bad really want end pain im constantly used
1	someone talk meim lonely wanna talk
0	test post test post
0	film full suspense well directed black white effect made great mystery fay emersonhilda fenchurch married twice famous musician skitch henderson also son elliott roosevelt fdrs son fell madly love zachary scott ronnie masonmarsh ronnie wins hearts ladies picture even mona freemananne fenchurch proposes marriage whenever can rosemary decamp dr jane sillafamous radio tv actress s s played mostly small town moms warned ladies ronnie masons sick mind abusive childhood growing up caused lovehate relationship women fay emerson zachary scott would greater stars rewarding roles lives short lived real life film beyond critizing trully great  film classic many generations view enjoy
1	know how  success rate chance still there want see light see shitty lonely times struggle psychotic symptomssomeone want chat comments got plans tonight
0	im fucking idiot thought character yugioh named joey spelt yoey
0	want sing dreamed dream thats all feel free add thoughts below fucking love song
0	daily reminder peoples perception youwho really dont let influence you yourself unapologetic are stop caring people think
1	im gonna ithey writing shitty thoughts reddit cause telling things strangers way easier wanna start over emotions unstable since kid im  yo last  years every god damn day im thinkin dying well im one sad boi drink bleach types job requires damn high responsibility social stuff talking hundreds people around world everyday trying live normal life last  months feel like im gonna loose control jump building thoughts pumping blood veins heart rate goes up actually idea redflag thing makes feel excited yes ive tried taking professional help year stopped seeing psychiatrist lost faith getting better im using maoi stuff  years fall asleep death really dont know hell wrong every single fuckin moment body feels like belongs someone else im looking hands trying listen head body feels strange me last  months go sleep till fall asleep hear screaming buzzing sounds worst thing almost feelings anymore outside working hanging friends family etc u say that guy damn full life im always energetic talkative laughing person im tired fuckin acting hurt people around me ive talked people know words brings pain would rather keeping myself well apathy peak days fuck feel lame writing website know hell im whatever want someone anyone read words thank spending time survive thank next days well song you farewell httpswwwyoutubecomwatchv_zqmueaz
1	im gonna end fuck lifeguys hard truth islife luck fucking shitty lifeno brothersisterparent divorce have see mom fuck rich man change home every year loose friendsalways first school i wanted go live dadmom break phone smash call brother smash force stay momi usless surgeryadenoidectomieafter loose souli could longer feel anything emotionstiredhungryso could longer sleepeven  hours sport cant sleep secondemy mom throw dad due circunstance marry rich man rise kids leave like rubbishnow im stuck  years old body everweak shit  years sleep alli cannot even get fucking erectionim longer good schoolmy dad call fucking crazygirl etci know life ruined cant anything change nobody helpim gonna kill inhaling  vodka throw fucking body subwaypeace fuck life fuck god fuck everything wish reborn good health family brother alone
1	honestly know much longer go onmy mother emotionally abusive neglectful entire life go much detail ive made two posts it curious see those tldr mother took literally everything away entire life spoil bratty little sister point pulling school letting anything socialize growing up going entire life since age  literally trapped basement unable leave claims literally lock away count way leave im  years old means start life ive torn entire life family without chance develop social skills cant anything cant even talk anyone beyond saying hi that ive way getting job live ive tried applying everywhere within walking distance and some nothing past  years ride public transport really exist town mother gave car supposed mine younger sister totaled drunk license yet mother one actually yelled promised not get license yet ive barely even scratched surface post previous posts ive made literally ignored since child every time tried talk anything cant handle anymore cant handle fact never got kid teenager mother care tries excuse everything done going i thinking straight everybody makes mistakes shell flop back flat denying it wanted fair chance life gone forever ill never get chance teenager actually develop have everything gone forever bothered tell bratty sister no ive tried therapy ive tried medication nothing helps tried explain mother fair would thing helps  years since started explaining done worse since then cant anymore reason killed since last posts convinced would finally listen fair ive come realization happen cant get without yes tried completely unwilling keeps making excuses doctors medication helped wanted mother treat fairly shot life everyone ive talked keeps saying oh young theres still time get it im literally starting though  except  expected get job move ready adult even get chance teenager like everyone else cant it want end it ive slowly getting point past weeks made even rapid post really cry help anything im honest mind made up know im posting honestly guess want someone tell actually victim instead mothers gaslighting ampxb im sorry
0	black lives stop mattering idk according reddit orange lives matter im sure support
0	me balloons scare you im fucking scared balloon much pops squeeze hard blow much pops right face remember got balloon kid weak held  seconds popped right face hurt
0	guys wish friend happy birthday would really appreciate it  thanks guys heres youtube videohttpswwwyoutubecomwatchvdubdaydbe
0	get fucking scared people love leave find someone better get rid fear trust person know wouldnt leave where always back mind im worried ill let hurt relationship
1	much even cost admitted hospital mention redflag therapyso yeah im thoughts again sisters boyfriend real irl friend died month  ago sister still little upset it cant really talk anyone suicidal thoughts feel like would bad taste therapist appointment coming november honestly doubt ill last long though dunno much hospitalization would cost admitted dunno im huge sad rn
0	th birthday tommorow honor serving boys and girls thank you
0	debunked bone marrow basically bone marrow apparently make sperm it men useless right nope matter fact man found out plus nothing cater kam pos made help people cant get partner pregnant seen women tiktok saying baby would always female thats complete bullshit kam childish know also going make bone marrow eggs gay men men wives cant get pregnant genetic kids bone marrow doesnt exist one gender exist help lgbtq infertile people biological babies might wrong stuff thats think bone marrow reproduction going like
1	early weekly post as promised would post weekly annoyance sake going therapy appointment tommarow personally dont trust need tell someone want kill anyone even me slept horribly again choking sleep like normally do woke wrote fury filled speech fatherwhole story call him dont post due trust therapist broken another bakeract  much runs head now dont want help thoughts want solution dont want we help right government assisted redflag legal id apply courts not blame shooters killing people demonize actions dont realize ill know many us page thought bieng like them digress like always do
1	woke failed attempt someone gone something similar want maybe talk itim  ever since started high school grades tanked really hard due mental illness ive found gpa isnt great ive failed classes im going junior year everyone around amazing school wasnt always bad school cant get honor kid mindset grown since k grade couldnt see making graduation even  finding makes feel even worse im wondering failed bunch classes bad gpa ended alright end like im expecting get ivy league school anything im trying make seem like im deservingcan achieve average life happy im doing turned alright story share think itd really help out youve made far thanks reading kind hefty haha
0	teenagers young adults stop astrology bs might unpopular opinion think people stop basing decisions impressions others formation stars born astrology nonsense correlation stars ones personality might fun still keep laughs giggles level rejectingavoiding somebody leo something level ignorant people make blood boil anyway thanks coming tedtalk
1	people think depression always sad people think depression always crying people think depression dressing black people wrong depression constant feeling numb numb emotions numb life wake morning go bed again tired hurting end
1	bye everyoneif anyone sees want say byei hope everyone happy worry everfuck life fuck god putting fucking nightmare lifebye
1	cant take anymoreive struggling depression almost  years now theres days hurt much cant happy  cant get hole  want pain end im tired waking everyday thinking killing myself really bravery weakness keeping alive woke morning crying cant stop hurts much alive cant understand feel like know smile anymore like little little part teared know get back im broken many pieces think build ever again
0	okay tokyo south america australia france germany uk africa
1	found literally reading cut femoral state shaking feeling physically ill thoughts never strong get phase kind everything go wrong does actually cannot think single reason to
0	yk dating teenagers relationships fail thomy tchrs adults around always tell relationships dating teen almost always never works end nothingnot worth itetc obviously ppl get married early relationship high school become adults idk man yall real fooling around
0	im kind slow seriously thought like february   fuck almost half way past month im losing track time
1	posted yet everyone probably experienced redflag one isolating conditions even adult surrounded adults school feel isolated really disappointing students class cant seem grasp concept redflag people veterans fundamental lack understanding resulted alienation reason dissociations sufferers former military unacceptable
0	discord server howdy anyones interested joining discord server please dm me pretty chill mostly place bored people hang out open suggestions mods pretty nice ask role bot something thanks great day
0	confessed crush today rejected eh happens also lost teaching license really care
1	lesbian f desperately longing girlfriend ever since puberty shy chubby teenager many unrequited crushes straight girls late teensearly s try meet queer women near me mainly online dating led dates notredflag and made uncomfortable anyway social redflag queer dating pool small anyway also screw general depressed college dropout living relatives working dead end job probably never amount anything like women would breaking door date anyway still find longing love sex breaks heart see almost everyone know datingmarried move obsession accept probably never happen make peace it and please responses like just go try do give up trying realistic specifically asking help accept probably inevitable accept probably never lovesex
0	talking people ive finally started think im attractive life ive shitted told wasnt good enough rejected responses like ew gross eat shit classic fuck off didnt think would ever found good looking ever good friends sub ive finally turned around led finally seeing worth helped me know are also struggle andor struggling like me afraid talking people due fear shit again know this worth find it like you might find tomorrow week find it please keep heads held high kings queens rule kingdoms throughout turmoil 
0	went hot need pet otter
1	well ever since toddler parents never got along well hardest part choose sides currently live little brother mother younger chose sides father since little less strict mother holds lot hatred me insulted since  father around past  years ever since covid started started taking work home mother never got along well mostly tomboy bought lot tricks girly dresses tshirts so tend wear tshirts neighbours kid girl loves girly stuff time mother wishes daughter also earlier stated hated reason that mother started insulting dumb since girl etc went kind crazy one day could take anymore screamed know bad could control time top things off brother behaves like literal baby even though one usually gets trouble fun fact brother mistake me mother kind compared me currently bad relationship father anyone go to think mother weird obsession making look bad front people telling day day mistakes ones perfect mental state gone thought killing myself tried dreams get way like singing mentioned earlier screamed pretty loud since voice went high practicing songs days like interacting many people opened  people lifetime neither parents included list  people mother makes feel worthless tries make feel bad girl know life anymore seems hopeless needed open
0	friends films like la bte aka the beast o monstroonly done old continent in film see all horses dirty sex nymphomaniac kind gorilla non sense dialogs etc etc etc serious terms nowits allegory men sometimes could bestial visceral brutalwalerian borowczyk the director shows us loss innocence sexual violence rape brutality astonishing cinematic experience bizarre full grotesque scenes fans european shocking exploitation recommend filmif like one recommend orloff invisible man alterated states
1	one month today ill deadit th birthday perfect timing really one week parents weekend college ill get say goodbye family one last time roommate away soccer game one stop me hung wall hook ill hang hanging belt everyday thinking look around neck  years making ive depressed since  always joked happy age  id end it well im im miserable ever end wanted leave something seem like total surprise go it
1	wish never borni didnt ask this
1	dont deserve live anymorefor years felt sorry depressed recently realized fault mine only ruined it family loved me friends cared everything else high honors school college bound bright future popular kid happy wither away alone hopeless wasted youth childhood behind me escape constant drug use hope all ive felt suicidal before ive cliff ive pills hand feels different know follow doubt mind should everyones sake
1	m end  worth anything anyoneyes crying anyone hear me anyone exist there ive end rope before new im married kids etc externally many think great marriage people see nonstop fighting got hr fight nothing new here nothing shell person dead inside want love loved bc live expectation screw time nothing tried leave goodness heavens rained upon me got kids involved screaming yelling almost drove car road way work morning canr stop thinking it hate passion driving force am course weakness right makes problems fighting hurts her hurts me hurts kids control around them cant leave  option best option accidental death source problems gone peace reign insurance  cover bit everyone move support friends church much better without there may say kids need dad right scenario means contention fights big problems without me peace time morn maybe life goes peaceful without me sure of anyway anyone cares willing chat need somethibg idea what lost wandering around anyone care  person takes life insignificant one brings pain ok sort rambling thinking straight phone curious anyone talk  text at 
0	recently saw iq even though im romantic comedy type gal think nice sweet movie watch many movies opinion lack honesty know feeling watching movie feel robbed taking something story like director threw together like trash story scientists sweet funny one stuck together tried help tim robbins character become smart liked love story tim meg simple brought good point comes love nothing seems would recommend sunday morningbr br 
1	concert coming th september thats last thing really care do feel like ill right thatso ig could last weeks right now
0	ptsd really common mean everywhere go get told smth like you might childhood trauma stupid stuff me like crying homework getting bad garde afraid think ptsd really strong word people whove actually bee disturbing shit theres lot people running around saying ptsd that feel like gives less value people whos actually traumatised thing happens depression rape victims dont know understand tbh
0	fun getting pedo install tails ass wears thighs make people think cute girl  go jail normal get  core  duo power w psu cant ill buy body pillow marry commit redflag ill sex body ill cum jar change sex female put cum pussy get kids
1	know im suicidalive experiencing growing urge kill myself difficult deal with multiple times tied noose looped around neck sat down dropping weight rope first time kind hard breathe putting much load rope time id tie little higher push little harder almost point completely lose consciousness thing is clue this pretty good life anything complain about im pretty spoiled sixteen year old ive tried trace steps coming ideas could making depressed one really good explanation mind while made happy days  suicidal thoughts however recently started feeling like might answer went trouble fixing thing found nothing right now thing lean on im tearing pieces mind im feeling suicidal again instead thinking ways help myself im thinking ways kill myself theres quite go without even leaving house post meant draw attention myself personal benefit feel like telling someone this thought horrifying much easier reach complete strangers trust most
1	cant get aheadits secret problems pile up grow grow successes quickly fade problem one deal sits there finally fixed cant remember last time ahead problems immediate worries issues future ability plan it prepare instead problem problem lost job little two years ago ive keep head water problems pile up teeth rotten ive unable buy anything relax enjoy like movie video game moms tv broke cant help computer broke phone finally job bit budgeting start improve get tooth pulled save new computer hell maybe one better old one finally get ahead car moms car broke fifty three love her needs taken care of me walk work car jobs forty minutes away needs taken care though working poverty wages whole life one whos taking care past two years stuck payday loans almost four years thought could pay back helping get them maybe help get ahead too piles up cant see end it two incomes poverty wages eventually get cars road eventually get new tv computer occasionally treats along way like video games movies theres hopeful thats nothing goes wrong true two beaters breaking continue run without issue theres accident sudden cancer diagnosis plan get ahead take years much go wrong six months moms entire life already tell going mine too wish librarian fantasy world book shelves ten rows high almost form maze museum section curious artifacts glass containers plaques hours sitting forgotten corner reading book eating lunch thats life wish had instead broken useless self
0	lower eyelids die sun im slowly drifting stars planets calling billion years away im way taught courage stars left light carries endlessly even death rare beautiful even exist im way
0	mom pissing shes fucking nuts love im tired bitching goddamn time calm enjoy day
1	 family members die hard cannot much longer getting worse
0	guys need help change flair beside name pls hlep
1	went breakup girl wants stay friends want hurt know painful me better friends cannot even one becuase still feelings hurts much know considering blocking everything contact get know hurt her also try think negative things order lose feelings still working sad scared know need advice
0	say cannot breathe mask openly admit furries stronger you let sink
1	sorry millionth post night writing mepeople would say given good life would they chose destroy it every day live exact opposite want could change not depression excuse one ruined life over me one keep ruining life forever people never get better one them looks thinking streets might bad least wlnt pay bills might comradery people sick me cannot exist among normals used goals dreams shit realized give two fucks happens life guess better person would carpe diem bad person exist anymore depression
0	cant say enjoyed much the big lebowski raising arizona felt little slighted o brother enjoyable film worthy good laughs taste coens brisk twisted sense creativity dvd edition contains featurette interested find coens pretty simple directorial techniques surprised me course movie best example and im saying comparison worthy oscars many feel robbed maybe depends appeal br br though enjoyed coens previous work ive never fan old westerns the dukes hazzard stuff show daily tnn guess thats feel enthusiastic checking movie seeing revolves around southern folk south reading this mean offend people im sure guys feel way watch movies urban areas like a bronx tale live city life hard get accustomed films nature apologies aside found characters fun quirky think john turturro nailed accent perfectly seeing way talks real life find amazing tim blake nelson also good course george clooneywho assume best feigning accents judging decision chuck idea working dialogue coach developing new england accent the perfect stormnaturally seems little miscast continually struggles accent performance good though also spot coen regulars like holly hunter in short sweet role john goodman also screen short time steals every minute itbr br though normally dig country music liked title song a man constant sorrow dvd also contains music video song br br overall found film entertaining original inyourface quality coens shown us past slighter effort good one still suggest check out br br my score  out 
0	witnessed car chase  minutes ago walking shops bunch sirens going off white bakkie came speeding traffic horn thing full blast swerving like mad  police cars behind im home still hear sirens ambulances im guessing chase over
0	quick reminder stop checking profile every  minutes miss
0	looking typical war movie it note testosteronepumped carnagecraving war buffs there bother although film russian characters wwii expect see nazis cannons blood gore etc film people cause war fight war film ordinary people war happens choices make dealing itbr br acting cinematography writing perfect s here certainly appreciate russian like me even not probably love it speak russian look ruscico russian cinema council dvd version got subtitles  different languages english dubbing one id say good course good original russian track some stuff lost translation good english subtitles go check out especially studying film aspect
1	ive lost everything thats brought life purpose happinessmy romantic relationship over hell happy someone else ill missing forever parents rejected me son abomination gay theyll never accept me words god feel abandoned him faith encourage bring strength lately feel like im losing it friends friends rather everything slipped away wonder life still worth living want end all maybe tonight tomorrow maybe ones home
1	someone jumped building todayi wonder were like
1	ugly transgender freak thats amall hatred world doorstep me one wants me everyone hates me im even valued person people kill give world hope world smile one less freak worry about fucking kill myself
1	feeling like shit ive never wanted kill ever nowthe fact depression decided fuck boyfriend hurts lot fun till started break feel like shit him never break depression eating hit like fucking truck felt like shit started crying left ive never done before first time hit hard fact leave house strange hit hard time ive crying  fucking hours havent stopped since dont know depression getting way want selfharm badly either kill tonight need break feeling like shit time fuck life im done emotions constantly feeling like shit constant basis feeling like shit im boyfriend thats crossing fucking line dont get wrong im glad boyfriend tries help fucking christ feel awful tonight know im going feel awful tomorrow want kill im probably going later tonight really early morning dont know anyways end killing self oh well fuck it 
0	caught last half movie cable one night struck morbid was even one two victims deteriorated camera keeps going lingering shots corpse uncovered concentrationcamp figure zipped body bag moving depressing watch movie already depressed watch feeling really good
0	friends made new voice channel invite me decided vc them excludes one person friend group person them started kicking channel tried hide checked audit logs yeah made new one them guess right exclude want to least im online
0	months since died im still ok mother died april came home hospital one day laid bed doctors came home explaining things would work on suddenly im room crying hear family panicking mother dying worst part last time talked night before sounded happy coming home gonna make favorite cereal her mother lot things wrong her infected toe doctors fix something wrong spine end liver cancer somehow got without doctors noticing months since died still feels like last week cant stop crying everytime think her im stuck knowing never gonna see quinceanera wedding even hold grandchildren hurts knowing anymore know wrote this feel like needed vent somewhere
1	less year literally lowest man planeti really believe agree notion good bad fit would latter always asshole literally cared even felt guilty one care unless actually affected me im  years old college well summer break recently bad break up im gonna say reason im certainly help another prime example deplorable human pile shit suicidal thoughts since second grade always liked idea think done much sooner now would preferred aborted think caused pain people world many problems indescribable feel niche pointless some maybe are think need go ruined life someone dearly love unacceptable thinking going end life gun would much hard get tall buildings close im scared heights jumping unlikely  helium sold easily amazon ive already tried noose so another way kill myself really want talk someone moment im feeling tired
0	im addicted penis need guy likes im addicted cock wants suck constantly
1	heyhow everyone feeling tonight im downs moment curious everyone else feeling
0	say know documentaries mister rnek knew get well made piece movie documentary disappointed history nerd  saw hundreds documentary liked different approach workbr br the director  consultants historians veteran families tried access reality gallipoli letters solders sides so history followed british australian turkish soldiersbr br narrated docu jeremy irons sam neill  boost intensity emotionality documentary great voicesbr br i saw film cinema italy dolby surround buy dvd last year wait  years next work talented director good documentariesbr br summary well made intense history emotions  wrapped war documentary great narrators
1	wanted post herei always try help people fullest always fail make thier situation worse im one people always lied seem better failed protect everyone cared about im posting cant talk anywhere else wont get help dont deserve it wanted say things hell might looking attention cause im trash human being sorry wasting time anyone read please downvote it
0	read post mods job link post must read httpswwwredditcomrteenagerscommentskttgaare_the_mods_doing_their_jobhttpswwwredditcomrteenagerscommentskttgaare_the_mods_doing_their_job
0	whats worst post seen sub seen try justify school shootings worst thing people agreeing them
1	everyday like warim  live england since got thrown home done take drugs become shell former self dknt want get anymore called friends steal make jokes expense decided show them pm gmt today going kill myself dint want talking it wanted leave trace somewhere know wont remembered people hearts due harm caused drug habit stealing mostly miss girlfriend sad things us idea dark cloud carry around understand why thanks guys edit landlord found blood broken glass sink cutting myself proceeded scream call worthless fuck care three pm today fuck it im going leave im going start sliding everywhere can people like give fuck make want even more
1	cant itim pussy cant it im asshole fuck everyone else medication makes want vomit nothing works
0	well feel like sad lonely fuck need put somewhere im anonymous
1	tried put sugar coffee back spoon happy monday everyonestay safe sunflowers one days
0	specific memories things never happened time theyre delightful even make playlists make vivid also arent recent like probably mid late s child im still sure never happened
1	im done cant anymorei dont even know teen angst anymore im honestly sick tired loneliness heartache friends people around somewhat care me cant get head go live happy fucking life feel empty calm like im trapped feel like built whole personality people would like it yet still dont dont know am dont know im doing dont know going end thats terrifying
1	take train work everyday usually always contemplate jumping front it ill probably never it calms knowing candepression crushing soul today holding back tears extra hard morning truly god ill never understand god created millions millions mental illness pretty fucked ask me man wanna ball eyes out
1	comfort someone whensomeone know committed redflag barely knew person acquaintances best im really apathetic person find hard relate people friend need comfort help please help
1	looking application idk sign somewhere psych wards included reminded end like perhaps someone check every maybe remind much damage  times manage suicide ideation times literally impossible think anything anyone else suicide want it really want it sure lot relate need help think good idea reach friend family member worried either panic think trying pathetically seek attention scenarios equally bad kind suicide watch applicationsservices
0	know want grow up im go th grade live known last year middle school already plans future career ive talked parents college plans funding getting job renting place end getting brushed youve still got time youll change mind frustrating make decision want clear view im gonna grow up gonna time end running time older cousin gonna go th grade year doesnt even know wants do says time he confusing me
1	suicide sounds pretty fucking awesome literally nothing going wondering anyone knows anything could help stop really fucking close idk anything worked anyone avoid
1	ya hablado un poco de esto con mi madre pero siento como que piensa que es mentira que encuentro mal por otro motivo que invento esto como excusapongo contexto tengo  aos tengo altas capacidades superdotado desde muy pequeo estado interesado por la ciencia sobretodo la electrnica siempre sido raro distinto aunque mis padres lo nieguen en el colegio el instituto siempre sacado muy buenas notas sin penas esfuerzo los profesores excepto dos profesoras prcticamente ignoran les importa lo que haga en sus clases mientras saque nueves dieces vivo en un pueblo de menos de k habitantes soy la nica persona de mi edad que tiene estos gustos desde que tengo  aos estado solo porque nadie ms sabe nada sobre lo que hago mis padres hace aos que felicitan por lo que consigo hacer mi padre la mayora de las veces que haciendo algo en vez de felicitarme decide buscar los errores de lo que hecho al menos cuando entenda lo que haca ahora entiende nada decide por preguntarmeme siento solo puedo comoratir con nadie una de mis grandes pasiones y adems cuando era pequeo hubo un momento en el que recuerdo que cambi pase de ser un nio risueo uno serio desde entonces la mayora del tiempo sido serio con la gente con la que tengo mucha confianza eso ha hecho ganarme ms de un comentario diciendo que tengo sentimientos que exclullan mucha gente tiene una imagen de mi que es realmi grupo de amigas actual suele avisarme para salir por las noches pueden que se hable por un grupo pero nunca quedamos una hora exacta mi avisan de cuando salen solo hay una persona que siente cuenta conmigo para todo que avisa gracias ella es que sigo levantadome gracias ella est noche cortadoun poco largo gusta como explicado pero que ms da un desconocido le va importar mi vida sorry posting spanish wanted relieve
1	im doneim done im done im done im done im done im done im done im done im done im done im done im done im done im done im done im done im done im done im done im done im done im done im done im done im done im done im done im done im done im done im done im done im done im done im done im done im done im done im done im done im done im done im done im done im done im done im done im done im done im done im done im done im done im done im done im done im done im done im done im done im done im done im done im done im done im done im done im done im done im done im done im done im done im done im done im done im done im done im just fucking done
1	anyone like birthdaybirthday makes think here tend remember celebrate it despise it people around think pathetic want make happy celebrating birthday wishing happy birthday make happy face time asked first may able refuse people like surprise much another painful aspect value fairness much think birthday worth celebrating anything return people wish happy festivals xmas birthday thanksgiving time may give little gifttreat card candies tired giving back card candies need sleep days pretend forget festivals people stop celebrating festivals me
1	dunno anymorei made account this im sure want this want bother anyone want usual pep talks assume people get even exactly know bad ive felt thought year so good friends good family couple heartbreaks last couple years feel like use anyone actually feel like hinder people now taken one friends spiral drink drugs hes tried me shit see him ive fights arguments mother friends think hindsight behaiour hard tell see ive done wrong time think im right hard done by afterthought seeing others go guess see maybe common problem im one always issue causes issues guess depression latest ex tried get see someone it ive never felt id need that fact  years ago least likely guy ever that ive always one everyone constant happy guy party guy helping guy guy would pick up guy would take in feel like one wants near me drunk drugs now alone anyone talk to ive thought last  hours jumping car fucking finding cliff bridge know really want to might best guess want vent sorry fit here sorry brake rules i read them said want phone number know are thanks reddit
0	repeatedly saying brilliant many columbo episodes are time honour episode maximum points etude black  percent perfect certainly  percentmaybe   br br last week reviewed just married compared unfavourably meet parents well heres one parents blythe danner much earlier role wife famous orchestral conductor alex benedict played legend john cassavetes alex affair jennifer wells girl orchestra not first affair one suspects blackmailing alex leave wife wifes mother holds purse strings orchestra alex think itd smart move destroy career marriage overnight instead hatches plot sneak concert hall performance murder young lover making look like suicidebr br enter columbo guess what takes two seconds realise homicide likely suicide take much longer columbo connect alex victim soon hes following around wherever goes even though columbo certain alex man actually takes quite false leads none columbo really swallows vital piece evidencebr br along way topnotch extra characters ranging precocious young neighbour jennifer wells english mechanic sounds like would home coronation street bedraggled looking brass player nearly finds fitted murder he also seeing jennifer wells busy girl theres even brief cameo commandant lassard police academy films leslie nielsen lady waiting impossible take seriously i bet thinking speech made podium you br br but blythe danner john cassavetes peter falk steal show here blythe absolutely divine mrs benedict moment spots alex dialling jennifer wells number memory feels deeply troubled exactly relationship was masterful performance struggles trust alex despite intuition telling something very wrong columbo help matters interrupting game tennis ask impertinent questions alexs relations members orchestrabr br as john cassavetes well shame make repeat appearances columbo villains could jack cassidy patrick mcgoohan one alltime greats show performance superb hes another one falls highly irritated category losing patience columbo rather befriending indulging him despite this game finally grudgingly acknowledge columbos geniusbr br well really really fantastic show loses couple small points rather sledgehammer view classical music highlighted many posters here none bearing logic story characterisations least music good dramatic excitingbr br finally come across it absolutely amazing clip john cassavetes peter falk dick cavett show early s im totally convinced steve coogan watched clip based alan partridge it everything clip resembles knowing knowing you cringeworthy introduction total humiliation cavett guests even orchestra get act playing circus music falk cassavetes friend ben gazzara fool ridicule hostbr br it might strictly relevant review cavett show clip gives nice insight deep friendship professional relationship peter falk john cassavetes clear see quality etude black well pair worked together
0	teenager bad teenager bad say guess remember
0	ppl bitch everything political everyone talks politics worse ppl talk politics filler filler filler filler seriously know participating politics activily participating politics
1	im tired kill myselfim tired want close eyes die
1	one talk toi really friends say care let know im down im fucking time im tired around time surely want either ive burned people guess ever fully believe say care im messed weak needy go on ive thought calling someone  am everyone asleep want talk anyway dead feel way one would worry helping me feel like im holding people back get enjoyment life logical basis assume things get better things magically change im going wake happy ill change myself highly unlikely happen ive pretty much known id end life now finding right moment plan everything seems painful od unlikely work without stronger meds hanging cutting suffocating seem painful gun would quick gun want leave gruesome scene someone find either want check out fall asleep never wake up im sorry feel way cant take anxiety self hatred fear sadness anymore nothing look forward to want someone notice me friends ask im say couldnt happier assume mean i happy really i physically incapable happy childish cant seem bring tell person feel easier tell strangers internet wish born closest friends really care cant anything disclosing change anything ultimately comes back me choose happy actively work towards it ive tried think happy
0	parents always saywhen kids understand never question actually take care kid
1	cannot sleep pain many nights nights manage closing eyes sleep makes worse wish stopped one minute remember normal feels like doctors giving answers tests come clear know wish knew treat it meds even help  months non stop head pains upper left eyelid pain know live normal life follow dreams pain feel like live strong enough real shit much
0	almost passed pe lesson okay boxing pe warmup needed jump rope  minutes straight eventually vision got blurry chest pain didnt tell anyone realized needed watch out also squared annoying kid prob hurted lot like  guys rest girls us boys show see whos best
1	tonight nightcurrently writing notes friends eating death day pie planning killing tonight last reason stay alive left know time bye guys
0	idea  trash bags full unshucked corn foyer house im going go make enquiries talk amongst update anyone situation
0	quai des orfevres takes long getting going clouzot enamored backstage milieu almost danger forgetting story however does clouzot best bertrand blier father bertrand blier costar buffet froid worldworn pianist married beneath plans kill seedy studio mogul designs wife find someone beaten it that carefully planned clumsily executed alibi falls pieces least thief steals car murder scenebr br the film really kicks life arrival luis jouvets police inspector rather wonderful creation half alistair sim green danger half worldweary maigret better dialog neat running gag investigation constantly conducted top voice chaos noise whether noisy typewriters police station loud rehearsal police station wonderfully realistic creation wealth chaotic telling small details makes steve bocchcos revolutionary s us cop shows look like antiquated museum pieces comparison br br if suzy delair rather unconvincing femme fatale supporting cast compensate beautiful simone renant standout lesbian photographer love afar constantly mistaken bliers lover delair interested parties only jouvet similarly unlucky women understands genuinely sympathises great black white photography armand thirard terrific little thriller nice twist ending lovely scene cab driver reluctantly identifying renant police station trivia note pierre larquey played playfully philosophical dr vorzet le corbeau turns smaller roles cabdriver quai les espionsbr br the criterion dvd quite superb  great picture quality plus illuminating extract french tv show featuring interviews clouzot blier renant
1	m diagnosed depression anxiety suicidal thoughts years planso know thought posting reading id give attention severe posts lame ass one ive suicidal thoughts since ish never anything it however times ive made plans gave circumstances id kill myself never meet criteria times ill knife ready pussy whimp out gave overall plan within coming years  years old if killed anyways solid band following music reliable wifepossible family steady career ill then need one work out really fucking dumb im lonely desperate need something work me
1	please let diefeels like lifes ever began poor education career decisions paired shit mental health serious injury left stranded home country squeezing life country interested taking dropout regardless much potential might thats paper life struggle get starting line start privilege break back get ground fuck this want die take another shot lottery n maybe next time raised psychopaths
0	said no but feel great quarantine tough lonely asking someone great thing either keep current position get something great keep asking im right ya
1	byeyou could king street sweeper end day dance grim reaper life worst gift ever received good night
1	actually dbt bad therapy depressionmy therapists response i wish could die without affecting anyone else well thats impossible course people love would miss you would miss you would devastating seems little short guilt tripping say totally ineffective kind expected dbt intensive therapist dbt assume greatest motivation positive attention totally leverages therapuetic relationship like means anything else world like sorry ok all therapist even know you self harm officially unamed unacceptable punnishable  hours contactno phone coaching phone coaching thing theyre supposed try get use instead trying again kill yourself somebodys desperate theyre selfharming possibly intent kill totally fix leveraging need continued attention need feel better cost love god assumption someone really wants attention anything get good presenting asymptomatic bad symptomatic theyll stop self harming attempting redflag being symptomatic cannot manipulate suicidal thats works came dbt robust empirically proven form therapy supposedly heavyduty industrial strength whatever supposedly perfect severely depressed chronically suicidal people thats came for im sure im getting assumes people illogical attentionmotivated children else im mastermind genius find pretty insulting what get gold star day without selfharm too know lets go full behaviorism token economy s im studying psychology neuroscience shit jive ive taught expect dbt im disappointed really flat salty full jargon hardly begin parse out therapist says need work committment living like proper noun something oh mindfulness cure everything including misery existence like mindfulness actually kind hate it deep breathing bullshit too work like toolkit like therapy hate life treatment resistant depressive nothing works even little
1	miss mom miss great grandma mmshe used vibrant independent tennis player volleyball player dancer swimmer first grade teacher put entire heart job shes epilepsy years doctors found matter brain epilepsy medicine combined lack independence she cant drive swim etc risk seizures changed her shes depressed talks killing wanting live im scared depressed mostly feeling like failure maybe would want live somehow better daughtersisterperson actually am wish siblings enough reason keep striving life great grandma mm died little ten years ago id give anything around right now shed know say taught sew tea parties time
1	ended coming mates provided acid turned nbomb cannot see way out nobodys talking me three family members die recently fuck life took bad trip
0	parents arent home know means bang pots pans loud possible blasting metal break spoon releasing rage dishes listen soft indy cry rocking back forth fetal position youre worried relationship one earliest friends isnt working
1	ex girlfriend broke two days ago things relationship working anymore starting become little toxic damaging mental health suicidal long distance lives uk live us worried much help reason still care anything would able live rest life commit us broken gives reason had able still call police uk us bill maybe something fill online please send links something need help need help
1	watching friend slowly descend inescapable placehi all suicidal self harming thoughts literally breaks heart watch friend tell live reason live themselves rather friends family want to need help reddit do help understand blame redflag loved one
0	roommate get along much fun like roommate sometimes announce things like im gonna make leaf juice anytime one us gonna make tea sometimes well lie floor school collectively die internally also like aircon cold thats important
0	reveal biggest spot forehead looks like ruh
0	picked dvd release movie holiday norway released english subtitlesbr br the film beautifully photographed powerfully acted youngster portraying frits lead character astonishingly open face mirrors painful accuracy tragic events unfold around himbr br early film see father frits loves much mental health problems brought brutal headmaster denies assaulting boy suggests fatherbr br the climactic scene frits refuses show respect headmaster simply standing ground repeating liar brutally assaulted front classmates scene likely forgetbr br the films weak point rather clichd flower power teacher uses every friendly teacher trick book feel sure film really enjoy
0	movie better expected think deserved r rating though ive seen pg films worse language violence found movie entertaining enjoyed it person dissects everything might find lot wrong it take face value think find entertaining
0	nearly always case britain comes entertaining andor successful sitcom quiz show yanks come along poach format produce own grossly inferior version man house is course exception rule yanks version  threes company  unwatchable braindead pap seem run forever prime example quantity  nonexistent  quality original hand fondlyremembered gem savvy  like fawlty towers  pull plug precisely right time  unlike  episodes hilarity threes company came  jo cute brilliant chemistry ropers richard osullivan made look easy scripts whilst exactly oscar wildestandard consistently funny chrissy dropdead gorgeous woman walked face planet since dead sea merely feeling unwell nuff said
0	never gonna give one s songs teens days exposed saying one class enjoys s music really makes feel place see teens discuss music s song consistently hear bring never gonna give up
0	thought movie good like read real story behind based true story movies anyone know names locations real characters movie based on done complete internet search cannot find information case get movie information fact based true story find hard believe judge would change sentence rendered immediately courtroom even heartfelt speech brother gorgeous john corbett overall story gripping anyway anyone knows real real story would appreciate sharing it
1	assisted redflaghello suffer paranoid schizophrenia medication counseling tried remedy situation last decade without much improvement seeking advice would go traveling country liberal views doctor assisted redflag would apply this help appreciated thank you
0	holy crap hysterical american comedies written like this anybody thinks comedy dumb wit intelligence six episodes series shelf novels hugh laurie complete hoot believe guy house many great lines gags series could watch show dozens times still pick new things time rowan atkinson hilarious verbose put upon butler edmund favorite blackadder series tony robinson wonderful ever somewhat obtuse heart series the oppressed mass baldrick favorite lines when someone messes wellington really puts foot it baldrick explaining got name cousin macadder the top kipper salesman homicidal swordsman scotland
1	something thats started happening recently sometimes world becomes unreal things like houses blow minddont even get started wheels weird things normal state mind barely impact get kind trance everything becomes surreal googled feeling results seem related redflag wanted hear others experience too
1	would perfect time itim graduating college couple weeks finally saw big finale marvel movies ive watching past  years ill seeing mom next couple weeks which could last time everything ive look forward life coming end feel like would perfect time finally end life high note ill succeeded done everything wanted to instead venturing terrifying unknown could call quits peace out probably anything wanted get there feel like everything ive wanted accomplish life basically done ill probably never good chance end life terms time really feel content
1	wanna hold gun headits car emotions erratic cant calm down google says tell two close friends any basically  much less im comfortable telling im suicidal could actually help plus late idk text one person vaguely sleeping fine feel like cry wolf lot im dramatic attempted told today significant people think im fine bc say im fine make lot jokes whole thing im comfortable opening people around  people see often allat all random person asks whats wrong really always feel suicidal lately im just im hyperventilatingi cant see would happen immediate future killed besides messy see awful visuals hanging neck weird look reflection id look like holding gun head thinking calling hotline really bad anxiety phone calls ive heard bad experiences good feel stuck wanna bring gun inside idk im scared also want stopped seeing therapist earlier month bc support around keep seeing him esp feel much worse trying work lot childhood trauma sitting days afterwards next appointment making sick really manic self harming lot option since normally feel better come whatever feeling another option texting im afraid awake either notify authorities since address im afraid get shower hurt im going straight gun want feel like think really want kill actively seeking ways avoid think scared upset really want alive single person really tell feel safe around validated idk found im
0	story complex wonderful tale last harem ottoman empire well told provoking see inner workings world gone learn people lived therebr br i enjoyed story characters acting scenes scenes suffered quick editing sub titles sometimes disappeared quickly otherwise wonderful piecebr br the main character safiya played wonderfully marie gillain pleased say fantastic job without it scenes alex descas nadir charming lovelybr br i recommend film anybody looking watch something less hollywood authentic world emulating
1	get bad grade going kill myselfif probably will dont get college dont much live for even one f change things maybe people feel like this
0	friendly reminder stay hydrated r u still reading go drink water
1	something always stops meive almost attempted redflag couple times life say almost right followed through always get reminded thing im sharing saved life many times im hoping maybe save someone love know something friedrich nietzsche philosopher whose writings impression complete grasp understanding life value many thoughts ideas outstanding resonant within know move past them digress one central ideas deep down behind every desire simply desire power misunderstood misused justify megalomaniacal psychopathic behaviors attitudes ethics use empathetic loving positive uses especially applied philosophical considerations his im willing expound ideas groundings interested brevitys sake ill cut chase principles implications are firstly means allinall power valuable thing us really power me best summarized two words i can power capacity be desirable ability control do second consequence belief things will power begin feel sense pointlessness redflag nietzsche declaring power utmost desires lie water difficulty truth means must become strong climb abyss weakness far easy everyone it recognizing feel nothing urge say quit ill last moment giving difficulty life want fight tooth nail grow strengthen point longer feel death look forward stronger healthier smarter happier enduring fulfilled life overall better me constant struggle always rooted remembering always struggle abyss weakness pit pity beckons throw in stop telling i want rest i want end going gets rough must find say i better this let life either affirm negate that id rather die trying improve life ending moment weakness telling nothing strongest weakest know far ill go like think last moments exhaust every means change situation better that that welcome death im sorry post nothing lengthy redundancy you im glad hear something resonated inspired made smilelaugh think become least little stronger every day hope whenever get end which anytime soon walking past onto next day better sunshine harder rain say almighty yes everything god among humanity
0	plans tomorrow includes asking crush  mean already pretty late wake dumdum
1	kmsdoes anyone know best way kill urself efficient painful maybe od
0	haha found precious 
1	hate complicated fucked lifeim  years old going college next month if make it dad working years cant keep job two weeks bc hes lazy bitches bc sit around nothing ive done whole fucking pathetic life graduated high school diploma went prison  born  got  armed robbery drug running two felonies mom works disabled children loves job minus shitty pay wage grandma  somehow still going grandpa died  brother same dad different mom shows parents house every tonight night im thinking ending all either hanging father  lbs fat ass somewhere via gunshot bc quick painless know else ive single year two cant hold relationship bc personal demons porn addict try stop cant bc get bored hate more drugs hate constant verbal abuse dad talk back im afraid hell kill fight mom takes verbal abuse  calls fat cunt dares call police hell kill us do im son could give shit less neighbor gun cabinet gave  birthday shells never use either im going end life take family care someone world cares me one know matter hopefully meet weird afterlife pussy out put update try get help
0	rainy day much do surfing movie network channels found one starting gave chancebr br the watched became engrossed story old story working class underdog trying make sport time  think usually played wealthy upper class movie every bit interesting seabiscuit also based true storybr br the acting believable casting brilliant     golfers please miss one golf individual sport would serve plot people golf works well story class distinction snobbery seem involve play gamebr br bottom line     feel good movie well put together always fun see think better others get taken peg two
0	make joke person made joke completely fine it knows joke isnt hurt hate people come get offended person even though joke wasnt targeted them like swear god pisses much like school wilding out like roasting session make fun other telling story guy said girl ass looks like  deflated basketballs joke everyone okay it since woman thats made fun body shaming sexual harassment etc got comments saying asshole sexually harassing her when didnt even make joke watching okay too people comments still wanna call asshole hate lot people reddit especially little kids yall sensitive cry everything not sensitive snowflakes
1	meta thank alli posted two days ago asking active subreddit did pretty much every thread already two three responses time see it thank much willing lend support need it helping make world better place
0	guys watch gay porn get rid morning wood since im straight watching gay porn turns sexually find get rid morning wood much faster wait normally suggest anyone try next time need get rid boner
1	wierdmy mental state crumbled far hate world human race come ask question right wrong consequences different ok lets get many people cant handle anymore die either way always wanted kill someone got feeling might question is going someone else pretty sure stop one defenetly going let take jail noone get living
1	pleas help person rredflaghttpswwwredditcomrasktransgendercommentskvcim_starting_to_plan_my_redflag_tw
1	goodbye postthis post blend rest dont expect anyone see it im simply posting get word one left world listen nothing world alone always alone life meaningless ill pulling trigger soon put something give closure
1	hey reddit times gotten harder daysits  months since love life committed redflag hands still tremble type this hard keep pretending outside world ive since episodes depression lasting hours others day two none like im going now ive tried kill failed failure something new me ive failing whole life hurts looking people normal life cant it know saying head life like driving car like taking train get direct train buy tickets destination think got one way ticket  months ago good reason carry useless existence logical brain telling carry emotions telling ive enough im work im tearing apart inside cant take anymore
1	im fucking done suffering end itlegit eye fucked since sunday im done come home dont shit back hurts arms too eye hurts im writing shit point nothing loose family idc want motherfucking end it end god damn eye pain end constant suffering school anyone tips could end life without anyone close noticing im gone
1	think tonights nightim tired im tired job im tired school im tired alone im tired nothing day nothing fun anymore people used ask wanted life idea anymore maybe never did friends care guess lost years ago quit swim probably biggest mistake life filled them better tried harder better friend fucked up another one failings tried much harder could done much more could much more im even sure im making post know me care last time made post like told cut self pitying arrogance sure expect  pills  mg citalopram here im sure thats enough kill me im also drunk another bottle generic version lamisil here lamisil even real medicine think prescribed fix weird fungal thing toenail would even anything probably not maybe im lucky enough send way maybe ill end psych ward might fun find out funny feel depressed now sad either kinda relieving choice could bottle maybe go somewhere better im sitting staring bottles old swimming trophies ribbons guess thing good at real accomplishment  fucking years talking friend today whos swim meet would give another one would give anything one day high school swim good old days go ruin i miss days never get back i im sorry fucked up fucked badly done better im sure ranting boring point guess ill stop care
1	best friendi want end all know wife kids better financially do life insurance grew without dad feel ok and almost  year old wife thought best friend everything undermine parent time try discipline sons takes wants time try teach something new way always get short end stick love kids want whats best maybe thats gone
0	please check subs rjohncena rpotatosalad trust
1	needed say somethingtheres probably people problems much worse feel incredibly guilty posting feel option left id like put bit backstory things make sense hopefully im diagnosed bpd something like say quite honestly one really knows it  left home parents divorced  jumping houses ate lot coping mechanism put weight result fault entirely one blame that bpd surfaced pleasant person around mother hated thus reasons leaving home father drinking addict thus susceptible angered outbursts hate quite frankly fast forward years shifting sleeping friends beds finally living one rooms grandmothers house dad lives too hes living past years rent free taking total advantage her much money try help form chores taking out offered money various occasions declined decided tonight kick sort self my depression put streets himself threatened believe made worse occasion felt unjustly pointed answered back instead sitting silence made things worse tried explain bpd hes adamant kicking out terrified want end life cannot go back cannot live streets tired burden everyones life everyone ive live with seem feel way cant cant anymore know ill do know im scared crying wish close eyes awaken cant face tomorrow cant see tomorrow anyhow like said im sorry know theres people much worse apologies always told im guilt tripping people probably im now im sorry
0	least painful redflag method need want suffering come it least painful method use thanks advance
0	 followers really many followers
0	half tempted make  teen discord converse children clue run discord though
0	leftists sit alone cafeteria lunch time school im proud leftist voiced hatred donald trump republican party multiple classes feel like classmates ready views like mine anyone else experiences am wish could live state like california texas could around leftists like myself
0	holy shit honkeymommymilkers must rich awards goddamn
1	hello everyone father suffered severe depression aggressive behaviour since father passed away things started get worse worse time time want go specialist get treatment treating family like garbage today told siblings fuck  tired living us un happy  feel bad guilty want feel better everytime try  pushes away hurts lot treats like shit ny father cannot leave way want know do want accept professional help blaming us unhappy also controlling want us social media keeps threatening mom leaving us plays victim everytimei sad depressed seeing family like sad need advicewhat make see faults behave better even go therapy help person depression 
0	hi male  looking meet people hi im kinda lonely would nice meet new people here know probably get attention since internet cares females still try anyways nice mind texting please  oh also live arizona enjoy playing games watching youtube im bit boring bye fellas
0	oki imma sleep gn gn gn gn gn gn gn gn gn gn gn gn gn gn gn gn gn gn gn gn gn gn gn gn gn gn gn gn gn gn gn love lt
0	something clear americans racist trigger happy bad people ive seen alot people thinking memeing lately id like say america isnt actually complete hell hole
0	day two bashing head keyboard by number days die inside gfthyujgtfvsxfrtyhujgtfvrsza
1	talk someonei tried talk someone either ignore tell im trying manipulate them tried get therapy ive waiting list year ive called redflag hotline redflag hotline tell try things bullshit lol nobody gives shit nobody bothered im dead theyll parade around make fault oh shouldve talked me fucking tried nobody listened feel like im screaming im pain everybody walks past cant anymore im scared ill go hell
1	bet someone gives shittoday friend bad day know struggle us heard bit started getting worried texted them time passed got worried messages staying delivered finally called heard voice almost cried im crier meant much hear them know you know story bet theres someone worries you would cry relief hear voice cant promise ill reply comments kind message bottle hope makes least one person needs it
0	got another girls snapchat today sequel httpswwwredditcomrteenagerscommentslnpeti_got_a_girls_snapchat_todayutm_mediumandroid_appamputm_sourceshare talking someone class funny got snap added other really liked memes posted story theyre absolutely funny like them fillerfillerfillerfillerfillerfillerfillerfillerfillerfillerfillerfillerfillerfillerfillerfillerfillerfillerfillerfillerfillerfillerfillerfillerfillerfillerfillerfillerfillerfillerfillerfillerfillerfillerfillerfillerfillerfillerfillerfillerfillerfillerfillerfillerfiller
1	know copemy car broken way psychiatrist needed appointment needed am rang shaking before explained happened receptionist nice asked anyway could reschedule seen later today somehow next appointment next week said unfortunately availability know im going genuinely survive till 
0	anyone want chat f netherlands idk say apart listen lot music
1	hey think im finally readyso anyways sister fucking insane drug fueled bender claims sexually assaulted her guess assume im lying say believe women always like girl seeing since im doomed die alone think im finally ready always thought id need gun actually super easy get lethal dose heroin normal person without history opioid abuse od like  need get certificate anything way way better killing gun also fun less mess anyway heres list reasons absent one family friends significant etc man kill myself  many men engineering politics law running music chess etc literally every interest have theres huge male bias percentage men thats high killing increase percentage women field  recreational sports leagues gender requirements women play many want always many guys leagues sometimes feature girls times drive interest guys teams  everyone prefers company women women want hang women men want hang women one ever says many women here  believe women always rapist therefore deserve public shunning  women want around like want men around women races yoga retreats gyms women screenings wonder women etc yes women may like particular men stick around guys really care competition net overall wanted  theres many dating women overwhelmed messages guys like cares theres one less guy women trouble finding guys want date apparently anyway longer care anything else except this im pretty excited finally die deserve better exes emotional punching bag finally im gonna look me think writing note fun want guilt anyone issue want people happy given reasons listed obvious existence makes people unhappy anyway survivors hope happy really do want nothing happiness everyone friends family exes enemies whatever were monkeys rock kind other something says fuck guy think better move on anyway hope find happiness find someone love care about
1	im starting feel donei really energy write everything out consistently losing since teenager somewhat serious plans end teen im  severely depressed since july  prompted seek help ineffective romantic social life speak of im wasting time college used think would never commit redflag day wears more feel like im reaching sort threshold im still deeply uncomfortable redflag find thinking increasingly want miserable want gay want unsuccessful lonely loser keep thinking maybe one day happy things look bleak now im disappointed way life turned out would ask start enjoying life feel hopeless suggestions welcome anyway disclaimer im currently danger others
0	catching feelings filler filler filler filler
0	huge fan camp kitsch so bad good type viewing however really like film fun factor  believe  innovationbr br the whole thing ring john waters boundlessly enthusiastic superb actors considered direction making slapstick styalised movements billy zane moves incredible expression see scene bus textbook lesson use movement framed unexpected starsbr br you may like film may enjoy it get chance watch it spare time chances end film confused smile face new perspective sense humour big stars highly reccomended
0	finally agree iphone terrible apple  respect customers proved expecting everyone buy chargers headphones separately even lower phone price
1	it turning backi officially going end sad little trainwreck life next friday worked out end
1	hate even finally selfharming years still embarrassing scares ashamed even show even suffer it currently heatwave uk stupidity cannot wear sort short sleeves arms covered old selfharm scars
1	one miss mei never mean anything anyone every time ive tried reach never worked out trash everyone else deserve this
1	third post sorryi sorry feel like commiting redemption posting anonymous feel better receiving anonymous love care internet sorry disappoint go everywhere disappoint say sorry mean hate disappointing disappointing you talk much sorry keep much sorry still figuring out go sleep live disappoint wake another day disappoint people around me say i love you like mean say easy cry disappointed you hate thinking much thinking enough sorry love 
1	know fight back morei sorry internet know take longer diagnosed depression year episodes before medicated lately things good fall back old patterns skip work  days row think might fired good reason tired trying pick up day every day pretending everything fine back mind thought ending all sorry dumping anonymous reader want significant anymore deserves better issues wish best ps sorry bad reading english native language
0	thanksgiving sucks moment aunt makes stuffing dairy even though assured time time didnt dairy ingredients spend rest evening bathroom everyone mad taking long god hate everything
0	sub less active  guess american teens reddit want get healthy amounts sleep cant blame them
0	no cancer no crush say yes no family member die instead really good time playing tennis going sauna dad talking stuff first time long time im happy great happiness feels good
0	piece shit wanted remind piece shit wanted whole world see am thank stopping by
0	series produced probably propitious time following events second world war scale value stands far individuals presumption criticizebr br the timing world wars production  amounting three decades events war permits accurate relating events manner uncoloured residual propaganda slant passage thirty years allows telling backed impressive fascinating panoply individuals involved ranging highest military political figures field soldiers civilians survivors death camps remained bear witness unimaginable inhumanities civilized humans capable approaching well senior years interviewed subjects enough time reflect experiences instances enough time whatever propaganda fervor may affected past receded away leaving memories saw didbr br the information survivors give strikingly reinforced postures expressions display telling part give stories impact names ira eaker adolph galland louis mountbatten albert speer gertrude junge hitlers personal secretary list far long relate br br today within lifetime survivors enormous lesson hideous price political ambition young people chant sort militaristic nationalistic war promotion led ww dvd series discuss ought comprise core mandatory history subject schools lessons bought horrible cost days wasted taken heart see firsthand terrible pricebr br i almost done watching  disk set seen series local tv channel aired  years ago lost none poignancy me indeed become even magnificent chronicle darkest days human timesbr br the highest possible rating seems unworthy applied presentation think value series beyond counting
1	im lost roadbeen struggling lot heavy depression recently lost  family members grandma raised grew since little boy  uncles tia always supportive encouraging ive battling lot health issues well people tell go ahead get life together not havent able properly jump start vehicle get place uncle close kid admire appreciate lot hes always one cool uncles got diagnosed cancer right broke girlfriend said shit shouldnt oh well parents never really there one considered mom dad grandma shes one whod take doctors mexico not im left alone ive dealing horrible suicidal thoughts day actually thinking bout taking xanax not bumping one lil peeps songs another song driving expressway seeing attempt would successful theres nights break crying break pain everything hard really cant control thoughts dont want go psych ward dont help want drug up idk guess overwhelming im constantly throwing up im constantly faking smile faking im ok one loves fucks more year ago people wanted now ones ok though im used it oh well cant wait  another life disaster pandemic doesnt help honestly haha
0	ive thinking now think im pansexual im still figuring tho wanted see guys thought cuz im gonna get support family
0	stunning look ocean life itbr br the goodbr br the camera work absolutely phenomenal every shot done beautifullybr br it interesting seeing different animals could never even imaginedbr br david attenborough perfect narrators voice one could done betterbr br the badbr br there one two different times reference earth  million years old  hold different belief br br overall tv series anyone enjoy highly recommend buying it  stars
1	someone tell whyi wanna know people nasty try talk wanna die threaten call cops excuse cop coming door help way telling care really dont say shut also cant place someone terminal disease cant anymore cant keep fake old smile face anymore
1	leaving people behindi cant talk stuff anywhere may kill get goal weight want live loose skin disgusting want repulsive unlovable covered rashes wrinkles infections want least achieve goal die see need see scale buy gun time worried people upset die love enough want stick around want hurt all sad sure leave note idea plan this feel sad imagine poor niece missing me confused friends mom husband hope cool okay it just case anyone reads this no money surgery yes even another country
1	really know say boyfriend going work hours yet confidence ability keep safe really lacking want bother hes working hard support us alone unsure keep safe
1	help need someone talk topreface im drunk rambling strangers hoping help wife issues focusing around intimacy very long time now going seven years  year relationship used great together sex good life good married still relationship time found cheated times like pussy am kept seeing her eventually got married dec  sometimes happens intimacy fallen point think weve actually sex penetrative  all take  blame here know im testosterone deficient on lower end normal took testosterone therapy helped bit things came along losing job depression etc  sort shut down wife telling years get sex feel appreciated relationship leaving mefinding lover end october started relationship someone else rough month her told relationship person id thought like past emotional infidelities come head last weeks read facebook messages know breach trust dispel thoughts infatuated person correct go details worst ive felt entire life wish could make people understand wife saved life bad place came along pulled stupid ass dump since then able give wants ability show love good enough least her cant anymore seeing someone else killing me point redflag table ive thought quite bit would would easier let go happy someone love and show love back tldr wife stepping probably leave me fault id rather end life fall back old self without her dead inside anyway think need help im dying inside rather deal pain id rather dead real
1	tried making post friends got harassed lot disorderit personality disorder did got called disgusting child alter told im lying making up im crying hate much ive spent life dealing diagnosed disorder got called childish disgusting random girl harassed pm others trying cure dont understand ive spent whole life feeling like freak child alter wanted honest disorder front new friends didnt think id get harassed much really hate feel like freak
0	wish snowed anyway headache everyday normal
1	 monthsthe winters cold dark summer always favorite time year sun never sets summer theres beautiful forested valley close live thats im going june hiking finding tree sit under ill listen music watch midnight sun fall asleep last time time june im distracting watching movies love replaying games meant lot me havent talked friends now hurts thinking them life death two sides coin live means accept death im going station little bit others hope wont hate much it maybe ill see someday im looking forward june month pass makes less scared im sure sharing strangers guess wanted someone know cant wait feel summer breeze again
0	hate one thing pedos everything
1	last tonight im donemy girlfriend broke second time two days ago actually happy last week once school fun well football changed gf meant world incredibly depressed since think im killing somewhere next week cant hold anymore ive going classes ive fighting mom dad last night actually cut wrists still red bleeding dont care anymore im soon again care try convince im wrong dont think can
0	fuck new reddit update reddit crashing fucking time cant shitcomment properly
0	yall love yall love nowhere starting think stuff done past could lot better hating that lifes sure good
1	im  already want end shitim turning  next month another fucking day get great feeling knowing im closer death im another ungrateful asshole lot friends school means nothing wrists legs nothing fucking scars aint deppresants fuckin joke life aint worth living im tired  much life live want bullshit want cold hard painful truth maybe somewhere deep want help want love friendship maybe hell supposed mean something maybe make better made worse hate everything including life nobody cares neither fuck
1	option therehorrible horrible relationship woman even understand hates me live her get hired company works part time itll forever save enough money move out even would never able afford live city starting school septemberor least id like to attend community college around cant live area unless im willing stay relationship makes want drink bleach money family friends could take really help way thats significant real future real drive depressed like actually depressed sad whats point this want go sleep wake problems gone thats going happen stay asleep
1	falsely accused sexual abuse entire life seems ruined even situation died downaround  months ago falsely accused sexual abuse exfriend mine thrown jail  days legal fees get sorted cost well  reason im free man exfriend press charges lawyer excellent job proving allegations false even going far friend admitting false allegations reason im even charges dropped name legally restored completely clean record reputation destroyed news report made day went jail story depicting rapist refuse correct story proven falsely accused charges dropped live relatively small state terms population feel like target back feel like music career opportunities get job attend college even live relatively nice place move ruined know best chance starting new life moving away state starting somewhere new feel like opportunities completely crushed unable find job people seem believe news story legal matters proved innocent honestly id lying say redflag crossed mind numerous times throughout entire thing id also lying sit say want die see way see able live normal life let alone life ive trying work towards long remember ive spending days attempting write anxiety stress blocking creative vision sleeping hours day little motivation get up chain smoking stress away latest hours night isolation friends trying best help this pathway follow one seem relate situation obvious reasons people sit stare shock hear story nothing sympathy agreeing probably start somewhere new sentiments nice still feel alone like people understand im shitty situation in everyone wants feel sorry me everyone looks victim society accepts im done for know anymore want live normal life leave place
0	goodnight everyone hope good day something bad happened sleep off sleep good like dream good things make things target something thought would je wholesome turned waffle anyway love all especially harry idk anyone called harry like whatever night night
1	im actual paini wake every morning wishing wasnt alive another day thing anxieties friends nothing enjoy im depressed im weak actually end it keep going circles want go forest night hang im scared actually going forest night might people around ill scared im sure else do pills take im scared wont fatal make sick im loser wish someone would murder already
0	play game phone get girl game pin hoodie grind lot damn worth it
1	almost everything looking life graduated nurse got hired wonderful facility even passed state board exam impressed boss lady enough get raise already residents already saying love me kicking ass nurse far especially new one lonely bisexual lean towards liking women moresome coworkers suggested dating apps i unfortunately booted grindr stop blowing up handful lukewarmly attractive women swiped right tindr really ugly anything despite great facial bone structure guess virtually worthless eyes fairer sex blast another guy bedroom trashed but want company female guess good enoughi may bi marrying disgusting man ugly ever find wife might well terminate experiment patients get used another nurse probably one six pack abs women hate them want know good firearm end existence is become actual incel would born female sex society actually cares about men worthless one them many people sexes adore me apparently good enough typical woman fun  pack ab packing criminal father deserve familial decency grew with asked this own bye sluts stankyass vaginas crave men barely spell fun welfare forever best handgun quick exit
1	pointlessi dont even know im posting ive already made choice theres watch sealeddoneim waiting children go fathers homes ive pushed far many people meant care havent snapped cant come back nothing here ive punched face alcoholic family member threatened violence rape another beggging help nobody cared happens people make people suffer toxic people protected good ones ignored born ugly break end
0	strange series dean learner really understand guests knew serious whether really unclear becausei guess im stupid know classes spoiler guests real like ali g anything theyre played one man believe love serious look hes got going on like programme sunday morning forget name lol also really like suit moustache thing got going on quite hot hes insensitive one funniest qualities also like way subsections programme makes seem authentic
1	tried every imaginable means get long avail still cannot convince live without life partner every fleeting conversation woman gives hope immediately dashed every time hear people setting up want jump front train even try stay home avoid women much possible leads things remind themthere way this cannot even kill always carrot tomorrow maybe tomorrow meet one deep know hope cannot compete dudes accepted fact never marry
1	im failure family fired job fear girlfriend leave me world disgusting im doneso hello dunno last time using site ever honestly really couldnt care life nothing stupid decisions abuse ive always strived best ive always put others me even hurts me thats way raised love it despise anything like made giant carpet everyone walk over matter hard try stand myself always end thrown even harder eventually stopped really trying stand up would let people whatever go till matter angry frustrated got ive grown used ive become afraid anytype confrontation smoke weed ive terrified tell girlfriend person im supposed trust most makes feel like utter piece shit top accidentally lied big time mini panic attack asked virgin not time started dating girl previous dated small connection current girlfriend panicked said no even though slept ex idea regret fucking much torturing  months things turning around blue got let go job  weeks ago live apartment one roommate enough money pay one month rent ive start selling things ive havnt even told parents yet know make stress even harder never focus anything positive always negative even think trying help lecture im fucked fault somehow head exploding stress anger frustration best never enough love girlfriend anything abosuluty kills tell asks something cant afford take anywhere anything feel horribly pathetic ive hated self entire life  years stuck hell hole ill hopefully free soon planet inhabitants fucked deserve it im disgusted humans done continue other race deserve exist im done now rant over bye tldr family hates me world disgusting girlfriend may leave me lost job fuck existence goodbye sincerely worthless piece trash
0	ladies look cuter wearing mask properly
1	sick thisim sick fucking living like this dad killed may worth anymore one feel empty life going nowhere im tired
0	think josh duhamel great rest show fun watch but think handsome sexy josh duhamel makes show las vegas really fun see days magnum loved tom selleck thought sexiest man face earth hunk television show must order women enjoy watching something especially purposes innocuous entertainment would done anything win date tad hamilton josh duhamel incredible always super crush him josh definitely hunk watch las vegas time josh duhamel big reason too
1	disappoint loser person venting  structure wall texthave never used reddit before honestly dont know anymore highly unlikely anyone see give fuck wanna get shit chest currently student seems like everything going wrong online classes completely screwed clue recover grades used thing even remotely good me problems minuscule compared everyone else im even suicidal wish never existed im lazy fuck zero drive whatsoever get life back together friends nothing genuinely makes happy im even adulthood yet cant even survive full confidence real world im going struggle even more loving family fucking hate myself im disappointment failure sister parents hard working im exact opposite shame eating inside motivation dont care enough fix it hate shit feel like im attention seeker im making mockery people real struggles dont depression want commit redflag wish never born wouldnt disappoint family parents got therapist didnt help slightest cant open people felt bad wasting money theyve done everything im lazy hopeless nothing works point dont believe anything help me going cut here im repeating getting nowhere anyone read whatever fuck wrote hope dont relate way sincerely hope things get better you
0	one favorites betty white leslie neilson sparkle romantic comedy one business executive reevaluates life based expectation death within year playboy tired golddigging young women seeks relationship vital mature woman got silver hair andor romance heart microwave popcorn curl honey prepare treat
1	want screami hate depressive episodes wish could scream throw things cant im silently losing sanity
1	ive accepted itive thoughts redflag since  years old im  really thru much handle mental health dad died mom abandoned  months bounced around different family member homes feeling im good enough one wanted keep me ive gone thru lot dealt lot death always contemplated redflag could never think way actually go it today ive lost hope completely girl told loved wanted foreveri soul mate told today wasnt sure meant it im sick feeling alone one actually cares me many failed relationships mother abandoning ive convinced im unlovable ill alone forever cant that decided today im gonna buy gun week work last shift friday enjoy time friends weekend sunday june rd im going take peaceful place get drugs drink finally shoot head finally end pain cant handle anymore pain constant life long remember im past breaking point thanks giving place put thoughts existence hope go thru
0	funni mean able joke making fun someone something works sometimes comes mean sometimes too do help d
1	cant take iti fucked months ago cant stop thinking it gives anxiety every day know do want kill cant family fucking terrible
0	yo kinda question hey remember cried cat died like yeah dad even though ago still makes kinda sad thank reminding me cat name old cat short catarina
1	girlfriend abused cannot comfort right months still spent time together literally anything birthday ask actually ask ok admitted forgets cannot vent gets overwhelmed dealing much shit feel like one vent to therapist said something really hurt therapy makes feel pained maybe reason need vent people feel validated shit felt like trauma never validated child alone one worst things mei wish someone hold me kiss scars tell protect like one child make enough scars people womt able ignore thinking offing know would tear friends family logically  brain stop feeding thoughts worthless alone am recovery hard one sees read this thank giving shit minute feel free put mind forever knowing life would affected recovery hard one sees you
0	mint choc chip ice cream  httpsformsgleugzjvqhmjeov
0	know closing eyes sleep higher chance fall asleep compared opening eyes thank later
0	would make good boyfriend    really know expecting 
1	im love deathmy girlfriend lets call c c perfect together everything great love other want kids love much problem is liver cancer ive crying past dayssince ive found out transplant lined up problem costs  nobody afford that childrens childrens children would debt currently theyre trying find blood surgery luck blood type ab one rarest bloodtypes course thanks blood type take types blood common ones stupid though looked survival rate transplant five years theres  chance death thats big number cant live without her goes ill polishing gun fuck cancer fuck everything need baby have whats kept breathing eating loving cant take anymore ill sell kidneys arms legs brain eyes ears anything long lives hell ill even give liver need her doctor gave  months live thats long time cant take it feel like water lungs cant take anymore
0	school killing im frustrated ever since school solely online ive struggling struggling im enrolled several advanced classes teachers seem care mental health homelife situations cant understand anything theyre teaching everything seems overwhelming point break panic cant focus almost impossible much better work school help right fingertips cant get here cant get help inside room theres much disposal room supposed escape relax life im longer allowed luxury  missing assignments theyre going stack here cant focus im exhausted trying hardest getting return bad grade ive given up hard focus teachers unforgiving im barely bare minimum waking eating constantly feels like theres much going nothing happening get offtrack get distracted reward break half assignment wish could focus work cant cant im tired man cant home im always alone here one cant learn anyone help group chats exchanging answers papers enough me wanna learn cant here
0	lloyd hamilton one imaginative and among funniest silentfilm comedians utterly forgotten unfortunately original negatives large percentage films lost fox warehouse burnt early s hamilton handsome graceful like chaplin keaton lloyd dapper like raymond griffith unlike harry langdon again chaplin hamilton try audience sympathybr br however films hugely popular time original release remain hilarious today oscar levant claimed asked chaplin comedian hed ever envied chaplin instantly named lloyd hamilton character frequently portrayed hamilton screen  flatcapped naff fastidious hand gestures ducklike walk  later adapted vaudeville comedian eddie garr teri garrs father adapted jackie gleason s tv character the poor soulbr br the movies directed pseudonymously roscoe arbuckle one hamiltons innovative shorts hilarious first see country boy bidding farewell family outside homespun cottage way big city steps away cottage see big city traffic booming round himbr br eventually hero ends restaurant uncredited montmartre cafe downtown la movie actors eat takes theres amusing gag hamiltons bumpkin character meets three actors costume makeup presidents washington lincoln roosevelt gag would funnier impostors looked like originals finally lad seats table hoping meet celebrity sure enough entering restaurant sitting next table big movie star  none lloyd hamilton theres wellmade doubleexposure shot  join nearly invisible  lloyd hamilton greets lloyd hamilton country boybr br sadly hamiltons peak period creativity brief began film career crude slapstick films one half double act ham bud opposite bud duncan brief blazing period stardom shorts late silent period sound movies kind hamilton quickly shoved cast list crude early talkies died young fortunately the movies quite funny splendid introduction unique comedians style ill rate  
0	answer riddle may win fiddle call homosexual man stays night sleeps day
0	another one films remember staying late watch tv scaring crap impressionable age  dooming thereafter life horror movie obsession great movie stands living proof indeed realistic effects cgibr br set isolated base antarctica version seems almost pick original version the thing another world left off american scientists discover decimated norwegian base miles distant everyone dead half charred remains unidentifiable thing left smolder outside compound might offer answers may happened thing brought back american base and late scientists realize alive lethal thing thaws off killing anyone anything crosses path also absorbing them making whoever whatever wants film turns brilliant paranoia piece everyone suspect anyone thing one trusts anyone anymore gone strength security found human beings band together spite differences battle monster group splinters fear rules supreme thingbr br the gore effects absolutely amazing messily realistic could done without dogs head splitting open like banana peel thats animal lover picky kill humans want leave kitties puppies alone sanity reason disintegrate rapidly as one one humans taken shapeshifting alien power film lies paranoia although liked original version prefer one real threat lies within scarier fact cannot seen easily detected forced hiding wrath huge results horrificbr br this one carpenters best films right fog halloween actors give strong realistic performances special effects powerful stand main character film something lover horror genre miss it
1	ii wish way want get better myself think want to well know regret telling anyone ive felt assume know ive gotten help means ill magically recover help ive gotten seems useless know without depression though scares me remember time without hard imagine one future seem go day without suicidal thoughts thoughts harming myself feel like im empty shell person itd easier anymore
1	think timemaybe blow popsicle stand
0	whats favorite fruit id probably go watermelon lychee tbh favourite fruit
0	highstandard columbo story actually first filmed episode longrunning series originally transmitted second after murder bookbr br robert culp makes first three appearances guest murderer series plays owner private detective agency blackmails wife patricia crowley rich highly influential businessman played sympathetically ray milland falsifies report favour discovered affair wife later rebels blackmail scheme killed fit ragebr br a satisfying episode many respects particularly plot strongly setup subsequently developed also rare columbo ingredient crime unpremeditated killing whole thing enhanced widowed husband uses murderer assist columbo investigations feature facilitates numerous good quality scenes particularly first sequence three central characters meet columbos crucially deceptive qualities wonderfully evidencebr br directed flair bernard l kowalski acted appropriately high level really set tone whole series since murder book let poor ending script columbo creators richard levinson william link precise wellstructured wellthoughtout underpinned steady productive pace meaningful sequences really exhibit unpredictability story ultimately finale fittingly epitomises columbo always one step ahead murdererbr br overall fine piece detective work columbo strongly suggests production team worked notredflagly constructively render polished columbo story
0	fortnite sex minecraft sex im trying pick career pursue cant seem choose
0	bourne ultimatum  jason bourne matt damon best role ever newest spy kid block brings quest identity close also seeks end cias latest program blackbriar make super assassins like himselfbr br i psyched one watched predecessors yesterday today identity brilliant recall supremacy remains weak but still enjoyable link chain weakest plot and aside car chase films chase easily tops slight lacking action suspensebr br hoo boy ultimatum suspense even know bourne escape authorities and boy films spotlight police inept still brilliant watching it mindboggling think two guys handguns mopeds create x suspense anything  million giant robots transformersbr br chalk paul greengrass idiosyncratic style shooting stedicam la documentary even though hes filming characters far ordinary places like cia headquarters one within  miles would allowed camcorder seemed listen various complaints supremacy action ultimatum nothing less aweinspiring various implements used weapons candlestick hardcover book ill never look way again electric fan dont ask music also helped generate much suspense hardly ever moment nailbite overbr br the acting good evolution julia stiles character nicky put situation new highly sympathetic light damon plays signature role reserve competency which sounds minor genuinely looks like matt damon could evade cia interpol something noticeable moments poignancy still struggles find humanity longing real life could get boring almost supremacy works better ultimatum better script br br i reminded scene goldeneye the good pierce brosnan bond film sean beans character asks james martinis ever silence screams men hes killed bourne regrets people killed considers or least made consider meaning action without purpose life without meaning government transformed men resources albeit resources know krav maga make weapons anythingbr br sidenote always bothered that despite superspy hunted cia interpol police nearly anywhere goes bourne never thought make even smallest attempts disguise features forge new passports sunglasses maybe br br if pulse love action movies bourne ultimatum you hell probably best action film come year course fool see without watching others first kind drags touch near end almost feel tempted overlook that first  movie summer least match exceed original saying somethingbr br a
0	hate people racist hate racism hating people wrong opinions help anyone push corner make extreme try get people racist hate nice people disagree withfundamentally cause become deviant make harder confince racist also dislike people putting high emphasis using n word except parents idols instead focusing irrelevancies words focus taking action racist n word nice word id rather called ten times n beaten feel many people put great emphasis using n word would step  call police see black person beaten
0	night  preparing surprise test made specially lower grades found teacher wants lower grades theres going test take weak points little know im smartest yet dumbest person class time play minds game already figured test last class friday due last class day
0	desperate  getting life back track hi kind people recently leave school handle load things home making everything worse family sorely depended father everything financially parts africa kids raised investments theres mental health available teenagers long time ive depression anxiety panick attacks first know happening googling symptoms seeing professionals confirmed assumption tried self care thinking positively generally trying make moment better yesterday dad recently released work due downsizing weve drastically change lifestyle first born blamed everything goes wrong house surprise got blamed dad getting fired since day worse before unable cope school failed subjects im extremely introverted person hard share anything life anyone kicked home dreams shattered idk do covid pandemic creating graphic designs clients would go local cyber use phone which old slow work im doing im asking kind souls kindly assist raising money getting laptop i found hp elitebook around  avid graphic designer upcoming programmer mainly works phone hard cant share email according rules anyone willing help dm ill provide email tldr got kicked out depends phone source generating income kindly asking kind souls help fellow redditor raise around 
1	forcing live exhaustingthe question used will commit redflag matter when im exhausting physically mentally wish could stay alive think life experiences comes beautiful cant live way want keep trying wish hope hold onto everywhere look seem anything there
1	fuck everything everything goes wrong many problems cannot solve everytime fucks shit cannot nice life nobody cares anyway glad finally cut veins bleed death goodbye need stop postponing today day finally leave
1	im tiredwhy isnt ok end suffering wish balls now
0	mom doesnt believe adhd wont even let get diagnosed get medication shes gonna one crying grades trash im literally online schooling cant focus smh
0	irish people come ye black tans cone put fight men like man yanks wondering irish people hate black tan people much
1	think killed im waiting one three things happen   something makes care life again  alcohol shuts organs  feel brave enough buy gunas title says im waiting one three outcomes way ive able justify im even still  able end now ive hesitation im waiting long bear see something make care life again time running short part feel it ill address thing im waiting  something makes care life im antidepressants im seeing therapist psychiatrist called redflag hotline nights hard time getting through ive told close friends condition including suicidal thoughts theyre aware serious concerned as much  problems  single mother stressful job moving  starting new life getting married etc ive reached much far know im just waiting something click something make emotionless robot like to feel alive  alcohol shuts organs depression alcohols best friend obviously ive indulged continue drink heavily see point stopping alcohol wakes gives energy things like laundry dishes night otherwise stare wall sober brick fantasize redflag chores need willpower do numbs pain selfmedication quickly stops feeling lethargic useful tool get night course severely toxic destroying body quickly depression makes care currently  feel brave enough buy gun im picky choice redflag method im allergic pain knives out im afraid overdosing pills case wrong end coma something understand chemistry im afraid jumping roof since might land wrong survive pretty much gun option one might expect point know much buying guns part want learn last shred survival instinct thats keeping alive want wander road live america im risk usual decide go store try yeah waiting periods background checks im confident id fail those  basically im waiting im living whats left life going work obligation paying bills im really robot robot desire shut down must wait command master master conflicted stay way forever im sure im looking post just stating feel
1	high blood pressure makes want kill myselfi outlined im feeling bad here httpswwwredditcomrselfcommentsibi_hate_summer_days_its_hot_im_in_pain_and_i_want since made post im feeling worse allergies high blood pressure making awake suffering like every day summer keep coughing time feels like something might pop head want sleep body let me every time go doctors theyre fucking clueless too cant figure spiking meds work right type this body feels stiff hands shaking sucks makes want kill myself worst part cant talk anyone nobody cares enough respond back try telling them
1	need help deal suicidal thoughtsso im always hyper sensitive guy always deal sensibility closing everyone ultil meet girl see opportunity trust  years later history became history intense abuse cheating violence pretty much like mother sometimes love heart sometimes hate intensity one never see hate come one word one behavior tolerate this timeline lost gramma mother like family person sometimes understand me moments beautiful moments se purpose life im easy person adhd depression abuses became alcohool adict fact never hate dont even know hate someone hurt someone purpose tenth time dumped crisis pass like  days taking care sexuals issues talking showing hurting herself  days birthday lot alcohool cant face hate start scream her got away block phone ims stuff find sttrugling lot classical suicidal thoughts dont even know do im  days without sleep right eat finding motive end all
0	anybody feel like prettynice girls taken would never you lately ive seeing girl work with really cute super nice found boyfriend also really prettynice girl school chill class boyfriend also rest girls would interested in could tell interested me anybody else feel straight hopeless
1	dont think im going survive im staring void ive tried everything medication therapy exercise whatever bullshit apparently makes feel better hate christmas moms favorite everytime think spending another holiday alone sink want take drugs escape hospitals dont help tell redflag bad fucking joke life fucking joke ive read note im leaving behind ober again want send get with
0	ayy got citizenship new county project well hopefully goes well looks cool
0	brilliant film great john waters characters unforgettable acting script camerawork enhance overall greatness film perversion artform must see all easily perfect 
0	sort comments controversial new update cant sort comment controversiali think can tell how thats best part reddit wtf reddit thinking
0	live society mitochondria powerhouse cell
1	waste oxygento anyone reads this im sorry bother ive crying last half hour maybe share able finally fall asleep feel like depression getting worse dont really understand why world becomes grey mass care less less anything everything loses meaning me hard see even subconsciousness preparing die idk reverse dont want like know continues redflag eventually thats left nothing worth living for meds dont seem desired effect occasionally help care much much everything sucks despise people find needing dont want need anyone even stopped caring people actually love stopped fighting whats important me stopped wishes expectations existing living thats waste oxygen earth might desperately need
1	approaching end line longish texthello let preface saying english first language due length text proofread it sorry fragmented text also im really planing commit redflag immediate future although designated end line me im entirely sure feel need write years beeing miserable suppose theres number reasons stopping procrastinating sharing people might driving force behind desire one hand want present relevant aspects story hand want identity known ill vague regards  summary current circumstances im western european male late s late  graduated university masters degree computer science since hold average paying software engineering live small appartment siblings pets car  situation face mother could love go details since would probably enough identify would take k fix worst problems nose ears would probably make roughly plain facewise actually look attractive would need least k more since im also pretty short man  inches average country plain probably cut it since social sexual experience even might enough point known im ugly since   become ugly earlier took years realize lost friends got zero interest girls childhood actually quite ok lot friends even girlfriends since struggled accept reality way procrastinator sense people procrastinate postponing task piece work postponing final conclusion decade years running red numbers cant recall day worth living true better others never close good enough measure days happy good managed suppress fact unhappy given day justified living days borrowing future happiness would tell could endure suffering long payout somewhere line never really specified payout would happen long somewhat reasonable excuse keep waiting willing keep hanging there initially waiting turn  finish school start university finish bachelors degree finish masters degree get job cant make milestones yeah could get phd sure could save countless years start financing house cant bring believe anymore im getting younger already spent half life alone lonely cant go chasing next elusive milestone anymore many people desire nothing fact born better genetics invested much effort help all know attractive people study studying consisted  actual studying  depressed stupor took much effort still achieve results got im empty cant keep it recently noticed get less less work done ad work boss notice far tell drags even more work ethic one things really proud working summerjobs  years ago also become increasingly frustrated fact pay huge percentage income taxes mandatory health care etc hardly save couple hundreds month even living extremly frugal hardly benefit either bet people get government hand outs health care andor average way happier lives me therapy antidepressants  years neither really helped besides gained weight became lethargic ssri see point trying either again  dating tried asking female acquittances fellow students out  rejection rate tried online dating joke made account dating websites like plentyoffish okcupid hardly ever got message return never got date matters doubt woman would want stay getting look face real life made tinder account swiped right everyone till matches run out hundreds women several days got one single match bot  outlook next summer ill saved enough money first big surgery the complicated rhinoplasty hopefully ear surgery latter depend whether get loan raise additional money ill likely pay high interest winwin situation me works mind slightest paying loan worry anyway plan clear somehow make till next summer hard confident wait one year get surgery give dating one try turns physical change severe enough andor personality already damaged beyond repair end life promise follow that thats colateral one year borrowed time given detailed thought it recently atheroma maybe quarter inch diameter leg cut away sharp knife without anesthesia unpleasant and bled lot till taped it im confident withstand pain handsonapproach comfortable methods available me ill go sleep soon might reread tomorrow add important information slipped mind today
0	read read written brief ampxb do read  ampxb you ampxb lot know  ampxb really ampxb read lot like say read read lot ampxb read daily  ampxb comprehend  ampxb intelligence brief ampxb extraordinarily well probably better anybody interviewed long time read lot ampxb idk found funny
1	getting fucking worsename love much hope know this know rough been future ive messed irreparably recently life please know everything me youre reason got experience lot life deserved even though youve already done much me ask things please im life support let linger know hard know heart right choice please sign dnr please let go worth this anything anything feel promise regret knowing made feel way just best it worth it swear promise much happier without me please make sure pets okay need go vet didnt accomplish this please keep touch family please study much become marine biologist excuse me aquatic biologist know hate salt water please move apartment please dont sad wasnt meant world know disagree statement know sad please know im finally gonna okay anti depressants dont work stupid therapy guilt hopelessness please dont feel anything wrong nothing but called me angel savior please find love again please important wish good husband spread love someone else love much im so sorry know hurt ultimately see best promise im worth tears maybe kids sabotaged dreams person promised would be really sorry hope day future youll forgive me names im worth it
0	insults better proper english shall insult proper fine victorian english thine cunt rancid smell rotten egg
0	it came bisexual parents today 
0	want disappear id bored know id back  minutes later 
1	try kill real according cruel ultimatumi mean yeah like heavily depends future look like anyways whether not know follow ultimatum still shit might hit fan yeah guess ill happen i hope course
0	top  lesbian films library must rate one number one film times film go history best genre story girl rachael stirling goes riches rags rags riches first love keeley hawes popping life set victorian background s makes ideal setting best entertainment industry film spared expense music costumes makeup rachael keeley wore stage halls added films diversitybr br no matter kind films favor guarantee film amaze you keep attention three episodes film played enjoyed decades come unrated dvd collectors version must anyones library rachael stirling keeley hawes best choice casting two roles played extremely well
1	im killing tonight hairlossim  im balding hard gf starting notice it im sure gonna leave guy hair love life theres still hope cure im leaving
0	parodies star wars ive seen probably funniest premise star wars simple electronics instead spaceships poorly acted is purposely overacted makes hilarious since everyone knows purposely overacted one complains special effects also purposely awful be include toaster visible string shoots toast egg beater string short funny fan star wars which im not anyone  minutes kill great short br br my rating    mins rated
0	cut finger chefs knife ow filler filler filler
1	hurts physically one still takes seriously  it hurts chest hurts physically im sick living like this im wreck wish pain could end all im sick living like every single day would anything pain end beg help one sees it dad destroyed eyes look away havent found enjoyment life years want enjoy it even day
0	ever watched popularmmos younger please read pats girlfriend eleni literally using views popularity links here httpswwwyoutubecomwatchvsppvsyckqyhttpswwwyoutubecomwatchvsppvsyckqy please go give love really looks hes going lot
1	since nobody talk might well talk myself wanted family failed like everything else ive attempted life failure failure tragedy tragedy disappointment disappointment havent looked mirror days genuinely hate myself hate am hate getting help l ruined life haileys life hate im going everyday see beautiful daughter doesnt matter meds doctors put on im sick im unfixable im broken amount sadness depression medicated cant talked professional ive held onto feelings long became part am dont want leave world want family want see daughter get school bus first day school want see siblings graduate high school want see friends succeed live life instead existing realized things done without here dont want anyone sad go want people happy want people relieved im cancer everyone meet dont even realize damage create done im tired burden everyone im tired disappointing everyone im tired know everyone tired too wouldnt call death redflag thats harsh word sacrifice peace something never able provide anyone ever life hailey always love you nothing good me please dont let death upset you time together best years life worst you im sorry everything put through daughter dont want go daddy really sick im going get better dont want growing hating sickness also dont want hate took out im lot pain pain going grow get older born made goal everyday night you thats longer option spirit everywhere go daddy always there parents im sorry underachieving son wanted friends lot come gone lot us grew apart im sorry guys go im pain boys laugh joke long eventually feel feelings couldnt asked better friends guys ive slept houses times rough ill always appreciate yall want everyone happy please dont mad please dont sad happy im something right once
1	girlfriend hiding redflag attempthello all first off thank help community so gf early s lately case blues despite worries assured fine hindsight lot warning signs overly apologetic blaming many things tried get call professional resisted last week confided got really sick drinking assured things peaked felt better less spiteful herself got hill speak ive kept eye spent much time can yesterday found friend actually trying die night actually admitted publicly fact alternate social media accounts brought yet feel like ive probably making things unintentionally worse lately overly available vocal coming problems however brought either sitting together browsing account quickly scrolled post recognized see general communicative feelings im worried confused next let know knowwhat else do
1	im gonna kill tonightim done feeling pain world collapsing dreams dying family members dying im debt lost car lost job goodbye world
0	entire family enjoyed film including  small children great values without sex violence drugs nudity profanity also zillion dollar special effects added try misdirect viewers poorly written storyline simple little family fun movie especially like songs movie got hear portion songs  mostly end credits would love buy sound track cd movie th bill hillman movie guidelines mentioned above movies want kids watch hillman fella risk rating love movies
0	guy skirt every single post right like damn
0	think im officially friendless now im glad two days ago friday hanging friends which nothing common with pretty much told move on think fact told parents want meet finally got fuck off btw idea flare this
1	anyone else deadlineif so made pick one expecting time something could make change mind mine somwhere  before sometimes think son it part would love take care but problems would still existing good sad know ill miss guess things happened way
0	day great boom crisp water
0	asphalt  recruitments hello looking anyone join club asphalt  requirements although ask kind respectful club name godspeed club id faca
0	know triggered huge influx people asking crushes out im happy all may days come filled happiness ill join ranks non single eventually brethren
1	got broken  year relationship feeling greatest first time posting
1	addiction broke another relationshipi love girldamn amazing first time someone made feel like truly didnt need drugs ended telling addiction wanted get better didnt take well dont blame her first time addiction cut relationship quite time depressed addicted drugs always believed least valueim ugly im funny try care people animals im loving partner relationshipsim always trying make people feel good themselves always thought worth even small past months dont believe anymore im finally worthlessmy addiction robbed everything hadeverything family doesnt like memy exes hate me friends avoid me even sister spent whole life trying take care of see loserits week since talked me even looked face job anymore failing college im fat depressed maniac disappear days end mom feels sad me used little bright boy today literally hear mom getting face yelling coward liar druggie one people left still tried help me run peoplei friends anymore one  cant near me cant help anymore think im getting end linethere nothing left thats it wasted whole lifeeverything mom build me everything people invested gone im nothingim worthless actionsim suffering consequences shitty person was
1	knowive feeling really bad lately go college know feel like im wasting time money enjoy art sometimes im always unmotivated classmates come great things feel like im good enough keep making mistakes end hurting people myself feel like nuisance also job anxiety lots times people come feel like im gonna cry keep panic attacks middle night feel like person want talk even want talk me keep thoughts end honestly cant picture going life planning weekend mom goes town sisters gone
1	im bored balls tiredlife fucking boring tbh enjoy first  years life constant hell school college working boring job   making enough want life maybe rich could enjoy life way always wanted to right constant rat race probably always be
0	bestie crush me hey yall really friendzoning cuz mean im friendzoning someone feel like bad person now lemme explain whats happening bestie pansexual really dont know identify as  years ago known half year said love me loved way told her thought fine that weve still close that now  days ago said still crush me feel like fucking bad person now cuz like fault sth still want friends her like need her lot technically friendzoning kinda selfish me
0	well life gives lemons  vine remix httpswwwyoutubecomwatchvivaktttsihttpswwwyoutubecomwatchvivaktttsi
0	weve done boys tiktok tiktok illegal download us sweet victory
1	really hard aloneim gonna feel alone feel really alone world really hard describe people think anyone really understand know talk to want feel like someones im gonna anyone really gonna suck im gonna pretend im gonna pretend someone me ive going really hard time last week know ive really emotional ive feeling like im disconnected everybody way nobody understands im alone
0	seen movie  years old   years ago  never forgot movie deeply touched moved brave little boy beautiful eagle believe turned eagle everyone theater thought going diebr br my sister movie asked recently remembered movie saw boy eagle said remembered like saw yesterday mebr br this movie must see br br you never forget  like sister me
0	hell yeah im cutting fuck yes cant wait bleed haha gonna fun stuff still sit around know one really cares me yeaaaahhh fuck fuck wanna cut wanna die badly dont like really dont fuck idc im gonna cut
0	godammit
1	truthi put long want know story is it youll first person wont lie  tbh still lied things hate most  dont know hell someone someday starting age  became depressed wasnt bad age  became suicidal attempting take life surviving attempt due hook holding rope breaking guess got lucky childhood great compared others utter shite compared well werent poor pretty much anything could want issue wanted proper family anything marriage hardly something would call functional domestic issues home life wasnt best times isnt something dwell on doesnt affect dont care affects day walked house age like  somewhere find mother trying kill herself blood everywhere day never looked hate fact cant understand something thing years later school life never best known people popular kind existed slightly interesting person small group close friends  people rather large group people placed in never cared appearance school really didnt give shit relationship that came later sad time everything life seemed wrong time realised talent literally nothing know of barely got good grades school straight cs average you probably tell quality writing part large nerd call skype played games chatted night life since  however around time started working less pleasant characters shall say took dark places witnessed things wish could forget one topic net dive fear bringing bad memories finishing th form high school top grades ready university also ready die mind back  thing stopping me needed me girl cheated bf me said left me tell next day forget fucking girl looked eyes lied said love you girl fucking took hospital tried take life fucking girl held arms drifted conciseness taxi bled neck fucking girl many things cannot even begin talk them girl much would think insane hell people do person one still care anyone gone decided week tried kill much handle girl told stay away from played mind feelings damn way write christmas day im worried next days come ive realised want thats thing tried month ago two years ago ive posted ended hospital nearly every post wish anyone contact police bullshit run you would put danger myself post asking even live for nothing one hold dear world would miss month two name would fade
0	day  nnn overall went pretty well cousins house chilling whole day  done  go
0	wanna make money fucking choices people speak dont think adult bad cant worse things tbh cant wait whatever shit want doill still make sure make sense lol cant rn know im  parents control
0	type cute think im cute wish return monke
1	friend posted stopped replying methey posted  days ago find way contact found phone number theyre florida phone keeps ringing idk
1	legitimate reason tonobody actually knows gives shit me family dont want speak friends almost completely abandoned dont want deal fair enough ampxb legit reason stuff couple packets paracetamol throat maybe probably wont work guess ampxb dont know even then night two hospital temporary escape life guess
0	help  need money  im old enough ask money actual help communities work since partially fault still school around february fundraiser key club donate money fund clubs service events selling chocolate  bars  each left desk kid stole  bars gave away fault trusting high school kids mature enough steal fundraiser figured offered pay well gave  bill promised pay rest later corona break came school hes since blocked every social media owe  club community service would ask parents feel bad asking pay mistake made theyre struggling buy groceries dont want donate thats totally okay leave tips make money quick easy thatd great also trying get job almost  years now nobody wants hire teenager without work experience cant get experience without job hope trust scam absolute truth thank you
1	nah redeeming qualities know posted looking votes shit something wrong me aware age friends matter effort matter notting doomed untill keel shit person
1	downward spiral wish school psychologist would notice could doas many know millions quarintine moment many students stuck online work extreme social anxiety anxiety general topped depression nothing special case year started new school tried normal student inevitably ended eating every lunch schools psychologist office just like old school nice understanding ive opened lot her always tried miss school absent would feel awful mornings wanting go whats point literally one waiting me even teachers would notice absence time went would backtracked owed work would overwhelm make worse fast forward now were stuck home wanted right spiraled much know do alone times helping all least school could see different faces talk would moments enjoyed for depressed nothing new would frequently go psychologists office cry understand depressed live parents theyre another country live family friend im way overdue bunch online work im borderline failing school ends june know do whenever try work get headaches want cry never get anything done ive sent countless apology emails teachers makes feel worse sending emails psychologist trying keep hopeful guess feel joy anything loved draw ive completely stopped see anything else tried convince today sent hopeless email yesterday try think graduating couple weeks left give motivation all graduate feel endlessly hopeless border taking life weeks ago anxiety medication aunt visiting thought trying get addicted took bottle away after woke pm day point being ive close im sorry im rambling think psychologist thinks id seriously something like that even though ive told wish would get way car way home wondering tell seriously ive thinking suicidal thoughts would would try sending crisis center or something like that want depressed anymore want want risk sent crisis center pandemic going around especially since im one top affected states  pills left aunt left theyre sedatives doctor given higher dosage mg one pill counts two ive heard pass away sleep either way wish know would
1	gotten worsei posted half year ago breakdown unfortunately things gotten much better motivation anything learn work out socialize last week even interfered job putting brink getting fired year ago thought wow ever got fired job id probably kill myself real talents nothing praised for im  still know drive im motivated enough ive started going doctor issues im antidepressants seem harm good id give anything kind motivation anything hell cant even kill right eat whatever hell want hope kills faster im sorry comes scattered ive recovered fever im extremely sleep deprived mind last days ive sick bed cant stand anymore
1	live  years oldso tired every morning woke up another meaningless horrified day life eyes glazed emotions it sit look around meaning life exist room neither world one waiting path front one grate warmly want go home one know land bare foot rest shall find place inflict pains me hate people around me hate people better life hate people suffering cant good life there nothing wrong world one wrong you shout back give birth me shouted loud echo woke up dream wish die age  even one second delay set reminder count days hope find peace
1	borderline personality disorder lot trauma past big disappointment girl told this last ride enjoy till ends want feel end lot oxycodone right now either night another one  ends wanted tell someone serious seek attention want someone know this want kill still gf ends now ends 
1	puppy dying ii know say ive raised special needs puppy day born weekend took turn worse vet today sent emergency veterinary college state took three hours lot false promises said accepting would thousands dollars told morning ive sold camper took loan car put downpayment surgery want even tomorrow treat her release balance even could get gas drive three hours back college cant even end depression social anxiety made shit life social media nobody small circle help gofundme tried desperation gone nowhere cant get word out im money food hope world two years ago lost person dearest redflag teetering line deciding follow now hope tether world brief time beside worthless powerless save her im broke ridiculous piece shit dead end shit job alone lonely ive dealt enough failing someone dear dependent greatly probably losing great beyond last straw theres hope kindness charity warmess world cold unfeeling money grubbing kill her ive lost everyone time ill join love sweet eternal silence leave dirty greedy world behind sometimes okay sometimes decision have good luck fellow travelers
1	gonna commit redflag homeworki like homework however country mandatory options
0	norma spent s playing beautiful ingenues first talkie cast brassy showgirl the trial mary dugan came flying colours sweet lovely ingenues cast aside sizzled parts cast sophisticated women world society girls thrills let us gay made released the divorce unusual twist upper crust dramas shearer made ownbr br norma first appears without makeup frumpish kitty brown whos main purpose life pander unappreciative husband bob rod la rocque hurrying get golf game  reality going see mistress helen mistress comes house showdown kitty faces situation civility behind closed doors mass emotions bob leaves goodbr br three years later mrs courtland brown kitty comes stay house guest eccentric mrs bouccicoult bouccymarie dressler kitty knockout bouccy job her wants kitty romance house guest turn romancing granddaughter diane beautiful sally eilers shock horror  man none bob ex husband kitty carries meeting sophistication witty repartee  there seems something strangely familiar man  one wiserbr br the film settles one early talkie boring drawing room comedies kitty casts spell men bob desperate start again women strong roles film  men puppets raymond hackett seems film extra butler  pass cushion get drink move chair instead dianes harassed fianc norma shearer course whole show marie dressler adds bouccy list eccentric portrayals sally eilers real eyeful gorgeous diane
0	hey anyone wanna talkchatdo anything idc im bored wanna talk random strangers feel free dm stalk profile make sure find post kinda thing lot
0	notice senpaiii huge crush awesome girl met discord nothing realistic  unbelievably awesome wanna bad know happen ever always feel excited texts worried might upset annoy maybe im also spamming lil bit im insecure one real crush nothing like it way intense im thinking literally time things could if need advice want get even depressed everything sux
0	reached maximum boredom cant seem find entertainment anyone wanna talk m hmmmm like video games vr youtube twitch dog otamatone lounging bored looking things cant buy thinking attempting buy realizing im lazy um hmmm talking discords fun too
1	im nothing waste lifei give up supposed good things supposed person end body broken want die right now
0	greet tomorrow finally going back college break im gonna see partner tomorrow greet them  hand red bull say angel like needs wings  normal tackle hugs i wanna know shitty pickup line good idea not love caffeine
0	disappointing part  kinda wondered even bother next karate kid could see saga continue still enjoyed next karate kid second third karate kid movies unrealistic moments situations enjoyable story catchy warm onebr br hilary swank girl come far what plays rebel girl lost parents car accident miaugi sort babysits per say notices karate skills offers lessons becomes serious life course boy likes mean bullies pretty similar first karate kid would recommend one think pleasantly surprisedbr br 
0	ive ever wanted friend properly talk cares me would anyone want type friend friends old friends started hanging mean person shoves ground thrashes everyday never gets trouble taken care teachers laugh nice ones stick mean ones im lonely gorilla like used be always be want friend actually talk to wants friend
0	anyone explain spent whole year learning write fancy like get american education system obsolete fuck cmon ever time child needed whole year learn write signature cursive dumb shit makes sense apart public education ridiculous
1	update supposed nowabout month ago posted wanting commit redflag and well did drank bottle peroxide threw bunch went er im college student missed half semester came back proceeded skip two weeks worth classes depressed face world now ill probably fail out im still beyond depressed medicated least hide home every day cant homework cant focus anything except silent hill which beaten three times point cannot connect people family anyone really think redflag almost daily days better others horrible experience hospital want go back im terrified dying know would mess offing myself see work depression enough get place okay
1	crazy believing bad dreamim  hate alive deserve die need die brain like mine ever exist everyone hates me everyone sees knows fucked am many falls concussions kid maybe thats mind twisted sick joke nightmare maybe kill ill wake happy ive started cutting helped while much anymore maybe need cut deeper nothing feels real feels floaty blurry like dream fake even asking all im sorry
1	feel lonelymy girlfriend left someone else ever since ive felt worst ever wanna die get rid pain unlovablei want loved miss hasnt even given second thought wish didnt exist im mistake ive started planning redflag dont think future anymore wanna talk something dm ill give discord something dont want alone right
0	omg guys serious dropped buttered crackers 
0	m need freinds play pls  hey im m need friends play valorantamong usminecraft java edition withi would prefer girls since friends guys plus guy friends kinda assholes tbh im kinda lonely bit sad im posting hit private chat reddit youre interested
1	ways kill myselfive anyone says anything ive trying better long time theres literally point someone please help tell please
0	little virusrelated calculation seeing meme killing  thousand people would planting  million trees asked sister pull number covid deaths worldwide google  million stick simple formula get number trees covid saved  million trees ill leave guys figure moral compasses
1	really need someone help mei past point ever feeling happy again  years old cosmetology school live own feel ive anyone age shouldve  lost dad gunshot wound latin kings milwaukee never got dad life mom never really step dad doesnt really talk ever never really friends growing up one close friend slowly growing apart even best friends  years raped  guy really trusted relationship now really took beating self worth esteem stuck abusive relationship  forced isolate myself starve myself beat me raped convinced im worth nothing get trouble killing friends family would make suffer selfharmed since  feel show people little think cry help mom denies problems refuses let get help expensive step dad owns company makes  figures everything parents literally issue money put hospital taken lorazapam put insurance hospital bills folder put room remind much problems cost them cannot control anger temper im upset nothing stop me dont know make stop literally cannot trust another human being struggle money problems live dont like asking parents money make big deal know continue living seeing find enjoyment anything life anymore know life good im denying im fortunate im thankful cant cope problems inside head cannot keep good relationship anyone problems scare everyone away people want deal me ive told feel misunderstood life feel trapped inside head feel alone well feel like im never good enough anyone around constantly remind much burden am constantly alone roommate never here cant go lot get early everyday school struggling depression anxiety since  ive recently struggling anorexia bulimia dont drive eat someone please talk me friend help find way get help anything contemplate redflag daily feel close making end seeing way cope 
0	interesting usual porn movie fantasy adventurethe production values high acting isbelieve not pretty goodespecially jenna jamesonits also widescreen helpsit gives feeling real motion picture porn moviebutof course porn really good one nice costumesfine atmosphere sceneryand waythe sex hotbr br watch one
1	exhausted helplessim living dads old house empty earthquake damaged zone shouldnt moved mother kicked toxic verbally abused told kill worthless million times week ago tried kill ex boyfriend lives overseas managed call interpol told parents was knows live dismissed hospital took parents place kicked basically told couldnt stay im trouble day abused verbally happy leave since came three times one say much disgusting useless human whole family ashamed second one evictions order leave house two weeks risk zone third now literally destroy words said worse things die useless able anything life ex right leave behind im worth peoples time make everyone around sick suffocate people make leave feel like im bad person listening mum say know depression suicidal thoughts awful toxic around me me one thing attached me cant control cured living environment lonely medications arent working never work alone without support im sobbing tears hands shaking im joke failure wish one good reason kill myself want happy loved late everyone loves leaving slowly killing anyway better kill self first im tired suffering
1	feel like im burningmy whole body feels like burning want scream end all deserve this fault know ill never change never born
0	israel fact  even though military mandatory  still choose contribute differentlyskip good reason reason lot people try avoid whenever look job itll great disadvantage
0	alcohol ruining life im going make multiple paragraph essay really feel like it however alcohol literally drove suicidal thoughts depression multiple times now im even one drinking people around currently past absolutely terrible drink normally ends involving im already terrible state things life im abused im fortunate that still fucking sucks always end pointing insecurities talk behind back even though grown ass adults yell cause feel like it cant fucking house cant let feelings without knowing used next time get drunk needed let out sorry wasting time
1	when hell devil help outi cant keep anymore tired tired
1	cant get exhi thanks taking time listen late broke seeing somebody really important me even official friends benefits anything saw around  months fell hard became attached know hard believe genuinely love never felt captivated literal raptures instead butterflies person broke me see future feel completely lost  months since know moved on im feeling extremely low lost lot hope ive already burnt everything gave try forget crying nearly every night anyone know get this
1	sure answer unfortunately yes anyone else recently friends abruptly ghost betray without explanation talking really close friends told could trust vulnerable around friend troubles
1	feeling suicidal m shy loner outcast virginim s alot people age married children busy work already clique friends hard make new friends age went lot verbal emotional bullying school continued college office jobs adulthood seems like geeksnerds least geeksnerds friends growing up even friends people said condescending ways talk look lonely study time ive never girlfriend im short etc ive deal much bitterness ptsd flashbacks pretty much whole life since middle school past bullying affected life right now is social anxiety people absolutely no empathy shy people victimblame weak cant get it even consistently try make friends confident outgoing attending meetups many people cliquish unwelcoming towards shy lowstatus males many times people ignore say talk interrupt me treat like rd wheel talk others instead me left alone make excuse leave me etc ones friendly actually listen alot show following meetups whats frustrating feel im way proactive people yet nothing show it regards always go meetups go alone whereas people already friends need go meetups also strike conversations people whereas people already friends cliques get away making effort socializing new people lesser status them example one common advice ask people questions people love talking themselves ive asked many people many questions shown interest them either show disinterest give blunt replies talk length themselves asking any questions showing no interest another example proactiveness ive spent nearly year weightlifting bjj yet really feel confident less shy less ptsd flashbacks before also tried meditation many times hardly noticed improvement ive also attended plenty toastmasters meetings given numerous speeches yet noticed improvement life traveled nearly  countries spent months living them friendly rude towards me possibly judging loser back home came escape problems back home another common piece advice society introverts play sports fun without talking much often taken seriously get picked deadlast many times deal rude immature pricks trying shove such rude teammates cliquish showing obvious favoritism towards friends guys taller me etc im ok shape im around   lbs another common piece advice society regarding getting dates its numbers game you got nothing lose asking out ive literally coldapproached  women nightclubsshopping mallscoffee shopsetc get even one girlfriendlay it got around  girls willing go dates none wanted nd date maybe one wouldve interested hookup nightclub another guy took see again angers many guys easily get girlfriends despite never coldapproached woman always get introduced statussocial circle use dating apps photos demonstrating statussocial circle choice coldapproach ive rejectoutcastloner whole life ive also seen numerous therapists none really helped sure listened showed empathy really offer solutions since im socially screwed least well career financially right much high net worth income age chump change compared software engineers age angry underpaid im finding nearly impossible get new higherpaying job competition often feel unmotivated depressed lack energy study coding interviews etc make x make friends refer jobs employment gaps like workplace bullying concentrate preparing interviews depressionptsd like me etc people crueljudgementalcondescending towards lowstatus males cant join cliques empathy go never experience excluded ignored bullied etc hurt people hurt people theyre hurt instead helping social rejects want project hurt onto them shitted much even though nothing wrong hell else supposed do kill myself
0	im texting girl school say right things kinda awkward shes way outta league still responds texts say help convo keep going sorry im awkward teenage boy didnt know else go
0	lies lies day lies
0	whats first impression someone wears boots thesehttpsdiponvvotwcloudfrontnetpostsbcbffcaffem_bcbfaacedjpeg boots im thinking buying pair versatility durability would first impression be cool
0	many movies people returning home wars cope the war home worth seeing portraying vietnam vet jeremy collier emilio estevez trouble connecting texas family much movie likely tense up nothing prepare ends getting revealedbr br part makes movie good gives viewer feeling texas generation gap jeremys parents bob martin sheen maurine kathy bates clearly problem sons attitude war rejection americanism sister karen kimberly williams uncertain side dinner neutralitybr br so americans may never able fully get vietnam war movie probably help us look seriously affected many people emilio estevez certainly good job directing also starring corin nemec carla gugino
0	want boyfriend could buy stuff like computer one  graphics cards
0	rteenagers like look new pet paperclip please give platinum cuz never got it
1	good friend m several breakdowns distancing fh myself hes close know dofh fear one good friends close going it hes confided us long time ago hes suffered depression suicidal thoughts long time weve several scares dealt withwitnessed handful breakdowns fell radar little year ago solid day half emotional break went far breaking house check him find car there turns self harmed called ambulance himself recent break  weeks ago since last break basically stopped talked fh they work together thats kind big deal think went office twice worked home times since hes also taken completely quite bit top that talk fh hes real jerk based fh told conversations ive suffered depression myself considered redflag used self harm familiar lot this recent actions dick fh basically spelled me hes ready hes pushing away order push us life therefore make easier fh giving want help know how turnaround yesterday came place couple hours now shop garage fh work coming unannounced going straight shop uncommon came home though inside watching tv fh hung another hour say much know positive want know else do lunch mentor figure yesterday discuss everything several us know hes going basically on watch asked far hes thought skip beat saying knows would it help lives alone try get come come us much possible pushing us away put hard stop that please need help know else do night last breakdown sat talked privately confides trusts fh ive told past dealings this fh is admittedly ideal person help someone state mind everyone involved aware that thats bad thing  hes kind person talked able help calm really tell whys hows hes looking committed relationship long time nothing ever works know one reasons admit it thats something help either help someone dealing much hes intelligent good looking individual praised work good core group friends anything everything family intact supportive even this hes depressed thinks low himself dwells relationship status lot even drink lot does twice week gamenight  guys join theyll drink home that fridays regular spot go regular group guys great guys that hes drinking heavily smoke dog home know helps im growing afraid none going enough hes closer id like believe im sorry im rambling please help us help him go see professional were has
1	came door drunk high opiates hes ex h addict opiate rage real told me verbatim guy house hed kill spot questions asked pretty easy night ive spent countless nights barricaded bedroom rage past terrible grew gangs mexican mafia molested young age
0	crush said yes currently  morning india im happy sleep im th grade gf crush since th grade
1	kill myselfi want talk why want know how im  like r  spent excuses buy medicines want something without pain something listening music smoking
0	bruh many schools closing country still open every day news school  shuttijg due least  case covid one school actually close live thank fully aslo school clise area school case like dont go online learning fucking thing blow
0	women rteenagers hot look scale  httpsuploadwikimediaorgwikipediacommonsthumbchehighjpgpxchehighjpg
1	redflag hotline answering nobodys answering gunalone suicidal even know im anymore im massive fuckup gun etc
0	one great movies time story fascinating actors convincing really identify characters william wyler proofs movie great director craftsmanship unsurpassed
0	speaking megathiccc gc rn isnt funnyinteresting thought
0	anyone wanna military text rp hmmmm
0	know many need hear this soulja boy ho watch crank it watch roll watch crank dat soulja boy superman ho watch yuuuuuuu crank dat soulja boy watch yuuuuuuu crank dat soulja boy watch yuuuuuuu crank dat soulja boy watch yuuuuuuu crank dat soulja boy watch
0	good morning yall
0	hate good reason bad things kept happening last year worst one fault girlfriend depressed  months got overwhelmed broke worst moment ever since regret fucking day hate myself three weeks break argument blocked again hated even more found covid ive hella worried reached her apologized asked doing fine want hear ever hates hate fucking self would everything fix done see smile fix something like this know do first relationship ever ruined coward find crying everyday yall questions suggestions please let know please go hard me im already broken
0	progress reports hs im hs got fall term midterm progress report mostly bs part gpa unofficial thanks
0	name look like u could ever kind u look pics page tell name look like
1	think ill leaving soon nobody cares me lonely desolate world never thought option feel way people care ones desolate also im sad feel like im worthless look mirror see shadow want alone absolutely nothing im wasting time
0	uwu hai know got click heres free hug hugs you things get better
0	someone send travis scott burger receipt think would funny hang wall anyone send me filler filler filler filler filler filler filler filler filler
0	know exactly product you new immortal toad buddy salt water edition
0	oh thicc thighs use pillow 
1	dead inside feel nothing mercy given me keep falling deeper fucked head cannot even comprehend it reality forget am try everyday cannot live illness memories know end road feel defeated
0	guys there many actually practice nut november seriously ive always thought people make memes fit times wanna know many like tradition
0	test see tictoc spying ok read test ok downloaded tictoc made account scrolled made fyp tf ever memes took day went chrome searched lot p hub ok history full like  tabs opened ok get email  minutes later said sure love big bouncing bootys checked tictoc boom ladys ladys males memes people explaining anything boobies ass al place
1	im making painits funny live utter emotional turmoil probably even real reason anyway
0	anyone wanna play games me discord crighterminus multiplayer games have raft terraria valorant brawlhalla stick fight shellshock live team fortress  league legends roblox single player games fallout shelter ftl fastest light games free epic games stuff borderlands  presequal ark survival evolved   ep  enter gungeon gods trigger gta  hit man overcooked remnant ashes shadow run hong kong shadow run returns shadow run dragon fall civilization  sludge life alto collection wilmots warehouse  parents dont let play fortnite cause its violent think thats rediculous cause let play games letting ya know thats table also dont minecraft might getting parents let me send request discord interested youre quick play tonight get  minutes
1	really need someone talk toi know sounds stupid told friend suicidal thoughts said messagecall anytime want talk anxiety kind feel like putting burden messaging her come reddit find someone talk to feel completely utterly alone moment ever im group always feel like im one always background one would notice disappear also problems feel comfortable posting publicly
0	love korean films ability really quiet eerily really capture real life tend watch korean movies reason alone ive seen directors movies before one comes closest feelings got oasis another awesome film called charming girlbr br however title summary supposed chrstian perspective ill start instead showering praisebr br for non christian perspective director changdong lee captured unbiased almost eerily real portrayal modern protestant church regardless denomination warts all ive always waiting christian film truly portrays darker recesses church life christian films tend speak language different want share faith to many films religious undertones though good motives tend resonance disney film school special need show life is real people curse real people lust real people fall though christians believe salvation available seek it still challenged everyday horrors life doyeon jeons character totally honest almost brutal portrayal woman found god lifes bitter realities loses love had deny god exists refuses accept live idea loving forgiving godbr br in decent edges morality madness character asks questions mind every one religious notbr br if god love allow terrible things happen film answer that rightly so believe last  minutes film though open interpretation leaves us hopeful future main character brings idea secret sunshine full circlebr br i believe second film tried religious way tried set that lies reason worked even more real honest that far best summation real christian life seen film
0	along fernando fragata joo mrio grilo abi feij leonel vieira tcother commercial directors diamantino costa one best portuguese directors o lampio da estrela diamantino costa first movie made several successful commercials title starred one best portuguese comedians times herman jos jos pedro gomes great funny movie br br boa sorte diamantino
0	mardi gras made china provides wonderful intricate connection popular culture nudity globalization making tossing beads saw film international film festival boston expecting dry introduction globalization got riveting visual display shocking footage china united states eyeopening film humorous indepth serious nonpatronizing leaves wanting credits role worth comparing murderball  simply well done young women workers china various points view owner amazingly open discipline revelers carnival highlight excellent film provides indepth context inside factory china without narration bravo filmmaker getting inside finishing film would never thought connection beads china new orleans think human connection almost every object also role globalization inequality fun importantly make connections without feeling sense guilt watching film unlike films globalization ive seen
1	 years ago never thought life would lowi used lot close friends well school good family life met one person life ruined
0	posting everyday get first kiss day  hold man need hug here k
0	yo someone help essay racism although greg peter mean jin dont think racist racism occurs usually one person thinks superior another due race dont think case here example greg called jin bucktooth said stay away dog regard superior way although greg said demeaning way clear greg cultural misunderstanding chinese people learned mom chinese people eat dogs greg called jin bucktooth clearly playground insult commenting appearance however even though wasnt racism gregs words still mean considered bullying definition
1	im waitingfor one final straw drive edge finally all ive prepared everything except im going redflag note point dont even want write notetheres nothing want say anybodyits fault born suicidal self harming piece shit
1	think timeno long lifestory blog post ive depressed suicidal several years and possibly going insane ive heard every story every anecdote every piece advice nothing touched me dropping slight possibility theres something worth living for
0	though maths teacher different e give context im high school programming area essential thing know think logically today maths class friend thought simpler way get answer teacher started complaining need explain logic test instead checking answer real world client wants fucking program work care coded really understand
0	wanna cuddle uwu like baggy pajamas ac temperature makes us cold also warm lay thicc blanket thicc enough make us sweat fall asleep uwu
1	definetly put end thissadly  still alivei planning end pathetic charade new years eve ami made promise th january im definetly it im  even know depression creeped mei think around  soit painful yearshaving put fake smile every single day actually rotting insidei quite lot friends still feel alone best friends known like  years started making fun random things probably gone affect one week maxthe thing kept alive  stupid years working feel miserable even working help parents miss ask born world makes feel ok hurting themnew years eve shiteven though bunch friends felt alone always saw girl love hooking random dude making even sadder go outside stay bench  hours listening sad fucking songcrying alone thinking why end beforeat point nothing brings smile facethis end sorry writing disarrayed manner feeling really ok rnif u want talk final dayi still thinking good way thisthinking going trip mountains cutting hanging forestwhat think
0	health related m lately ive feeling shortness breath  heavy breathing prominent lay straight back bed started happening days ago like since going go doc tomorrow anyone knows symptom cause
0	yall dumb enter exact time microwave likeeee simple spam start add  sec button reaches time u wantttttttt duhhhhhhhhhhhh
1	someone please talk meim feeling worse usual
1	take suiciding let people world know im invisiblewhy try redflag car leaving run await death work first time obviously im trying today friday cause right have guts jump shoot like rapist told me days consist painful redflag methods either fail sleep rets of wake try different one hoping fail wake another day fair share trying xyzall failed tired me passively want already least then free this also worry weight amount talking shift mind im become determined this simply versions last diary entries thing drop hard paper name rapist thats need know finally succeed eventually one days might shoot jump im trying go less messy route
0	never gonna hit notes filler filler filler filler filler filler filler filler filler filler filler filler filler
1	youyou anxiety imagine yourself dead happy free anxiety makes suffer anything worst suffering is suffer you exist want dead dont love yourself alive know death is whatever ok you anything better day this like many days worst day your life every morning imagine body hanging tree your life is without light youve thinking years day waste time never die youre terrified hurting family friends everyone loves you emotional crisis come back sub read write something youre alone feel better youll back soon
1	simply floating life lithe inconsequential object people mostly ignore whim moan tremble shake bit much them become invisible suffering deeply nearly decade now admit many problems stem self instead muster feels like herculean willpower personal strength both have suicide genuinely seems like better option sickening utilitarian conclusion thoughtlessly turned personal mantra dissect shortcomings already do people life grown tired bored disgusted frightened finally seal residual ties might still me stop drowning selfpity remove wretched existence like done years ago faulty logic know much pain right feels like thing do scum hate myself wish anymore much coward it pray sort cthonic entity one day muster yetunpossessed resolve find way end life tired all yet never seems end need stop feel like spectre
0	remembered tourettes sent video talking  friend n rly cant go  seconds without ticking interrupts speech patterns wtf  thats crazy also people r playin trumpet parking garage umm
0	someone help w pc im almsot done im confused n dads work couple cables plug idk oens
1	took way many pillsive trying die longest time now today took  ibuprofen tablets  claritin got bored feel anything ordinary ill probably go day usual unless something changes family know thing day die
0	day  listening supertramps crime century going bed asylum kinda bop tho hide shell amazing crime century song meh honestly
1	redflagii really hate life wish parents could love hey guess wut dont fucking hate probably im autistic
0	top tier list people  miss talking like ever  former best internet friend stopped talking unknown reasons  ex stopped talking insecure bf  children basement may rest pieces  know amazing encounter with  one wholesome person met train first went visit ex  someone look hospital gave memorable piece life advice  friendly person met train station talked something important us hugged goodbye  look to  abigail thorn philosophy tube  niall comas pyrocynical  appreciate  friend meet irregularly open with without judged wavelength many ways  brother shares similar absurdist humor helped become critical certain people said interesting talks with  friend education makes feel less alone struggles education listened problems needed generally nice fun talk with  former best internet friend one mentioned met irl once me interesting wavelength amazing person kinda fell touch though thats alright recommend making list feel empty af
0	got  day ban whats sub also annoying ass monkey memes finally gone
0	using much emojis make funnier thats
1	question asking myself months underage less  think asked fricking question live mom two sisters dad live another country another family care asking that one sisters  years old said when wad  big baby needed suck problems grow up adults do  fvck want act like adult  little sister admired it sister  years old one really talking to age difference interest book anime japan culture started talking together sincerelly regret it thinks older me mom scolding something wrong that think it way much example one day best friend home noise drinking chocolate milk smashed head cup started crying bleeding friend told exagerating say sorry help no think right thing cared example  started fighting verbally pinned sofa hurting shoulders pushed stomach cn go room there sis  literally started beating up till floor crying screaming stop  hurts  stop fucking beating  sis  said stop  get physical  one pushing sofa called mom said want know anything example  yesterday  july  playing fortnite cousin  stepsis  used curse know sarcastic said shut f step sis syam  yo big sis name started yelling do talk like that like xas talking ti bitch said things like y responding because conversation works end said to think friend like well pick people petsonnality friend but since wanted finish argument said uh  smashed head switch playing with screaming what wrong  pushed stomch crazy would go away conclusion scratch face maybe keep ever yesterday that scarified myself  days it care mark fact would want face hurts tried end life multiple times since  first time person family rped me since cannot feel pleasure life even forgive person still horrible me sexuality problem mom said you lucky accept you like think accept me kid  people get kicked out guess lucky gender problem identify genderfluid person hehim pronous one love even use pronous even it problem need smile always even eating mom said exact wordssmile said smile  ugh  smile  like unhappy either  even reason hapoy smile  well reason smile happy anything except eating  last least asked never asked born live mother go see friends go someone birthday live feed house go school asked things one go see therapist asked it asked three time even said yes anything so supposed i supposed smile  supposed stay mom fighted years even care mental health well  supposed let sisters hit me years older  supposed things cannot even take care  supposed 
1	disappointed think deserve live anymore need kill myself much cowered so make stupid mistakes every day even get proper job find proper friends happy point life cannot stand today tall mountain lowest part need stop need kill now
0	us control lives anymore  hours online classes  hours homework thats school giving out exams student time things  months since ive gaming session literally feel weight eyelids since past   weeks know need break aside saturdays sundays holidays even festivals overlooked teachers constantly giving homework soon finish one new one assigned cant really anything trying stay battle one else cares mental health gone point im total wreck really control lives anymore grown ups controlling us constant pressure
0	ugly idk im super ugly kinda sucks ngl
1	need get parents house sooner rather latermy dad wont stop calling faggot starting really break downhe gas lights daily basis insults puts constantly mom care oh yeah brother calls faggot too job nobody hire meive trying get job year now friends place go money completely utterly dependent parentsits fault know im stuck here least hope getting guaranteed kill myself
1	almost  argentina want reach help doesnt feel righti dont know do ill give backstory asked im panic attacks again feel endthe end everything near dont like humans want get rid possessions house leave i dont know id go talk people love swallow lot alprazolam pills mom its medication keeps them im low dose want go wait peacefully death want make people love suffer dont want cats see asleep never see again keeping short need help get help need guide someone help make decisions dont feel ok make them im asking help tell professionals need know help me im afraid tell people close im planning committing part wants end all half desperately looking help thanks reading
1	dont understand purpose lifeit seems never anything right almost everyone hates me family wont believe im depressed tell them theyll probably say sad doesnt mean depressed im around act like im happy everythings fine luckily talent acting said going kill nobody would give shit except people comment post telling dont know pain im going through would notice give shit disappeared useless world everyone forgotten unless change everyones life goodbye hope final post
1	society  entitled anything scrap suffer eeek meager living also society how dare decide like life sucide wrongsociety hypocritical cant tell people sucide wrong try force stay alive expecting accept crappy life is someone want that life worth effort struggle everyone hell gain working crappy jobs jerking another  years get cancer die want
1	wake feeling sickly morning constant feeling emotional breakdown go hide bedroom minutes cry cannot cry feel emotionally constipated children around want see crying know going me honestly never felt like before distract feel heartbeat increase scared panic attack bath night though heart attach drowned children find next morning could relax got out thoughts time sometimes thoughts children murdered assaulted soon fall sleep oh sleep able sleep long time feel soo alone today cannot call family friends even say them explain understand really hurting today hurting
0	anyone else feel like life overwhelming hate fall mindset try theres gonna someone better you bother feels meaningless matter hard try
0	ngl flamethrower might solve problems due assignments burn em dumbfuck mosquitoes annoying you burn em spending wasting wayy much time mobile time burn annoying siblings ill intimidating af w flamethrower bored flamethrower
1	said time ago would make  years kill self iti said time ago wether would make  years kill self it certain time
1	deal friend lost someonemy friend lost best friend redflag want think needs professional help resources could give without making feel put off im really worried cant right covid thanks
1	im addicted child pornever since age  s now watching child porn wish myself did cant find way out still cannot break habit matter hard try matter meditation mental exercise do compulsion cannot help ive dug dug still found pray need miracle break free never want hurt child im even attracted children and even think except trying figure break addiction videos unbelievably addictive cant even imagine anything else level hold me problem terrible compared even worst cases rnofap need daily children children cant believe it cant believe real even break finally then past ever live fully cant seem anything cry hate myself matter hard try want risk hurting child need miracle  anybody ability give advice way please so use improve grow love thats want
1	weeks ago planning leaving job try something wanted life once put everyone else priority wanted take sort controlthe universe said nostarted month hospitalized today learned semirare disease need constant life changes doctor follow ups rest life cannot really leave job since need insurance ever today learned news family member passing awaytoday learned person loved lied meall one day lost losti wanted something would make happythe universe said noi tired now universe said no
0	aside titles new sherlock holmes movie think ive watched every movie guy ritchie directed twice needless say im big fan revolver one highlighted reasons why movie different approach ritchie look comparatively lock stock snatch revolver sets us psychological thriller sorts gambling con finds mercy set foes expect guided walk redemption know needed along seeing andr benjamin outkast fame strut acting ability standout acts ray liotta playing maniacal mr dmacha mark strong playing sorter hitmanbr br after sent prison tyrannous casino owner macha jake uses time solitary finesse plot humiliate macha force hand compensating seven years spent wins card game amasses decent sum macha jake finds brink death collapses diagnosed incurable disease thats left three days live team loan sharks however answer ticket life gives money relents working them ploy take macha show jake dangerous made himself along air death loom pair loan sharks field day money jake also deal hit put him introduces sorter  hitman machas employ depth story comes jake realizes co convicts spent time solitary may verywell loan shark team take crafting unfortunate events jake seems find way into faced reality though zack vincent pastore avi show jake twisted become solitary company mind ego makes actual existence elusive even jake movie unravels humbling process jake macha come grips inner demonsbr br the style movie topnotch get gritty feel crime world represented characters includes although lot nods ritchies previous films still presence dialogue sets experimental take gangster genre also great trip humility recognizing easily let ego preset notion mask ability accomplish want overcome should characters well crafted movie sides fleshed and true ritchie fashion theyre tied underhandedness throws wrench everyones affairs could would like go film unique nuances want take much away seen yetbr br it may take sittings get intricate layers great movie seen lucky seen watereddown us release see get original uk version make great discussion piece among friends try puzzle take saw crew around early were still talking little things weve picked today garnered cult status well deserved film ritchie stepped box broke norm bitbr br standout line fear revere me please think im special share addiction were approval junkies
1	always joking redflag firstweather joking know people take wrong way moved joking actually tanking health purposely cutting deeper should ya know results started first relationship cheated me think about im happy anymore nothing exciting eyes none family checks feels like one cares even see pain im going through would anyone notice would anyone come looking knows cares
1	need guidanceso little back story im currently  ive dating girl  years moved part time finally got place together  know know met bar ago know age difference ive gotten know clicked pretty well always fun getting on fast forward know years things gotten progressively worse longer talk all everything say makes mad say wrong things son lives us  still high school girlfriend dropped high school smart end helping son school talk issues lately feel like ive become parent be im  gods sake well girlfriend gotten pretty bad fights past year called cops twice third time tonight even though never anything her never touched her id never anything woman cops would come tell counselors leave tonight broke told needs leave month told going anywhere whatever wants told leave tonight called cops cops came said cant tell leave lived month resident kicked courts even though even lease want get work issues basically way much plate pressure killing me deal day work come home feel helpless sat room pathetically crying helpless contemplated killing myself texted girlfriend you stay long want sorry everything see much longer redflag note told lose number think ill really it really typing makes feel little better want someone talk really
1	get feeling unpopular opinion literally sick right now recently made come psychiatric medications family member risk losing home able secure move into thought depression before never known emptiness like this feel utterly alone one life even wants bother try help me everyone sick me id say think keeping cat even would okay quietly left absolutely one would miss me get miserable day even mentioning likely permanent damage motor sensory function prescribed half dozen antidepressants less year already issues chronic pain fatigue know could possibly get worse ready fucking quit wish someone call clean whatever mess lifeless body would make upon exit family would deal it know would want to like life one would want deal mess existence would leave behind upon death fuck this suicide accepted redflag act made readily available choose opt life
1	want able talk people suicidal thoughts opening would extremely helpful terrified taken away locked mental institution immediately suicidal think lot way mental health collapses want open suicidal thoughts terrified involuntary commitment
1	kicked house two months ago maybe left it know got argument mother trying leave stepfather grabbed started hit me fought back older sister side helped him barely bruised left knew would deadly next time pretty sure choice mother yelling crazy left first tried move father talked  years except one weekend weekend went well told loved thought still child thought could go him told escape ended staying best friend next year graduate still full year taking space cannot even get job identification going hungry days want ask food know money responsibility mothers boyfriend alcoholic gets drunk yells gets violent afraid one day going remember exist going remember trans going remember homophobic know college good school get good college know fill applications information parents school told worry fafsa said anything actual college feel alone want someone talk someone cares nobody tell to best friend knows wonderful kind person comfort others want it would much simpler die matter anyone feel like lost hope becoming successful person know anymore would easier die
0	would like know anyone know get copy movie thats way world  years since ive seen movie would like see again earth wind  fire transcend nation globally inspirational music themes unfortunate group take like counterparts early s previously stated racial tension existed united states prohibited equalized exposure african american musical groups good see earth wind  fire continuing success would like add movie collection someone please help possible thank attention milton shaw
0	tv movie definately worth seeing acting well done story touching universal theme readseen original rule cant stand shakespeare enjoyed moviethe civil war setting well done well dont expect see epic however find moving enough enjoy way on side note compare or movie matter original work movies supposed transfer book screen rather take general idea adapt story it people say the book much better theyre usually wrong anyway really trying say book different
1	wish wasnt lonelyi one left wish someone cared enough notice gone
0	enjoyed criminal intent series law order long time kathryn erbe det alexandra eames female detective rather hard seems bit bitter criminal intent series see side moviebr br this movie shows marvelous soft side talented actresses criminal intent fan movie revelry acting get pretty darn good yarn family hardships southbr br i like albert finneys role movie convincing acting job older southern fellow hard headed intolerant unaccepting change reminds many men youth portrayal divine likely find hard like moviebr br katryn erbe easy like movie recommend  star criminal intent law order fans
1	apart family fucking depressingi dont fucking understand dogshit parentsevery sunday keep bringing church knowing hate going plus dad doesnt even listen goddamn messages pastor literally points exact bullshit hes wrongthe pastor talks letting children date non christians sister talks children moving away church parents fault sister doesnt give fuck shows doesnt even fucking listenso drive  hour back every week waste  hours sunday every week lung cancer ass doesnt even behave like christian mom saves kindness love complete strangers gives  fucks mea stranger bringing bike lift quick press lift button keep lift open even though theres fucking sensors already keep door openher thoughts filled childrens safety complete fucking strangers well minewhen tell dont want go church shes like oh thats problem tell dad yourselffuck sake dont enough authority say fuck dont wanna go church really hope dads lung cancer takes life soon cant fucking take shit anymore depression made caused dont give fuckeverybody youre willing actually care child dont fucking breed
0	lgbt community much power cancel people wondering anytimeik time often not someone mistakes someones pronouns assumes gender get hate mob them understand lgbt around long time recent years become much prolific society young people one seems able stand community someone else makes common mistake misusing pronouns baffles theyve got much power cancel someone see world way do ultimately led people scared ask common questions one ever say anything without bombarded insults community got much power short time
0	topped school feel like loser im  feel like wasted highschool years studying gaming pc randomly surfing web even remember much high school years made little friends past years still cant talk girls increasingly low self esteem got really good marks got best college city feeling like piece shit looking back time wasted anyone advise deal this thanks
0	marigold far best outsiders take bollywood ever seen i grow bollywood ive seen hundred now id say leaves gurinder chadha mira nair even merchant ivory of bombay talkie almost dust willard carroll director really loves bollywood selfconfidence allow us know  theres humor arch ironic distancing of course really mean this stuff jerry lee lewis would say gets it let us  joy bollywood movie experience along touches supplied westerners stepping storytellers rolebr br its story caustic bitchy beautiful american b movie actress shes movies numbers titles like fatal attraction  finds different bollywood movie one went india kama sutra  folded tents en route apparently producers jail salman khan real life bollywood megamega star dancing master delightful writtenonthefly movie pulled is go blind sweetness mildly psychically gifted character learns find inner ecstatic dancing abilitybr br the strong beginning gives bollywood  superenergetic troupe dancers front taj mahal both funny familiar western viewer well providing highvelocity musical thrill love hindi movie salman screen outset  bollywood  minute wait hero indian costume embellished kit carsonstyle western movie fringe all whitebr br ali larters actress character pleasing western viewer  blonde traditional white person bollywood movie visually understandable casting  robust girl ethereal kind blondie were usually presented with less threedimensional total bitch carrying profane abusive cellphone conversations boyfriend agent usbr br we also scenes women problems going bar deal  capacity people getting along relate emotional conversations traditional hindi movies seldom see much thing going women other discussion mother daughter daughters choice groom let alone strangers  unrelated people  let alone bargoing spirit same details fresh completely delighted thisbr br i saw once preview showing attended director fine speaker questionanswerer  salman got brotherlike good friends making it loves india plans make wizard oz movie india cant get detailed songs ive seen once except say liked all range happy parody bollywood number moviewithinthemovie  ladies costumes leghorn hats seashellcased bodices its beach scene flowy dresses  worth cost ticket alone  lovely reflective manyscened romantic song sadder serious part moviebr br mix hindi english music worksbr br salman khan gets lot credit openness unusual projects  jaanemann  good judgment ones in carroll said full suggestions ideas along way totally fine ie narcissistic all whether carroll accepted rejected  clearly pro loves involved collaborating
0	fun fact boobies actually go clap case know im sure them theyre big enough mine sure
1	going tonighti cant deal longer hate much im lonely talked another person loud twice past week times called samaritans one know wants around anymore everything place plan work thank everyone sub tried help im sorry let down edit thanks comments people beautiful remember sort new people also need help
0	movie comedies nowadays generally  minutes toilet humor foul language groinkicking modern comedies appeal lowest common denominator undemanding slow brain sure occasional good comedy come along theyre becoming rarer timebr br mr blandings buildings dream house shows s hollywood capable of screamingly funny jim muriel blandings cary grant myrna loy decide build house connecticut suburbs film follows story beginning house hunting trips houses riotous construction way finished homewith zuzzzuzz water softenerbr br grant loy perfect roles course grant particularly funny watches houses costs zoom control however film stolen blandings wise attorney played perfection melvyn douglas managing steal every scene hes in douglas understatedly hilarious watches blandings lurch crisis crisis reginald denny blandings harried architect harry shannon crusty old water well driller also wonderfulbr br ive watched movie numerous times always makes laugh think good film watch need lift whether building house not
0	turned  today bye teenagers love sub truly great place young adults get know many inspiring achievements get genuine advices people age teenage crazy time hope everyone enjoys it ps meme reached hot sub 
0	four friends one films go without expectations find knocked loop sort file away hear song georgia mind ray charles images vague feelings begin flicker edge consciousness remember crazy film made laugh cry almost timebr br why film memorable first least people lived all captures well tenor times  dashed hopes successes sincerity emotional rollercoaster ride leads poignant nostalgia then acting amazing danilow angst passion georgia difficult grasp o wisp enchanting nevertheless louis handicapped roommate charm spare attacks life gusto takes moment wry smile knows well might lastbr br how long since saw film made really care people story even far perfect film presents people whose choices necessarily commendable film never moralizes allows us appreciate human condition variety even minor characters welldefined personality history film seems real even actions reactions might seem top thats way life is think it film engages complexity defined character truly amazing satisfying experience
0	found crush straight know fucking nowthis person ive ever actually liked hes straighthes fucking straight hate life fucking muchim fucking lonely hate fucking muchi literally cant stop crying
0	hey mods stop banning people answer modmail pls also pls someone tell send yall message mod
0	fucked bed find remote didnt find im stuck bed cant fix remote cant find terrible morning edit fucking fat cat got stuck upon entering room exploring new bed edit  somehow got fatass unstuck left room without noticing
0	get f chat bois playing warzone  kills well thought would match finally win nope soon find last player get lag die f
0	feminazis getting dumber louder
0	ahhaha feel great past four hours ive felt sick hearts beating fast body wants stay horizontal feel like im going vomit stand again music usually helps sleep giving headache dont know whats wrong  am
1	see point anymoreno love family real love anymore daily explosive arguments friends gone nobody actually cares keep thinking keep thinking alone am keep thinking fucking easy would get rid free immense seemingly neverending bullshit pain started hitting walls room stabbing them breaking hands them im hitting myself know matter time something pushes edge give in need freedom killing
1	todayreally thinking pulling trigger today matter well do depression kicks ass feel shit time wife treats like atm wrecks ii dare question money going acts like victim wont work contributebeen thinking since young  years later fuck alls changed fuck this ill die anyway
0	face  willy
1	plain simple  year old bipolar alcoholic cannot hold job save life tried medication medication medication none works longer yeari literally cannot stop drinking slowly killing mei thousands dollars debt probably lose everything next coming months get shit togetheri want get drunk take every pill fucking done iti tired fighting fight losing every timei tired hating actions incapable making changei know expecting receive posting thismaybe hoping small chance worth iti knowbut point want finally end ruined life
1	throughout childhood adolescence told things would get easier turned  im  nothings getting better wanna give things changingi cant handle home parents feel like im constantly scared feel safe even getting high constantly anymore im constantly tense never know long parents start cursing calling disgusting theyve telling leave now agreed give k long swear never come contact ever again starting seem like want leave nothing know do supposed take professional exams year im trouble completing basic assignments pretending asleep  hours day
1	wife currently uncontrollable rage caused depression so angry leave house real problems says calm til apologize angry aboutthe problem something really petty actually caused completely understand confused mindset apologize something control ofi know do
1	best friend hung saturday promise people actually carei dont know post allowed best friend nicest selfless person ever existed promise everyone feeling lost hurt confused theres single person happy isnt around anymore broken girlfriend feeling heart broken wish realised bad feeling told would done everything could dont wait people come you go them tell youre hurting give chance fix things
1	family going cruise september cruise boat raped  years prior heart tell grandparents ship happenedmy mom boyfriend back dopemy dads th year death anniversary week backmy freinds seem picking getting worsei sh try control worse urgesi sure keep pushing really struggling tn
1	past six months went break person ever let truly loved mentally ill family member threaten shoot me repressed memories molestation abuse work way counseling lost home break up bought th wheel cannot register title dispute three owners ago found father barely actually father much more last month living truck two dogs suicidal urges thoughts multiple times day seems like everytime think bottom something comes along kick teeth like passed redneck wearing steel toes feel fucked completely fucked work day play dogs pass again know get this housing rental prices soaring nearly impossible find one construction paychecks right now know do holding onto vague plan hope keep working something eventually get better not feel fucked beyond fucked one days reckon give in tie noose hope happens quick family friends another continent know chose post this guess would least like heard someone two pups abuela used say man plans god displans used powerful reminder form old saying feels like oppressive approximate generalities life it want sleep peacefully knows interesting title
0	landscape battle opens escaping prisoners snowy field full fences  rather funny movements accompanied vivaldis four seasons touching opening soon enough learn know prisoners mob also treated humouristic burry man alive protagonist stops moment soon engaged finding books turndowned camp caring neighbourbr br the rest film set american camp prisoners released kind semi freedom semi camp perfect set study war criminality american camps polish nationalism catholisism grief human misery generalbr br film makes important turn comes women film changes light colour temper time turns prisoners slaves holocaust think main underlying political theme film must mankinds treatments jews world war nazi exterminations mankind letting happen  even forcing europe war emotional level film grief problem letting grief come environment makes grief difficult difficult share grief people different experiences br br but film carpet underlying contradictionshumour irony sudden beauty couple times film gypsy prisoner plays harp emotional tune brutally rejected filmatically speaking protagonist example picks important essence films style theme comes humour comic protagonist constantly looses finds back glasses crowds hay stacks etcbr br its hard understand spielbergs respect wajda see film great treatment light compared spielberg best grunwald intermezzo speaks itself narrativly brings film camp filmatically brings film dream eternity profound beauty anyhow also another scene cant let go without comment christian supper undoubtly ironical simultaneously deeply religious see transsubstantiation moment everybody falling knees protagonist saved isolation priest serve comic altar boy bells mocking scene also gives emotion love nina gets bread sun light falls upon bells ring spheric peak moment filmbr br main actors excellent roles olbrychski perfect wajda protagonist  doubting reflecting mind unable put aspects mind emotion life beautiful celinska great body acting debuting character unable express inner proud movementsbr br those try describe everything often unable take nothing consideration wajda manages films either moving deep beautifully shot pays attention lifes societys particularity moment joy one moment irony second moment grief third moment nothing fourthbr br there least two reasons pay attention wajdas films period first remarkable free expression deep political impact country first overthrow communism twenty years later second development filmatic narrative language kusturica rose grandeur
1	life wants deadpeople abuse me dad abuses me discord abused  years severe depression almost  years antidepressants therapy useless nothing makes happy anymore even games frustrate enjoy anymore future really college pointless every single job requires lifetime experience im  hope
1	anyone talk toi need someone talk situation
1	jadedjust know keep going forward sort happiness stability badly want life better part knows im hated huge embarrassment used ampcheated mate lost pretty much friends im alcoholic coke head work hard but always get cast never fit fuck addictions get attached fast men love me ive living like since remember know im mentally ill point continuing try life going bring misery
1	spitei job last spring racial minority workplace full white people company paid car apartment manager california blonde roommatecoworker brunette green eyes bitches scapegoated always bombarded dont like work matter hard tried would always say teehee kind air uncommon basic white girls clients also scapegoated me couldnt play race card outright racist remarks made despite this better living home begged stay fired wanted hurt following months unemployment make guilty haunt them therapist said wouldnt work even face lawsuit based note could play history edge parents would get possible lawsuit money would guarantee two would feel bad
0	avril lavigne billie elish old days girls listened thought super cool lot boys hated real reason  songs good tho
0	posting award myself nriebejuebe jejeiejebeuue hebsoowbejrn r anne xhdkeleoneidowk true story
0	 types people subreddit people worship amp people consider bane existence ur third type person majority never seen u dont care dont tell im havin moment
1	sicknot sick shit go life ive making physically sick past days im supposed class right cant bring leave house want now want today day ive sitting actuelly entire weekend contemplating im alive fucking lonely soulmate girlfriend me thats main issue itself suffer every single day best friends even text anymore god knows why know fact theyre replacing though best female friend lets call sue friends past  years best friends me her replacing people think sick shit secretly something theres family know bad life im embarrassed show it know mood crap time im sure clue cant bring tell them  years fucked situation guy undoubtedly soulmate depression cant him thats key point please call fucking stupid depressed naive immature  year old beg you family shit ever together telling that theyd hate already do im pretty sure really dislike know hes done emotionally know still alive here need know something whats point alive constantly alone need emotional stabilization
1	first day  want die everthats it thats post want fucking die
1	dying fucking hard i tried tried kill multiple ways always somehow survived survived even cyanide poisoning even hanging cant die want anymore 
0	a fare remember totally derivative almost ridiculous movie warmth makes effective upbeat holiday movie stars pretty newcomer challen kates highpowered ad executive who right wedding rush la seattle keep client rejected every presentation transportation difficulties beginning seemingly money first dumb thing  atms anywhere must make fortune rate meets cab driver warner looks like homeless man drives presentation emerges huge box beef jerky the clients product hes take airport flights canceled order get la wedding hires take therebr br along way bond learn other sweet movie though absolutely nothing new  combines six days seven nights films chemistry stars good theyre likable acting good look jerry springer head beef jerky company cameo karl maldenbr br this nice film take holiday season lifetime
0	day  masturbating first started may  pm mnt standard time  currently november  pm mnt standard time  running  weeks  days nothing say
0	dog smells like fertilizer dirt muzzle tf appealing fertilizer
0	biggest formal exam couple months could best suggestiontip advice hello guys okay exam couple months actually pretty far away now summer prepare it want guys give advices exams it course ps im talking school examsin maths english on btw really important country really plays important role pass thing able study university
1	every reason happybut im not every day think ending life im engaged wonderful man love much moved great new place promising careers financially secure supportive parents honestly know things starting going downhill least think know when early  dropped masters degree went existential crisis following  years hopping jobs getting paid peanuts gaining lot weight putting strain health relationship may  landed current job fantastic following month grandmother passed away decade circling drain longer recognising anyone december started weight loss programme successful lost kg earlier year estranged halfbrothers pancreatic cancer turned terminal died two months later may july proposed partner  years said yes last month best friend killed traffic accident fault cant tell fianc hopeless powerless terrified feel hes already hell  feel incredibly guilty whenever much tell feel bit blue hes already everything would feel selfish telling somehow enough also feel terrible hiding fact sometimes want leave along everyone else deserve this cant tell parents mother manic depressive refuses treatment prejudice father already heartbroken loss estranged son who blamed gay despite fact mother one initiated divorce estrangement another son suddenly decided renounce family without telling us why effectively already lost two four children bear threaten loss youngest daughter too ive told therapist underplay feel evident im coping seem alarmed blame him know need time heal even cant get deaths im family leave want waste annual leave sick leave processing feelings like stereotypical woman im worried dont ill end psychiatric hospital something selfinflicted worse dead im utterly miserable wits end know do im desperate relief kind crushed guilt even thinking love love me
1	im tired tired timeevery month post something here delete forget pain come back going past five years keep telling get better someday ill one normal girls ill happy feel void ive already died many times ive already walked path one many times wanna die
0	apocalypse short thing based ucoffeeman s post warnings violence character death     hours  hours since world went shit do im fourteen year old fucks sake gun im athletic really browse reddit watch minecraft youtubers day ive holed small condostyle house laptop praying some upper deity end gets dangerous go outside seventeenyearold going alias coffeeman patient zero know cause thats news stopped uploading info went insane died came back right took buried knew zombies could quick agile fucking aggressive people going down left right friends gone well kyle aries last heard nickname chased hes gone radio silent ever since stormy hook ivan tmk confirmed alive though im surprised ivan hes called murder kid reason stormys pretty quick zombies quicker hear scratching door stiffen grab vlog knife pocketknife gained goofy name story id read gets less goofy stabbing someones eye though door handle turns two quick knocks relax zombies may fast agile theyre dumb shit cant open doors kind like minecraft zombies think except minecraft zombies run like rabid animals nothing left lose whispering bitehttpswwwredditcomrteenagerscommentskpcabite_wanna_start_a_zombie_outbreakutm_sourceshareamputm_mediumios_appamputm_nameiossmf they well manage bite someone hard describe sounds blue sad type blue cold disconnected type blue sounds like something see antarctic ocean alone sup say hook looking him hes pretty shaken up trembling bruised looks chokes out stormys dead flinging something bedside table passing out run check pulse still there barely notice something right sleeve check it small bite barely there bite nonetheless jump back stung nonononononononono hook stormy im speedrunning five stages grief two minutes but might well put misery grab vlog knife carefully dutifully slit throat blood spatters onto clothes simply look it used gory sight like movies sever brains neural stem rest body damage brain beyond point repair zombie dies saw neck off flesh throat soft tiring work theres bone almost takes nick two knife but end get done standing up pop back shake pins needles legs theres use crying him think everyone dies cest la vie dump body window good longterm need decomposing corpse house right now remembering hook tossed something onto table go pick thing package opening package eyes widen grin wide mouth starts hurting probably look like cheshire cat right now care less set lighters remember said physical well theres exception start walk house forgetting fears worries right now zombies burn right now things test time commit arson   hi howd like it characters used friends pov multiple nicknames call arson mayonnaise chaos hope enjoyed
0	got lead know feel week ago started talking old friend invited friends discord server started talking bit developed crush one night decide ask wanted go out surprise says yes decide start dating going meet couple days first date but two days date get text saying ready relationship go back friends im really sure feel right really know happened fuck up fuck up get unlucky know im experienced dating seems odd im really upset turned vent issues attempt understand
0	im gonna man whore school starts actually works happy
0	ok know im gonna go commit bunch crimes least im wanted someone
1	want die mi dont know strucked head wanted die dont know how why people love me dont want sad cam right wish didnt exist first place
0	french boy need attention hello m here french teenager friends wanna become friend  got croissant play minecraft java osu fallout  terraria like music anime luv u
0	fuck me c f sunny dressed black swedish ass cant handle much heat holy fuck guess ill die then haha
0	yo guys need write poem need yall help think subject write poem topic choice help im uncreative
1	methis fucking hard guess im usually type person shows lot emotion especially negative ones i really know i degenerate lazy piece shit one person family constantly fucks disappoint everyone currently go uni good one family former friends relatives consider shit tier school never much student well almost recently figured one tiny little detail fucked future prospects sorry really know im going this basically worked really hard semester theres one class mechanical engineering constantly fuck matter hard try ended getting d since covid floating around school decided offere passno pass grade anyone struggling me lazy piece shit decided wait little longer missed deadline  days now project due  hours im jaded work got knowhere shit happens life fucking over im even cs major im bio major took dad still clung little hope secret prodigy wanted graduate early could pass mcats go med school lucky enough chance fucked badly ruined life im done already emailed people know attempt fix this theres guarantee might kill seven hours knows maybe im pussy kill parents figures raised failure maybe im pussy live rest life shadow failure fuck me know
0	saw recently comedy central id love see jean schertlermemama emmy collinshippie supermarket cast mother son film would probably weirdest flicker ever made hats waters making consistently funny film
0	im posting hand pic already made mistake
1	know write thisi cant feel happy ive depression almost year cant get it ampxb whenever something like ask why  need go school  get good job need get good job  earn money need earn money  buy need need buy need  go job vicious cycle began feel pointless point feel like living worthless ampxb whenever get good grades school mum goes im proud you whenever get bad grades school mum goes im taking away phone laptop matter much get stupid number worthless test  considered bad student cant learn fucking literature  even get good grades every subjects  ampxb im done everything mostly myself im trapped mind cant escape even cell open took part online course learned art sales learnt wanted get school guess  took zero action isolated myself noone could even help me ampxb cant live myself im wothy living agree operate principal help help themself cant even help myself even bit whats point livining cant help myself ampxb post jack trades im feeling bit dizzy day cant concentrate well ampxb also im sure want accomplish post felt like writing down thanks reading
1	think tried kill nighti really bad night went drive clear mind like usually kept speeding really fast closing eyes couple seconds would come back senses idk happened like  times felt right ya know wanted tell someone ig
1	ive thinking redflag last couple monthsand honestly keeping anything productive option committing redflag kind weird coping mechanism me result final tomorrow studied think its okay really bad kill myself get idea head all actually find motivation something life want live cant stop thinking ideas im sad get ihaventstudiedatallformyfinalyet hopeless feeling inside guy school jumped one dormitory buildings days ago presumably finals stress makes even unable focus want able something past semester weird limbo motivation anything feel like life may end soon yet part want life end agh
1	feel never livedall life thrown around people consider friend one else find someone else would talk anymore even block social media whatsapp reply messages thought life got better found friend mine got close talked everything sun eventually got together months friendships classmate spend lot time together broke months  days relationship rd march depressing blamed insecurities previous weeks constantly talking another boy junior orientation kidmeans orientation group leader school got close started talking much gradually talk less said never like last weeks relationship started sending pictures whenever say want see also started talking lot conversations asked join dates accepted without thinking feelings also got parents send school something always wanted never accepted within one month knowing him already let catch ride school parents car talk parents despite knowing  year months never let see parents go great lengths ensure parents dont see me time also go library study invited me would also rather go home go home me make feel insecure actions yet maintain never together past week since broke insecurities couldnt handle it started talking ignored me front face laugh talk happy around him started sending hearts messages happen see text class something never used do also broke promise would skype one else today skyped know asked since online skype today rarely days except skype me feel never live lot problems like family never peace friends loner feelings start snowball feel depressed wish antidepression medicine feel bad without want jump building stab knife know im crazy getting betrayed scammed feelings whole life isnt something take it someone talk to people side feel like belong world
1	plan killing tomorrownot sure im supposed posting here where dont really fucking know anymore so im  ive got many things life could name good make happy guess thats whats gonna make much harder know good life compared people im abused im bullied school dont know feel like this dont know whats wrong me dont want alive dont want exist dont know why im fucking dumb even funny im even smart enough ask questions get smarter dont understand things world work forget stuff much zero motivation almost anything used love drawing hands shake cant make right lines isnt turning right none is cant school work couple weeks im falling behind cant understand material none making sense tomorrows sisters birthday turns  dont get see cause shell moms house thought that guess ill end dying birthday know thats gonna suck dont really day could on im gonna miss im gonna miss little brother older sister im gonna miss everyone dont plan life dont want anymore im probably gonna take fuck ton pills doesnt work theres always bunch guns dads closet know anymore im hoping  hours wont anymore ive tried medicine counseling anything could imagine end didnt work still wishing dead get ive got many fucking years ahead dont care anymore
1	really know turn anymoreim i stable place call home since  moving around soon things start going well move next step plans better future everything falls shit ive rebuild life scratch nine times now say scratch mean thing name shitty phone clothes back im done always end way cant anymore im currently homeless penniless hungry sitting things life shitty car go mile without breaking down actually car cant even sell though cant afford insurance pos else there tried get another job guess what credit check recently got evicted apartment even get job fucking imaginary  digit bullshit number family friends go get back feet statecity live expensive even get job even pay get work point thats much time goals plan even motivation life keeps wanting give good ole fuck kick back stairs time im getting back up im stuck endless cycle ive dealing  years tried really every single day worthless shitty existence nothing became it failed every turn im tired yall strength keep every single time ive asked help ive always gotten bull oh ill pray you cant give up itll get better people keeps going on im asking help anymore cause anything im asking understanding difficult one person deal see people try day life get rewarded throwing towel sounds  times better going another  years this
0	thoughts teasing people havent done since got boyfriend would little body showing thats nothing tooooo revealing dont feel like leading someone on whats yall thoughts
0	ive seen posts bitching gender war whatever tf happening like bruh yall need stop lmao
0	wow cant believe strawberry milk cult predicted portland saw world come portland  strawberry milk cult november  
1	second redflag attempt minutes ago tied neck untied know hell stopping mei  dreamt redflag first time reason parents wanted wear certain religious clothes even though want i know thats weird reason got many reasons led suicidal thoughts like low exam marks bullies etc im  beginning year feeling empty even know reason depressed time im chronically depressed remember reasons often wanted get overdose painkillers got  stopped sat cried know stopped nowadays ive feeling empty again still troubles parents religious stuffs decided love learn im member religion would even kill me believe love always tell no one loves much us parents love benefits religion daughter made feel numb even want talk parents cant even talk them know talk them tonight mom came room even say hi could say this room small better leave angrily left said be happy phone feel numb feel something people everything seems cold mom went bedroom grabbed bathrobe belt tied neck wanted tie part ceiling hands started shaking that get guts that body shaking thinking nothing ah stupid forgot even writing redflag letter written redflag letter told im atheist committed redflag would angry instead sad maybe even let corpse buried would feel die nothing me know stopped me im seriously angry myself im  years old life continue like this depressed time want this want get rid soon possible cant it ps going say encourage commit redflag inside heart sound saying hope people may give advices chronical depression even mean want kill myself im confused yes want die want die well know do ill go sleep
0	boys skirts everyone talking
0	guys giys fid doodly done im hot ye haw mfs im hot ehehehehehhehehe
0	apartment fire not also bad apartments fire alarm went im locked room  degrees wait  minutes firemen show to wrong building realize door bedroom somehow locked key inside leasing office opens  hours im stuck couch  also fire
0	 biased muppet fan love treasure island christmas carol great muppet caper muppet movie absolutely deserves best them enormously entertaining thanks snappy script jerry juhl film looks lovely beautifully staged musical numbers speaking songs really liked them sure best song score muppet franchise nice listen to especially never before never one favourite muppet songs along first time happens professional pirate muppets usual fantastic particularly always delightful miss piggy chemistry kermit fozzie great brilliant human cast bob hope orson welles madeleine kahnthe wonderful actress brought us hilarious movies like whats doc blazing saddles clue cloris leachman steve martin richard pryor made memorable guest appearances careful overshadow muppets fantastic film  bethany cox
0	tell native speaker ur learning language japanese korean speakers ur great learning japanesekorean english speakers understandable english useful spanish speakers tells something completely false cuz think funny french speakers fucking time everyone general vicinity points laughs cuz said un instead une
1	redflagwhats likehas anyone actually survived redflag attempt like ask becauseim kinda flipflopping right now wanna diebut think were fucked get kind positive ending maybe express lane best way out express lane redflag case
1	reason livei anyone depends me important job do know unpopular but alive thats case seriously whats point suppose took realise matter really close killing myself suicidal thoughts head day night theres two people world stop it think grit teeth despair cos feel trapped theyre still around im sure it
1	ranti going commit redflag longer reason to simply ive waited long im s people depending me ive wanted kill teens intensive treatment redflag watch times late teens early s many people grew depression thought would heart hearts think deserve break quite people fate thinks otherwise cant think moment life would bring say glad didnt kill myself become envious people managed it died young would still promising life cut short im middle aged person failed wait end long painful way suggesting anyone kill themselves
0	idk maybe might help someone ok call weeb degenerate watched silent voice made look world little differently great movie  watch it life really worth living always petite benefit people also benefit ok selfish helps realize people want affected way people dont someones finding someone cares deeply way know people care willing help need ok asking help even someone cant help directly need accept suggest really want commit redflag one really stop try end depression sickness would really want die curable sickness also things helped me go outside focus making happier could mean anything getting ton money something simple like getting homework week done please keep pushing through believe get sickness like many others can strong sometimes need find strength within sorry formatting im mobile grammar word mistakes also mobile dont want speak check thank reading tho goodbye 
0	cut toxic people update httpswwwredditcomrteenagerscommentsmdxcut_her_off_or_confront_herutm_mediumandroid_appamputm_sourceshare blocked her toxic cronies too lfg guess
0	go get summer job summer anyone got recommendations best options would summer job
0	among us discord vc anyone wants play among us gc vc let know friend rn need least  people 
0	ive aerospace engineering class high school one girl thought cute often got paired together work since one top students class efficient together time worked together genuinely enjoyable knew us really liked subject glad work other one day asked could stay school bit discuss project thought build together agreed weeks stayed school together classroom working building hearts out always laughing derpy moments eventually finished building project make robot clearly liked other knew knew today asked out said yes thank reading story
1	im tired itive given all even pushed nothing left living car went  sizes weight process getting job life finds ways screw over wanna anymore im tired fighting
1	held loaded gun head tonightim  average american white priveleged male job make great money lot friends serial monogamist entire life engaged before since engagement broke seeking mental relief forms relationships eating put close  lbs made things worse recently broke girlfriend  years never love comforted me since ended ive tornado lost  lbs  months gym diet decent single life tonight everything came crashing down open woman relations shut down nothing abnormal deal rejection fine triggered something scary feelings self worthi hate typical american soul crushing office job idea life supposed about hate american dream slaving away office order afford buy stuff dont need yet say anyone im ostracized made feel worse shortened version everything going didnt get responses text messages put didnt balls pull trigger need outlet
1	fastest way kms help
0	aight listen please dont assume personality andor make fun people based music taste
0	pee stored balls shit stored ass checks fact cant deny sit fuck
1	would like could stop bloody sensitive timei almost start crying smallest gestures get upset people say im bad person get happy people nice want feel less means toxicly masculine force emotions down idc want sensitive
1	told think cares money give said true therapists lie right clients eyes true know argument wasit client invest money therapy cannot get better think bullshit wish could go therapy pay always struggled trust attachment issues still vulnerable spot knows think single thing wants money coming in think usedi severe redflag paranoid smoked last couple days think could paranoia getting worse something know guess mess usedfuck making suicidal think therapist cares
1	im giving upthere nothing left me motivation energy hope im much disappointment waste time wish anything killed years ago spared everyone burden dealing me im stupid lazy hopefully tonight night finally put end pathetic life still here wish wasnt
1	tired lifehi ill try keep shortish im angel im  ive contemplating redflag know going tonight itll soon ive grown tired life think handle anymore course reason lifes kind mess since  came closet announced family friends gay parents disgusted friends already figured out mostly fine always feeling people like me came out dad would constantly verbally abuse me calling faggot making gay jokes anything make clear abomination him mom that drifted me clear like it even though never said it could tell wished son person family truly accept gay identical twin brother kaiden close stereotypical twins identity crisis everything together actually lot things separately played baseball played soccer student council drama club etc always ate lunch together school play pranks teachers would tell eachother basically everything  family moved went whole new school issues making friends father continued verbally abuse me finally got tired it take it so attempted redflag drank bleach kaiden found me rushed hospital pumped stomach kaiden insisted get help refused decided best thing would move house rented apartment next almost two years went smooth kaiden sharing apartment boyfriendgirlfriend never spoke parents sharing apartment great never really problems then  months ago kaiden got car wreck days later died ive completely lost without him like part gone practically whole reason living boyfriend tried hard help out honestly working mope sleep eat little bit play video games sleep more life meaningless feel pain now kaidens funeral mom said son died dad shot many nasty looks made even gay remarks usual stay whole service terrible im lonely know end it editsince redflag watch id like say im planning anything tonight ill probably fall asleep soon nobody freak im replying
0	need talk someone  ill talk first person dm
1	love youi love helping people even tho im insanely depressed myself pm talk
1	world better without mefor last  months ive feeling like hurdle world people approach need something have im grad school new university seems everybody else built friendships undergrad years theres need me then used group friends online ive part of fell apart january bloke ive pretty close turned cold towards but towards rest group yes ive tried reach him take initiative complicated subject uni judging professor talks me assumes dumbo yes mr professor sir count  much that suspect profiling  im girl long blond hair wear glasses talk students like that even fail answer questions thursday lost new friend speaking mind friend public place suggested go separate ways entirety today straw broke camels back cashier rude made honest mistake mum showed vividly care less feelings talked dad world would much better place without me im inconvenient uninteresting stupid death would increase worlds intelligence overall happiness margin fair tired inconvenient ashamed existing circumstance people find efficient way it make least mess death people deal with
0	every parent like stepdad parents either beat yell children theyre upset soft parents raise ignorant kids ignorance bliss parent trained hardcore parental figure like stepdad prosecuted  years people spreading diseases everywhere raising screwedupinthemind snowflakes still pandemic assholes wearing gloves supermarket throwing trash hands stepped crocodiles ampxb want make parents stricttoughgreat again stepdad best example parent be bring back death penalty misdemeanors felonies parent raise kids manners lose parenting license watchlist  years ampxb ignorancelazinessweakness cured unless junk food carb drinks outlawed sale minors
1	want kill myselfi want kill myself want something really fucking stupid like drive car tree trip flight stairs something take away suffering everyday life want die want something big happen something serious make everybody else reset way think me adhd making life hell moment especially trouble emotional regulation tearing girlfriend apart cant remember shit enthusiasm happens less remember said shit feel harder becomes snap it wish could restart life blank slate connections ties live pace mental burdens holding back envy meander life happily whereas overthink every single decision make deal constant thoughts ideas swirling around head every single second day matter decision make ill think wrong one cannot content life moment nothing try best despite experienced fair deal trauma life whats price happy
0	got question im looking good gaming chair around  less idc office chair long comfortable reclining function footrest thing
0	make stop
0	gonna ask thats right golly im nervous screw
1	ever kill myself want stream itjust funny thought had maybe way somebody talk it even mention news channel
0	asking doin forget  math test know shit day horrible doin
0	hey you yes you looking good today filler filler furry filler filler
1	always wanted urges never actually tried want bad stuck people family died little brother still kid hurting bad brain says people try kill themself worse disorders go try really  think ill die wish easy moral bad feel fake never tried kill myself
0	anyone else go phases obsessed fruit like week every couple month like longest time fruit never sounded good tastes kinda plain holy fuck fruit like best thing world cant stop eating it
0	upload comic tapas webtoon want know want make comics
1	ive suicidal lifei want die
1	cried first time todayi suicidal thoughts while realized easily could could make easier mom like calling cops gets work doesnt see like that realized quickly could go broke front mirror wasnt much sadness realization overwhelmed me even notes ready send loved ones barriers put place stop thinking thoughts disappearing quickly dont even feel much pain anymore empty
0	think im love moved new town called stardew valley theres cute dude named sebastian
0	day  recommending songs like rteenagers game awards edition httpsyoutubeabsohqany ooooooooh elden ring
1	sleep night kept staring razor bladei couldve killed myself but didnt want pain end hurts cant sleep want wake wish someone end misery guts fuck up everyone right nobody deserves me tried hundreds days counting maybe force happy myself never works lost mind want die like heart sinking never happy end it
1	used think redflag realized death nothingnessmy reasons thinking redflag might silly others reasons boredom mediocrity young everybody including myself believed great potential success family circumstances prevented reaching potential live normal life struggling like people felt equated failure wanted die instead work  getting by thats saw future felt worth living still enjoy little things though comfortable bed watching favorite shows good food treasured friends kill myself what nothing i unlike others want redflag healthy pain would really want exchange little things nothingness even times burdened regrets self pity still things worth living recently realized big things life like successful career expensive travels amazing able release suicidal thoughts little things little things exchange nothingness death
0	mod removed post version  im sorry getting mad job guess it wasnt necessary tho
1	brother tried kill himselfidk feel visited days ago kept sighing wanted ask wrong showed absolutely interest tried reaching along siblings shit bad multiple times gave nothing would beat little jealousy stole shit always scared him ive grown downright hate feel like total piece shit gave absolutely nothing years finally make visit ask mom money say nothing me idk maybe came test see anyone cared blew it sent message explaining hope responds probably not thought fucking i attempt recently found time brought hospital siblings counting one living us mom said anything afterwards never happened still dont mention it ive thinking like wow right ol one would notice gone true since ive gotten reckless suicidal person seemed give shit dad found first place didnt say much himself thinking one want help other who right now really wants contact brother tell much love dont want die maybe didnt know dont know regardless sent know felt dont want go
0	know elements order friend challenged science day week see elements could memorize kept going stopped days  elements known order know
1	idki expect pity answer needed let since feel like cant anywhere else ive thinking killing lot lately school mental health people around me ive always close im much coward finish it girlfriend stopping times still feel like crap still old shit cant escape from im basically stuck know do feel alone maybe empty whenever let emotions say think feel everything turns shit gf id talk suddenly switches gets dry moodysad bc said right place decided go quiet talk anymore feels wrong type this im glad found subreddit feel like nothings bad going happen ended this still feels wrong way hope im annoying smth
0	cant cry anywhere dont even room thats piling emotions cant take anymore
1	soon enoughi cant anymore im typing using starbucks wifi im homeless empty agonizing pain found girlfriend cheating last december since loved ive loved anything life loved daughter stepdad too loved family found guy cracked something inside snapped still sleeping together odd relationship may constantly toying emotions getting hopes up happy around falling apart wasnt tried hard get back like life depended it happen keep together moved different town back april thought fresh start would needed things still lingered find job came see couple nights actually ended sleeping together that disappeared thought would better stay guy instead working me stopped talking me able find job got kicked out managed find place stay finally got job week first paycheck kicked reason whatsoever ex come pick cat whatever could fit car rest thrown away brought boyfriend daughter see crying hysterically losing cat street ended best friends place days got leave space best friend mind im street ive reached everyone can facebook entire phone book family nobody cares im homeless depression crippled mental state im constant agony cant anymore realizing people loved care constantly realizing lost everything mere weeks away getting back feet ive alienated everybody nothing nobody keep going almost hung last night backed last second figure get paid tuesday ill go enjoy it one last hurrah seems like option obviously theres something wrong me one much bad luck ive never felt worst life nobody cares im gone whats stopping me
0	need hug filler filler filler filler filler filler filler filler filler
1	think might finally go it live state waiting period buy gun got money time could go tomorrow spend  ill finally means end things nervous scared want over working
0	im scared bullied bicurious side note please bi knife case happens
0	made selfportrait idk else post httpstwittercomraulstermasterstatuss posting like since cant post images friday
0	big sad im lonely
1	dont care gonei thought jumping today im already depressed cant sleep mom walked telling take nap lay  hours later came asked slept realized would leaving behind people would feel disappeared im postponing
0	reddit sucks ass  voting system makes impossible opinion  memes shit theyre jokes results later life convo real life cant think anything haha neighbours kid weirdo even though nothing actual conversation  redditors obnoxious people  years karmawhoring trying considered edgy get downvoted make basic uninteresting person furthermore nobody able change  original self left instead husk npc  op circlejerk idk many times ive seen op say something stupid instead upvoting answer calls op out people downvote oblivion never seen casual scrollers by fake news easily spread reddit long something overlaps groups beliefs  social networks suck ass everything made make dumber depressed easier companies feed you all easier abuse one sad stupid person deal happy smart one  post then think anyone going say themselves think veteran karma whores husks going risk getting bad reddit points do post here itll probably never get seen  one reason btw easier click arrow like something read long post post get seen  people even bother read system rewards short simple things long exhaustive rants easiness upvotingdownvoting all easier quickly scroll silly relatable simple short jokes pay attention rant example would be ivan smart thoughtful person andrew redditor ivan saw post commenting long text andrew said silly trendy phrase got opportunity person you scrolls site sees andrews haha drill go brr likes upvotes matter seconds thousands others person goes read ivans text many many clicked arrow andrew understood fast spent time reading ivans text thus less people upvoted answer amount time took upvote andrews short simple phrases usually repetitive brain loves that rewarded long thoughtful rants thanks  people read all
0	let introduce b name mai im  got long legz
0	guess youve reading comments latest new posts youll know topic is
0	feel really lonely sub feel im girl brave enough browse post here
0	fix boys vs girls meme clear meme problematic fix it without taking away funny factor meme
0	blue cheese want share it title says all enjoy
1	brother needs helpmy brother needs help last year come terms fact serious drinking problem said really rash things past one point committed briefly couple nights threats taken positive steps since then quitting drinking one relapse aware of getting medication seeing therapist seem help see this brief exchangehttpsimgurcomauqlcff today difficult soooo misanthropic hopeless feeling feel like advice try give laughable eg i understand stalin scorch earth fuck everyone well sounds like need good ol fresh air think exercise important helped struggles depression response angry genocidal statements seem comical however taken initiative things ive mentioned above wits end next course action be
1	every person disappoint idea hadplease positive responses every person love end stop loving back saying liked well listened im constantly fucked around me alone forever least feels like cant trust anyone else care long term family shit life shit want kind words remind loved forever someone im either disgusting asshole useful emotional sponge please positive responses
1	im sorry needed talkhi reading stuff afraid comment anything made throw away account im  know teen years it get better im aware need somebody talk person usually talk trust kinda kept sane living high school experience talk feel pretty abandoned also feel really guilty feel selfish im holding trust anybody else getting drinking problem supply got cut cat never really  also tried normal stuff life punching wall knuckles got swollen one teachers said something guidance counselor kinda like prevention post needed talk people felt know like thanks
1	feel might time iti hate pain time since ive hit car hate breathless disease people use me abuse me like mother ran away matter am do im always harmed bullied im alone cant trust anyone probably better im dead one knows cares anyways
0	finished last ever math assignment  years classes countless hours studying many many tutors led final math question degree yax rather anti climatic ask me
0	comment fuck ass daddy post comment fuck ass daddy post
0	were stumbling around together unformed world whose rules objectives largely unknown seemingly indecipherable even possibly nonexistent always verge killed forces understand says ted pikul film people sums life existenz probably film existence real unreal tell difference not last line film superbly ambiguousbr br the film seems like shaggy dog story indeed real shaggy dog it takes along interesting ride full provocative cronenberg touches make look amphibians game pods fish spines bones new light bits quite icky takes place rural setting gas station called gas station chinese restaurant called chinese restaurantthe film engrossing texture leagues away usual big budget science fiction movieyou read many things film repays watching oncebr br the main actors jude law ok jennifer jason leigh great roles suit talented actor good role like unmatchable unconventional beauty fascinating voice suits part allegra looks great short black skirt too familiar actors given much do looks good sounds good howard shore score complements film well cronenberg possibly alfred hitchcock scifihorror genre matter film makes always worth watching
1	takei tried last night take kept bleeding bleeding  minutes bleeding stopped woozy blood pumping hard put effort cut more think lost like probably almost liter hell lot  hours later im still woozy tingly places especially like cross legs ive drinking lot water gatorade ive eating food something better eating drinking still want live im anything point make appointment therapist im going talk worry that keep thinking back feeling losing blood watching fill tub feeling calm like finally coming home know best kind post subreddit yeah im kind mad able way cant feel much anything right now worry right safe just food drink something better get less woozy want go hospital theyre going lock id rather home roommates feel safer around
0	somebody please play yugioh duel links me id  bored friends dont play yugioh duel links  
1	ever walk around night think easy would step street let car hit you damn beautiful night see stars smell scent fresh rainso easy kill moments beautiful wish life would always like that nights too nights try sleep nights like even good music help nights want someone hold lap tell everything fine time time cant run away work busy living life inescapable hide yourself
1	even get readmy family finally showed true colors feel suspecting long time resent me mother sees biggest failure life bc never anything right live summer live house verbally abused life physically beaten every day kid scarred every day greeted hostile looks hatred screamed things wrong things dont even do hands pockets despite facts never laid hand with exception hug occasional kiss incidental contact yet feels unsafe living bc tall kinda strong feels wasted life away father left tenth birthday somehow one feel doesnt hate me barely even knows me brother criminalizes leaving go college another state studied commuting home thinks reason life difficult difficult stays home chores thinks reason family use them thinks think im better him many times said trusts friends me thinks always right fucking delusional every thought have theres me im fucked cant even hold normal relationship ignore friends know nothing me romantically dont open either someone interested person cant help think must something extremely wrong point fixate smallest things makes imperfect me often times find thinking much better me leave relationships even chance bloom skin disease itchy honestly makes hate every second dont require help treatment anything tho suffer get panic attacks often home family matter dont sighyawnbreathe like front me think im nuisance everyone close thinks youre monster honestly start believe too fucked up bad person never loved capacity honestly wonder time whats even point things always end way longest time ive felt dont want anymore id always tell itll get better see really doesnt maybe point oddly enough first time long time feel peace never shared someone read far thank you need someone world know this even one person maybe someone find perspective eternal fuckup somewhat enlightening sorry essay
0	absolutely one best aviation movies times many levels hardware junkies drool largest single massing flyable spitfires outside battle britain reenactment less eight flying spits hand accurate ground air sequencesbr br those marvel lore flying get mistyeyed reciting high flight identify central characters reverence freedom fast free high dark blue world warned romantics even dog lovers treated emotional ride movie core message one shared many war vets finest hours period life felt alive fact war everything else sad graybr br the plot concerns czech pilots escape country nazis invade join raf free czech squadron subplots worth careful attention plain old excellent movie even ardent antihardware romantic love keep kleenex hand beautiful photography firstrate acting accurate details raf life battle britain easily candidate aviation enthusiasts personal dvd collection
0	people say metal music makes kids depressed wrong actually cheers since usually something relate to
0	day  posting lines bee movie every day get so wow im out cant believe im out blue feel fast free box kite wow flowers
0	oh god oh fuck im gonna regret
0	know even seatbelts people die time car crashes thought thay interesting
1	wild redflag notethe wild wild system hierarchy wild politics economics social groups families food chain wild see everything divided groups states counties borders crossed every animal group system way things elephants example matriarch system chief elephant leads herd family groups composed moms dads sons daughters even uncles social groups within herd link elephants broken one elephant dies elephants mourn lost breakup also see systems animals like lions disney movie lion king entirely true true behaviors seen movie like alpha male king leader behavior really seen wild females hunt male sits day guarding house animals intelligent enough create hierarchies assign roles multiple examples systems wild humans systems politics economy social groups reflect close perfect systems lower species develop factor limits development process successful systems betrayal wild rare see species animals betray kin among humans really dominant factor politics economy effective systems weve created see betrayal politician promises change delivers misery poverty people see betrayal economy person makes apparently enough money survive terrible life steals poor satisfy greedy vicious needs see betrayal social development social groups born could easily betrayed mother chose abort life miserable piece crap baby wont make better get chance born get betrayed every single step life matter much learn life evil ways youll get betrayed one call brother one call friend sometimes even one dont call anything dont even know them thats fucked world is get betrayed fall love get betrayed think load speak dream fact anything sure get betrayed may ask yourself happening me trust me eventually realize nothing god damned world worth it nothing worth it knowledge popular famous rich pretties cutest person world nothing repeat nothing worth it animals wild humans really need food sleep well given bath love every animal matter species needs love need special someone imagine screwed world prefer betray friends family sometimes even make someone elses life living hell know gone way point life make someone miserable something see wild animals understand commitment responsibility comes living world enjoying stay shit hole lasts also see shitty behavior wild animals mental capacity hate mental capacity betray backstab friends one thing ive learned life experiences befriend anyone smile wave learn names call humans vain love listening name narcissistic sons bitches huh thats one things ive learned like said means nothing absolutely nothing worth anything nickel back piece crap world know may seem rude seem like ass thats get go wild learn survive eat every single crosses path days ago came phrase lets it really meant say lets anything lets sit nothing death proclaims miserable bodies feel like life less shitty nothing cant hurt get hurt people say pain makes us grow well guess biggest pile bull shit ive ever heard human beings evolve  million years live pain evolved basic necessities needed take care caused changes human body adapt physical nature nature itself really hate people say love relevant thing okay okay lets see handle everyone rejecting able love youll go fucking nuts less hours specially society emotions souls driven facebook twitter little practical start facebook profile get tons likes close account come back computer screen like love searching moth dark love whores need love need much family abandons you friends become filthiest assholes universe dog doesnt want pet him turn god loving hand could bit less stupid please god loves loves everyone kind love humans need love invisible created world humans themselves humans need word im talking bible im talking literal word love say well growing mom worked day step dad lovehate relationship me sometimes needed word word used context famous phrase love you tell like hearing words together wish would given opportunity choose wealthy life love mother really ever feel know love is ive multiple relationships failed miserably know love attitude shit lot people suffer shitty attitude syndrome basically asshole enough males females across globe fall kind behavior think attractive well people like bad attitudes stupid put mental institution get serious treatments attraction always fault fault definitely stars fault way thinking people example used think stage manager traveling theatre group college cute filled joy every time saw face talked her came betrayal liked friend even though completely satisfied decided pursue dream one day given chance join relationship even though know probably never find out something bothered killed inside ive always type person likes listen whenever got chance talk would listen lovee dovee things say mind give three shits thought him cause guy im straight face would reply typical mhhm intelligent trying get girl like you point along way liking started see interest getting strong point friends would go eat invite me case know fucking big deal okay do nothing nothing all anything decided quit thought ever existing decided kill myself redflag letter cry love really need someone roam savannah me show beautiful skies kenya need someone help fight life wild
1	stopped boyfriendbestfriend committing redflag morning hes really bad shape need help badtheres alot story much time go get work internet im going kind put small nutshell can boyfriend best friends almost ten years recently started dating broke babys mother making life living hell blows phone day night literally constant bullshit terrible is fucking dudes hurt him going replace father four month old son refusing let see son well killing him shows house calls texts etc day night repeatedly hes lot bullshit go life literally one me hes terrible place mentally morning called told really bad place think could stay away gun luckily got house time hed taken three valium three xanax muscle relaxers bottle nyquil beers beyond fucked up slept next day made sure going anything stupid woke remember anything happened hes still telling mind place listen tell cut contact her know do cant leave alone cant keep trying keep head mine water listen me also suffer depression im worried takes fix this know do ive considered calling police put psychiatric evaluation works  days week cannot afford miss work im terrified stressed know start listen me please someone help me
1	support chat group availablei always suicidal thoughts im actively suicidal speak wanted know know support group thats chat based im already therapy enough ive tried cups feel problems bit dark reply appreciated hope everyone reading gets better
0	im damn unlucky wtf like literally nothing goes well nothing going long hell do
0	hurts much ive suicidal thoughts recently getting major support therapy meds im already antidepressants werent working load things days ago constantly suicidal thoughts twice day cant begin describe agony happens sometimes ill put way extremely painful headache isnt physical im guessing mental hurts muchi cant stand it clutch head go floor crying far remember one else knows this cant stand physiatrist said depression like hardware brain change software thoughts feelings basically means im fighting depression whole life ive nearly whole life anyway planing redflag dont know stand whole lifetime
1	definition failure lifehave ever felt like quite hit rock bottom yet going go downhill point on  always struggled depression past  months so seemed cured myself found ambitions friends girlfriend one month time everything came crashing down got rejected university  times lost  euros investing something extremely stupid  friends which them told want friends anymore for obvious reason all absolute love life left someone else top off tried committing redflag woke massive headache girl breaking given actual ptsd random anxiety attacks lasted  weeks now cause wake   every morning never experienced symptoms biggest failure around wake every morning hoping enough balls properly kill myself reading definitely gives courage actually it
0	got free award first comment gets
0	rude others jealousy acceptable grow up mature respect one another yes obvious people need reminded this
1	mrdeek i messaging guy back forth seems vanishedi first found hereanyone got clues
0	im girl btw yes accsualy girl boys pretend guy
0	really realistic sensible movie ramgopal verma  stupidity like songs hindi movies class acting nana patekar br br much similarities real encounters
1	pursue help want nothing foreveri care family cares me mother father assholes bringing here owe shit fuck them deserve seeing dead body care cry like idiots may pay funeral want want waste money like waste fine tired getting school care senior high school fuck humanity fuck school pure indoctrination fuck college demanding wasteful money teaching wasteful shit free exist truly free born fuck everyone equally think govment allowed die euthanasia legalized gone slavery oppression true free will ye
0	robert altman favorite american director must admit enjoyed films usually scorned quintet giving pleasure seeing grownup beautiful brigitte fossey unforgettable little girl forbidden games health lauren bacall carol burnett alfre woodard glenda jackson cast popeye splendid surreal world shelley duvalls olive oyl wonderful malta locations oc  stiggs proposal antiadolescents flick beyond therapy lunacy presence genvieve page effort look parisian chic taken travestite even enjoyed oneact tv movies like the dumb waiter the laundromat much plot develop films wonderful performances burnett john travolta kim basinger jane curtin perceive enjoy different approach description makes many different cultures united states pity genius seldom appreciated always forgotten time comes giving american prizes awards typical mainstream purveyor fantasies maverick surprising find many bad comments posted the gingerbread man mainstream effort date knowledge know many people thought like leonard maltin like altman all case one may dislike the gingerbread man reason grisham directorscreenwriter altmans trademarks here improvised dialogue great performances funny lawyers office typical irreverent receptionist secretary people find boring found first act fascinating thanks also great cinematography changwei gu man shot red sorghum ju dou farewell concubine way showing us things see american movies different light foreigners gaze almost everything seems new different first act things logical true wait get older may get trouble fall spell someone younger beautiful embeth davidtz know done fascinated someone younger am robert duvalls repellent menacing mysterious character geraldo storm threatening savannah second act gets little phony even funny altman may conducted grin remember laughing aloud several instances ironic remarks think applying bit brecht distancing us preparing us third act plain hollywood pastiche altman expertise wise man intelligent director luckily fall traps todays action movies directing tale lust greed death disappointed bit movie give nine instead  grisham american reader turned bestselling author complain maybe thank altman showing us seams stories dullness flatness silliness all however much gusto humor cannot disagree negative comments me persons saw another movie vice versa
0	emotions embarrassing yall relationships n shit ive maybe four serious chances guys taking interest going dates thought vunerable someone omg shit embarrassing asf cant it im senior hs never relationship void emotion anyways anyone relate
1	got better mean became okay ive never known like okayso exactly suggesting moredifferent pills im already drugged  different medications day took nearly four prescribed batches get here cant afford grasping medical solutions entire fucking life real solution right there calling everyday im much goddamn good person family suffer every fucking day selfish bastards to really fair never asked born want end it never wanted start first place thought everyone felt way sort put lives forced into no me im fuck up cant keep making best it bullshit throw birthday party someone hates birthdays worst all party never ends theres way out
0	batman returns opinion first batman batman series half movie batman returns is first batman tim burton batman joker played wonderfully michael keaton jack nicholsonbr br in batman returns feel perfectly cast batman movie yes even better dark knight keaton returns batman perfect role never going far top character batman perfect film comes two villains hes against first danny devito delightfully insane penguin michelle pfeiffer catwoman dare say one interesting complex villains batman movies feel way pfeiffer way becomes catwoman starts rather pathetic mousy selena kyle truly dives dark side mind get brilliant performance woman goes trying hero villain suppose back hero end also amazing cast evil businessman max schreck played amazing legendary christopher walken supporting role theres something role love maybe look schreck film makes performance better already isbr br story wise say batman returns much going time around opposed first batman part reason loved story much fact burton dared go much darker twisted direction opposed nicholsons top antics story penguin tries deceive people gotham making new hero mayor city catwoman struggle decide really new persona comes batman feel one hes ring leader holds two stories together course kicking ass timebr br cinematography film dark atmospheric like story thats taking place within it gotham city never looked good bluray hd chance see way means truly adds overall experience batman returnsbr br so truly feel batman movies batman returns believe tops dark knight enjoyed movie heath ledgers amazing performance joker felt movie lacking something batman returns lacks nothing want see amazing film feel perfect cast batman light bat signal for
0	super mario d allstars game asked th bday parents ordered arrived mail house somewhere cant play bday im trouble waiting
0	evolved instead lonely im horny stop horny
1	please helpi feel like im losing mind im much pain need get city get world want pass peacefully badly cant hurt family like that cant take much longer though know do please help
0	the kennel murder case starts run stop end everybody reason kill victim several people tried william powell terrific philo vance gentleman detective mary astor refreshing putupon niece wants marry scottish gentleman enjoy inheritance movie comes paired nancy drew reporter dvd also fun rent disc or check local library it pure entertainment
0	ey made another dumb quiz finished heres link anybody wants take fun cause theyre bored httpsuquizcomfuid
1	everyone keep telling express feel dont know myselfim tired cant look least sad else ill get usual say feel sharing make better stuff no wont share cant dont know words im exhausted bother wouldnt better disappeared dont understand keep enduring painful task living is love never worked me family disappoint anyway friends annoy whining always say express im feeling support whatever doesnt even matter many times say dont know feel something cant describe least accurately hate ask elaborate try avail stuff tiring exhausts too want get shit time dont find so id like go enjoy normal things like everyone does id rather stay inside tried times end it cant it im even good enough it ive sh free almost year now yet miss badly euphoria blood running arms dont know ive made far just end this please dont know anymore
1	seeking help finallyive hating life situation years even though probably better people job college degree good pay least one reliable friend hobbies still want die daily dont think ive gone month without thinking redflag since started  anxiety attacks elementary seemed go undiagnosed passed tantrums finally  went doctor got prescribed venlafaxine hopefully start enjoying br good life
1	im waiting parents die kill myselfmy parents good people adopted raised best efforts want upset them especially mother attached would go insane kill myself im almost  lover life loneliness unbearable right want live like this time want parents sad im waiting
0	sinner whos probably gonna lord forgive lord forgive things understand sometimes need alone
1	good bye everyone fuck world boyfriend broke meam gonna kill self today gonna take foster dads sleeping pills pills alcohol boyfriend broke fucked made mad hea whole fucking world love lost might get adopted foster parents might thrown foster system lose hamster got birthday love fuck ton dont friends boyfriend bestfriend friend bullied abused school teachers dont much anything live anymore lost life twice
1	want kill myself sure wish id stop breathing maybe never wake upgt whats point life hold job  yrs life thats life thats fucking sentence god damn prison sentence fucking place like work dear usps understand now people go postal drive fucking hard barely able pay bills fuck you gt mom wish wouldve put adoption keep someone told think could make age done make everything never considering peoples feelings made countless shitty fucking decisions ass hole gt dad whyd worthless know parents teach well parent husband jesus couldve there made better money decisions actually put food table instead mom starving time maybe father hard watching kids now get dad never had gt lauren miss much loved you still do walked door id scoop arms ask start over im sorry know man needed man all wish wouldve told everything open me fucking maze unexpressed emotions thoughts gt myself disappointment try harder stop fucking pushover go things always wanted reach was late tell everything wished wouldve always scared scared setting expectation putting there starting over hate you reason weve always hard fucking man good enough could separate you everything would different gt god there life make sense without beginning eyes you you everything fault mean stepped in given hand taken me im lost need help answers love companionship someone talk to know anymore wish id never born
0	one tends get slighted lot critics kurosawa fans thought wonderful episodic multicharacter study tokyos poorest live city literally made garbage though looks like abomb hit film sort serene beauty thanks glorious use technicolor title comes sound made insane young man drives imaginary trolley slum characters wonderful stories engrossing perhaps tragic concerns man young son live abandoned car searching food spend spare time using imagination build dream house emotionally moving beautiful film
0	fuckers stole kitkat cant shit meta physical plane existence
0	tell something youre cute 
1	nerves exposed loneliness gets painfuli try act tough manly people see it care much way people feel around me think what wrong am even adding anything exciting interesting life struggle socially struggle talk nieces nephews way should see boring im
1	really wanna knowi need easy way kill myself know every way painful mayb easiest one anybody really last string  cant handle anymore nobody talk turn why r u talking bullshit stop pessimistic life get better oh really hoping gets better see nothing
1	scaredi told mom everything go doctors get medication im scared medication work get better
1	friend gone didnt even see cominga friend mine took life strong successful beautiful never knew struggling werent best friends but made impact life helped shape am idea struggling ive talked people closer family hid pain everyone begging pleading everyone here everyone reads thisplease talk someone would done anything save her but didnt even know struggling love crystal believe knew that
0	word sad horny would come handy gtgtgtgtgtgtgtgtgtgtgtgtgtgtgtgtgtgtgtgtgtgtgtgtgtgtgtgtgtgtgt
0	lets discuss politics opinion politician position issue x good meanwhile politician bs position bad vote politician a
1	im going see whats afterlifesorry goodbye
1	get it really think deserve iti really feel like terrible person think were terrible people teenager sliced wrists hell stitches er multiple times hazard growing hawthorne heights guess amirite lulz course im right despite knowing im terrible individual worthy life motherfucker going try rationalize continue living guess want know why life precious makes precious you
1	well think finally end memy roommate old friend living moving out able get place lost job car died transmission verge becoming homeless hes pretty much person have support otherwise nothing ive trying hardest rebuild life constantly getting kicked down im battling severe depression bipolar  anxiety ptsd next hope making alive hell gone days empty apartment myself worst feeling world everything crashing around once especially put life got nothing back guess another worthless nobody gone forever one notice
0	im fuckin happy sebastian vettel checo podium
0	straight lines parallel lines making straight line difficult ppl right making two straight line even difficult making two straight line parallel even difficult underlining word making two straight line using ruled papers line reference make two straight lines with pen removable assignment like marks thinking could made single straight line instead two one heading need rest assignment fuck even difficult
0	favorite aesthetics im kinda curios
0	reddit glitched cant see comments
1	know posting helpi tried kill last friday tried od almost succeeded second attempt year everyones already moved on im okay know family realize this know psychiatrist realize this know therapist realize this cant deal this im try again know plea help what ive always skeptical empathy strangers know help me every time feel anything leads this shut whenever start feeling anxious sad happy scared leads suicidal tendencies worked past earlier today managed contact close friend talked while happy few fucking hours ago happy cant even feel empty do middle night cant call psychiatrist therapist family see redflag hotline could possibly help cant go sleep like this im lost cant allowed feel anything without wanting kill myself whats point living all want this allowed feel happy know whats wrong brain mood stabilizers antipsychotics antidepressants anything me edited add know terrible say this think this but wish sort terminal illness wish cancer could make alone anything would fine would mean would excuse physically sick pathetic anything would fine need something know is something change cant stop thinking would it need hate feeling way too thats blunt honest truth edited add feel like im me im person six years ago im one voices used head started antipsychotics get rid got rid well that try get them me back keep trying move on strange even two years control my body might delusional either way im crazy medications helping
1	im broken nothing ever enough keep smilingi feel alone even surrounded people put much weight seemingly unattainable romantic relationship im miserable people love me family friends good career nothing ever enough im broken last week ive heart broken ive stood up ive humiliated bar random girl feigning interest know whats inherently wrong im depressed anxious awkward guess thats enough it im  never relationship outside that ive never even sex shitty part even know get experience every girl talk runs away realize idea im doing want feel love comes romantic relationship friends suggested get escort help personally know one apparently sweet affectionate gorgeous cant it real actually want someone want sex me paid them im far behind ill never catch up wake everyday think killing myself get pain anger inside know alleviate harming destroying things around me though every time latter work feel empty before recently gotten bad cant think anyway feel better killing myself hurts much keep going im afraid death would people like said happy have grateful ive tried hard focused good happy matter cant am try smile bring others down killing me ill never get better im broken
0	thankyou making wonderful escape  thats love movies im impressed aireals  way shot timing dynamically perfect music being dancer  part many dance films choreography usually chopped diced sometimes even beatshowgirls movie  relationship ladies ever present movement br br my favorite scene last one pulled  ive seen movie before different version  disliked husband last time  felt little sorry time  changes feel female love birds magical 
0	want help us  read friend  friend could stand without acting saw infront him person acted true human  human go swarm jerks dislikes like reddit made for httpswwwredditcomrpedologiccommentsjgfhxjust_some_things_ive_had_to_deal_withutm_mediumandroid_appamputm_sourceshare
1	everything feels fine fine enoughits first post reddit hopefully im right english native language ive struggled depression whole life irregular way im constantly switching feeling super fine feeling depressed suicidal long period time  months year so last depressive episode occured winter lot going life dropped classes lost boyfriend live dads toxic environment lot handle take it  months since ive started considering healed fine again im meds anymore im lot stuff seing lot friends travelling started working freelance artist living again city deeply love passionate again even crush someone seems interested am im super active getting stuff done everything can honestly first time good episode feels great im pretty optimistic positive general yet feel fine enough still constant suicidal thoughts im unhappy im happy either feels great feel like theres point reason wanting end all feel like  grateful  feel like good enough motivation keep going often find thinking accident matter mind ill glad act thoughts im rational actually logical reason so keep wondering ideas actually go away someday feel like im missing survival instinct somehow anybody relate feeling could share experience recovering depression go away content situation 
1	im pretty sure want die im afraid itok so english first language im pretty fucked probably mistakes ampxb fighting anxiety since  chronic depression since  im  now lived good times sure even happy not sure simplified constant sense people think happiness definitely sort happy like lived certain country away mine spent days certain girl thing is good cycles end somehow always end severe depressed again tried everything every fucking thing therapy took lot medication embraced religion good bad jobs good bad girlfriends travelled isolated home got drunk everyday spent times sober even spent  days psychiatric hospital last year redflag ideation got really bad called redflag hotlines wrote letters talked parents friends doctors traumas who doesnt even haunt anymore therapist good stuff im committed treatment point is even everything hands always end fucking place last night debate end life not honest times feel like decision already made even plan problem thing takes lot courage think me family friends shit lot friends mental health disorders im afraid get worse know plan do im also afraid attempt fails consequences failed attempted make life even worse for others around me now well fell love friend mine want or anybody fair want relationship all pretty mundane situation know looks like emotions fragile time looks like everytime got heart broken not romantic stuff like something goes wrong friends family professional life breaks harder way like easier fall depression black hole time well sorry little longer expected know do want fucking pain end twelve years long long long time live emotional suffering
0	anyone want friend talk maybe chat room im bored need friends maybe even among us
0	parents went caring mental health thinking im going kill self sleep guess im grateful kinda annoying
1	tiredi tired tired feeling miserable time tired failing everything do tired feeling lonely tired procrastinating tired crying i tired living thought redflag last year know do enjoy many parts life hate lot others im  want die responsibilites live normal life pathetic spent summer playing games online think school instantly become depressed need s struggle even get s tell family i change next year end procrastinating studying want end good job working me parents want go university think can skipped studying drivers license  years know do really want talk someone embarrassed ask parents think adhd embarrassed ask parents speaking psychiatrist dont know do please help
1	april staround  am april st years ago cousin killed himself sixteen time am many years later wondering would like fate day im realizing it pointless existential life is it never understood why relate fully want join him friends online course always say would want live life get have seem fair get live full life gets away nightmare dont want die know fucking do even know im bothering vent subreddit maybe cry help know i just want out
1	one talk toi know im writing this im pretty sure im going kill today ive tried kill before time think go chicken out im  years old im parttime cashier live mom shell horrified course think probably better rip bandaid get disappointed sad me know suck  know ive thought many years point im waiting die want wait anymore life hard nothing makes worth it friends put work maintain it anything look forward to matter happens future ill still me problem hate person hate whiny is lazy is much coward is ive tried little me cant matter progress ill always me toxic person know im writing this nothing matters nothing say write change reality reality is im nothing one mom care  shell devastated ive tried alive life cant anymore shell forgive me shell forgive me really really hope last day im alive know im writing this theres nothing talk about theres nothing say ive messed life want go back it
1	ive enoughim tired orders responsabilities laws truly good times ive ever drugs thank god drugs break ever got daily struggle depression social anxiety good times brief worth lifetime pain fantasize redflag daily wrote rewrote final note head many times wondering leave one world deserves nothing me ill it hope soon
1	brokeup gf yesterday unexpectedly saw todaythe love life woman helped several periods depression  years dumped yesterday already quite bad unexpectedly saw real life holy shit want die words bad fucking hurt thought killing think stay strong fight now fuck pain honestly devastated nothing fucking matters anymore shes gone life want fucking die stop feeling anything hurts damn bad honestly energy live anymore
1	cut high school dropped out close relationship family love love keep arms length comfortable letting get closer feel alone wish someone fun things with chat realized friends
1	constantly feeling stressed suicidal anxietyridden ive enough someone fucking stop thisso probably going turn wall text ill try keep short sweet guess started year ago first panic attack  horrible ive never really recover ive constantly downwards spiral anxiety constant throughout day time never truly giving break sometimes manageable im room daytime anywhere else fucking painful cancer even things like movies themeparks make want cry puke anxiety sometimes get lucky get couple minutes burst endorphins quick put anxiety background everything difficult now anxiety caused worse worse mental health memory focus completely shot cant sleep night typing  am cant even get sleep unless theres sunlight coming in causing vicious cycle sleeping  am  pm ive tried much get back normal body simply cooperate go bed  pm ill wake hour later sweat bursting energy cant use exhausting it want normal sleeping pattern  pm  am appetite control im hungry day starving night hate fucking much past six months selfharm suicidal thoughts becoming worse day bombarded thoughts hanging myself throwing stairs chocking out sometimes close eyes see grotesque image its becoming frequent friends im going insane that parents completely emotionally unavailable useless every time bring up get stepped ignored constantly keeping leash refusing let house decree even single fucking friend hell fucking teenager friend hell could stupid jesus fucking christ grace found job get house parttime theres nobody around help causing many problems every day feels exhausting terrifying nothing feels real anymore emotions thoughts clashing like waves brain fucking stop mean im woozy faintish whenever stand up motivation game write anymore used love everything hurts now honestly want die get hell with want rest want everything stop im fucking honestly helpless far gone know would even want live got better worst year fucking life hopefully last
0	cute nah basically idea girlfriend im going dedicate notebook write every time hang out im going say day was did felt thinking know whole shabang well  year im going give along favorite flowers favorite candy dont lot money cant get big fancy gift thought cute want feedback it ideas revisions
1	might sooni dont really wanna explain everything girlfriend think gonna break tomorrow im getting tired life everytime gives something takes away knocks way back down happened much im starting loose hope
0	got argument someone sub said i bet also want unisex section stores said whats problem respond
1	constant  feeling hopelessi sick feeling super depressed mixed anxiety hopelessness im  dropped first year college november spent money college super excited for friends friends hometown lost college lost friends made college moved back home one talk to think ever felt like best friend talk to never felt like really included anything feel excluded game call life ever since dropped out ive feeling like crap everyday feel like failure dropping college am fucking hate myself every decision made everything leading present regret fucking hate life feeling like everyday right part time job thats thing going life im working want sleep cant sleep want get fucked getting super high getting drunk both money would make job would buy weed weed thing would make feel happy enjoy things feel like nothing live for second time ive felt hopeless life first time   years later again stuck stupid brain stupid thoughts stuck stupid worthless person everytime something good happens life gets destroyed give trying right now care sleep never wake again care airplane crash landed top right now feel like never ever find happiness would rather feel nothing right now today ive literally spent like  hours bed today motivation anything cant see happy cant remember last time truly happy cant remember genuinely enjoyed life cant remember feels like wake hate life myself cant remember feeling like actual human earth remember pain remember darkness cant see light literally talent good nothing cant ammount anything useless person never career life want right curl bed fall asleep hope never wake again
0	wanna go wendys hq ask  piece mcnugget town walk ask  piece mcnugget bug mac
0	clear want cant stop thinking him start crush one point anymore gay bisexual pretty clear like like that kind casually expressed interest  months ago knew meant nothings happened were really good friends im starting collapse little bit im starting spiral reignited depression self esteem issues control spend lot times imagining situations were together happy little while hes anybody hurt anyways ive tried move simple times
1	keep goingim ready give up life shit full pain suffering wish courage actually go thru this maybe someday soon find it hurts read posts here know here
0	time come turn  today wackiness problems gotta say subreddits one favoritesthis community really great shame leaving it stay safe keep subreddit running cause soon hit  ima subreddit
1	hate alli hate people complain lifes cant buy something really expensive others dont even know theyre gonna eat next day theyre gonna eat all hate people say depression reality sad moments stupid things like boyfriendsgirlriends hate everyone normalized redflag use joke nowadays i wanna die girl same funny wanting die something joked about suicidal waking everyday wishing sun hadnt crept throught window giving anything one day might make happy moment much pain mental stress want escape all worst able it sucks cant actually kill yourself im cowards problably never kill im coward wish courage could escape all
1	advice families redflag attempt survivorsnot sure right sub im crisis moment found hours ago mom overdosed prescription pills left note afternoon dad found acted quickly shes currently hospital unconscious stable im  hours away hopping next train tomorrow morning im shocked devestated absolutely heart broken mom like salt earth im running every conversation clues talked yesterday made plans see january im blind sighted crushed feel every emotion shock sadness relentless im looking resources guidance support anything offer dont know whats expected dont know im supposed right now take care mom myself
1	sister recovering addict recovery almost two years feeling redflaged anxious overwhelmed life told worried relapse suicide gets overwhelmed try talk help alleviate redflag life done things like clean house make sure peaceful space worry that got doctors contact information need insurance card call make appointment asked couple times time overwhelmed already asked right then cannot ask much push hard gets overwhelmed freaks out house two children worry children much stimulation one year old want help care her also afraid leave alone afraid anything actually afraid talk try keep kids away give quiet think upset afraid try talk going overwhelmed afraid talk things provide distraction show upset think care overwhelmed help idea do know
1	help decideive attempted redflag twice overdosing pills successful unfortunately middle moving psychiatrist gave phone number worried me texted yesterday response really surprised one question is try ativan alcohol im exactly confident since survived last  overdose attempts benefit could today downfall survive seriously mess up wait purchase high caliber handgun or even shot gun feel comfortable decision absolutely know work crippling depression hands around neck squeezing harder every moment making desperate
0	got  choccy milks happy meal today feel like king much happy king
0	big fat vent todays birthday feel alone parents working cant go anywhere since im self isolating planned call friends one said gonna play videogames got birthday wishes ive screenshotted stared hours make feel better
1	hey everyone ive drifting back toward suicidal thoughts lately really need get something big chesti lot mean lot drugs quite opposite someone age would do ie say drugs never really any thats all thanks reading gonna go drugs
1	well im making final plans im going get haircut wear best clothing step away lifei actually decided end life two years ago  months death beloved wife living relatives lifelong struggle bipolar disorder substance abuse issues left pretty much alone earth wife yin yang  enjoyed six short years bliss stability  love mine finally allowed normal im happy years alone unstable addicted  alone well interesting story  decided summer  first serious snowfall required get shovel would triggering moment im old enough unhealthy enough im really capable clearing driveway without assistance  figured moment accept best days behind take final step crazy thing though   winter first winter recorded history tiny swath northern indiana live got appreciable snowfall snow  redflag pray courage this ive studied thought lot take life think made right choice one real question remains  think wait snow
0	mr gorbachev tear wall guy america idk
0	fools wake sheeple done big pharmas otter propagandas implant otter microchips mind devolve human otters mind wake sheeple
1	cant wait finally kill myself everything be dude im hell im trapped matrix never tell wheather hell dare another swirl windmill there got you yeah youre hell like all welcome heyyyyy wayy knoow rabbit dont make ruin this whole dude theyve told many times still dont listen mthrfckr wait wait wait you i understood  guilty treason how thw write it donwld did i understood stupid  understood dont understand im stupid it think hell hell designed particularly me whether escape me theyve left clues moment born born memory remember thought think word thing saw allclues whether use flucking ride riddle love designed particularly live life think whether wwant admit orstill blind see waiting always beautiful hope hooe notguilty something really bad whether kill sooner ruin surprise just wait see just wait see made wait solong whether sleep suppose dont to whatsthen pee but suppos dont to think im stupid out the
0	dont give single flying fuck dead meme fox say still fucking slaps thats fact
1	fuck schooleveryone tells important future whatever wanna fucking die dont want future im bored give shit anything
0	yesterday mom met friends told story like five something said something used say gay girls luckiest get kiss girls and girls closeted transbian ass sitting phone internally screaming fuck think cishet long did
0	movie soooo funny acting wonderful ramones sexy jokes subtle plot every high schooler dreams hisher school absolutely loved soundtrack well carefully placed cynicism like monty python love film movie tad bit greaseesk without annoying songs songs sung likable might even find singing songs movie through musical ranks number two musicals second next blues brothers please think musical per say seeing songs likable hard tell carefully choreographed scene taking place think movie comedy undertones romance reminded like rebellious teenager needless say reminiscing old high school days seeing film highly recommended family since youthful also adults since many jokes funnier age experience
0	yo goodbyes longer apart toxic community fuck shit
1	hell hotlines putting hold desperately trying find live ill reach instead cannot anymore tried every single time feel like try life keeps getting worse worse every time want freaking end all cannot continue longeri hope anymore anything life getting better losing valueim useless worthless cannot strong anymoreim edge cannot hold back longer want end
0	got chance see movie early screening brea crazy ever since film based shakespeares twelfth night read loved seen stage times certainly liked references whether like shakespeare matter  movie stands on super funny witty charming amanda bynes hilarious david cross actually whole cast great  happen huge david cross fanatic cast hot soundtrack kicks lots cool bands heard know cd coming definitely buy it everyone audience laughed start finish  age groups 
0	cant believe year year since downloaded reddit ive done lot things said lot funny things created great memes saved great memes gave received awards got banned flat earth subreddits became moderator rfuckgravel reddit truly pog although sometimes little trashy overall im glad got reddit hit k today spend way much time here great experience im glad got share guys 
1	hotline fucking jokei called night finally psyching up idk expected lady asked safety plan actively planning made shit plan said wasnt active kept trying hang me maybe used wrong half pill bottle deep one gives fuck someones job care keep trying hang doesnt give fuck even worth it job didnt care two days ideals gotten worse one gives damn dont see reason keep fighting hotline last chance failed
1	say life sucks think mehey im  years old ive done lot stupid things otherwise think would right  now loving family parents try support life choices brother happen like hobby lot fun hobbies together but everytime look future see reason stay alive job really want education want follow everything boring me know ive said like hobby near realistic job option think worth living eather cant  income atleast something cannot figger what tried lot things afthere time keep dropping it next school year ive got nothing nothing all job school money plan parents cant understand quiet mad finishing education im left nothing day normaly would called crazy complaining anything othere reason kms mentioned beginning ive done quiet stupid stuff basically lost friends mistakes ive made example went japan  best friends acting childish annoying got back friend never wanted talk again ive got noone im mostly left lonely today ive desided finally put end this good bye  live happy life
1	want kill im scared painokay first off dont want get comments get better bs want need advice thats all tried get plastic bag head run front fast moving vehicle im scared pain dont know happen survive want painless death more less
1	doneenglish language all typos grammar fuck ups care today good day visit sea traveld h get there stayed time back home anyway want explain everything day starts  top  shit relived nur loaded gun here would dead one understand people want spend time  clusterfuck person annoying ugly dumb best part start new job soon  cant imagine therapist reach to  well fact accept it fuck hell  care anymore  want delete  done really done
0	quick spanish rant like lang class gonna spanish god hate class teachers incompetent old force thing abt respect arent people deserve reason dont make effort teach us still take class ahhh im gonna kms dude hate old people
1	struggling  years depression suicidal thoughts always thought keeping work best thing i would sleeping entire day working no big mistakeit th week sick leave mess feeling day day cannot imagine difference feel connected myself even smiling feel useful again even shit entire day needed sleep take nap waking up needed think annoying coworkers needed go bike ride pm wednesday needed days front tv eating crap watching stupid shows nothing neededpeople go work every day feeling like shit crying work hours talk whoever supports discuss taking time off responsible it take advantage it office job course makes easier boss read much bottom sub wanted give bit light better timesi  sure feel like forever always ups downs mental health learned important lessons myself everything help get depressive episode future welcome burn depression
1	killing escape humanityi often think want kill ill never deal another person ever again times truly deeply happy alone nature always way feel alive taking walks starry skies going barefoot moors surrounded animals only mind body everything am registers people threat true contentment happiness found solitude feel broken deal people feel constant sharp pain makes think sth wrong me thing instantly ebbs away alone nature maybe belong society id okay that never asked become human id rather free animal tbh now never want see another person ever again people fundamentally untrustworthy cause much pain id id feel whole living alone woods either killing myself valid options escape humanity redflag would also mean person anymore biggest wish know im supposed enjoy alive know im young blabla miss stars solitude want go nature let die whenever want to
1	hi folksbeen going stuff recently  safe place mentally leave home often loner girlfriend quit would consider great job living savings telling going leave making miserable figure would make happy feel like wastedit  months almost kind hanging putting shit off realise fortunate position able truly brought nothing laziness point starting regret itin past asked things like favorite insert food color etc here honest never answers like never developed inward personality kind feeling bland know makes happyi could write book shit makes sad though kind asking hell life talk whatever guess here tired quiet really everyone feels
1	need love yourself sincerely stop depending others provide do pain experienced differently feel negative energy welcome open arms let stay long wants harm you harm trying get rid it times negative thoughts interactions flood mind accept harsh judgement could correct might done something stupid may awkward matters say does without consent nobody define good existence powerwhen depend others image worth constantly change fit definition good trade life affection another idea here becomes blind leading blind spend time yourself watching tv reading book stand slowly move toes bend knees slightly flex lower body feel like let muscles take pressure bones turn music allow connection sound touch go unfiltered make vocals let blood oxygen flow nerves come alive hear saymany abuse bodies treating like slave will foundational part existence spend time enhance experience lying bed shut everything slowly curly hands toes tense motion feel movement it experience existence grab second appreciate it believe could create better one power so rules meaning purpose written mind difficult use knowledge empathize existence malleable going shape will need connect it voices others yourself you exist incredible let anyone lie telling truth know see is please understand sincere love
1	sadnessi want kill nobody take care little dog
1	feel relaxed hurt myselfi feel relaxed sleepy cut myself pain goes away slowly fall asleep afterwards relaxing thing cry makes tired bet death far relaxing would great could slow painless death thought dying makes really happy im awake feel worthless hurt feel like im actually accomplishing something ive kind worried though think death family think loves me find hard happy know do
1	im evil love itim planning taking mg  pills xl wellbutrin crushed water probably coming tuesday case report od diphenhydramine system think bad idea spent last thursday finding right sleeping pills canada thanks justin crushed btw idea work im going bag head elastic case justin case leave behind horrid shit dad religious mum get rekt most brother worst four year old sister remember think hopefully her grandma devastated and lost care that part wants able witness reactions everyone instant attention pathetic attention whore am thought ex realizing cant trust shit antidepressants three years dumbass self wanting proof love thrills me egomaniac snickers whilst staring try talk class fumble words idk hed probably make tribute facebook post much supported miss me and everyone else laughed jokes talked shit behind back receive depression stare eyes look yearbook see weird tryhard responded redflag jokes smiling wow too name called grad ceremony cutie teased around called surname close mine oh thats satisfying therapist postponed monday appointment tba date failure honestly let wrath free along six im already dead
0	listening want christmas christmas  wanted try challenge  years ago rules are  listen least  hours day want christmas  cant listen song  starts first november lasts christmas  variations want christmas allowed give try  idk got mixed feelings challenge guys wanna join 
1	feel reason liveim unemployed mentally ill facing criminal charges borderline broke im verge ending it career prospects ruined now way hole
0	anyone good political discords arent americans jacking country great dm pls
1	find im faking itim terrified im feeling bit background gotten pretty dark place almost year ago wife im early s pleaded get help did went meds which first intensified suicidal thoughts dosage upped felt getting better also started therapist ive cognitive behavioral therapy seems helped fact could say total upswing  now feel like im spiraling control feelings work tolerable not my manager got laid month ago get along replacement supervisor team feel like theres future work im frightened going back rest world get new job suffer rejection work best least safe  much anymore feel days getting shorter daylight saving time ends sunday clocks fall back  meaning gets darker hour earlier causes anxiety look day see little ive accomplished sun sets know ill cope worst thing volunteer youth group while kids great theyve looked me ive adult talk parent judgmental gone tough times confided ive constant help them feel fake try help see big picture  everything okay hope lives ahead make good choices thrive believe me yet im feeling hope future me find im faking it know theres answer this needed let guess thanks reading
1	im outcant take it ive lost closest friend dont know get without her im gonna go drive cliff make life decisions left needed most cant deal pain much long already either drive clear head fall will either way spending another night thinking hasnt texted hasnt asked im doing im done sleeping soaked pillow
1	getting worseim still thats alright guess im still dropping regards esteem determination hope left me ive made cheesy post before ill spare tge detail time vent want vent about ive gotten point becoming hard get bed im eating much all nan entire life final stages cant breathe without moan airways expand make things worse take prescription drugs every hours hardly mentally already miss much woman was outlet nobody cares make things worse got midterm im averaging  dreams going university shattered well whatever reason keep pushing though landwhale aunt joined pos uncle honestly toxic entire family uncle related nan blood lets stay around kicked once aunt told nan terrible mother abandoning child nothing done though kill im afraid snap late now everything bottled long im breaking point
0	working girl kitty sothern engaged bill kelly neglects working long hours garage order save money marriage stood birthday kitty goes doubledateblind date meets department store heir bob hartwell hamilton falls love leaves protestations love appear cover desire mistress rather wife faithful bill rallies round comfort her last gives repeated requests reinstate engagement pressured part bills support family loses job bob returns however convinced wants marriage all kitty follow heart conscience br br this film lot better id expected be character bill first comes sort loud comic irishman type jack carson played often kelly and script infuse character real compassion love bill turns best person entire group viewers may find rooting feckless hartwell tone film wavers however lighthearted romance much darker side especially depiction dance marathon rather horrific accident bills garagebr br the cast rounded dependable jane darwell kittys mother impish yet thoroughly obnoxious mickey rooney kittys younger brother spencer charters kittys neerdowell father
0	new school senior first post idk advice flair correctly used need advice since rd grade homeschooled recent years started hate lack structure feeling isolation senior year wanted go public school rd week still yet really talk anybody clubs know opened covid group projects covid use every th seat lunch friends know classes people knew already get chance talk names opposite sides alphabet whats best way could start talking people
1	im ashamedive accused plagiarism second time course one year due sloppy citations despite working really hard improve feel ashamed want die normally work   jobs time year made possible focus university what poor marks plagiarism sleep slept days sometimes stay close  hours row im anxious weep hours parents knew full story theyd ashamed me fiance probably hates ive put year university planning wedding cant cope all ive officially broken im done almost threw front train yesterday hate everything inside brain go away im massive loser knew cut postgraduate level 
0	gen z culture dms redacted study wrote ago basically overexamination things friend sent me really meant serious enjoy  qad quaque alternis die meaning every day direct message send oneonone messages to redacted colloquial english term cum pronounced km reference upandcoming gen z teenage culture subcategory includes interesting phenomenon male teenagers try best increasingly risky terms phrases cum informal expression semen ejaculated man orgasm increasingly popular term within last decade galvanized genzers one many words used disrupt social status quo gen z culture phenomena generally explained early childhood genderdifferentiated social relations clashed middletolatechildhood established sexual social script breakdown ie reassertion ideas formed broader social movements began  generally unified gen zers together outside forces phrases terms used widely openly new generation include poggers gamer sus plethora abbreviations bled millennial culture like lol lmao open use terms gen z compounded higher activism rates could imply greater shift away conservative societal views popular term utilized describe still faith older systems boomer play baby boomers ie born  likely subscribe conservativebased media january th  otherwise noted  first time ever redacted finally responded back direct message similar fashion original term recently hard work paid further continuous tirade messages finally received another interesting response january th  otherwise known   parts world including limited france mexico spain argentina romania redactedd response quite peculiar nae response copied multiple times within seconds known youth culture spam one word phrase constantly sent messaging apps forms media given amount time amounting tens hundreds rapidfire repetitions surprisingly nae actually one meaning older reference hiphoprap artist silents pronounced slnt awardwinning  song watch me whichs melodic prose included famous lyrics now watch whip  watch nae nae become increasingly popular gen z culture monosyllabistic words gain traction easy say type whip nae nae quickly became popular dance moves filling social media sites flash hopeful dancers took challenge create best videos choreographies unlike grand majority songs watch me forthcoming dance moves continued stay spotlight while stayed part gen zs background continuing affect develop day sense one says nae especially said multiple times could referencing watch mes nae nae dance way expressing satisfaction current situation april  chinese artist wowkie zhang released hit song sunshine rainbow white pony rise mandarin pop missed american listeners heard verses    nae nia nae nae nia nia nae nae naes accompanying phrase english known long history used racial slur uttering writing someone african american background looked upon conventionally appropriate even nothing american culture however mentioned previously specific subcategory gen z culture includes interesting phenomenon male teenagers try best increasingly risky terms phrases sense nae becomes sort challenge another male teenager likely african american background testing see whether continue phrase redacteds intention truly honored considered one would willing challenge expressional dominance matter type nae redacted referencing oneword response truly illuminates deep gen z culture go even seeminglycommon phrases much deeper vibrant significance youth finally end research appears redacted verge blocking ending means onetoone communication with me multiple dates november th  december nd  december th  redacted stated gf shorthand girlfriend meaning female relationship with went post image twice pressured december th  january th  reverse image searching pictures learned actually roseanne park better known mononym ros vocalist kpop korean pop group blackpink find doubtful is fact redacteds gf useful continue observe behaviors talking her going far propose suitable mating candidate redacted rejected turned down said to remained loyal supposed gf asked probing questions relationship blackpink vocalist redacted became defensive telling stop leave this stop using experiment ignoring latter hopefully continue probe relationship time goes on gen zs tendency get fictional relationships people positions social power ie famous passed previous generations akin millenials love mariah carey gen xs love ooga booga rocks another category fake love called waifuism lonely males embrace d animated world hold d real world male love animated japanese characters plagued gen z generation almostnormalized millenial rare cases gen x generations well later years may eradicate degeneracy hope pray redacted stays d side spectrum study gen z culture dms redacted ended blocked main messaging platform seen previous entries may take us years entirely learn nuances gen z culture continued immersion means continue learn expand knowledge gen z
0	think curse family realized much bad stuff happening family lately like night great grandfather heart attack still hospital week found grandfather aggressive prostrate cancer think spread hips aunt uncle newborn baby covid great uncle aunt covid mom covid think something wrong eye anyone cure this
0	girl starting liked me wearing shorts freezing weather
1	chronically ill young college student  help pleaseim  years old four half years ago got diagnosed chronic condition completely changed life worse type person could really made difference changed world better intelligence drive importantly opportunities follow through disease broken me everyday im plagued pain many fronts ive lost much physical dexterity mental quickness worst ive lost drive motivation thats let push despite paindespite long hours true agony ive beaten submission yield truly take more condition grow worse years go on ill try one experimental treatment next putting family tremendous debt work best theyll prolong inevitable die affliction manner provided something else kill sooner ive always considered religious man ive spent life short been prayer good faith  say missteps along way however im apparently doomed incontrovertible thought process really god let suffer either cant anything it refuses anything it exist inevitably lead conclusion god exists worth worshiping god consequences doomed hellfire eternal like ive taught take matters hands end pain wrong either ethical religious ways wanting end appears lifelong promise anguish
1	make title yourselfsince  suicidal thoughts scared even cut wrist even though may scared hope alternative way ending it mean mugged stabed somehow still phone would call help would see blessing know long thoughts last everyday get stronger every day wish something worse worse jut wanted get chest cant tell family belong delete it cheers reading
1	looking supportive attempted redflag once unsuccessfully actually bit afterwords felt like made wrong choice deserved stay alive days feel empty though feel like im sleepwalking life kind funny today cake day account guess really must something time year fuck spring guess ive really terribly depressed feel like im going able claw way while know im going even graduate anymore second semester grades reached rock bottom used b occasional c student currently two fs one d cs across board elsewhere even pull things think college admitted still allow enroll im fairly certain big plummet grades result rescinding admission senior recital last tuesday show spent months practicing for got anxious got stage stop halfway set butchering every song walked stage tears ive started behavioral problems feel angry want act led getting first behavioral referral due calling teacher facebook reported it friends use car money stop hanging cut im desperate interaction keep around parents disappointed worried cant find success things want good im really sure im anymore think im going kill soon know how really wish life perpetual cycle shitty days
1	feel many expectationsi feel much pressure many things fail get made fun instead supported feel like couldnt even kill people would see weak dont want people think want kill saying threat feel like real support expected deal it
0	ive spent  hours something could done  minutes  am spent  hours homework assignment say quotes really watching youtube  hours staring paper minute every  minutes youtube actually working like  minutes im going bed reddit
0	often band get together reunion concert find cant get together here concert shear brilliance start finish three musicians obviously got together beforehand plotted planned needed ensure nostalgic bash satisfy someones ego obvious start even step stage many faces crowd even born guys first performed first song capture old magic cream  men  instruments fuss clapton admission said stretch concert keyboards synthesizers etc get see best ginger baker demonstrates many drummers today speak sort drumming guru jack bruce great really managed put together piece magic stand test time many years come ones  me
0	take crown post highest comments reddit k comments  million members post highest comment reddit k comments  million members get absurd amount comments take crown ill best reply them heck ill award fav comment
0	im hopeless without p actually leave p would still work
1	dont feel like dieim scared cut scared medicine hanging seems awful im afraid heights wtf
0	rock bottom wanna give up throw ome whole year sobriety away worth trying stay strong anymore
1	finally better concentrating work course make mistake misunderstand assignment plus recent death family placeand got negative feedback boss feel worthless probably upcoming performance evaluation entire day feels pointless bother already messed upanytime start feeling good inevitably something happens ruin it point keep messing feel good
1	nearly two weeks since attempt feeling awfuli cant first attempt parents really wish succeeded feelings back worse way getting out completely isolated hopeless wish taken pills able take jump
1	always thought ended succesful one attempts ending life every person cares would sad moment move on thought people died family boyfriends family worked end living ones cannot kill cannot mom time feel like cannot keep living either know much take try either outcome terrifies me mom said would able move kill
0	u check guitar song im beginner im quite proud this please check give feedback would great its first draft btw the songhttpssoundcloudcomusermatthewsacousticprojectrefclipboardamppaampc
1	want canti desperately want world anymore think place me tried slit wrists couple weeks ago  planned out it life gotten worse since then still cant im stuck
0	unusual film ringo lam one thats strangely underappreciated mix fantasy kungfu realistic depiction swords spears driven thru bodies startling especially first ten minutes horseback rider get chopped two waist legs keep riding horse several horses get chopped up unexpectedbr br the story simple fong shaolin brothers captured crazed maniac general imprisoned red lotus temple seems torture chamber temple general similarity kurtz apocalypse spouts warped philosophy makes frightening paintings human blood br br the production impressive setting bleak blood everywhere action well done mostly coherent unlike many hk action scenes time sometimes movie veers absurdity effects cheesy never bad enough ruin film br br find one one best hk kung fu films early nineties remember child friendly
0	certainly one finest movies seen quite time exquisite direction flawless acting make entertaining often moving film denzel washington plays one engaging emotional roles date rest cast perform beautifully christopher walken course superb part although appear often would liked story ultimate greed backfires offset childs innocence love also film action movie lovers fair share bullets rockets revenge location mexico city adds feel seediness corruption eye opener all truly gripping film beginning end highly recommended
1	boredom apathyim suicidal thoughts again idk side affects medication somethings really wrong
0	yall mfs never catch sayinf ever life kinda want baby noooooo want kids ever want kids saw rly cute tik tok today i want baby wahhh helpppp yes im tipsy mind ur business
0	able draw would draw hentai think it could draw really fucking well waste time trying make unique art get famous draw hentai anything everything amazing piece took months take day make anime tiddies stare greatness
1	acceptable venti see thousands people complaining venting lgbt people check privilege tfw gf my granny died  absolute instant barely mention even think mentioning diagnosed schizophrenia borderline autism psychomotory retardation tachicardia since born never knew late suddenly everyone wants head ruby plate straight attempt murder like become feral something feels like im walking dead ok vent even legal point im  now could healed treated fixed  cant anymore feel like existence mistake is cause nothing grief destruction
1	helpi feel really weak need someones help ive depressed  years so ive never seen doctor saw happened older sister went hospital fuck that tonight really bad im alone house parents europe late anyone awake want end it care anything anymore even loneliness thing  past three nights ive gotten laid enjoy anything anymore im really ready it know im asking help anyone able say anything not cliche help thats story ive got rope tied basement
1	dont know whats happeningtoday bad stupidly thought cured realise delusional phase again dissociating shower past  hours im wrecked shocked im place again anyone else wschizophrenia delusional disorders ever convince theyre sane mind always horrible time delusion breaks 
1	reason whythe reason still cant stand abandon cat cant explain life got much couldnt handle limitless anymore explain arent abandoning theyre true love youve experienced
1	im giving self  monthsidk wanna die ya want live anymore nothing except tears  months things change ill livei think anything changei friends really know wanti want anyone im scared human beings every human good actorfake emotions  family miss fine happy later on ok heres im posting what three months im anyway gonna die wanna experience stuffhelp out
0	started playing genshin impact yesterday oh god fun id highly recommend it
1	know someday happentoday christmas wonderful day friends family looked mirror broke tears know someday matter fate hate am personality annoying hardly friends body  chubby good way family fuckin help plewse me family fucking abusive dad raped years mom beat and sane cptsd hate alive lesbian lonely
0	yo difficult get bed like go bed ill like yeah matter tired morning im gonna force hop nice cold shower morning like zero willpower sleep important thing ill literally sleep minute classes start like thinking seams easy like get bed smh wake feels like im permanantly bound bed dont get supposed even like dont get enough sleep sleep  hours
0	night fun one time spent entire night watching minecraft stuff watched like minecraft animations bored sleep wanted to cant believe  months since this
0	nuclear reactor went pond went fission
1	haha trans deathwhats point trying know never pass stupid  petite girl even thinking wanting transition man pathetic considering even register even shortest cisgender men ampxb waste hours days weeks months life silence laying bed could studying practicing art improving portfolio im slightly confident may able landing job actively improving considering im highschool but whats point ill still me ill always me always painful body much less literally chronic pain see scoliosis apparently existing ampxb sucks though really im really jealous everyone gets even normal average body much less healthy body im entitled despite deserving bodies thats life is like literally peoples common complaints superficial requires self improvement intelligence sure sucks could least hopes goes functional families friends lover black long honestly care anymore ampxb anyways sucks wait  years get gun feel like would mess rope accidentally face slow painful choking session  degrees mouth go
1	hollowi feel hollow feel like everything happening around isnt real im really dark place rn feel like me feel like time coming end blame myself problem everything bad happening rn couldve done something different game life made every wrong move must think im least somewhat smart guess not everything know upside down people better picture im sorry im sorry everyone ive disappointed im sorry everyone disappoint dont know right dont know whats left do im sorry im sorry im sorry im sorry
1	cant die alreadyi fucking hate life ruin everybody elses itd better everyone killed
1	back even though feels like never lefti spent today like ive spent last three days bed thought dog pissed somewhere room morning realized sweaty sheets must smell like sewer academically im mediocre barely scraping by im completely disinterested everything university im deep debt doesnt matter point nothing years now unthinkable last summer cheated girlfriend found earlier week still together hasnt spoken couple days ive agreed relationship counseling dont know itll help anything judge want spend every minute im awake punishing anyway realize ever insufferable live ive alienated  friends  couple affair with mostly keep myself think time either leave us kill myself ive hurt many people including loved most im monster
1	want live feel like im getting closer itday day first week summer mom visiting grandpa less months live idiotic dad work brother hangs friends day since drive means days sit computer watching days waste away summer slips fingers worst feeling ever thats tip iceberg im christian family im gay family would devastated knew much crap going on feel physically sick keeping bottled time friends im likeable person need someone talk to see point life go school get job lose summer working get old suffer die watching thing happen everyone around you lets cut middle man one knows im gay lets keep way rhyme seen therapist every day start sobbing loneliness cant take anymore im wreck got like school bad teachers work stress constant bullying go detail really need someone talk to want skype chat text chat thank advance lt
0	first saw absolutely riveting documentary initial release back and really profound effect me much bugged several friends see repeat screenings bottom linenone friends walked away disappointed ever stellar film scottish conceptual artist andy goldsworthywho creates absolutely beautiful pieces art using natural materials woodwaterflowersrocksetcto create pieces eventually return natural form a statement temporary state everything get see goldsworthy create several works temporary artas well long term installations major galleries around worldas well pieces natural worldas well german film makerthomas riedelsheimer directsphotographs  edits meditation creative process real treat eye  ear with ambient musical scorecomposed  performed fred frithwhos music generally edgy experimentalnoise textured guitaras well capable ensemble musicians although film available dvd years nowif find cinema highlighting revival fine filmby meansseek its easily film composed large screenwith proficient sound system truly experience film right way mpaa ratingbut contains nothing offend unless live birth sheep screen destined offend disturb
0	friend likes ddos people dont know basically friend spent time learning hack ddos quarantine recently showed skills honestly dont know react like good even told likes maliciously please help dont know go house kick ass im questioning it
0	got show late  believe rd final episode first watched  blown away social commentary seen american tv since all familybr br was surprised cbs would even run first placebr br which merely say last time cbs had set  know mean  back day all family controversial decision theyre willing tackle today much eye makeup put katie couricbr br if want make bunch folks really really mad  let discover truth themselves want willing pull strings make calls get work art removed  let discover truth hearing words spoken mouthsbr br the aardman folks always way ahead curve show different somehow snuck cbs corporatesocialpoliticalcensor radar get onto schedule perhaps big brass never really watched till finally aired good ol middle merika heard saw  well bet farm message messenger last longbr br now missing episodes find way onto usenet bittorrent br br thank bc kelly tallahassee fla
1	im failure am woke half hour ago seems like monthly nightmare college theyre similar usually wandering around school borrowed traits ones ive before feeling panicked final starting soon im prepared for makes sense happened me calc   years ago course failed final though time panic me knew prepared accepted fate whatever happens happens mentality it first class get least b in semester life started fall apart worsening depression remember starting strong semester even highest score one  exams class also remember week wheels came off started insignificant troubles snowballed life today wish could go back slap keep track cant afford go back school even could worry would fail again least relive negative emotions associated it feeling inferior students based dress general demeanor lecture remember well intimidating felt trash kid like sitting among crowd kids uppermiddle class parents tons friends life experience me remember feeling like belonged went back wonder much worse feelings inferiority would be given im years older im straight failure great opportunity go college lot financial assistance blew it tried becoming lol pro failed that settled trying become streamer failed well always close failing end ive done last  years work shitty  dollar per hour jobs advice myself cant born trash cant escape it honestly point alive anymore picture future minimum wage worker rest life theres anything wrong that lifestyle me need something need successful traditional standards ie good degree job equal quality cant know cant ive tremendous fucking failure life im going poor life never get experience things want to heart racing last  minutes cant go back sleep obsess failures ive made plans kill july know wait perhaps worst part knowing help me clinic afford within  miles i car look elsewhere  month waiting list something absurd like that every time called redflag hotline ask location refer  clinics around me feels super shitty like im talking robots care me thinking makes angry really hotline people much fact government help lowincome people seek psychiatric attention yeah hotline people kind frustrating too ive called several times point say almost exactly things every time makes whole thing feel scripted insincere ive calmed little bit rambling wait july still feel slightly impatient wish could get with hate alive matter anyone tells me im piece shit need die
1	need true connectioni feel alone friends dont family partner friends basically family alone measurable sense im missing feeling true connection worry hated think am believe right connection stave death but im yet alone
1	im  years old ambitions want get far life thought killing haunting long time want end itthis going long one type read long piece text think move elsewhere  im  years old male live uk im aspiring filmmaker im currently university filmmaking course young age wideeyed kid saw world playground imagination run wild place become almost anything time life discovered many things created many goals aspire towards everyday would look important relic something thrive towards time childhood fun full optimism carried forward early years teenager friends school moved on first sense loss next grandmother grandfather passing away within year carried forward time high school optimism still alive far remember high school fun time dispute overly shy able gain good group friends dreams ambitions seemed closer ever began watch films range arthouse cinema built love writing able come stories im still working even day shy was think would remembered everyone latter half final year got stage sang songs everyone loved remember boy came shell sang heart out attended college soon finally wanted do held back little poor maths grade level one art design media course first moving towards level  film course years went on began lose confidence myself disregarding scripts calling awful even deleting computer attending classes began lose hope able get highest grades class got university made happy spark gone know why ive enjoyed university far ive working likeminded people reason feel like lesser person them latter half first year considering redflag stopped shortly attended music festival ive attending festival since  last year helped forgive see thousands people time lives made think would lose kill myself that want got back work but thought killing stuck again ive degrading ive person before parents worried brother worried really affected filmmaking well think future hold me haunting long time wish could end life right now write this im edge hope itbut urge overwhelming me actually read this want thank taking time wonderful life hope everything works you certainly me ive never love sense success really see point continuing life take life post this want reflect life makes wonderful want see flaws hope stronger point overcome tough times live see happiness waiting you again thank reading wish happy life know mine worth it life worth everything
1	closer redflag everydayhello throwaway honestly know ill live itll  im  depression since  im  mg prozac severe chronic depression ocd im dancer teacher told becasue crying no one cares feelings one wants hear them uncle also needed open heart sugery like anyone worried couldnt sleep dance told stop lazy ive looked man whole life ive done everything please like anyone would teacher look to depression got bad started care progress stops encourging younger kids preattentional  im writting crying messy honestly know longer livei lose dance skills lot depressed get honestly feel like teacher care gone cheer bedazzled jacket called ugly give good even though loved cried never worse since im sorry long redflag thoughts getting worse im living uncle point wasnt would killed last month sorry long messy cant take anymore fear doctors put ward caused almost kill due trauma feel weaki friends therapist due fear reddit throwaway accounts safe place thank replys advanced lt
0	looking norwegian speaking friends play games talk either already speak intend  want learn much norwegian can  already know bit dm want
0	never seem write review imdb unless extremely surprised good bad movie is film falls first category every year try see nominees best foreign film oscars even know like as heaven seems fit bill plot sounds sugary sentimental slowfor tastes run towards original dark andor daring foreign cinema michael haneke francois ozon lot modern japanesekorean cinema as heaven sound particularly interestingit get released usa sat watch vcd found singapore preparing cross list dull beginning as heaven becomes rare film really become inspired happening screen weak points characters film pure stock characters wounded dreamer town bully battered wife loose woman yearning love repressed ministerthankfully theyre largely likable bunch well wellwritten wellacted ingela olsson ministers wife inger would nominated oscar performance english strong points music beautiful main song sung gabriella truly dramatic memorable keep eye feisty year old actress playing olga keeping dancing steps well younger ladies discuss ending say makes sense theyre lot emotional things happening last hour film quite sure theyre happening although nothing explained words makes sense movies comes fitting crescendo   probably strongest swedish movie ive ever seen
0	impossible avoid punishment hispanic parents slipper always catches
0	whats anybody bored something share send pm
0	many reviews film write get right tom conway fully inherits mantle falcon reallife brother george sanders entry decked beautiful doublebreasted singlebuttoned drapestyle suits cruising gorgeous steel cars huge fender skirts suicide doors come armpit conway travels new york miami keep formula industrial diamonds falling wrong hands client lovely virginal louisa briganza got gorgeous hair let kiss first two months along way runs type colourful array characters b movie could provide sidekick outing perhaps best among falcon sidekicks edward brophy goldie locke given really funny lines runs sinister dish doris blanding type s chick know puts out cohort benny played steve brodie who twenty years later presley punching bag two paramount king movies work cold fish yachtingcapwearing kenneth sutton ready takes get formula cruises yacht brazil saddled stoniest falconpursuing cops ever entry still reigns supreme forget  minute melodramas give  hour falcon movie day got wife two kids  whos got time twohour movie shake dry martinis forget troubles great falcon movie tape local tv toronto like  years ago luck
1	question if even how question wheni get lazy ass it ive loitered around shit life long
1	feeling lonley really hardi want girl cuddle want alone all lonliness hard people understand want cuddle buddy
0	one friends calling kittybaby girl joke making uncomfortably horny send halp
1	everyone hate meplease ic ant im crying bad everyone hate me
0	okay so bazinga moment
1	im scaredim scared hurting people lovebut every time think improve things always seems lead here mother thinks im useless think regrets me long remember ive wanted die things get bad im tired loop pain someone give easy way go
0	hmmmm lot probably wont like lets it know  worst year us minute put away bad things happened go back try remember one good thing happened  ill list mine  started watching anime  fell vtuber rabbit hole  started playing tf team fortress   got better talking people strangely enough tell good thing happened last year even something super small doesnt matter
0	suggest sick edms language idc
0	anyone know write apa format school district usually us use mla history teacher wants us write essay apa
0	holy shit typing password computer realized messed pressing enter erased characters ended correct password without clicking see character ive stopped in
0	joe biden cringe vote dog instead thats right folks dog running us presidency year vote biden vote dog
0	ask people snaps like  give snap  gimme snappp  hand 
0	reject someone nicely im already dating someone lately ive notice girl class crushing pretty hard im pretty sure going ask pretty soon im already pretty serious relationship want know tell girl im interested hurting her advice
0	remember first time got drunk warning eventfulinteresting expect alcohol fueled escapade all little tipsy else remember this mom asleep upstairs alone night already started drinking back sips taste barbeque previous day lot booze left could take top without noticing whiskey little bit more cognac thought always see niggas mixing vodka orange juice let try that already starting feel drinks went pour vodka orange juice poured way intended said going drink much booze drank all thats really started feel it wanted drinks stopped feeling little tipsy nothing much happen stumbled around little bit giggled fact fucked around got drunk watching tv focus anymore went sleep sleep pretty good night ampxb thanks reading despite pretty boring
0	morning morning  finally olved maths problem let sleep last night r guys
1	thinking ending it things went bad worse im sure rightim going going detail myself life struggled crippling drug addiction every day feel verge relapse feel like burden around me wanted means disposal little support anyone tried therapy made things worse person ever positive impact life told worthless using me ive got one turn too one would miss me feelings right wanted something go proper life nut everyone around claims i root problems id better dead know right morally reprehensible mean like anyone would really give shit
1	absolute redflag methodcurrently recovery failed redflag attempt want fail next time
1	saved fathers life least x recently found hes diabetic forced hospital help find sugar  helping today try make sure little possible anymore yelled listening fitting instead calls dick head replied stubborn asshole thus squares starts pushing wanted fight would problem major surgery stomach basically held together tape room cannot calm meds looking like way hell told better never need help even health cut ties find floor it stubborn ass put situation mine sure want anymore one hand deal miserable father dropped high school years ago verge death hes trying push death
1	closer every dayim m always edge now bipolar  diagnosed since   mom  though mostly manic last couple years honestly hard mom talk since look much like dad  kinda forgets   time  im him used see psychiatrist therapist  ever call always get confused  shes says im going  hurry stop wasting time money  every time ask therapist number make appointment glock hiding ac vent trying figure im counselor summer finishes  cuz doubt kids remember go missing  made new account friends know reddit name dont want stay behind college cuz
1	existence painfuljust act alive brings pain everyday
0	william powell philo vance the kennel murder case  film also starring mary astor paul cavanagh eugene palette helen vinson ralph morgan dog show philo entered scottish terrier captain serves background locked room mystery many suspects mystery clever denouement complicated interesting since talkies still quite young camera work little static michael curtiz good job directing actionbr br the supporting cast excellent entire cast brings film notch lots actors played philo vance including paul lukas basil rathbone wilford hydewhite edmund lowe james stephenson alan curtis warren william others powell played five times best fit role  relaxed serious time made the thin man catapulted big stardom  spent  years film then beginning career stage  age  remarkable man remarkable screen presence remarkable actor lived nearly  were lucky films available dvd tcm today the kennel murder case great story fun film  miss it
1	feel life worthless need helpadvisethis first time asking help cant really talk parents say stupid depression real problem worry about etc might make mistakes since native language english  year old girl living parents studying last year university degree last  years life real friends friends parents  love heart might ask  years old pretty outgoing child hard make friends parents moved country  russia spain economical reasons know spanish communicate anyone loneliness felt cured watching tv surfing internet playing games time learnt spanish anything common talk classmates no one interested liked time became unsociable introverted thing cheered parents pretty well studying lived today friends eat play gamess read study fat  kg weight ugly people would advise lose weight stuff that  years went gym putting makeup trying talk people wearing beautiful clothes still ignored people find real topic talk about feel like exercising putting makeup anymore left gained weight one time try hard still lonely either way also lately likely fail subjects university huge since family poor also hit hard selfesteem went downhill parents angry thati cant find job since spain unemployment high  theyd rather employ spanish person mei feel stressed last  years every day thinking suiciding useless life and likely future thinking future get well payed job finishing studies buy anything want maybe lot happy moments no change anything work life boyfriend first kiss friends acquitances starting lose interest even trying things trying go trying make friends every time see people know happy travelling friends always sociable feel worthless inferior want continue miserable want think redflag every day want stop crying almost every day one sees me stop depressed kniw antmore do think life worth living way is sorry hard read bad expressing
0	ever send nude yes send dont send yes dont
1	someone please please help get eveningi cant deal cycle bipolar disorder anymore coping mechanisms completely shot please talk me edit  im going go sit bath bit ill check back soon  thanks pming talking me really helping love community
1	dont know im trying writing this maybe vent get advice dont really know go abusive relationship  years everything great first bad boy saw much did loved everything always him
1	im gonna find nice bridge jump ofi finally leave world
1	im parasite everyone around meim nothing worthless scared stupid socially anxious lazy pos live gfs family free provide absolutely nothing thing work transport vehicles know thats permanent thing im college going th year yearold ive gotten nowhere even know life major desperation move honestly ive seizures im hoping ill blackout die since incredibly peaceful im scared means asian family want disown find im still graduating wish could give something back im worthless anything skills typing fast  wpm video games rapping music thing makes incredibly happy hopeless think could succeed talented artists there ive tried applying ton desk jobs require talking strangers i cant even work cash register start shaking forgetting everything is require degree experience both nothing offer really wish could kid ive always dreamed getting poor mother things deserves taking care sister also sucks im deathly afraid her hate many things wrong me even work properly fastfood jobs worked since back gives literally almost collapse hurts bad especially one place give breaks all gone gf would richer guy take care better medical condition along person cant provide anything family even deserve kindness deserve anything ampxb longer block text accidentally highlighted deleted accident detailed honestly matter read stupid post thank taking time day even read sad post great day everyone hope everything goes well all
0	another reviewer called lack character development call understatement movie bash one head overexplanation unnecessary backstory yes many untold stories got glimpse of primarily oneday snapshot event catalyzed change characters lives henry thomass performance really lovely study power acting focuses reaction rather action good rental
1	im triedi dont know wjat else say dont want die dont want live anymore im done know know im even  feel like done trying anymore need put effort something seems like cannot change fucked carring decade ago decisions still affect me big part hopes end homeless soon feel like lowest point maybe finally it actually plan going kill myself plan driving car cornfields middle winter next couple months sitting bottle alcohol maybe watch youtube phone listen radio something get cold pass die
1	everything hurtsim fucking sick hurting time im scared afraid waking hours noone close dependant me would myself life fun anymore horrible thoughts often im empath cynic see much able understand half it ive contradiction years trying fight way modicum consistency makes burn im fire cant reach help life would destroyed little hope future seems far away ive squandered every opportunity ive life depression eating future ones too id rather die witness yesterday again im tired pain want stop aside trying hard drugs offing myself know else do
1	next weekendi house next weekend ive never felt empty before even im laying bed someone care keep thinking it much easier would be life shambles nothing ive done past two years helped ive pushed everyone away let toxic feelings people in tired dont want fake im okay im okay
1	made friend worst possible decision everi met girl september super nice lot common met college campus playing pokmon go instantly clicked became really good friends even thought mightve liked  despite currently dating someone another country lmao time hated current job knew that everyone knew that told apply work friends host place work immediately took offer applied hired tons fun working her ended finding leading like way started  leaned shoulder held arm times let put arms around her hurt wasnt happy her went on fast forward weeks working her starts giving attitude whenever work her starts really bossy say key thing remember saying me brought later shift dont remember outcome continuing shed start treating like shit constantly giving attitude outside work told reason couldnt determine difference outside relationship work relationship  youd think shed able to im  started get really sour us one point alert managers whats going bc quite frankly didnt know started amongst this talking one coworkers whatever talking about said word sex loud even made feel awkward another worker overheard reported sexual harassment within report worker said asked the worker said sex sex words rough sex included happen got reported it even spoke one worker talking to didnt even know report month ago idk reported suspicions week two ago another report files in made religious jokes worker got insulted im jewish id poke fun jewish nobody else jewish there know one else besides knew light piece shit menorah had piece shit id prior id asked nicer menorah since tree much nicer it menorah missing candle anyone else jewish theyd say something equality theyre catholic whatever idk jewish joke could trigger someone else isnt jewish report mentioned invaded personal space idk is girl reported me whats really well known anyone knows dont touch people dont like touched care who hate touched theres need touch me others theres need touch  excluding romantic thing job never touched anyone anything maybe accidentally side swiped im carrying stuff thats worth reporting unless youre get me third report would end getting fired literally night post made cohost use bathroom shift ended said chill manager shes gonna take shit ill head out found funny he manager didnt harmless statement would alert general manager gm it got shift today say live m away clock in gm needed speak me immediately feeling gonna fire me still wasnt happy told said last night wasnt appropriate but kitchen even last night male server spilled ranch female servers pants said jerking something say shit like without getting reported told that said knows everything happens brings attention didnt respond surely dont believe that asked fired said yes hes letting go right now m drive stay m fire me asshole immediate thought process girl wanted work with along best friend works there behind whole thing working get fired excluding third report cuz know that first  reports false reports likely due them ive bad anxiety lately due whole shit ive cutting even managed gain stutter due anxiety im fired im sure else do know part time job get another really enjoyed  excluding unnecessary drama ive expressed coworkers unhappy whats going mind happened im really sure im gonna next dont want return cashier miserable tldr met nice girl became really close friends invited work friends didnt like working couldnt determine difference work nonwork relationship highly likely she along friends made false reports get fired idk do
1	im losteverything gone nothing ever going bring back ive lost hope youve come realisation nobody help you everyones lost youll never come back pain
1	feel like wasted life idk doi feel like ive made many mistakes past live life didnt want live unmotivated depressed high school didnt get accepted colleges didnt even get money goddamn fafsa dont friends closest friends dont even talk properly anymore thats due mixture self isolation drifting apart other severe social anxiety talking people work hard feel like cant relate coworkers im stuck shitty retail job sadly enough write shift black friday still cant afford even community college dont know want college wtf want major want take life feel like help family thinks im  im way obligated receive help life events need learn grow up feel stuck im constantly relapsing self harm eating disorder many emotions want pretty want liked want fucking dead feel like sound crazy like crybaby im tired every level possible especially mentally constantly dream would happen killed myself would people would probably react dont know even care select people would sad overwhelming majority would forget soon
1	keep fighting dark side always feel verge losing battlefor suicidality never big part recentlything is dont want die dark side wants to able keep bay months nowi somehow able observe distance fear itll come back soon stronger ever feel coming back slowly
1	work making want tosomething somethinggot new boss beginning april cunt micromanaging yuongest manager bunch hes singling lot riding hard get stupid tasks done hes business couple weeks pulled office first week told need step role im listening getting resultsall forgot complete couple tasks trying regular job he asks stuff outside job description lot_ hes got working  days straiight stocktake fine woulkd fine  year old  month old baby husband works full time clinical depression boss unaware last part however since give fuck rest pretty sure care prettttyy suure ive suffering pnd again well anyway im fluoxetine taking  get stocktake varification day hurt right t want kill myself buuuut want stop feeling way feeling all would super work  hr day yesterday  hr today  days  hr shifts next days off yay yay  days row lets see make it start getting zopiclone stash god im fucking retard babies need mebut cant even take care them job good i im cut this
0	stop saying america shit country stop saying america shit country mind think racist country ive never seen immigrant talk shit america reason that came shit hole country running water deemed success sound bomb going became normal live america privileged reason cant become successful systemic racism stoping becoming successful work hrs week poor right talk shit billionaires like elon musk jeff bezos started company work hrs week living ramen even billionaires work hrs week
1	im sure post thisi woke today news expect hear mortgage paid  months parents i may become homeless ive applying many jobs many jobs contacted one need background check tb test hopefully tomorrow grandpa would move another state siblings live two dogs two dogs give reason wake every day want live without them ive always wondered would happen lost separated them genuinely believe would kill myself ive attempted redflag times before redflag note written last year goodbye right now strongly believe things get better might be wanted go back school try become teacher wanted work towards becoming english teacher japan im lost im scared know do im trying find job really know told sooner
1	something wrong arm bleedingi something unacceptable school today teacher noticed im likely going get reported could extreme consequences would destroy almost everything look forward life naturally told mother did thinking even bad basically called idiot criminal even told think act try happened many times every time get scared sad first time actually drew blood vertically yet felt need punish myself im scared death never stop fucking shit up fuck school friendships everything even way hide cuts ill explain myself person could talk facetoface one teachers im terrified approaching her know handle anymore keeps getting worse every time cant help thinking whiny unappreciative bitch ive never closer now happy months ago
0	never give let turn around desert
1	oneam one wishes someone would kill myself
0	guys doing wanted ask everyone bc tf
0	anyone need math help  im watching netflix chilling bird anyone need math help guess provide emotional support need
0	among us rated   read title filler filler filler yo momma jk jk jk jk jkj j k k jk
1	noone talk too  redflag ive taken dbtcbt classes yes ive tried grounding techniques get frustrated bunch work cannot afford pyscologist
0	cinderella one disneys greatest films one films think appreciate older get disney creates magical adaptation classic fairytale consider film greatest films time release characters became dimensional earlier films creating depth appreciate characters more cinderella is opinion one greatest characters disney ever created kindness dash dry humor extremely likeable however inspiration provides makes memorable like many people endless dreamer holds onto dreams never giving up even adverse situations dreams endure let anyone take away her example serve inspiration everyone encouragement never let go dreams
1	coping loss entire family feel nothing like nothing live either sign suicidal idealization risk itim mostly level stress trauma makes nonfunctional one bizarre life circumstances several people family egotistical sociopathic and possibly psychopathic drunks mother maybe cousins heavy drinkers met demise drunk driving family members vehicle separate occasions incidents far apart months find want around people much feel sad either normal feel much still grieving way lost entire family losing realize abusive fact too something wrong reaction despite dealing ptsd point sometimes too living relatives anymore im basically orphan think know grieve this feel like nothing proper grieve dealing trauma triggers better living ways avoid them fairly isolated
1	brought existencethis shit doesnt make sense
1	one asked wanted born like wtfso hate waking hours spent working working working  want  get hardly anything cities usa violent crime impoverished shit holes tell best place be see got hiv health conditions find enjoyment life calmly explained parents immoral child much less them world sucks much find horrible
0	nice pleasant funny earthshattering good job showing behind scenes world theater groups lives actors three witches great on offstage would assume movie works wonderfully lots apparent inside jokes one involved theater which im not
1	cut first timeive thinking redflag lot lately even find solace idea tonight ex called blue ask random question sounds happy without me want feel pain chest took knife sliced wrist bit two places ive never done anything like part worries im getting closer closer pulling trigger
1	cowardwhy cant bring kill myself get hung dumb shit like much itd hurt dumb stuff doesnt even matter dont know get feeling hesitant
0	finally finished new pfp took like hrs kinda underwhelming long took tbh fillerfillerfillerfillerfillerfillerfillerfillerfillerfillerfillerfillerfillerfillerfillerfillerfillerfillerfillerfillerfillerfillerfillerfillerfillerfillerfillerfillerfillerfiller
1	people love care know that deny it want alive want wake up eat go work distract emptiness life truly is that also psychotically depressed know anymore convinced die reason chosen one free physcial existence suicide something people actually desire know freeing bc illusion life better death also even know am feel mentally dead think myself understand people make money survive corporate slave job masters power say school hospitals at least  times year point getting better bc going to died years ago  mentally first spiritually physical existence must go people care value life reason killing bc want shatter illusion
1	today badit fathers day big trigger im feeling really suicidal dad mentally abusive wish capable happiness anything besides unbearable suffering dont know everyone would better without bothering
0	stp turning cuties mme cn acknowledge bad move please guys cringe also maybe insensitive
1	feel uselessi feel like nobody likes me ive never felt suicidal several months idk whats happened service dog still feel point life future get worse here go therapy therapist vacation going vacation wont therapy long time want vent real life
0	girls compliment guys today got compliment cashier age st checkout mady day even stuff like complimenting clothes miracles attitude
1	many people life love amp care still feel like nobody caresi know one hand many people life care love would sad died hand feel like im tired keep pretending like nothing wrong think dying every day tell anyone want go hospital im really frightened doctors therapists cant even call hotline scared talk phone feel trapped inside hate much wish life switch go trouble pain killing yourself could die effortlessly easily
1	realised recently hanging pretty loose thread exams thiubht stuff getting better friends noticed getting positive last two three days crashed hard gone back nearly suicidal thoughts progress seems mostly unravelled actually know issue even anymore took snap friends going without me kind ridiculous go two mental breakdowns day ranting infront mirror usual distractions essentially stopped working even worse day today anything pull attention away want basically fast travel skip day thought issues coming fit got fit thought proper schedule rigid schedule thought grades thought socialising thought teenage issues thought trans idea declined rapidly genuinely know even mitigate circumstances let alone go anywhereanyone got advicemy last resort basically now writing thoughts going back creative writing outlet depression diagnosed sometimes doubt real sometimes think might issues total two proper good days felt like everything mostly fine guess family circumstances migt something it butit seems random things get worse
0	girls iceland whatre non icelanders opinions
0	fun fact yall play video sex backwards still looks like sex also epstein didnt kill
1	feels like cant get rid itim trying hard harder ever before want like anymore want feel like normal person want happy know im wrong first time years felt happy feels like im anymore past threeish weeks draining energy feel like hopeless keep trying want give up im feeling like choice want hopek see anything look forward to im weak feel worthless could die one would miss me want keep going im slowly going back everything before want everything ive done try make life better nothing want hope
1	deal life attempted redflag know feeli tried overdosing boyfriend found called ambulance five days since getting hospital know feel  process everything guess could say im really numb it never really happened regret did one bit feels like nothing changed strange im back regular things daily life  days ago tried end life deal this advice would greatly appreciated thank you
1	hurt confusioni know do theres group people downstairs left right came in still hear talking cant stand it friends want live house anymore year ago did year ago lived somewhere else want live anymore thought id happy here like people live with friends talk them well can long supposed take make someone like you can wrong cant supposed do never know say head feels like cloud chest feels like cave im interesting im funny i go outside comfort zone talk people every day anything comfortable start comfortable everybody get automatic work hard form every word like anyone else get easier gotten harder know need help getting help while felt good youre supposed medicated life else supposed feel good make progress then ever happen need help need someone help me know works know am know anyone else really hurts hate self pity goes circles cant find way out
0	im fucking seething right now hey long read really want someone hear this please give time today mom threw science project she knew working on notified like okay okayy really snarky tone asked apologize said well mess stuff never apologize stood fuck snapped back like lightning tell one time something stuff failed apoligize looked speechless  seconds since wrong could admit yelled get fuck room really glad stood bullshit one time weeks ago remember asked dishwasher  minutes got call friend angry yelled threw cd case me always makes breakfast morning whole week afterward stopped making breakfast lunch kind developing ed severely affected ate nothing except dinner one night using moms phone set alarm presentation next day guess saw set alarm every day am pm labeled maki dishwasher late breakfast lunch confronted actually said tell something it wait  minutes talk bullshit friends answer me left room cut later day good thing is today stood her didnt cut myself
0	today finally broke cheating lying manipulative mean girlfriend told dad talked said decision mine tearing eyed  nodded yes sent message said thought loved hard weve together since september th  year crazy year today gonna crazy day hard think as well girlfriend lmao id say made right call people change understand much nicer stuff first met shes become mean shit even cheating me now thank reading
0	fuck russianeastern european accent literally know nobody there accents dont carry genetics still wouldnt make sense fucking clue dont live near eitheri live ohio
0	accidentally put earbuds washing machine somehow still fucking work they sound better before what fucknation
1	really need help im trying drive insanity kill easieri want eat  days now meanwhile taking  mg caffeine equivalent  cans coke caffeine bunch risky things drugs im totally insane need help think go insane ultimately die
1	used touchy feely person pre trauma hell id stood big city sign free hugs wanted to id touch leg sympathy throw arm around shoulders comradeship family never like growing up recent years rarely got hugs parents brother wed brush legs sitting itd awkward oh sorry shuffle separate latter still true make joke
0	hey bitches guess whos getting therapy past weeks ive feeling mental health declining shot mom email shes looking therapist fuck yea see arent well sign fucking ask help
0	giving random facts daily coz bored day squirrels plant thousands new trees year simply forgetting put acorns
1	cant anymoreim going get gun next week kill myself right left ventricle aiming superior lateral costal margin leading immediate desanguintation instant death  lack blood flow brain lv im doctor ive single  years work prison ex left fucking warehouse worker offense guys fuck him hes dumber rock thats it cant take fucking planet anymore billions people cant meet one fucking woman planet fucking heart interest anyone like me fucking  years nonstop schooltraining working one demanding fields nothing one fucking blip fuck you fuck planet predict full nuclear war im dead fuck you goodbye good riddance fucking assholes doesnt matter hard work bust improve world die alone youre halfway decent human being evidence need fucking jesus christ even immortal god fucking killed him it planet value people fucking care ever garbage nothing moot see many women get abortions would end kids like me people fucking give shit well gone die human race end fuck you get give fucking horrible humans
1	im sure im going turn im tired alive reason stay alive family wont suffer home able get mental help grave wont even say jamie say fucking deadname ill never man ill always be this dont know much longer have might make till next month let alone turning  im afraid help please
1	post nosleep thought might relevant stories sub supposed truethis guy apparently visits different kinds afterlife dreams night thought story shared one realm particular might help people give up since might even slight possibility existing here ishttpwwwredditcomrnosleepcommentsomy_visit_to_the_woods_of_redflag
1	im donei really am need cant tell anyone try stop me many mistakes much shut cant anymore trying hard hang girls reached  fail them fail everything nothing hope im tired tired waiting trying failing gonna change meant happiness good meant anything im tired sucking got dealt ive done ive done cant
1	wrote yesterdaysometimes drive bridge hold breath cant help feel need plunge ther side anxiety floods mind fills entire being mentally talk it holding breath multitasking anxious damn near impossible entire task killing takes much work slipped quick sand sink grab rope pull out little time make decision must make one fast tired living way want feel like dissappointment constantly wish feel like fucked much way get kill myself makes nauseous know wrong decision mind seems like decision im trying best fight it promise am taking everything within fight it live fear afraid something happen send edge make it terrified able fight anymore getting harder harder stay intoxicated better vocalize urge kill myself battle there im fighting it im temporarily content thats really anymore temporary moments contentment think anyone help fix this me and know yet
1	need fucking meds pleaseive meds week abruptly sertralinezoloft doctor fucking sucks didnt let refill pharmacys responding genuinely want kill ive never felt fucking horrible idk actually get medication father offered go driving considered crashing fucking car im back mothers house fucking hates dont know fuck anymore havent able stop crying minutes time cant fucking fucking cant need access meds im going fucking die
1	im leaning toward responding able let go im sure even wanted talk make big decision kids got message pleading conversation explanation what apologized stated trying cause problems said prison something happened long time ago looks like felony probation something get revoked sent pictures children one year older children share told mother passed
1	starting felt like loosing breath reason someone took doctor first time found panic attack preferred fighter life never ready accept may mentally sick terrifying feeling panic attack settles down usually day shaking muscles thighs feels control legs foggy loaded brain red burning eyes feeling killed me share explain happening me life kept demanding usually did used cry nights always felt death less painful option end misery face  years old daughter drives hellwhy god thought creating life biggest question terrified worried shivering shaking legs fast heart beats foggy mood
1	never really recognized depression like recently diagnosed bipolar normally normally rapid cycle recently depression sticking around married gave birth daughter past december love little girl anything feels like enough know better never energy going work  days week mental battle  stay home watching know feel lost feel lost
1	wish dieyesterday nearly drowned beach friend saved me went home reflections died yesterday feel nothing even regrets longer feel regrets conscience gone forever minutes theres pain lungs filled salt water  burns pain last memory pain things unresolved die never feel future brain never feel regret simply dead never done anything worthwhile dead  dead feel emotional pain death bad
1	im pathetici turned  entered st year highschool days ago depression dysphoria anxiety pretty bearable  months holidays come back one crippling anxiety prevents building meaningful relationships friendships either forced faked sake someone talk school ended shortly horribly hate people area cant form relations online due brave enough say something group chat like public discord cycle responding gt guilt gt responding manage talk someone also feel like never say right thing burden everyone includes family my mom got huge fight grandma stay touch even mention third family also strangers such people staying behind queue shop would finished shopping earlier there im also trans guy misgendered really hurts cant really avoid like summer parents overprotective generally feel powerless strengthens get it hopelessness example moms telling serious cleaning reorginising room least month ive done maybe fifth whole thing time keeps telling day shell come herself pressuring fear even invasion privacy make stressed prevent able even think mess room without breakdown passions pursue hobbies except browsing reddit watching youtube sometimes playing nintendo activities enable think real life idea want life tried following do want fun plan worked free time school makes impossible anything think future worry ill doing im lazy posts like rgetmotivated sadden im unable things like people do school subject enjoy english im european second language even felt proud passed cae test june remembered  years probably need translators anyways thing im good used around wizz kid fell grace fell hard mentioned thing im kind good languages love failing learn literally anything  years german middle school attemting teach italian using online resources month getting lazy giving up feel like failure potential never used someone could great goddamn lazy everyones something im avoiding work schools started new teachers new expectations soon start giving pop quizes asking questions answer live front whole class grade i forgot called english used enjoy going therapist someone talk recently ive started lie omitiom stuff understanding trans thoughts defend opinions ive avoiding certaun subjects wishing time go faster meetings makes feel guilty parents paying even though also get pocket money generally feel like deserve lot things ive got makes feel guilty anxious even know im way calm listen bob ross hells sake think world would better never born
1	want someone listen feel scared depressedthis going wall text im sorry im anxious right now sad hate feeling like this even real reasons sad fucking hate that feel like cant get this suicidal thoughts leave keep happening frequently intensely feel like everyone would better without me boyfriend  years annoyed lately much patience anxietydepression bullshit anymore feel like deserves much better would happier someone else im selfish live without him cant love much think dependent him texted telling im anxiety attack reply think ignoring scaring shit me dad killed  years ago miss fucking much want anything self esteem fucking hate body ashamed body think could ever let anyone else see naked body ever again thinking makes want throw up think boyfriend like body either nice think found deformity nsfw httpwwwdrhayleybrowncombreastliftwithaugmentationlasvegastubulardeformity started anxiety attack ive always hated breasts knew ugly confirmed everything ive believed in boyfriend says likes know cant true think stupid college im assignments cant stop crying know going this sad anxious want die
1	nothing lefthey yall first post burner account ah well goes im  f im pretty done life im going kill month  great academic success beginning college im barely scraping by never show class im going fail again ive local community college  years almost  unemployed psych hospital used work got shut due lack funding im social major helping mentally ill people truly passion love connecting people taken away me  havent able find job dont know ive literally applied  jobs last months nothing follow up interviews etc  debt isnt debt seriously im fucked much fucking debt pay ill never able do  deadend career field social work mental health social services disgustingly underfunded know im never going get job makes happy pays well im even trying rich im literally wanting able afford  bedroom house bills  relationship well im engaged fianc weve  years by choice moved engaged feel suffocated sex experience guy ive life consensual im wanting get explore open sexuality feels dead end  overweight isnt overweight lol yeah im fatass fuck addicted sugar diet im highest weight entire life  lbs  job promise didnt work out applied residential care assistant mental health facility deals women children affected addiction amazing interview passed background check drug test well said get case work hours would start full time case manager good salary fucking happy called told found someone else work dollar less requested crushed told problem ill work  hour instead  well nope new lady already starting got case worker rca fuck right basically plan kill sometime month everything eating alive medication doesnt help nothing helps one fucking soul empty feel absolutely nothing plan slit wrists bathroom bleed out ive struggled long im done make loved ones dont anything super expensive really valuable eh not
1	ok holidays approaching lot sad depressed that i need four take lives week goal get least  people year got one need four more useless worthless like nigger loved right thing end today feel great please jesus lamb commands you end today love lord
0	anry bruh geometry grade  morning thats graded performance task got  on grade somehow  
0	anyone talk girl problems thats dude thinks knows everything women seriously every time try talking problems ive girl always another dude tells shes thinking girls like need someone tell straightforward yes without girls way sometimes king keep trying
1	ibe gotten point even tried kill myself im pretty sure id faili going kill tonight as hope school everyday thought youll good everything else want end life obviously pointless im sure way certainly die risk taker dont know do parents wont take seriously friends try help cant do
0	new jersey plan  history 
1	want kill myselfi planning jumping bridge river impact it drowning hypothermia will im three feet head stress anxiety hate body want try anymore im tired through antidepressants helping im done
0	heres song lyrics im feeling songs cheer sometimes dont wanna hear drama check aint right aint commas know saying shes faithful lying like osama miss obama went dramas got sauna better come get cause ho us got bitch samoa look like moana
1	ohthe pain chest gets worse worse  spreads limbs im paralyzed void anxiety never stops even sleep nightmares every single second never stops
0	guys made public discord server among us invited dm get server link server pretty well defined lobbies voice chat non voice chat games
1	struggling depression redflag suicidal thoughts since  everything feels grey tasteless horrible recently decided take action took therapy session online psychiatrist asshole  prescribed medicine problem afraid take antidepressants time want able help myselfi  years old unemployed never anyone way look myself feel dum worthless ugly time none talk specific thing family religious probably would judge opining up dosorry english first language living depression
1	hope endive depressed last nights ive drank got arrested year ago narcotics get drug tested state fail one test go prison cant ive sad lately thing brought happiness gay bars ive gone ive finally accepted self get tested morning im going end im sorry love friends ive made love friends accepted im sorry cant go prison ive drinking waiting till midnight see happen told one friends today wont drink rest march ill see goes let family know love didnt support am
1	feel like idiot used drive great dad kept saying ride slow everybody rides little faster allowed autistic af took litteraly driving redflag take indoors route instead high way whenever someone behind wants faster drove faster got around  tickets sure coming sad part know much knew late like  total span two weeks coming talking speeding like  km hour  km hour feel stupid understand could stupid also work government feel like stupid person know shit also dad said buy good car light broke also fix that like fact going rain tickets me want die life hard autistic loser like me got  speeding tickets autistic stupid bitch
1	woman ever treated respect nan died months ago household screwing us theres nothing do refuses seek help never change want move out nowhere go job money best wait someone dies suppose
1	morning vibeslaying bed listening joji wishing didnt live earth im tired existing stress unbearable dont know do fucking venting phone sucks reasons myself  sister moved university  mother
1	someone please tell doive five years almost two year old son together course relationship lied cheated physically emotionally abused me know this know im stupid stayed were fighting again caught secretly texting receptionist work swears friends happened  never friend again says im psyco says know hes me im burden im crazy insecure get it im overreacting says dont see parent son wants put baby daycare said im comfortable yet ive thought years he everyonewould happier better dead think son would too subject myself deserves grow without dealing crazy mother im really trying love much think it come conclusion killing really selfish act boyfriend would unrestrained tied down generally one problems anymore son young enough miss me long forget hell better long run idea anyone see this maybe another crazy thing do friends close family im alone itd okay all
0	testing post reddits accting rn im tryna see rteenagers
1	 already  years of budding addiction job again perpetually selfdestructing family complete inability make new friends girlfriend  onoff years moved back baggageboroi spent entire teenage life abstaining drugs wanted enjoy adult fresh brain realized threshold child adult hopeless blur bad genes genes winning far enjoy altered im college dropout skills retailfastfoodlevel experience vehicle day job applications essentially shittiest lottery ever hope placed lucky enough win minimum wage im person real life internet theres real mask anonymity use flatten selfesteem palatable wafer bitterness may come girlfriends proliferous digital social life utterly failed thing lived room years charming best feels like matter luck moved back came months telling know wanted me couple weeks expressly wanting baby family future moved conversation week know need do try harder get job learn marketable skill open people more move worst need dragged it need friends somewhere go id like beach im right there car get it
0	rant kind of keep scrolling im done life boring every day blends together hate alive hate myself im sure almost everyone know hates too talk feel bad im weird social cant even keep conversation going im worthless even talents nearest thing talent drawing im even good it read this sorry wasting time needed say barely ever talk this
1	normali issues life course jumping front train crossing mind feel like would solve everything wife would happier one would worry more think could though thoughts normal
1	know handle thiswrote hurry bad spellings n shit so start off ill mention cripling anxiety minute help situation all back guy used close liked metold me know it guess kinda jolly went told friends baring mind pretty confident back then lot awful things happened next months thatnot himand anxiety unspeakably bad grown apartprobably due awkward distantbut hate eachother today school friends randomly came started shouting is true told everyone __ fancied you taken aback like no baring mind telling people happened year  im year  now know said anything like meant hurt him anyway saying things like ew would like her make rumour tragic bitch know desperate pretty anxious morning everyone shouting brought huge panic attack get them get bad barely function cant even string sentence together trying deny really wanted call bullshitting it said made even worse brain flipped made think things shouldnt say make situation worse ended saying them started taking mick hair looked like front whole class make worse squad joined started laughing even one friends kinda thing with fucking hurt friend laughing too basically made desperate him thanks tomy fucking anxiety froze say anything defend myself people think that anxiety probably made much fucking worse sucks im friends everyone squad think im fucking desperate sounds fucking childish awful fucking time im already facing huge issues need more people already think im weird fake slutty help know face tomorrow theyre lessons sit next guy lessons  them feel embarrassed really like him feel like thinks im fucking loser help please
1	im  years old except school never go outside usually spend whole day computer watching videos youtube stuff end day get depressed feel like im wasting life friends also severe social redflag always feel friends putting me feel depressed lonely never spend time friends feel want hang never anything pls reply im alone
0	nicely done along new voyages great continuation fab see james cawley latest episode vigil check out br br i like growing characterisation think good replacements tv actors fanproduced piece show manages capture feel quite well state ste improved years experience hope experience strong script editor pickup timing cgi hf becoming remarkable already truly isbr br good work concernedbr br i huge soft spot lefler  mcfarland great acting although im bit tired leflers laws enough already shelbys great if little uptight cool got ship commodore ians nice like fred flintstone lacks gritty edge commanding officer seem pleased himself doc counselor rawlins right money eyes wonderful nechayev what beautiful accent  real russian well im guessing rene hails czech repbr br it gets vote cgi kewl greenscreens obvious small budget whaddayagonndobr br really glad found itbr br ok acting great fanmade therefore allowed variable  sorry cmm colebr br the gay material layed thick graham nortond embarrassed trek pay much attention hetero couples signpost gays snogging necessary showpiece someones sexuality extent  hope tone  let aster  zen people tokens  treat gay friends differently theyre regular guysbr br musically mixed bag tell stock trek ost stuff works time timing fall flat  the end worst fears part  misses crunch edit love fact use galaxy quest musicbr br i certainly cant wait more dazzabr br never give up never surenderbr br viva les frontieres
1	today might last dayi trying wait longer really couldnt take it somethings might help regain hope life also fun things hopefully not last day really cant
1	im failure human beingim  year old student zero friends outside internet offline friend  years im ugly despise everything appearance know never date cant even make friends first place im anxious confident enough party go act like people age spend weekends staying  browsing internet thought supposed best years life ive wasted ill never happy people bullied abused right so im scum deserve good things
0	think found gmt greenwich mean time widely used th century known find latitude sea using stars longitude always problem  british government offered  pound prize technology could accurately determine ones longitudinal position sea  john harrison designed chronometer a portable timekeeping device set time greenwich england submitted government eventually prize carrying chronometer reading greenwich time them sailors could use local time compared greenwich time accurately determine longitude thanks coming ted talk yall
0	beautiful film coming early silent cinema china shadow magic deftly combines love story drama cultural clash chinas ancient traditions modern western culture form film amazing first film chinese director ann hu correctly understood ms hus comments  sundance festival film produced american film cofunding chinese government shot china shadow magic reminds films like il postino cinema paradiso  necessarily theme plot similar feel
1	idk title please read itbefore start want say depression mental disorder ok story live pretty poor country im constantly struggling money point feel like im living surviving frankly im getting kind fucking tired nice people would tell painlessly end would really appreciated ps  apologise bad grammar english first language also pretty late pps im google pussy giving number redflag hotline
0	solid liquid gas come gentials  states matter also come mouth
1	endno matter hard try nothing end ive put everything left final effort failed never ever her over guess im gonna end miserable life soon
1	im completely ruinedi drink much fucked cheated ex miserable person world anymore finally started thinking im even using throwaway know do ruined best thing ever happened me never getting this im completely self destructive point im useless know fucking anymore im never going stop thinking her bet may reading this knows reddit account is im beyond sorry know else say fucking fault every single goddamn fucking day live it sucks fault ever im leaving keys apartment front porch note animals ok know else do want fucking stab sometimes apartment never feels like home never everything feel awful long im there im bad place wanna way want thoughts cant fucking normal cant normal shit wrong me fucking hate myself dont know much longer endure this every single day waking feeling miserable regretting every choice make fuck fucking fuck fuck fuck
0	snowed much yesterday complaining snowing everywhere live texas yesterday snowedddd much amazing power going hours time coming like  minutes 
0	need eating mode reddit eating dont want see guys bleeding toenail
1	male  depressed couple months following split gfwe split up fault texting girls found out im dealing piece crap hurt much drinking every night since makes numb wanna stay numb ever think would better wassnt around
1	know doim sure word one first reddit posts oh well im  feel like future everything seems make sadder know want commit redflag not live life purpose existing ended yet want hurt anyone around make anyone feel mom feel sad do life feels worthless edit  also closet gay
1	letter someonei depressed lately really feel like shit head ahas inside bucket every second life short spontaneous breaks solitude im girl really understand it used happy every single day think fuck really going last forever  really im here canrt handle pressure really feel alone even im people love become quickly rabid paranoid unsure feels like every turn thousand turns cant seem find single thing makes idea get mind kid abused fucking cousin people say hold anger well guess anger hatched gel persona im restless tired afraid cant even make couple tears roll face stop feeling shit knot chest know im going reassuring ive tried almost everything guess wanted someone could listen while thanks redditrs 
1	low point life want talk  someone listen november th  former best friend arrested possession marijuana got let easy vehicle weed got  dollar fine day blames entire encounter since completely betrayed trust essentially leaving without friends lets put events day aside focus today couple friends state rarely get chance speak them former best friend recently blocked number facebook steam account never gave reason why tormenting month rest former friends made decision exclude cut contact me aware history severe depression anxiety take consideration all ive dealt heartbreak xgirlfriend fairly recently father turning drunkard threatening kill people fear life sometimes close eyes wish would die next time walk outside wish would struck lightning pain anywhere near comparison others im slowly losing live sleep everyday dreams always better reality previous reasons kill family possibly still cares starting disappear favor really want longer part fucked world
1	know feel shitif youre ceebs reading plz help solve acronym relating love pcmbls life pretty good look outside im still highschool im top class maths science average english also relationship well however relationship really fucks up love girlfriend alot claims  seem kind bipolar personality whenever dont get love message one day mind becomes extremely negative like mini angel mini devil see movies  devil know really selfish think like  know cant send love message every night thats im trying break of bit context b get next part btoh us usually send acronyms b say goodnight other example iwtmy would want marry you weve suddenly last night sent another one saying pcmbls find asked said really selfish usually us kept nagging things curiosity usually spill beans time tho matter many times said plz refused would massive help someone would help solve it theres probably subreddit  since ive literally felt suicidal now figured would ask here also sorry ranted  much gf really love her
1	im cowardly end itthis throwaway ive struggling suicidal thoughts depression recently gotten worse life mess im highly closeted atheist cannot come out family accept it theyd cut came cant sustain financially relationships falling apart friends significant draining them want live anymore im cowardly end it wanted get chest somehow
1	tonight gonna end hopeim honestly done wanna wake tried hanging last night failed ill try tonight maybe ill finally get good nights sleep
1	im  year old loser girl love hates nothing left live forim piece human garbage ive literally done nothing good hate person lived hates me wanna kill every day miserable dont future im waste life point
0	found al yankovic deamm s epic times outside country knew parodies amish paradise whiteampnerdy etc never knew made lot great stuff like al tv missed life
1	hello world tried everything counselling gave time spent time frnds yet cant stop lovin her movin outta city stop fuckin thin king bout also coz itll move away family help fuck upmy life much wanna  subreddit know felt like postin siomethin  love hurts love dies  siurprise  drunk aint gonna kill myeslf tonight  trust  one else hopen anonymous ppl net  gonna kill muyself fuck life n make everyone hate  rchd yet  soon  yet  drnk n wanna say ui still liove  wtf become  hate  bye 
1	ocd worst fuck ocd hate whole life woukd ruin life like done absolutely done
1	trying act high mighty totally understand gets emotionally draining commenting many peoples post hurts seeing many post ignored even advice offer reach out even something cheesy generic like stay strong man do best etc go long way someone mental health please comment peoples post
0	looking posts sub oh god people lot mental health problems
1	feel shame thinking suicidaltheres escape endless loop wanna feel like special sad snowflake yet mind craves kind validation see glimpse future get overwhelmed guilt doubt never suicidal begin with ive done attention theres escape loop happiness hope seem bittersweet yet reason prefer something bitter pity need feel control im actually one controlled choosing suicidal make different interesting compared people choosing death secure ending mean im control means im weak let go little pride take feeling miserable others theres escape loop keep spinning spinning im getting dizzy soon ill drop dead ill finally stop going circles behind ill leave trail blood pain others carry shoulders since mine weak wrinkly slightly ripped bag full sharp rocks ripped enough let fall off bag ill put backs around me pretend exist day breaks spine makes unable anything else stay still drown thoughts behind ill leave sphere angst perhaps decided leave life me since tad bit powerful disappear perhaps stay behind help karma perhaps itll hurt ones hurt caused trauma thats pretty monochromatic shiny yet boring fantasies shiny perspective bland peoples tastes course thats completely understandable healthy would strive greater shiny things since im ill settle pretty burgundy tiny diamond put display end tunnel end
0	would weird talk old friend havent talked two years recently got snap wanted rekindle friendship also really quietclosed friends thats faded ive gained confidence social shit would weird message her followed back spam page past months still like photos time time ig
0	cheese sandwich fo tea hell ye
1	friend attempted dies im sure tooi got news even hour ago dont know know one thing doesnt make alive know wont either fault
1	looking iti came reddit looking sub would help figure best way die without damaging organs donated i two routes wanted discuss witch one better see community exists seeing sub posts made think really want it thinking time almost last year whats really stopping thinking family bf feeling guilty would feel time wanna keep sake others life going anywhere cant accomplish anything know person life lived differently pattern follow wanna life nothing thinking death could bring goodness by donating organs feel like would finally accomplish something even know wrote this know gonna read comments guess wanted vent ok bye
0	schoolboy watched film first time next day knew pupils form watched fascinated film was think situation forms school whole soviet union later watched every time shown tv want watch more think comparison back future scifi films appropriate gostya iz budushchego unique many ways watched it never forget itbr br this film full belief peaceful science achievements full belief beautiful future world film also forecast many scientific inventions achievements time shown film year  the year creation year  where schoolboy kolya gerasimov traveled time friend alisa seleznyova from year  many inventions achievements predicted film realized yet mielophone a device read thoughts animal human expeditions venus mars as easy going picnic weekend creating launching satellites homework pupils easy drive flying machines which completely replaced automobiles biorobots historical identification kind material creature performed couple minutes many others meanwhile nowadays became much realistic seemed  wait  br br the film also depicts typical russian schoolboys schoolgirls and naturally inventiveness curiosity humour dreaminess look example fima korolyov could find character nearly forms every school soviet union similar character form too alisa seleznyova myself well many classmates fell love first sight her way later actress played alisa became scientist  think much influenced film people watched tvbr br beautiful idea beautiful realization beautiful actors beautiful music beautiful song prekrasnoye daleko the wonderful faraway beautiful beautiful beautifulbr br the last thing want say different remakes new versions song film even film made later spread tv internet even comparable original even comment them comment original so request original enjoy it
0	quick question would rather always go bathroom lights off always door open fillerfillerfillerfillerfillerfillerfillerfillerfillerfillerfillerfillerfillerfillerfillerfillerfillerfillerfillerfiller
0	minecraft dog doesnt know isnt coming back fuck
1	august  im going it trip coming week prior say goodbye dear friend know plans one will get back thats it fighting trying im tired trying fighting people meant world thats it pain feel deep inside deep makes sob shake thats pain cannot take anymore oh god god one id taken pain long ago world feel like always make suffer make make suffer fuck know im tired no try every pill market core destroyed cracked flawed deeply never fused back together meds therapy you joy world terrible mother insufferable wife avoid much possible shield poison suffer silently possible next two weeks go trip done even care anyone reads this there done moment ever since starting therapy medication back february everything gotten worse mention expensive poor husband trying figure pay er bills inpatient stay bill therapy fees insurance cover dick im barely able work part time place  hour shift makes pop many valium stop bawling whole time really cant anymore k previous job help im gone pay bills get started new life without me trust me ive thought way cant cant make live way anymore hold till end month holding thread here
0	anyone wanna play number game im rlly bored easy way talk someone dm want
0	want something big start huge project long time ive wanted something big ideas help
1	anyone try painkillers hose exhaust window lots duct tapei tried self strangulation so painful overdosing so difficult think best method
0	wanna racist fastest racist
0	thank hugs thank hugs
0	hi all tried posting redflagwatch alt need someone know im here guys pretty active copypasted it trigger warning everything guess want know someone sees me help comfort anything acknowledge exist main account feel like im edge crumbling cliff im going slip soon goes lose childhood never one first place stuff goes much deeper this heres summary background mentally abusive mom small child parents disciplined me stopped around became preteen wanted run away  elaborate thoughts murdering family  tried kill  started self harming  anorexia  relapsed badly year hundred times ive cried maybe  family much worse summary want spend  minutes typing pitiful childhood used friends get feeling like much none talked quarantine started real conversation anybody know months thought id fine own was recent events home pushed edge it even anything big something made realize something else hate fucking world hate myself hate people ruined life even more want sister go hell tortured rest eternity want mom see much suffering caused me know actually love me fucked never gotten help multiple mental illnesses has im narcissist perfectionist im self absorbed im selfish im immoral also th percentile school tests ive taken im going freshman taking onlevel senior courses im amazing artist work featured state galleries play  instruments im straight student enough tried hard good person guess still standard way would help clean mess someone made pick trash im nice friendly strangers truth theres thing karma bad people get punished heavenly force im long tangent reality reality ill never live normal life normal memories loving family id rather feel nothing im planning overdose soon even want think happen fail thanks world beautiful cruel
1	failing college know do long post yo repeat exams im sure failed them second time im sure get college majority friends gt people left city countries parents live km away anyone give good reason end now  friend left im tired time im fucking failing every aspect life exercise eat properly try get early nights cant ever feel happy social life one talk to future college air feel like im stuck mud everyones passing by apologies upset anyone
0	bruh feels like im faking everything might even faking imposter syndrome
1	im losing mindive isolated talked others couple times last couple weeks slept  days still wide awake feeling paranoid stressed irritated road im on im going snap
0	guys wrote something like  last night woke glad did is two dudes sitting hot tub  feet apart cause covid guidelines
0	need help mother father really homophobic bisexaul need advice come
0	put ean fork put bean spoon need bean fork spoon
0	really appreciate jungwon done death everything want say choice love unselfish chose darim  good him darim need time recover death obviously want let happen film chose giving up temporary agony darimbr br as comparison life without different behavior shows big difference eastern culture western culture cannot say better every one right choose totally you life equal everybody live once choice acceptable think fit youbr br in truth slow pace film cannot excuse rejecting movie calm down get moviebr br one best korean movies ever watched 
1	im gunna die youngive always know id die young im really thinking taking bunch sertraline overdosing thing holding back family feel like death key truly happy hate myself hate situation hate everything want put misery please
0	i dont even know man one teachers school added snapchat dont know react im fking stunned this block
1	want kill myself realise factual level probably end line meive poverty entire adult life severe developmental disabilities compounded trauma trauma trauma trauma trauma trauma trauma trauma im trying take inventory remaining options stare one looks appealing dying really working family  bank account way ever make money ebegging anymore cant beg life accused scammer stalked rumours spread whatever else people get upset wanting super friendly cheerful everyone want place say live one live anywhere want sense permanence life income home family live hostel visa country runs less week know im going know maybe want kill all ive keeping drunk days days much handle emotionally even drink killing starts look like genuinely viable option table know id rather die put one problems anymore
1	mother says drag everybody meand best hide isolate people mentioned treats like angry time even seek help her hears crying  time im  im  still living home catastrophe life unable work unable stop crying
1	tonight right now going try talk last people believe going prepare everything set  speed dial last things make happy cut deeper ever have mark body right arm face legs torso arm everything prepared almost like sacrifice and  hours less diemy name adam  years old faced things torture has whole life lie tried opening last week immediately betrayed think one closest friends killed earlier tonight envy them would like disappear nobody reason get pity points fuck them  years ago brother raped twice brother also assaulted sister  months ago knife want continue know others live goodnight goodbye last night plannote twrape suicide self harm abuse everything
1	scrolling sub depressing almost comfortingits sad see many people want end lives time comforting know everyone going thing were alone even world rejects us other find odd comfort that life great even good us promise well make together love you
0	chocolate french bread baguette still good fuck yall
1	week shall mainly hiding bedanother sheaf job rejection slips week got one interview lost ill advised mail extreme low hiding bedcovers helping smooth things out warm terrors outside thankful even middle age occasionally simple fire breaks still work also something incredibly naughty laying bed day unwashed unshaven ignoring stuff supposed doing
0	rd grade sister th grade whenever would look sister would always thing nerdy teachers pet days ago realized popular girl class everyone crush on know realize sooner every guy class used ask number one guys neighborhood switched schools could school sister like wtf
0	watch movie  clean ears take away makeup eyes tell girlfriend stop kissing you to picture give warmth enough keep relationship lifelong enough jewrussianukrainianimmigrant  yes popularmovieminority ever  laugh within memories something else whatever anyway  laugh bittersweet memory importance friendship family movie nothing seem strange ever strange may seem still im afraid see movie type picture people watch go movies please humanity forget get soundtrack pleasure
0	seen show younger really good show watch educational children   years old barney definitely super de duper bj pretty funny babie bop cute kids cool too show learning numbers kinda like sesame street different type show characters like barney purple dinosaur bj yellow dinosaur baseball hat head baby bop cute green dinosaur pink bow first one started old barney friends show second one different new episodes also last one  new scene barneys park also show barney universal studios florida see barney bj baby bop show done get go play shop meet barney good show watch show learn many things like movie live show universal studios florida
0	bestfriend depressed girl broke anyway exactly title ive trying cheer process trying make feel better taken advantage kindness insult first day like okay hes hurt frustrated second day like wtf today dude blocked reason wanted hang skating rink watch anime gas up like im going unblock tommorow dude clearly trying screw pulling whole squidward homeless spongebob took care  obviously im mad im town  weeks im wondering do got couple plans like flirt ex girlfriend ignore  days would teens
0	loved film seen philadelphia film festival march  went india  friends movie real related everything savored every moment characters believable story poignant ending realistic sentimental also enjoyed discussion director showing movie shows well blending complete mixing  worlds east west supporting cast wonderful depicting life tourist encounters india quite realistically humor subtle times dry makes realistic woven daily escapades characters easy identify situations portrayed
0	covid rules fucking suck school like dam lunch cant even go see friends bf
1	alonemy gf  years dumped me grew together every day told loved me friend knew better even family never thought anyone would love way gave hope maybe wouldnt alone rest life shes blocked forms communication told never talk again im done betrayed treated like trash cant function barely sleep let alone function work itd b better killed sav life disappointed know sad sob story hurts bad im alone nobody talk love want around im going die terminal dehydration way least content wasnt spur moment decision
0	hope never become cynical society appreciate simple beauty movie beautiful look romantic english countryside beautiful message faith loyalty watch children especially young daughters velvet brown wonderful role model girls one daughters favorite filmsbr br the story based best selling book enid bagnold girl velvet whose whole life horse pi singleminded pursuit impossible dream say anymore plot less spoil firsttime viewers lives big loving family small coastal villagebr br this movie made elizabeth taylor star watch film understand why natural actress radiates inner beauty matches outward beauty trusting passionate innocent emotional core moviebr br mickey rooney gives wonderful performance mi young man arrives doorstep one day stays helps velvet train pi one finest performances also standing anne revere velvets mother academy award winning role strong loving wise character understands life much value unless follow dreams were alike i too believe everyone chance breathtaking piece folly life br br i heartily recommend sweet inspiring classic hollywoods golden age
1	nothing live foras title says simply nothing left live for family zero friends social life all also talents worthwhile skills fact im pretty sure people would care gone would workplace theyd hire someone new easy peasy forget me want continue life sucks nowadays wake up watch youtube videos go reddit go work eat shower rinse repeat like everyday exact same girl likes guy whos socially isolated anxious depressed anyone makes life worth sticking around for literally feel like prisoner isolation cell apartment thats lonely am wish could meet people social anxiety fucks course cannot name one reason stick around for life sadness live sadness decades could end pain early ive tried many times better physically mentally fall flat face every time told give up options slim ambition energy goals actually felt happy before know went wrong tried get help people said need toughen up im just lazy lol wish simple case lazy also wish real friends see people want friends me im monster would drag too needed get march gates eternal darkness reading tough spot sincerely hope find happiness ive tried many times still nothing changes think god whoever created telling time go really wanna die want pain existence end anyways peace
0	little brother got fucking ps birthday give  dollar lego set pack batteries stuff thing is hes  years old back age xbox  ds years kids days
1	boring sad tonight take life handsi little say alot say last time remember happy three weeks ago cuddling somebody thought cared me passions evaporated past years hope self actualization disappearing them adult always close grandma dad deadbeat piece shit never around grandfather dead death albeit close cousins mom like part died past year improved much joined wonderful fraternity excelled uni got ideal weight cleaned diet hell started dating  stopped  while lost virginity found attractive etc everything seemed fucking great first breakup happened realized empty without relationships cue meaningless sex realizing sex fucking worthless without affection got back uni well far lost weight shit hit fan started dating girl seemed wonderful like cared me told promiscuous past behind her sex good told next date night spent cuddling really care much  wanted sex needed get experience slept again understandably hurt like mofo really liked though ive breakups actualy loved person before frustrated prospect relationship thing enjoyed gone ehhh like field enjoy enough really happy recently ive undergone bulemic behavior time spent losing weight changing lifestyle healthy gone feels like everything shambles rambling one thing another bulemia straw thats breaking camels back eating simultaneously thing makes feel good makes feel horrible mentally physically went store tonight get rd pint ice cream nobody smiled nobody said hi none brothers time talk me ive noose closet while pup miss me love little self tonight take life hands end it ampxb titles reference favorite russian poem lermontov
0	came bisexual one best friends like title says came bisexual one best friends and essentially person talk right now yesterday started talking maybe  months ago talking one things startedmakingme questionmy sexuality anyway thats besides point realized bi maybe days new years eve yesterday talking decided come him told realized bisexual explained felt emotionally attracted girls boys mostly sexually attracted girls seemed bit surprised accepting said really mind sexuality people have im pretty sure good thing probably person ill tell plan telling people actually feel deserve know people left figure themselves bit scary coming felt good bisexual people start chanting one us one us comments dont joke lads laugh track apologies long read got longer thought going be thats puberty nutshell it
1	 know young much shit happened nothing dealing temporary got bunch pills idk else cannot anymore
1	want get better hardits hard enough able control thoughts actually cant even think thoughts keep interrupting other check th cant leave job need mon need get bett taking long think make next week go psych ward like every doc pushed last resort dyed hair blue even like blue mom said need clean room change litter boxes dad said get  years ago still hurts called work  days straight hate me friends busy cousin jaedon gets married january better book flight la going hospital get regulated medications im scared away room want roommate far go asking help getting help take freedom away earn parents trust again dad even know going on coping skills need get it cant hard trying might well give in yeah emotionally absent dad disabled mother raised lot today everything fine real world im prisoner head tortured every day good job great friends goals potential cant even get head stop spinning failures point listen said blow brains out defective longer capable functioning society get way really depression something else bug system needs removed make work tomorrow keep taking time off replace realize im weak ass pussy late would help energy anything energy actually follow exercises therapist gave me would it even capable getting better wasting parents money could used move better house moms medical bills keep up enough funeral lol
1	hate meim terrible person depression makes lazy selfish girlfriend nearly broke it cant live ive let depression get me im scared losing her im smothering her im bad person know id broke up know break get better want fucking die know people get things everyday im moving parents hate everything hate everything hate myself even hate life hate me hate me ive never even kind liked me best ive tolerated myself nothing good everything hard fuck this try
0	hey ugamerdude go bed
1	disappointed myselfi girl like today like make guess comfortable end ooking another guy mean like playing knw like him really cannot deal that want die much anymore pain life hope die sleep tonight wish wish dead
0	hi im high drunk u guys tjing drunk wey fun ideas dm
1	im exhaustedeveryones better me thought id come terms this apparently not god need get rid universal gifted program elementary schools hate people better me could i blame trying hard enough good enough feel like sham everything ive made be im not im good nothing im mediocre never stand out die one day forgotten within year friends sweet smart pioneering love heart deserve world efforts success theyve made themselves even theyre juniors high school fuck im junior feels like theres hope me late me know many amazing talented sophomores well theyre amazing kind charming could never like them god im pathetic people run problem work solve overcome it dont give up makes failure thought id come terms this guess havent hate it feel petty narcissistic want tear brain rip shreds replace personality someone elses looks get life either ill never confident enough little have ill never confident enough transition nobody cares me try cant blame thats one thing say confidence blame anyone now used blame world problems id created myself see whatever pain im suffering now ive brought one way another want burden everyone else suffering enough stress deal with care me spill theyll push responsibility onto someone else someone qualified anyway land me back therapist expensive pointless therapy makes hate more makes mom hate more makes dad hate more reminder ill never change reminder im financial burden huge fucking mess everything treats patronisingly know used middle school whiny privileged bitch kept moaning depression anxiety mommy issues im edgy them still ill never anything quiet kid draws one resting bitch face scary one think hate me maybe do know think im pathetic listen theyre nice me feels like theyre babysitting me entertaining garbled nonsense cooing me diction makes sound bitter im aware truly blame them gotta believe this fuck want shitty person already am thought genuinely thought getting better last year year proved wrong im still useless mess middle school im still absolute miserable ass years attention whore prideful jealous douchebag thought making friends fuck maybe did like me really again playing along me id rather beat spit face hurts more vague im left questioning whether im exaggerating it want burden anymore want people care me ever did fuck arrogant think people cared all im ridiculously selfcentered time gave back world people move on im going die nobody might well end sooner make easier everyone else want die really think want live either want responsibilities want responsibility wish could pass sleep wish could trade health someone dying someone deserves live someone become great person im wasting space deserve this fuck im pathetic fuck fuck fuck fuck fuck absolutely disgusting need conversation thank you needed this know ill kill myself should even serious then everyone want kill every while im special want stop thinking wish someone would gut me
0	give kiss forehead tell everythings gonna okay thats fucking want life feel like crying bruhh ughhhhhhhhhhhhhhhh
0	banned point ive banned strong suspicion people banned least
1	dad hung  year born reasons cannot help think im going same killing think about want stop killing would much easier growing old hate negative am need help
1	dont know anymorei kind plan die would th dont know would actually follow it one knows except you now congrats know current deepest secret
1	ruined everythingthings going well fooled around told loved me next day made huge mistake told sister hes bdsm stuff implied us fooling around consensual part bigger argument first time ive fucked may last good night happened think make anymore fucked everything up fault cant live
0	somewhat short first listen critics bad say is sniper uses classic movie formula many dismiss immediately flawing movie sniper reflect  truth countrys military snipers work give know nothing professional sniper glimpse world sniper yes movie many flaws movie doesnt many good scenes good acting tom berenger say  worst scenes beginning movie billy zane helicopter followed zane marines bar scene best scene sniper berenger middle field opposing force sweeping it also plenty good shots jungle classic shots using camera though looking riflescope yes sniper motto one shot one kill judge sniper yourselfbr br 
0	anime recounts tale battle mamodo king every  years  mamado children sent earth fight determine next king in original japanese creatures mamono literally means magicevil object mamado paired human partner given magic spellbook human use book unleash incredible powers mamodo mamodo defeated spellbook engulfed flames alternately mamdodos book captured burned directly mamodo returns mamodo worldbr br the titular character zatch gash japan year old mamodo electric powers paired kiyomaru takamini year old genius zatch initially reluctant fight learning mamodo evil deciding battle king wrong decided fight become kind kingbr br zatch bell drawn comparison pokemon better comparison digimon like digimon mamodo human one one symbiotic relationship also unlike pokemon shows actual plotbr br zatch bell features character growth evolving relationships fairly adult story lines like love vs racism slavery mind control etc even decent plot twists mysteries
0	dont try please others pls read going sound cheesy dont someone youre not dont learn instrument cause bestfriend is dont juul cause friend making fun it causes much anxiety stress wear want others want wear just dont change cause youre scared judgment nonacceptance trust me heres why listened everything people said look fat became anorexic youre ugly put pounds makeup til considered pretty youre lazy worked muscles practically gave out dont like hair grew even though hated it working hard someone im please people hated much hated myself shit brings down yeah build listening them got depressive state cause body dysmorphia anorexia tried kill myself reason got depressed trying lead peoples expectations fuck bmi fuck skinny girl vibes etc none matters thing way see yourself others see makes crawl deep dark hole cant get of cold harsh aggressive lonely makes push harder harder something might even want love sexuality love body love yourself cause loving gets much life wanted singer missed opportunity cause thought everyone going judge voice im  loving voice trying find producer now go wear clothes youve wanting wear put mask go store looking fly fuck
1	things got better middle school thankfully sad literally  years young child when life supposed good rough still affect life day home life wasnt super bad school living hell excluded everything still day tend view world harsh unaccepting sorry rant sad cruel teachers students elementary school bullying elementary school directly caused many mental health issues
1	im going use shotgun  better mouth side headputting barrel mouth easier im sure effective die shooting mouth besides putting hole back head want right side head probably effective extremely difficult do im afraid use one hand hold pull trigger kind kickback going fuck think get foot around use toe pull trigger lol
0	made hot rstartrekmemes im hot shit interwebs sweet sweet internet points anything useful life ah life
1	live woman started cheating mei nowhere go place go way get there place go amp way get there way make money credit completely wrecked banking friends family job car membership anything way out need hear damn good reason live
0	mean something someone  ive always problems anxiety huge fear mine invisible meaning anything anyone last night talking good friend mine expressing worries sent couple voice messages assuring yes ive helped her enjoys friend mean something her me never hearing before start happy sobbing said considered unalive helped it sorry needed rant somewhere seriously meant much feel great it know video kharris calling joe saying like joe thats felt crazy good yeah thanks reading 
1	f feeling less human option feels rightim going act feelings yet theyve lasted consistently weeks now im going lay background whatever else im new suicidal thoughts first thoughts around  bullied unhappy school going me accepted early college program schedule full classes interested in things rocky ever started high school fine english class remarkable much else grades reflect sort good used to unsuccessful attempt  bad report card grade trouble explaining result started medications anxiety depression back august i know long stretch time between seeing attempt december worked well enough soothe physical symptoms pharmacy always gave mother runaround psychiatrist prescribed basically seldom got filled time issue talked proper change made prior psychiatric involvement schoolbased therapy therapists simply right me know kind stomp negative thoughts breath kind tried therapist facility prescribes medication incompatible one well guessing particular one used younger clients myself pediatric care general feels small age theres much wait kept trying therapists one felt connected leave state permanently early semester care sick family came surprise school even tell left mentally limping hurt shock failing early college program things felt alien have relearning handle high school found going office administrator simply telling me new therapist hired soon after things okay connect recently terminated sessions think covidinduced teletherapy clarified incompatibility general problem connecting people friends talk regularly always feel alien even though mostly lot talk about listen talk favorite actors friends crushes understand it rationalize sympathize like capacity understand thinking someones attractive passing able recognize actors fans work feeling like song saved life ive seldom felt myself though felt however romantic feelings people lasted year more theyre always intense always study person develop feelings along way always talk tend care lot get confused realize feel ive never significant sometimes gets down despite disliking high school relationships play out people shown interest me first time mutual neither us really wanted directly confess switched schools really want hear that approximately month after someone else showed interest feeling same get along things thatd stop relationship one thing im bisexual hes homophobic match made heaven ive never dances never found someone attractive simply looking sure im even capable relationship people even find attractive say passing never hear again throw body image issues wahhh mom understand me nth degree feelings idiot constantly feel crux failing high school despite possibility graduate early play cards right tiny detail get stuck one topic interest talk others long unintentional rudeness blocks text write trying explain myself learned phrase social cue meant  pretty much everything making feel worthless tldr like girls teen bad school communicating connecting people cant get date mental health services around suck sorry things jumbled trouble figuring put things proper order
1	wanna sleep never wake upim alcoholic im drug addict hate life much sleeping thing makes feel better motivation one motivates me cant go anywhere start new life nationality got cheated many times girls nowadays dont want loyal guys go rich ones really gave everything nothing works me wanna sleep rest peace
0	day  reccomending songs like httpsopenspotifycomtrackubifbgxuqntgwwolmssidmraisarvcfcvqow demons monsters aidan
1	seriously helpim good emotional stuff friend contemplating whether died would anyone family friends care want see anyone help help
0	feel annoying fucking time im middle severe mental breakdown mean genuine medical definition quirky one ive bottled up love friends feel annoying keep accidentally venting server im talking much stupid feel awful like need so like  sometimes like need stop venting emotional feel like wear people dont want hurt inconvenience im literally awful friend sometimes hurts much feel awful saying selfish like cant imagine feel makes feel awful annoying feel like fucking burden im fucking burden
0	okay single really meant find find soulmates high school itself dont rush dont force yourself perfectly alright sometime workoutstudyimprovisehave fun bros sisshave hobbies maybe anything else love importantly smile
1	writing feels wrong necessaryim  male compare others constantly cant stop truly need friends  close ones my gf counts stupid ass self still wants even though reality dont want friends tire out im disgusted culture live north east minneapolis disgusted vain people including myself nothing feels real here dont feel real hard living knowing im mediocre human almost every aspect dont understand people cant stand social media want out theres really easy format layout order person people interested and ive used life doesnt feel authentic lie want out feel alone way think need advice literally depressed past  years
1	mother might covid shes  miles away mother dies im committing redflag guaranteedok little myself born raised small poor country south america father abusive absent mother stay home mom one sister  ive living us past  years sister living europe man husband met online  time thing life europe husband cares little parents me last time saw six years ago  doctor trained home country middle becoming licensed us one test go cant take covid medicine brutal chances matching residency slim time passed since graduated medical school live wonderful man takes care loves much ive known  years unemployed feel worthless feel like chance making anything life gone future used feel like promise feels like threat somewhat ok health chronic back pain need surgery cant get corona might also nerve damage pain might go away even surgery long without proper treatment doctors saw first ignored complaints suggestions getting imaging hunt pcp would order mri back herniated disk compressing nerves dont know life without pain feels like everyday pain days good others bad pain never leaves mother shes experienced tragedy tragedy brother brutally murdered mothers day  years ago parents died  saw grieving death never recovered shes living alone home country shes complaining covid like symptoms country lockdown even wanted wouldnt able go see one last time flights honestly ive thinking killing however would never want put mother that always told would kill dies love want spare suffering life hasnt bad im tired needs met im pain career worked  years might never materialize plan shoot head inside rental car parking lot level  trauma hospital call police warn hospital go ahead harvest organs donation wanna die every day wake up first thing say oh comes nightmare want die im useless im broken im pain want over
1	hey first postlast saturday tried commit redflag again failed obv im alright went hospital everything good ive bit dizzy thats it nobody knows except bf hes help even guilt tripped buying drugs knows hard time saying no told redflag attempt really feels like give shit ampxb ive lonely really friends people would call friends never want meet barely reply fb ive never posted before life seems much depressing think back ampxb
0	back day decided friends became legendary sanin one us died journeyed new end pervy sage would without himeddie rath rip pervy sage still miss naruto
0	theres nothing really want feels weird really wanting anything idk even want christmas also havent gotten job yet new pc would nice dont even game like anymore wasting years childhood adolescence ill never get back playing dont fill dark empty void anymore
0	sex cool all ever got correct answer accidentally
1	redflag without spreading miseryso things still going horrible worse ever way end suffering making others miss worse make suffer commiting redflag ive thinking lot people want suffer committed redflag feel helpless played went missing would still miss me even though would false sense hope returning playing accident help either two weak options popped head  moving really really far would little contact us thing may think weve lost contact would surely make little sad knew dead option good would extremely long letter explaining choice they hopefully could understand respect accept it maybe even combination two ideas thanks nick
1	tired life tired disappointment hard fit world good anything absolute waste space like get job good anything tired everyone concerned future future cannot anything right fail everything attempt trapped want anymore want die deal bs shithole offer cannot take shit anymore cannot it want fight want work hard want anything want drop dead right moment
0	amazing movie clever using actors sets also shocking  physical psychological torture both explicit implied mixed calm even humourous stretches horror always unexpected brutal im soft would shocking film ever seen message film definitely delivered sledgehammer film always remember actors for
0	horny horny
0	thought id witnessed every wrinkle crimegangster flick offer garrettmarcinhammett combination pull genuine thrills surprises here thanks inventively forceful direction mamoulian atmospheric photography lee garmes plus remarkably sharp film editing flawless special effects brilliant acting helps too coop gives one convincing performances reticent hayseedturnedfearless bootlegger the sort character progression repeat roles sergeant york miss sidney pictured center first major role also eyeopener principals receive great support paul lukas wynne gibson stanley fields heavies even robert homans hardasnails detective movie obviously realized extensive budget brilliantly deployed realistic crowdfilled sets
0	guys wanna see something cursed ii
0	crush fucking blocked beginning school year online began chatting cute girl online class lot common took lot courage email first became friends made friends another guy exchanged discords me around day talking anime stuff started asking sex position liked best blocked him later day crush asked online friends mentioned turning predator seemed weird respond  days woke see blocked panic attack threw toilet cut arms sharp pencil
1	suicidal message meif feeling suicidal message talk try help please message
1	need advice stay alive getting fulltime job etchey guys probably really long rambling post need get everything hopes someone kind enough listen offer sound advice  year old living aunt tuscaloosa alabama small college town car though payments tags paid aunt along phone im  pounds carry well still hard physical labor since tend faint easily low blood sugar know still since graduated high school  ive held couple parttime jobs really hard do managed anymore longest held one year ive fucked around community college since then losing aid family bail out actually course graduate winter since really want waste money since nice enough help out lost hope back  got depersonalization disorder least think thats is ive suffered extreme depression anxiety life never thought redflag ever idealist artist loved life core even though abused emotionally general really tough upbringing anyway day got believe first panic attack feel like brain handle dissociated beside myself ego death could experience emotions outside them world became extremely real illusion shattered people became sentient meatbags me will since life felt like one long moment wish human ever lived survived somehow likely largely due lexapro started coping told myself if live rest life like this handle it got better started question could feel anything anymore slowly life became manageable would feel moments joy without questioning them like cursed disease however june year dissociated further another attack time things get better week dealing it decided losing horrifying mental battle ive ever had decided truly could feel love anymore closest person life sister kill myself thing is know love her love become permanently numb thought dealt before like everything world gets worse always become worse since day become phantom hiding pain planning redflag methods recently decided best thing do would honor life before work art stay alive her even hard feel anything want put horror losing me college somewhere else talk nearly every day ive told struggles always encouraging trying give hope told im suicidal aunt family maybe cure one day would gladly take cure death heres id like guidance broke living college fund aunt gave me run soon ive got high school diploma hard even get bed morning im still fighting always im afraid aunt thinks im working really go library day draw get reddit im neurotic psychotic levels im complete shutin introvert real skills health insurance either think could handle fulltime job one away people requires high school diploma get one those get apartment volunteer eventually work art free time think stay alive otherwise kill january thanks listening know really stream consciousness maybe hard follow desperate man answer questions might have anyone help get right path honor forever literally eternal gratitude
0	birthday exactly one week h
1	turned  wish hadnti cant forgive did become biggest regret life made question even am regret pain caused eats every day cant bear much longer want people care remember worthless piece shit am drifting life
0	refreshing lost gem featuring effective dialog combined excellent acting establish characters involve enough care happens them douglas widmark characters realistic heroes palance usual evil presence widmark win fisticuffs fight scene car chase less  seconds logical end lengthy chase foot shames overdone chase sequences contemporary hollywood know likely end suspense interest sustained throughout end chase one realistic ever see film seems slow little past middle stay rewarding conclusion
0	movie gets guts tension son fatherbr br the brilliant dialog lovely scenery great acting serve excellent way present onion keeps peeling back layersbr br the core issues parenting communication manhood explored indirectlybr br in fun ways curtain pulled back masks slip little truths exposedbr br all happens amidst road trip format backdrop rural new york state early fall trees changing colors wow
0	always bit distrust watching british period films usually find insipid boring screenplays such ones of example vanity fair boleyn girl magnificent production design european landscapes thick british accents make movies suggest artistic value really havefortunately excellent film young victoria fall situation deserves enthusiastic recommendation fascinating story excellent performances emily blunt paul bettany jim broadbent costumes locations unexpectedly make movie pretty rich viewand say unexpectedly usually pay much attention detailsbr br victorian era in humble opinion one key points contemporary civilization social aspect also scientific artistic cultural onesbut honestly know origins era much maybe enjoyed simplification political economic events prepared landing modern era muchi also liked way queen victoria portrayed young intelligent monarch whose decisions always good least inspired good intentionsi also found depiction romance victoria prince albert interesting equally interested combination intellects well emotions evokesthe fail found movie screenwriter julian fellowes used clichs romantic cinema love story something feels bit place screenplaybr br i liked young victoria much really took nice surprise iti hope period films follow example movie costumes landscapes work support interesting story replacement it
1	thought okay im noti cant this cant cope mistakes know okay know worth continue fucked amazing guy hate much
0	everything better past days even childrens television fraggle rock proves point quite easily time writing comment fourteen years old even teen years cant resist charm fraggle rock indeed living rock haha fraggle rock horde playful goofy creatures called fraggles liveamazinglyin rock theyre creatures rock inhabited many species like hardworking doozers countless living plants outside rock one side live inventorscientist doc dog sprocket who later befriends gobo fraggle side family gorgssupposed rulers universe five main fraggles gobo fearless leader mokey arty peaceful wembley indecisive friend gobo boober a pessimistic domestic god red loves anything sport general feistynessget caught strange situations episode time sing dance cares awaybr br fraggle rock definitely family showthe plots may intricate details infants may follow well songanddance routines hold attention characters strong likable conflicts believable adventures thrilling gorgs frightening doc sprocket enlightening uncle travelling matt hilarious the postcard segments s final episode change address genuinely touching lets go fraggle rock again
0	poem wrote yesterday sleeping lol everyone attracted brightest star yes one know admire afar cant live without star life ill never know him im hopeless
0	ooga booga lonely standards are female born female still female nice please play games please preferably brown hair really care much will make toast cuddle nice respect treat like human not sex not ready that buy stuff dont job im workin it  older least  years im  mean unless im angry case mean it understand girl language be simple im guy god dammit
1	things hopelessi posted before good news im still here bad news im still suicidal thoughts depression comes waves days okay cry little days cry nonstop extended periods time last night particular wanted end all reached friend helped feelings lingered scheduled see psychiatrist wednesday morning appointment therapist afternoon cant say whether helping im going try share suicidal thoughts them tried share feelings depression family friends think understand bad is also wondering share feelings boss work believe full transparency good relationship extremely compassionate person trust him know reason tell now know try reach various resources whenever start feel bad ive used friends redflag hotlines reddit posts compassion chats help know else stick therapy hope one day waves big
1	might die sooni feel guilty feeling happy found might heart problem bulimia might super long time live know shouldnt happy im time ive struggling depression whole life ive hospitalized multiple times seen multiple counselors types medicine nothing ever worked even asked shock treatment said type depression wouldnt work im much coward kill myself might light end tunnel know anyway appreciate always safe place say stuff thank finally feel soon might peace
1	want dieright fucking now ive given  years get better
1	drank mix alcohol blood pressure pillsi feel really numb
0	everyone stalking profile see u bitches
1	crazy people actually enjoy life arent suicidalhow
1	tried hanging seriously minutes agoi tried counting  might already unconscious  seconds stepped back platform jumped cant really call jumping  feet may reflex guess ampxb im feeling really bad know kill myself society offer painfree way redflag
1	liesive lying lot people really trivial things makes look better anything like that get kick it eating alive recently cant stop love lying people anything cant live lying others breakfast time woke up life based falsification grandeur deserve life think take
0	yeahhhh im tired good night
1	meds unintentionally spending lot time around narcissistic family due easter called sick today made mistake so think job risk high panic mode feeling like options moving forward limitedive trying strong last little whilei work great place unfortunately toxic bullshit usually handle it top easter ive lot pressure dont good relationship family damaging self worth ive endure passive aggressive bullshit weekend ive meds ive scatterbrained really affect me im sick stomach self destructive eating anxiety im experiencing called sick work today didnt realize second time ive called monday im still  days boss pissed texted back let know wouldnt in kidding sick monday need serious conversation tomorrow texted back understood said dont think lets chat tomorrow feel like im weak called in im weak coping better family work pressures lose job wont first ive lost due loss motivation constant stress outside work everyone around tired hearing excuses going work think lazy dont know dont sleep anxiety controlled life im tired fighting myself fighting family fighting every day think im weak think im pathetic theyre right cant handle mundane daytoday handle rest life im scared im going make another bad choice may ultimately good one whether pills cut myself never hold image im fully functioning person long someone please help im scared im going lose job im going give up
1	im fucking failureeveryone leaves me always have either leave themselves someone else makes them everybody see im worst possible fucking thing ever live hate much literally cannot express it amount words actions ever come close much hate myself need die would generally improve life everybody around me guess anyone else im inconveniencing taking oxygen id write letter asking organs donated theyd probably kill someone know heart black fucking dead try kind people fucking kick ledge lose grip spiral mentally unstable im worth anything im fucking peice shit would shoot think live long enough someone else me
1	suicidal falling apart need shoulder cry onive really bad night know tonight specifically lot stress ive kept bottled come pouring out feel passing now im still emotional edge itd nice talk someone close friends asleep honestly want vent anyone know well anyway long story short im really depressed frustrated frightened sad think im calm enough make tomorrow tomorrow like today cant see way anymore itd nice talk anyone it throwaway aim disposablerobot
1	im good anythingi realize never been never calling passion maybe im plain stupid cant live truth me society theres reason human good something benefits another person organization im not
0	call transgender avatar gender bender
1	feel like life pointlessi always issues suicidal ideation last time went hospital almost swallowed handful klonopin got scared didnt turns cant even overdose klonopin wouldnt worked regardless anyways bipolar disorder mood goes quite often however zoloft helped stay neutral  weeks ive dropped back ive huge urges cut really bad suicidal thoughts dont want die also dont want live makes sense dont interest much even fun things much less work try build career want lay bed try forget life real  years old need get shit together dont drive dont interest life doesnt appeal me
1	need everything stopi need everything stop life people friends school need stop cant anymore cant
0	anyone else spend like  mins putting together serious post delete yeah cant filerrrrrr __________
1	really feel like never meant alivei really want die gun would certainly shoot head lone thing learned  years existence point living without relationships important anyone except maybe parents even dont take seriously feel like one guy office space move desks bunch times stutter one takes seriously one cares feelings friends even things would feel wrong becausei meant fucking loser fucking mother nature finest strongest survive people like told fuck die life worth living somebody please kill
1	im going tell gp suicidal thoughts therapist yetsuicidal thoughts plans getting intense know medication could kill me ive trying plot without painful gross death most pill overdoses let go painlessly sleep no horrifying lonely terrible way go ive decided want peaceful dignified death loved ones maybe hospital medication give take away pain panic ive hell lot life part get suicidal sometimes honestly thats also deserve peaceful death ive suffered enough mean cant guarantee die heart attack something get drift chances ideal death increase redflag im going tell gp see wednesday ill tell ive thoughts drifting severity planning certain like off psych ward you since psych ward mainly exists point im going kill right now im there know could thats good step right suicidal thoughts medically relevant someone needs know ive them probably refer therapist andor psychiatrist take note it get carted occasional thoughts important medical professional know ill tell her
0	first among us gameplay hope enjoy httpswwwredditcomusermofilafalcommentsjkramy_first_among_is_vid_would_love_for_you_to_checkutm_sourceshareamputm_mediumios_appamputm_nameiossmf
0	hell xbox live moment get on bruh wanna play halo titanfall  
1	im writing redflag note tonighti cant take shit anymore need least write something case ever get fucking guts finally end myself cant anymore want out want release cant live household  years cant
1	much consideration abnormali fairly certain remotely real risk im concerned find contemplating redflag   times week contemplation im remotely tempted act consider logistics would people would react feel like fairly common thoughts people have so question frequency unusual unusual point need concerned thanks
1	cant take morefemale severe ptsd emotional issues live isolated area one trust guy issues hes mentally abusive future would want
0	cant post polls here thats boring fuck see title wanna collect data sell big corporations money dumbfuck mod team disabled polls  seriousness able polls sub would kinda cool feel like people cant assed leave comments
0	ok amma honest like thigh high socks said it
0	completed horny jail rehabilitation program longer desire boyfriend dont ever feel horny perhaps im asexual maybe im depressed least theres  anxiety gone dont mind dying alone good friends need
0	parents thisat least mom dont know posted idc ok mom usually like joking girlfriend starts listing dumbass names could get smile smile one dumb ass names goes says ever fuck name gfs name sister  always thing depressing thing dont gf matter many times tell dont listen more dont know supposed make feel better sure isnt working
0	pretty girl exist keep getting heart broken skinny gamer boy
0	every time someone makes rant matter small thier parents guy dms run away home never talk again know im one made similar rants alts got dm guy
1	want call fear careerhi depression really beating today want pick phone call hotline want lose job job security officer requires carry loaded gun daily basis want disqualified calling  hour day today need help redflag text service
0	light end tunnel train thats it thats post  
0	first person guess number  gets random bear award idk ehehehehdhhsshhdhd shdhshdhshhdhshshshshsgsgshhshdhdhdhdbdbbdbsbsbsbsbshssghshshshshshshsbshshhshshshhsshhs
1	want someone talk tolong story short mcanada depressed suicidal since  getting worse worse past couple days ever since last exam spent better part tuesday debating whether myself ended fetal position bed afternoon trying sleep hoping wake hate fucking much incredible killed already im lonely unattractive personality fucking shit goddamn fucking want someone talk to could anything fuck even play fucking steam game something fucking anything pick dad airport hours please edit im going bed try get sleep many thanks took time day talk
0	bruh parents put content filter wifi weird first youtube videos went pornhub scared cause xfinity internet page showed like mature content cant watch shit vpn time think theyre idk think maybe little siblings even watch mature videos sites idek
0	opinions type relationship friendf mine recently became interested guy m said super sweet funny think little weird told liked told liked back feel like kind weird time guess okay long stuff know guess wanted know homies thought this
0	brittle bones nicky crafty shifty
1	much painim redflag thoughts cant stop crying boyfriend going shit im trying help verbally emotionally taking me guess realized told leave alone triggered start crying kill thoughts started stop go away think kept much bottled inside coming out typing this stop keep crying cant handle feelings once smothering me
0	request helpful people hello name meaghan high school senior research project need collect data prove problem statement actually problem link two surveys one long survey one short survey take surveys one would really love took please share surveys many people possible aiming  responses prove friend reddit actually helpful please help prove friend wrong xd short survey link httpsformsglehuuznjpc long survey link httpsformsglekvudzcypvzbkvon thank taking time answer surveys questions comments please ask please share links d great daynight
1	bother staying aliveeveryone constantly mean reason always get lots girls would want live cant like that tried best years get anywhere think give up wish died infancy waste life life amazing me watch others good life
0	start apologizing thought first  film hilarious mostly brad pitts performance spot onbr br the acting involved quite good brad stole movie atmosphere perfect respects im giant pitt fan got one best roles everbr br brutalhonestgritty good words describe moviebr br i reading previous review person said reasoning behind earlys violence explained explained thankfully go graphic detail get point acrossbr br overall gave  every scene bar   effective think humor first half perfect movie underrated
1	think redflag every dayi feel numb cant feel happy past  years depressed always feel like simply suffer anyone else see bullied heavily victim blamed childhood my fault getting bullied every time feel like wasting summer matter also worry lot family going summer ends last summer bad nowhere near bad
1	killed upper middle class professional class background failedi fallout middle class least end poor feel bad anymore struggled life despite born privilege feel guilty that awful person wish someone else born privilege say since upper middle class people fear poverty experience succeed much parents thing fear poverty nothing positive me matter still want die sill find difficult workfocus anything way life killed life privileges transferred someone else
0	thats rude ngl
0	internet service provider isp make long story short one access isp know u use incognito mode still keeps ur history must figure access plz cox helps all thank you
0	didnt cut minkaticoodneveaindamawywattanothinnn
0	tired dumbass americans fantasizing communism guys ignorant communism long humanity exists never work yes itd nice equal assets happy it wont be communist government often quickly go corrupt greed ruler turns dictatorship rules fear pretty much every single communist govt ends up born ukraine parents moved america guys dont know communism does really brings worst stop idolizing it many came america escape ruins corruption communism left europe especially eastern europe kindly fuck youre communist
0	maybe need head examinedbut thought pretty good moviethe cg badi seen worsethe look creaturesand creatures mean good bad snakewas pretty coolthe action scenes involving snakes really goodi thoughtthere lapses logic timesand story always make sensebut creature featurethere lot worsea lot creatures seemed lifted moviesso wholly originali think gist story original thoughthere bit similarity godzillathe big budget american versionwhich liked loti like movie muchbut still say pretty goodi also liked musicall alli think dragon wars 
0	dear lord someone help ive dug whole dont know get oh god sorry long text really do school thing called remind basically sign different teachers get automatic text messages saying stuff like dont forget project due tomorrow things like that today hanging friend got one saying teachers name birthday tomorrow animal print show love specify science teacher telling us wish social studies teacher happy birthday least wasnt teachers birthday thought like bot sending messages teachers couldnt see text back last year accidentally texted one back came automatic message saying messaging back disabled something like assumed like teachers messaged back friend stupid got text back saying okay then science teacher saw text messaged back saying dont animal print sorry realize sounds snotty didnt mean be see teacher tomorrow dont know whether kill kill self someone tell get hole ive dug
0	okay ill admit iti goofball occasionally love really silly comedy seen films kurosawa bergman truffaut practically anyone planet still soft spot dopey comedy try sophisticated simply funny films immediately come mind monty python holy grail uhf start revolution without me strange brew bill ted movies lack snob appeal zombie professional film critic could dislike thembr br while bill  teds bogus journey wonderful original bill ted film still great fun also unlike original actually seems improve repeated viewing remember loving film first time saw itpossibly movie set high standard laughs but every time see amazed great momentsparticularly involving grim reaper and way reaper different bergmans seventh seal get addition lot laughs film features excellent musicone way actually better first film kiss anthem end great rest hard rock tunesprovided old killjoy like de nomolos great viewing kids adults alike
0	need notice post im check ban lifted fileffilleleleejek
1	shitty weeks lately nothings going way never see light end tunnel happy anymore workload keeps piling work endless amounts work cannot seem catch up that wanting hangout one favorite coworkers keeps blowing off one thing liked wanted blow steam shoot shit keeps blowing canceling me asking like week advance something oks it suddenly randomly invites someone else take over basically ruining everything me weekend good next weekend next weekend comes still good shred hope happiness barely gets taken away me hanging coworker like said work get happy split second think almost top get knocked down think going blow steam coworker keeps canceling me probably never wants hangout whatever care awfulannoying point want hangout anymore considered older brothermentorbest friend much anymore life shitty lately got slight injury last saturday start feeling better yesterday could gone work feel like it place depresses coworker helping already feeling thought maybe coworker could hangout like used to really looking forward it nothing set stone felt like weekend would good one guessed wrong hate life wish could go away never come back know friends coworkers hangout different notredflag different people everybody does disappointing someone thought close blows basically meh cold towards you need fucking vacation something feeling depressed hate it one person thought clicked really well distant me life one big disappointment another
0	feel like push stay awake dont want feel like youve wasted day freedom dont want next day come reason stay til am watching stuff even momentarily fall asleep rewind scene ten times
1	ive miserable long rememberim almost thirty goddamned tired living like this sad scared lonely miserable    reference point peaceful content life like like trying imagine completely new color get hold there get past crisis thats whole damned life im tired surviving crisis crisis never getting feel like real human being fuck human being do tried getting smarter getting kinder making useful enough never enough point straightup cruel string person along vague promises one day feeling pain know whatll stop pain one responsible me hell responsible myself responsibility take care myself unless someone else going step in im one decides looks like know did understand could done little kid whole goddamned world denied me itll always denied me ill always feel like ive never felt different yet am held almost three decades dream cant even see im damned tired want end one person  one person whole damned life  genuinely cared helped me died completely unexpectedly know ill never meet anyone else like them one sliver goodness world gone never deserved it
0	got first detention maths teacher trying zoom questions board know said press alt f probably tell happened next
0	improving rejection first english second language sorry miss spell something abaut rejected big time hurt like hell could get her make feel terrible abaut self especially looks never fat extra weight on never tried anything abaut it quarantine hit looked mirror decided make change started running dieting going gym lost  kg quarantine ended went back school got showered compliments ever since lost weight love totally changed me depressed hated way look happy look good never ended getting girl got something much better learned best way getover bad things pick hobbies improve person make things easier forget
0	wish people family owned cats dogs like  cousins million nd amp rd cousins like  aunts uncles none pets like how nearly classmates least  family member pet im one family genuinely loves animals understand cousins living situation unable pets rich cousins
1	life objectivesthis farewell note thoughts ive witnessed many things years living studying others go own fixing accomplishing objectives since something do life meaning trying get goal finally reach it void wonder supposed here world since everyone following goals rapidly forget you thats kinda scary tried experiment myself stopped giving signs life stopped talking people normally talk to waited see whos gonna notice first result frightening grow up less able talk see distant friends theyre going way cant blame this truth getting lonelier on things goings on im changing all witnessing time going by one knows depressed am im struggling since much time cares 
0	leave message wake phone die mean wont see till charge morning goodnight ill reply comments also dont leave commenting ages plz
0	developing crush guy met reddit lmao kinda embarrassing hella cute
